ISO-10303-21;
HEADER;
FILE_DESCRIPTION (( 'STEP AP203' ),
    '1' );
FILE_NAME ('16oz. Red Solo Cup.STEP',
    '2013-11-28T18:53:52',
    ( '' ),
    ( '' ),
    'SwSTEP 2.0',
    'SolidWorks 2013',
    '' );
FILE_SCHEMA (( 'CONFIG_CONTROL_DESIGN' ));
ENDSEC;

DATA;
#1 = AXIS2_PLACEMENT_3D ( 'NONE', #5309, #1553, #5931 ) ;
#3 = VERTEX_POINT ( 'NONE', #6848 ) ;
#2 = ORIENTED_EDGE ( 'NONE', *, *, #7279, .T. ) ;
#4 = CARTESIAN_POINT ( 'NONE',  ( 0.0000000000000000000, 1.471374438134798600, 0.0000000000000000000 ) ) ;
#5 = CARTESIAN_POINT ( 'NONE',  ( 0.01565883054345799600, 0.09999999999999999200, 0.02686389143387901300 ) ) ;
#6 = EDGE_CURVE ( 'NONE', #7066, #4132, #6483, .T. ) ;
#7 = CARTESIAN_POINT ( 'NONE',  ( 0.03128156438129883100, 0.09500000000000001500, -0.02523889961003360600 ) ) ;
#8 = CARTESIAN_POINT ( 'NONE',  ( -0.08068576885604618300, 0.09807273439692067200, 0.06274783349945813000 ) ) ;
#9 = CARTESIAN_POINT ( 'NONE',  ( 0.06070917262131710800, 0.09499999999999998700, 0.06754662256622688500 ) ) ;
#10 = CIRCLE ( 'NONE', #5006, 1.337757700231430900 ) ;
#11 = EDGE_CURVE ( 'NONE', #923, #4493, #1672, .T. ) ;
#12 = SPHERICAL_SURFACE ( 'NONE', #663, 0.005000000000000000100 ) ;
#13 = CARTESIAN_POINT ( 'NONE',  ( 0.01178254397294185700, 0.09749999999999998900, 0.06335476476162385500 ) ) ;
#14 = CARTESIAN_POINT ( 'NONE',  ( 0.002335637185071486600, 0.09750000000000000300, -0.05082482645995517500 ) ) ;
#15 = DIRECTION ( 'NONE',  ( 3.414809992080330700E-015, -3.414809992080330700E-015, -1.000000000000000000 ) ) ;
#16 = CARTESIAN_POINT ( 'NONE',  ( 0.0000000000000000000, 0.3125494028667080100, 0.0000000000000000000 ) ) ;
#17 = CARTESIAN_POINT ( 'NONE',  ( 0.09727400974995328900, 0.09499999999999998700, 0.09080218920667620900 ) ) ;
#18 = FACE_OUTER_BOUND ( 'NONE', #1968, .T. ) ;
#19 = ORIENTED_EDGE ( 'NONE', *, *, #1593, .T. ) ;
#20 = VERTEX_POINT ( 'NONE', #1162 ) ;
#21 = ORIENTED_EDGE ( 'NONE', *, *, #2803, .T. ) ;
#22 = CARTESIAN_POINT ( 'NONE',  ( 0.09293215259430349900, 0.09589636361097701700, 0.03604445909919416800 ) ) ;
#23 = CARTESIAN_POINT ( 'NONE',  ( -0.1267908273786822200, 0.09500000000000001500, 0.04070655290682848700 ) ) ;
#24 = CARTESIAN_POINT ( 'NONE',  ( -0.01277376519599881200, 0.09750000000000001700, 0.02611663352869800200 ) ) ;
#25 = VECTOR ( 'NONE', #4995, 39.37007874015748100 ) ;
#26 = B_SPLINE_CURVE_WITH_KNOTS ( 'NONE', 3,
 ( #4509, #5145, #160, #4539, #788, #5169, #1417, #5793, #2047, #6436, #2682, #7083, #3316, #7707 ),
 .UNSPECIFIED., .F., .F.,
 ( 4, 2, 2, 2, 2, 2, 4 ),
 ( 0.0000000000000000000, 0.0001295260442408631500, 0.0002590520884817263000, 0.0005181041769634528100, 0.0007771562654451792800, 0.0009066823096860426700, 0.001036208353926905800 ),
 .UNSPECIFIED. ) ;
#27 = FACE_OUTER_BOUND ( 'NONE', #5337, .T. ) ;
#28 = VERTEX_POINT ( 'NONE', #2696 ) ;
#29 = DIRECTION ( 'NONE',  ( 0.0000000000000000000, 0.0000000000000000000, -1.000000000000000000 ) ) ;
#30 = LINE ( 'NONE', #988, #4826 ) ;
#31 = AXIS2_PLACEMENT_3D ( 'NONE', #3694, #6823, #5551 ) ;
#32 = CARTESIAN_POINT ( 'NONE',  ( -0.002457629075544241200, 0.09749999999999998900, 0.02721421683362560200 ) ) ;
#33 = CARTESIAN_POINT ( 'NONE',  ( -0.008960248161764612600, 0.09499999999999998700, -0.05183823529411765700 ) ) ;
#34 = AXIS2_PLACEMENT_3D ( 'NONE', #4766, #7284, #1024 ) ;
#35 = CYLINDRICAL_SURFACE ( 'NONE', #3276, 0.005000000000000006200 ) ;
#36 = CARTESIAN_POINT ( 'NONE',  ( 0.05997163940553128900, 0.09179111000738780800, 0.06835113754425750600 ) ) ;
#37 =( BOUNDED_CURVE ( )  B_SPLINE_CURVE ( 3, ( #6797, #8054, #4313, #563 ),
 .UNSPECIFIED., .F., .F. ) 
 B_SPLINE_CURVE_WITH_KNOTS ( ( 4, 4 ),
 ( 0.0000000000000000000, 1.570796326794891900 ),
 .UNSPECIFIED. ) 
 CURVE ( )  GEOMETRIC_REPRESENTATION_ITEM ( )  RATIONAL_B_SPLINE_CURVE ( ( 1.000000000000000000, 0.8047378541243661600, 0.8047378541243661600, 1.000000000000000000 ) ) 
 REPRESENTATION_ITEM ( '' )  );
#38 = DIRECTION ( 'NONE',  ( 0.0000000000000000000, -1.000000000000000000, 0.0000000000000000000 ) ) ;
#39 = ORIENTED_EDGE ( 'NONE', *, *, #4761, .T. ) ;
#40 = CARTESIAN_POINT ( 'NONE',  ( 0.0000000000000000000, 0.03125000000000000000, 0.0000000000000000000 ) ) ;
#41 = VECTOR ( 'NONE', #4878, 39.37007874015748100 ) ;
#42 = CARTESIAN_POINT ( 'NONE',  ( -0.01279372346576762200, 0.09500000000000002900, -0.03847907399801647100 ) ) ;
#43 = DIRECTION ( 'NONE',  ( 0.0000000000000000000, -1.000000000000000000, 0.0000000000000000000 ) ) ;
#44 = ORIENTED_EDGE ( 'NONE', *, *, #3382, .T. ) ;
#45 = CARTESIAN_POINT ( 'NONE',  ( 2.338309982121978400E-016, 4.750000000000000000, -1.909375000000000700 ) ) ;
#46 =( BOUNDED_CURVE ( )  B_SPLINE_CURVE ( 3, ( #5970, #1585, #7250, #3489 ),
 .UNSPECIFIED., .F., .F. ) 
 B_SPLINE_CURVE_WITH_KNOTS ( ( 4, 4 ),
 ( 3.141592653589796200, 4.712388980384689700 ),
 .UNSPECIFIED. ) 
 CURVE ( )  GEOMETRIC_REPRESENTATION_ITEM ( )  RATIONAL_B_SPLINE_CURVE ( ( 1.000000000000000000, 0.8047378541243658300, 0.8047378541243658300, 1.000000000000000000 ) ) 
 REPRESENTATION_ITEM ( '' )  );
#47 = CIRCLE ( 'NONE', #7500, 0.004999999999999994000 ) ;
#48 = DIRECTION ( 'NONE',  ( -1.000000000000000000, 0.0000000000000000000, 0.0000000000000000000 ) ) ;
#49 = CONICAL_SURFACE ( 'NONE', #5598, 1.454165443458467000, 0.06498818447873852500 ) ;
#50 = CYLINDRICAL_SURFACE ( 'NONE', #7310, 0.005000000000000007900 ) ;
#51 = CARTESIAN_POINT ( 'NONE',  ( -0.007436859956346890200, 0.09884285986900420700, -0.03859764725260710800 ) ) ;
#52 = EDGE_CURVE ( 'NONE', #7556, #1755, #1841, .T. ) ;
#53 = VERTEX_POINT ( 'NONE', #7727 ) ;
#54 = CARTESIAN_POINT ( 'NONE',  ( -0.03755325510341017000, 0.09499999999999998700, -0.04043219685899016000 ) ) ;
#55 = CARTESIAN_POINT ( 'NONE',  ( 0.02511137530135172300, 0.09499999999999997300, 0.05964881953230728700 ) ) ;
#56 = VECTOR ( 'NONE', #5166, 39.37007874015748100 ) ;
#57 = ORIENTED_EDGE ( 'NONE', *, *, #5713, .F. ) ;
#58 = LINE ( 'NONE', #3644, #5055 ) ;
#59 = EDGE_CURVE ( 'NONE', #216, #3051, #3146, .T. ) ;
#60 = CARTESIAN_POINT ( 'NONE',  ( 0.1571891108675449200, 0.08999999999999999700, -0.04575317547305413100 ) ) ;
#61 = CARTESIAN_POINT ( 'NONE',  ( -0.01205171054881646500, 0.09499999999999997300, 0.06037069485749507100 ) ) ;
#62 = PERSON ( 'UNSPECIFIED', 'UNSPECIFIED', 'UNSPECIFIED', ('UNSPECIFIED'), ('UNSPECIFIED'), ('UNSPECIFIED') ) ;
#63 = CARTESIAN_POINT ( 'NONE',  ( 0.0000000000000000000, 0.2974905748952536000, 0.0000000000000000000 ) ) ;
#64 = CARTESIAN_POINT ( 'NONE',  ( 0.07129277425452815200, 0.08999999999999999700, 0.07154415636420788400 ) ) ;
#65 = LINE ( 'NONE', #4635, #3394 ) ;
#66 = CARTESIAN_POINT ( 'NONE',  ( 0.0000000000000000000, 0.03125000000000000000, 0.0000000000000000000 ) ) ;
#67 = ORIENTED_EDGE ( 'NONE', *, *, #5824, .F. ) ;
#68 = CARTESIAN_POINT ( 'NONE',  ( -0.03598213657134100700, 0.09750000000000003100, 0.05893989359443118500 ) ) ;
#69 = CARTESIAN_POINT ( 'NONE',  ( 0.06070917262131713500, 0.09499999999999998700, 0.06754662256622691300 ) ) ;
#70 = ORIENTED_EDGE ( 'NONE', *, *, #2621, .T. ) ;
#71 = CARTESIAN_POINT ( 'NONE',  ( -0.09471328568962073000, 0.09660427275112322400, 0.07216974630313451000 ) ) ;
#72 = DIRECTION ( 'NONE',  ( 0.5000000000000083300, 0.0000000000000000000, -0.8660254037844338200 ) ) ;
#73 = EDGE_CURVE ( 'NONE', #3068, #3861, #6295, .T. ) ;
#74 = DIRECTION ( 'NONE',  ( 0.8660254037844430400, -0.0000000000000000000, -0.4999999999999923400 ) ) ;
#75 = FACE_OUTER_BOUND ( 'NONE', #845, .T. ) ;
#76 = ORIENTED_EDGE ( 'NONE', *, *, #6406, .F. ) ;
#77 = ORIENTED_EDGE ( 'NONE', *, *, #5684, .T. ) ;
#78 = ORIENTED_EDGE ( 'NONE', *, *, #1251, .F. ) ;
#79 = CARTESIAN_POINT ( 'NONE',  ( -0.01763187804939234800, 0.09999999999999999200, 0.05324412056810865600 ) ) ;
#80 = AXIS2_PLACEMENT_3D ( 'NONE', #3609, #7999, #4233 ) ;
#81 = CARTESIAN_POINT ( 'NONE',  ( 0.003882259605502729000, 0.09999278486245467800, 0.07911953345640343500 ) ) ;
#82 = CARTESIAN_POINT ( 'NONE',  ( 0.02051295172584111100, 0.09499999999999998700, 0.06103914906284196900 ) ) ;
#83 = EDGE_LOOP ( 'NONE', ( #5211, #7973, #3106 ) ) ;
#84 = CARTESIAN_POINT ( 'NONE',  ( -0.1182179676972449200, 0.09499999999999998700, -0.06825317547305484500 ) ) ;
#85 = CARTESIAN_POINT ( 'NONE',  ( 0.0000000000000000000, 0.2974905748952536000, 1.349738263374854500 ) ) ;
#86 = CARTESIAN_POINT ( 'NONE',  ( 0.02553538602941185900, 0.09499999999999998700, 0.05960477941176470200 ) ) ;
#87 = VERTEX_POINT ( 'NONE', #3970 ) ;
#88 = CARTESIAN_POINT ( 'NONE',  ( -0.002038143382352846900, 0.09499999999999998700, 0.02720588235294116700 ) ) ;
#89 = CARTESIAN_POINT ( 'NONE',  ( 0.0000000000000000000, 4.531250000000000000, -1.843750000000000400 ) ) ;
#90 = ADVANCED_FACE ( 'NONE', ( #7958 ), #12, .T. ) ;
#91 = CC_DESIGN_DATE_AND_TIME_ASSIGNMENT ( #1975, #4742, ( #7409 ) ) ;
#92 = CARTESIAN_POINT ( 'NONE',  ( -0.0004380314105093113500, 0.09750000000000000300, 0.02717409079833341100 ) ) ;
#93 = CARTESIAN_POINT ( 'NONE',  ( 0.0000000000000000000, 4.097698100391279600, 0.0000000000000000000 ) ) ;
#94 = ORIENTED_EDGE ( 'NONE', *, *, #751, .T. ) ;
#95 = CARTESIAN_POINT ( 'NONE',  ( -0.01864799915786513600, 0.09749999999999996200, -0.03631792870050381400 ) ) ;
#96 = CARTESIAN_POINT ( 'NONE',  ( -0.09241025403784515500, 0.09499999999999998700, 0.07644709581221535700 ) ) ;
#97 = DIRECTION ( 'NONE',  ( -0.0000000000000000000, 1.000000000000000000, -0.0000000000000000000 ) ) ;
#98 = EDGE_CURVE ( 'NONE', #1353, #4042, #2960, .T. ) ;
#99 = FACE_OUTER_BOUND ( 'NONE', #1057, .T. ) ;
#100 = CARTESIAN_POINT ( 'NONE',  ( 0.01298467318558446100, 0.09499999999999998700, 0.003871501846406336400 ) ) ;
#101 = ORIENTED_EDGE ( 'NONE', *, *, #2423, .T. ) ;
#102 = AXIS2_PLACEMENT_3D ( 'NONE', #1532, #5908, #2158 ) ;
#103 = DIRECTION ( 'NONE',  ( 1.224646799147355400E-016, 0.0000000000000000000, -1.000000000000000000 ) ) ;
#104 = CARTESIAN_POINT ( 'NONE',  ( 0.003879811329871699800, 0.09928002135919422600, 0.07756077364634148000 ) ) ;
#105 = CARTESIAN_POINT ( 'NONE',  ( 0.007551591729831901400, 0.09749999999999998900, 0.07676508049206264000 ) ) ;
#106 = CIRCLE ( 'NONE', #4340, 0.6208858594503941000 ) ;
#107 = EDGE_LOOP ( 'NONE', ( #8135, #5375, #2118, #8080 ) ) ;
#108 = CARTESIAN_POINT ( 'NONE',  ( 0.08924038220814328700, 0.09999999999999999200, 0.09193747487473921700 ) ) ;
#109 = EDGE_CURVE ( 'NONE', #4331, #6002, #376, .T. ) ;
#110 = ORIENTED_EDGE ( 'NONE', *, *, #1424, .T. ) ;
#111 = VERTEX_POINT ( 'NONE', #3426 ) ;
#112 = DIRECTION ( 'NONE',  ( 0.0000000000000000000, 0.0000000000000000000, 1.000000000000000000 ) ) ;
#113 = CARTESIAN_POINT ( 'NONE',  ( -0.01963257642998399500, 0.09500000000000001500, -0.03550731081440626500 ) ) ;
#114 = CARTESIAN_POINT ( 'NONE',  ( -0.08972599025004590600, 0.09499999999999998700, 0.01731701167016399400 ) ) ;
#115 = FACE_OUTER_BOUND ( 'NONE', #1429, .T. ) ;
#116 = EDGE_CURVE ( 'NONE', #254, #3420, #4414, .T. ) ;
#117 = CARTESIAN_POINT ( 'NONE',  ( 0.02364997226021795700, 0.09499999999999997300, 0.01915327133383778300 ) ) ;
#118 = TOROIDAL_SURFACE ( 'NONE', #2985, 0.04499999999999999800, 0.005000000000000000100 ) ;
#119 = CARTESIAN_POINT ( 'NONE',  ( -0.02808007395006620700, 0.09499999999999998700, 0.004639224989132493700 ) ) ;
#120 = CARTESIAN_POINT ( 'NONE',  ( -0.1149102528864668800, 0.08999999999999999700, 0.03747595463616086600 ) ) ;
#121 = ORIENTED_EDGE ( 'NONE', *, *, #7673, .T. ) ;
#122 = CARTESIAN_POINT ( 'NONE',  ( -0.01971184012837464200, 0.09750000000000003100, -0.05080248455011453900 ) ) ;
#123 = CARTESIAN_POINT ( 'NONE',  ( -0.0004600600896609105700, 0.09499999999999998700, 0.01397429987681226400 ) ) ;
#124 = TOROIDAL_SURFACE ( 'NONE', #1762, 0.6208858594503941000, 0.04687499999999999300 ) ;
#125 = VERTEX_POINT ( 'NONE', #7186 ) ;
#126 = CARTESIAN_POINT ( 'NONE',  ( -0.02700776491363408900, 0.09749999999999998900, 0.02113942033766151600 ) ) ;
#127 = VERTEX_POINT ( 'NONE', #7812 ) ;
#128 = CARTESIAN_POINT ( 'NONE',  ( -1.263479697069721800E-015, 0.09499999999999998700, 0.1365063509461096900 ) ) ;
#129 = VECTOR ( 'NONE', #3928, 39.37007874015748100 ) ;
#130 = CARTESIAN_POINT ( 'NONE',  ( 0.0000000000000000000, 0.03125000000000000000, 0.0000000000000000000 ) ) ;
#131 = ORIENTED_EDGE ( 'NONE', *, *, #6026, .F. ) ;
#132 = AXIS2_PLACEMENT_3D ( 'NONE', #2891, #1614, #7281 ) ;
#133 = EDGE_LOOP ( 'NONE', ( #1855, #5565, #5223, #3467 ) ) ;
#134 = ADVANCED_FACE ( 'NONE', ( #2762 ), #5893, .F. ) ;
#135 = CARTESIAN_POINT ( 'NONE',  ( 0.004173208577578841800, 0.09749999999999998900, 0.01262055539393858900 ) ) ;
#136 = EDGE_CURVE ( 'NONE', #4319, #1099, #7571, .T. ) ;
#137 = CARTESIAN_POINT ( 'NONE',  ( 1.759462891772645300E-016, 1.472389163888868900, -1.436710480930217400 ) ) ;
#138 = CARTESIAN_POINT ( 'NONE',  ( 0.02619065349492519900, 0.09499999999999997300, 0.07249751350216295000 ) ) ;
#139 = TOROIDAL_SURFACE ( 'NONE', #7799, 0.02499999999999999800, 0.005000000000000000100 ) ;
#140 = AXIS2_PLACEMENT_3D ( 'NONE', #5447, #1678, #6065 ) ;
#141 = ORIENTED_EDGE ( 'NONE', *, *, #2789, .F. ) ;
#142 = DIRECTION ( 'NONE',  ( -0.0000000000000000000, 1.000000000000000000, -0.0000000000000000000 ) ) ;
#143 = CARTESIAN_POINT ( 'NONE',  ( 1.992338772932135800E-016, 3.626014725754069800, -1.626868068670313400 ) ) ;
#144 = CIRCLE ( 'NONE', #872, 0.04499999999999999800 ) ;
#145 = CARTESIAN_POINT ( 'NONE',  ( 2.273250620917274400E-016, 4.470012756430420200, -1.856250000000000200 ) ) ;
#146 = CARTESIAN_POINT ( 'NONE',  ( 0.03280096046253159300, 0.09750000000000001700, 0.001765943238659780400 ) ) ;
#147 = CARTESIAN_POINT ( 'NONE',  ( 0.02999999769724550800, 0.09499999999999998700, -0.1296428581747729500 ) ) ;
#148 = CARTESIAN_POINT ( 'NONE',  ( 1.806210843310419000E-016, 1.531250000000000200, 1.474883080221965500 ) ) ;
#149 = B_SPLINE_CURVE_WITH_KNOTS ( 'NONE', 3,
 ( #7867, #2852, #3483, #4102, #348, #4730, #982, #5371, #1609, #5989, #2243, #6627, #2882, #7272, #3510, #7897, #4122, #372, #4755 ),
 .UNSPECIFIED., .F., .F.,
 ( 4, 1, 1, 1, 1, 1, 1, 1, 1, 1, 1, 1, 1, 1, 1, 1, 4 ),
 ( 0.0000000000000000000, 0.1222996202217020200, 0.2469142414899123100, 0.3683357881547269500, 0.4800866882521578900, 0.5802341842688519800, 0.6657678633308924400, 0.7313671237255758900, 0.7723163189686085300, 0.7995742738217425100, 0.8238669745477550400, 0.8475416356599451100, 0.8718914733540873400, 0.8975744927978919200, 0.9257516058658794600, 0.9595630455704234900, 1.000000000000000000 ),
 .UNSPECIFIED. ) ;
#150 = CARTESIAN_POINT ( 'NONE',  ( 0.06022599255280033200, 0.09499999999999998700, 0.06941250650495760200 ) ) ;
#151 = CARTESIAN_POINT ( 'NONE',  ( -0.03755325510341017000, 0.09499999999999998700, -0.04043219685899016000 ) ) ;
#152 = CIRCLE ( 'NONE', #925, 0.002499999999999998800 ) ;
#153 = CARTESIAN_POINT ( 'NONE',  ( 0.007127464697692109000, 0.09750000000000000300, 0.06390245965352135700 ) ) ;
#154 = EDGE_LOOP ( 'NONE', ( #3865, #5599, #1543, #906 ) ) ;
#155 = FACE_OUTER_BOUND ( 'NONE', #3803, .T. ) ;
#156 = CARTESIAN_POINT ( 'NONE',  ( -0.02201349888728297200, 0.09750000000000000300, 0.02338826301484229000 ) ) ;
#157 = CARTESIAN_POINT ( 'NONE',  ( 0.1055801270189220100, 0.09499999999999998700, 0.04363620667976134100 ) ) ;
#158 = ORIENTED_EDGE ( 'NONE', *, *, #2846, .F. ) ;
#159 = CYLINDRICAL_SURFACE ( 'NONE', #7101, 1.859375000000000700 ) ;
#160 = CARTESIAN_POINT ( 'NONE',  ( 0.01526103846605011300, 0.09750000000000005900, -0.01434151691145870600 ) ) ;
#161 = EDGE_CURVE ( 'NONE', #4220, #6700, #7767, .T. ) ;
#162 = CARTESIAN_POINT ( 'NONE',  ( -0.09022599025004583700, 0.09499999999999998700, 0.01745098626637948300 ) ) ;
#163 = CARTESIAN_POINT ( 'NONE',  ( 0.02813101548417972300, 0.09750000000000003100, 0.06828101884254134100 ) ) ;
#164 = EDGE_CURVE ( 'NONE', #4041, #216, #1282, .T. ) ;
#165 = CARTESIAN_POINT ( 'NONE',  ( -0.03052986163123744300, 0.09750000000000003100, -0.0004692181518641643400 ) ) ;
#166 = CARTESIAN_POINT ( 'NONE',  ( 0.0000000000000000000, 3.656249999999999600, 0.0000000000000000000 ) ) ;
#167 = FACE_OUTER_BOUND ( 'NONE', #2666, .T. ) ;
#168 = CARTESIAN_POINT ( 'NONE',  ( -0.0008970669215180968200, 0.09500000000000002900, 0.06385135435603556100 ) ) ;
#169 = ORIENTED_EDGE ( 'NONE', *, *, #6298, .T. ) ;
#170 = VERTEX_POINT ( 'NONE', #5962 ) ;
#171 = ADVANCED_FACE ( 'NONE', ( #5690 ), #2362, .T. ) ;
#172 = CARTESIAN_POINT ( 'NONE',  ( 0.0000000000000000000, 0.03396325277604581000, 0.0000000000000000000 ) ) ;
#173 = DIRECTION ( 'NONE',  ( 0.0000000000000000000, 0.0000000000000000000, -1.000000000000000000 ) ) ;
#174 = FACE_OUTER_BOUND ( 'NONE', #1842, .T. ) ;
#175 = DIRECTION ( 'NONE',  ( 0.0000000000000000000, 0.0000000000000000000, 1.000000000000000000 ) ) ;
#176 = CARTESIAN_POINT ( 'NONE',  ( -0.04599673851403716900, 0.09750000000000005900, -0.02251510265160273900 ) ) ;
#177 = EDGE_CURVE ( 'NONE', #2877, #2334, #7079, .T. ) ;
#178 = DIRECTION ( 'NONE',  ( 0.5000000000000036600, 0.0000000000000000000, -0.8660254037844364900 ) ) ;
#179 = CARTESIAN_POINT ( 'NONE',  ( 0.003332950367647150900, 0.09499999999999998700, 0.06397058823529411200 ) ) ;
#180 = CARTESIAN_POINT ( 'NONE',  ( 0.0000000000000000000, 0.0000000000000000000, 0.0000000000000000000 ) ) ;
#181 = CARTESIAN_POINT ( 'NONE',  ( 0.02813377060735225100, 0.09999999999999999200, 0.06237289029572348100 ) ) ;
#182 =( BOUNDED_SURFACE ( )  B_SPLINE_SURFACE ( 3, 2, ( 
 ( #3508, #5367, #1003 ),
 ( #5395, #1632, #6014 ),
 ( #2264, #6650, #2905 ),
 ( #7293, #3524, #7917 ),
 ( #4148, #395, #4778 ),
 ( #1034, #5418, #1656 ),
 ( #6044, #2289, #6674 ),
 ( #2929, #7320, #3546 ),
 ( #7945, #4178, #423 ),
 ( #4802, #1061, #5450 ),
 ( #1682, #6070, #2319 ),
 ( #6706, #2956, #7345 ),
 ( #3579, #7968, #4202 ),
 ( #454, #4829, #1086 ),
 ( #5474, #1712, #6098 ),
 ( #2345, #6742, #2982 ) ),
 .UNSPECIFIED., .F., .F., .F. ) 
 B_SPLINE_SURFACE_WITH_KNOTS ( ( 4, 2, 2, 2, 2, 2, 2, 4 ),
 ( 3, 3 ),
 ( 0.002668149731487600000, 0.002787049065772720400, 0.002905948400057841200, 0.003024847734342961700, 0.003143747068628082100, 0.003381545737198322900, 0.003500445071483443800, 0.003619344405768564200 ),
 ( 0.0000000000000000000, 1.000000000000000000 ),
 .UNSPECIFIED. ) 
 GEOMETRIC_REPRESENTATION_ITEM ( )  RATIONAL_B_SPLINE_SURFACE ( (
 ( 1.000000000000000000, 0.7071067811865475700, 1.000000000000000000),
 ( 1.000000000000000000, 0.7071067811865475700, 1.000000000000000000),
 ( 1.000000000000000000, 0.7071067811865475700, 1.000000000000000000),
 ( 1.000000000000000000, 0.7071067811865475700, 1.000000000000000000),
 ( 1.000000000000000000, 0.7071067811865499000, 1.000000000000000000),
 ( 1.000000000000000000, 0.7071067811865499000, 1.000000000000000000),
 ( 1.000000000000000000, 0.7071067811865475700, 1.000000000000000000),
 ( 1.000000000000000000, 0.7071067811865475700, 1.000000000000000000),
 ( 1.000000000000000000, 0.7071067811865476800, 1.000000000000000000),
 ( 1.000000000000000000, 0.7071067811865476800, 1.000000000000000000),
 ( 1.000000000000000000, 0.7071067811865470200, 1.000000000000000000),
 ( 1.000000000000000000, 0.7071067811865470200, 1.000000000000000000),
 ( 1.000000000000000000, 0.7071067811865493500, 1.000000000000000000),
 ( 1.000000000000000000, 0.7071067811865493500, 1.000000000000000000),
 ( 1.000000000000000000, 0.7071067811865481300, 1.000000000000000000),
 ( 1.000000000000000000, 0.7071067811865481300, 1.000000000000000000) ) ) 
 REPRESENTATION_ITEM ( '' )  SURFACE ( )  );
#183 = ORIENTED_EDGE ( 'NONE', *, *, #5434, .T. ) ;
#184 = ORIENTED_EDGE ( 'NONE', *, *, #6746, .T. ) ;
#185 = CARTESIAN_POINT ( 'NONE',  ( 0.0000000000000000000, 4.531250000000000000, 0.0000000000000000000 ) ) ;
#186 = CARTESIAN_POINT ( 'NONE',  ( -0.01899169611155216900, 0.09749999999999899000, 0.02459138907896063100 ) ) ;
#187 = AXIS2_PLACEMENT_3D ( 'NONE', #3223, #5100, #6986 ) ;
#188 = ADVANCED_FACE ( 'NONE', ( #685 ), #2560, .T. ) ;
#189 = CARTESIAN_POINT ( 'NONE',  ( -0.02479946689963721100, 0.09499999999999998700, -0.02927826707562335800 ) ) ;
#190 = CARTESIAN_POINT ( 'NONE',  ( -0.001058458926216957900, 0.09499999999999998700, 0.07358640431478689900 ) ) ;
#191 = CARTESIAN_POINT ( 'NONE',  ( -0.02042554274457940600, 0.09750000000000000300, 0.05342116848811089700 ) ) ;
#193 = EDGE_LOOP ( 'NONE', ( #57, #658, #8105 ) ) ;
#192 = ORIENTED_EDGE ( 'NONE', *, *, #1620, .T. ) ;
#194 = CARTESIAN_POINT ( 'NONE',  ( 0.08625000115137693200, 0.09499999999999998700, 0.06711696679905039500 ) ) ;
#195 = DIRECTION ( 'NONE',  ( -0.0000000000000000000, 1.000000000000000000, -0.0000000000000000000 ) ) ;
#196 = AXIS2_PLACEMENT_3D ( 'NONE', #7033, #2628, #7655 ) ;
#197 = CARTESIAN_POINT ( 'NONE',  ( -0.01427081203730257800, 0.09750000000000003100, 0.01341400797565874000 ) ) ;
#198 = CARTESIAN_POINT ( 'NONE',  ( 0.0000000000000000000, 0.2523140909808909700, 0.0000000000000000000 ) ) ;
#199 = LINE ( 'NONE', #2572, #6482 ) ;
#200 = ORIENTED_EDGE ( 'NONE', *, *, #477, .T. ) ;
#201 = CARTESIAN_POINT ( 'NONE',  ( -0.03054892509961020000, 0.09749999999999617300, 0.0002158896963079078800 ) ) ;
#202 = EDGE_CURVE ( 'NONE', #6156, #1286, #4031, .T. ) ;
#203 = CARTESIAN_POINT ( 'NONE',  ( 0.002165672024602300700, 0.09750000000000062800, -0.05086246979655248400 ) ) ;
#204 = DIRECTION ( 'NONE',  ( -1.000000000000000000, -0.0000000000000000000, -0.0000000000000000000 ) ) ;
#205 = DIRECTION ( 'NONE',  ( 7.953156139100068500E-018, 0.9978890110698353000, -0.06494244826048918600 ) ) ;
#206 = CARTESIAN_POINT ( 'NONE',  ( 0.02650923837950289900, 0.09750000000000021100, 0.05970258729151958800 ) ) ;
#207 = ADVANCED_FACE ( 'NONE', ( #7182 ), #492, .T. ) ;
#208 = CARTESIAN_POINT ( 'NONE',  ( -0.008948098376569669400, 0.09999999999999999200, -0.05433867426506740900 ) ) ;
#209 = SPHERICAL_SURFACE ( 'NONE', #2402, 0.002500000000000000100 ) ;
#210 = EDGE_CURVE ( 'NONE', #1754, #2089, #2165, .T. ) ;
#211 = AXIS2_PLACEMENT_3D ( 'NONE', #5132, #2009, #6401 ) ;
#212 = DIRECTION ( 'NONE',  ( 0.0000000000000000000, 0.0000000000000000000, 1.000000000000000000 ) ) ;
#213 = CARTESIAN_POINT ( 'NONE',  ( -0.001870840309247595300, 0.09999999999999999200, 0.02970893230694366500 ) ) ;
#214 = ORIENTED_EDGE ( 'NONE', *, *, #7788, .F. ) ;
#215 = ORIENTED_EDGE ( 'NONE', *, *, #4840, .F. ) ;
#216 = VERTEX_POINT ( 'NONE', #6016 ) ;
#217 = CARTESIAN_POINT ( 'NONE',  ( 0.09857495928049270200, 0.09434550615857317800, 0.08938505356045073300 ) ) ;
#218 = CIRCLE ( 'NONE', #3292, 0.005000000000000006200 ) ;
#219 = CARTESIAN_POINT ( 'NONE',  ( -0.03018804950552027300, 0.09499999999999997300, 0.02780125202122445800 ) ) ;
#220 = CIRCLE ( 'NONE', #5168, 0.04687500000000002800 ) ;
#221 = ORIENTED_EDGE ( 'NONE', *, *, #4342, .F. ) ;
#222 = CARTESIAN_POINT ( 'NONE',  ( 0.0000000000000000000, -0.002713252776045736600, 0.0000000000000000000 ) ) ;
#223 = EDGE_LOOP ( 'NONE', ( #4981, #2233, #221, #4926 ) ) ;
#224 = VERTEX_POINT ( 'NONE', #6652 ) ;
#225 = EDGE_CURVE ( 'NONE', #4566, #5115, #3830, .T. ) ;
#226 = CARTESIAN_POINT ( 'NONE',  ( -1.263479697069721800E-015, 0.09499999999999998700, 0.1365063509461096900 ) ) ;
#227 = CIRCLE ( 'NONE', #5854, 0.005000000000000000100 ) ;
#228 = CARTESIAN_POINT ( 'NONE',  ( -0.1012499988486224700, 0.09500000000000001500, 0.04113620867400524100 ) ) ;
#229 = DIRECTION ( 'NONE',  ( 0.9998585349462690800, -0.0000000000000000000, 0.01681993148323164200 ) ) ;
#230 = CARTESIAN_POINT ( 'NONE',  ( 0.02364997226021795700, 0.09499999999999997300, 0.01915327133383778300 ) ) ;
#231 = FACE_OUTER_BOUND ( 'NONE', #5439, .T. ) ;
#232 = ADVANCED_FACE ( 'NONE', ( #7378 ), #5603, .T. ) ;
#233 = EDGE_LOOP ( 'NONE', ( #4502, #6143, #3421, #2793 ) ) ;
#234 = CARTESIAN_POINT ( 'NONE',  ( -0.02228671999305779900, 0.09999999999999999200, -0.02958158755502107400 ) ) ;
#235 = AXIS2_PLACEMENT_3D ( 'NONE', #811, #5193, #1440 ) ;
#236 = CARTESIAN_POINT ( 'NONE',  ( 0.02616360501136016600, 0.09999999999999999200, -0.03622774835018863900 ) ) ;
#237 = FACE_OUTER_BOUND ( 'NONE', #5190, .T. ) ;
#238 = CARTESIAN_POINT ( 'NONE',  ( 0.1182179676972452500, 0.09499999999999998700, -0.06825317547305430300 ) ) ;
#239 = AXIS2_PLACEMENT_3D ( 'NONE', #6883, #3125, #7518 ) ;
#240 = EDGE_LOOP ( 'NONE', ( #7242, #1780, #4790 ) ) ;
#241 = CARTESIAN_POINT ( 'NONE',  ( -0.09022599044515769400, 0.09467274965458345700, 0.01745098637902737000 ) ) ;
#242 = CARTESIAN_POINT ( 'NONE',  ( 0.09249077036907145400, 0.09053886747000806900, 0.08528077564574367000 ) ) ;
#243 = CARTESIAN_POINT ( 'NONE',  ( 0.01080825112280418100, 0.09999999999999996400, 0.06098286363330177000 ) ) ;
#244 = CIRCLE ( 'NONE', #6649, 0.04999999999999999600 ) ;
#245 = FACE_OUTER_BOUND ( 'NONE', #862, .T. ) ;
#246 = AXIS2_PLACEMENT_3D ( 'NONE', #4685, #942, #5332 ) ;
#247 = VERTEX_POINT ( 'NONE', #5422 ) ;
#248 = DIRECTION ( 'NONE',  ( 0.0000000000000000000, 0.0000000000000000000, -1.000000000000000000 ) ) ;
#249 = CARTESIAN_POINT ( 'NONE',  ( -0.007431935966379011300, 0.09995964865234811800, -0.03692711980267398400 ) ) ;
#250 = AXIS2_PLACEMENT_3D ( 'NONE', #4675, #929, #5316 ) ;
#251 = ORIENTED_EDGE ( 'NONE', *, *, #5672, .F. ) ;
#252 = ORIENTED_EDGE ( 'NONE', *, *, #4201, .F. ) ;
#253 = ADVANCED_FACE ( 'NONE', ( #1961 ), #300, .T. ) ;
#254 = VERTEX_POINT ( 'NONE', #6102 ) ;
#255 = DIRECTION ( 'NONE',  ( 0.0000000000000000000, 0.0000000000000000000, 1.000000000000000000 ) ) ;
#256 = TOROIDAL_SURFACE ( 'NONE', #1726, 0.006000000000000000100, 0.005000000000000000100 ) ;
#257 = CARTESIAN_POINT ( 'NONE',  ( 0.0000000000000000000, 1.501014725754070200, 1.438573427660500700 ) ) ;
#258 = EDGE_CURVE ( 'NONE', #7452, #6569, #5499, .T. ) ;
#259 = CARTESIAN_POINT ( 'NONE',  ( -0.02237666775908250500, 0.09499999999999997300, 0.01071000541450990700 ) ) ;
#260 = CARTESIAN_POINT ( 'NONE',  ( -0.01533413765794984900, 0.09999999999999995000, -0.03774957968581957300 ) ) ;
#261 = CIRCLE ( 'NONE', #2318, 0.004999999999999999200 ) ;
#262 = AXIS2_PLACEMENT_3D ( 'NONE', #4224, #6733, #7315 ) ;
#263 = ORIENTED_EDGE ( 'NONE', *, *, #7538, .T. ) ;
#264 = CARTESIAN_POINT ( 'NONE',  ( 0.03604820038359495700, 0.09999999999999999200, -0.01491530581066597900 ) ) ;
#265 = CARTESIAN_POINT ( 'NONE',  ( 0.02597410111472988500, 0.09749999999999998900, 0.05962088671635866500 ) ) ;
#266 = CARTESIAN_POINT ( 'NONE',  ( 0.01464520691449371600, 0.09927977973368738700, -0.01093454757351149800 ) ) ;
#267 = CARTESIAN_POINT ( 'NONE',  ( 0.03569149025817022800, 0.1000000000000000100, 0.001253986691977660400 ) ) ;
#268 = DIRECTION ( 'NONE',  ( -0.0000000000000000000, 1.000000000000000000, -0.0000000000000000000 ) ) ;
#269 = EDGE_CURVE ( 'NONE', #274, #861, #6780, .T. ) ;
#270 = CARTESIAN_POINT ( 'NONE',  ( -0.09113163503000065700, 0.09192726540609672000, 0.02084564916260560700 ) ) ;
#271 = FACE_OUTER_BOUND ( 'NONE', #5054, .T. ) ;
#272 = ORIENTED_EDGE ( 'NONE', *, *, #1354, .F. ) ;
#273 = ORIENTED_EDGE ( 'NONE', *, *, #1205, .F. ) ;
#274 = VERTEX_POINT ( 'NONE', #1113 ) ;
#275 = CARTESIAN_POINT ( 'NONE',  ( 0.02275201277407444200, 0.09749999999999978100, 0.06020240479911132000 ) ) ;
#276 = CARTESIAN_POINT ( 'NONE',  ( 1.675969487576330800E-016, 0.03667650555209153000, 1.368532942513062600 ) ) ;
#277 = ADVANCED_FACE ( 'NONE', ( #6981 ), #1571, .F. ) ;
#278 = EDGE_CURVE ( 'NONE', #3475, #5419, #3241, .T. ) ;
#279 = CARTESIAN_POINT ( 'NONE',  ( -0.02599633535415782300, 0.09749999999999198200, 0.009154639174155484300 ) ) ;
#280 = DIRECTION ( 'NONE',  ( -0.0000000000000000000, -1.000000000000000000, 0.0000000000000000000 ) ) ;
#281 = DIRECTION ( 'NONE',  ( 1.000000000000000000, -0.0000000000000000000, 4.440892098500624600E-015 ) ) ;
#282 = ORIENTED_EDGE ( 'NONE', *, *, #5417, .F. ) ;
#283 = ORIENTED_EDGE ( 'NONE', *, *, #3352, .T. ) ;
#284 = CARTESIAN_POINT ( 'NONE',  ( 0.1123257070251718800, 0.09751809353930877800, 0.04321465437010344600 ) ) ;
#285 = CARTESIAN_POINT ( 'NONE',  ( -0.005971642444754935200, 0.09906127899292582800, 0.01379056495432156300 ) ) ;
#286 = ORIENTED_EDGE ( 'NONE', *, *, #6962, .T. ) ;
#287 =( BOUNDED_CURVE ( )  B_SPLINE_CURVE ( 3, ( #591, #4974, #1230, #5611 ),
 .UNSPECIFIED., .F., .F. ) 
 B_SPLINE_CURVE_WITH_KNOTS ( ( 4, 4 ),
 ( 1.570796326794896600, 3.141592653589793100 ),
 .UNSPECIFIED. ) 
 CURVE ( )  GEOMETRIC_REPRESENTATION_ITEM ( )  RATIONAL_B_SPLINE_CURVE ( ( 1.000000000000000000, 0.8047378541243649400, 0.8047378541243649400, 1.000000000000000000 ) ) 
 REPRESENTATION_ITEM ( '' )  );
#288 = ORIENTED_EDGE ( 'NONE', *, *, #1073, .F. ) ;
#289 = CARTESIAN_POINT ( 'NONE',  ( -0.01999999999999995900, 0.08999999999999999700, -0.06825317547305488600 ) ) ;
#290 = ORIENTED_EDGE ( 'NONE', *, *, #3837, .F. ) ;
#291 = CARTESIAN_POINT ( 'NONE',  ( 0.02821362575389789800, 0.09749999999999998900, 0.06386183819049866300 ) ) ;
#292 = DIRECTION ( 'NONE',  ( -0.9998585349462689700, 0.0000000000000000000, -0.01681993148323138200 ) ) ;
#293 = CARTESIAN_POINT ( 'NONE',  ( -0.005973115808823432900, 0.09749999999999998900, 0.01433823529411764500 ) ) ;
#294 = ADVANCED_FACE ( 'NONE', ( #4897 ), #6853, .T. ) ;
#295 = CARTESIAN_POINT ( 'NONE',  ( -0.02951574293284688800, 0.09749999999999998900, 0.006685894129927242100 ) ) ;
#296 = AXIS2_PLACEMENT_3D ( 'NONE', #6032, #2278, #6664 ) ;
#297 = DIRECTION ( 'NONE',  ( -0.0000000000000000000, 1.000000000000000000, -0.0000000000000000000 ) ) ;
#298 = AXIS2_PLACEMENT_3D ( 'NONE', #4433, #678, #5064 ) ;
#299 = CARTESIAN_POINT ( 'NONE',  ( 0.02899999769724551100, 0.09999999999999999200, -0.1296428581747729500 ) ) ;
#300 = TOROIDAL_SURFACE ( 'NONE', #5708, 0.6208858594503941000, 0.04687499999999999300 ) ;
#301 = CARTESIAN_POINT ( 'NONE',  ( -0.01004096642987601200, 0.1000000000000008400, 0.01415094337951255200 ) ) ;
#302 = ORIENTED_EDGE ( 'NONE', *, *, #4357, .F. ) ;
#303 = ORIENTED_EDGE ( 'NONE', *, *, #1947, .F. ) ;
#304 = DIRECTION ( 'NONE',  ( -0.0000000000000000000, 1.000000000000000000, -0.0000000000000000000 ) ) ;
#305 = ORIENTED_EDGE ( 'NONE', *, *, #2853, .T. ) ;
#306 = ORIENTED_EDGE ( 'NONE', *, *, #4363, .F. ) ;
#307 = AXIS2_PLACEMENT_3D ( 'NONE', #5264, #1502, #5886 ) ;
#308 = DIRECTION ( 'NONE',  ( -0.5000000000000010000, 0.0000000000000000000, -0.8660254037844380400 ) ) ;
#309 = ADVANCED_FACE ( 'NONE', ( #8056 ), #6381, .F. ) ;
#310 = CARTESIAN_POINT ( 'NONE',  ( -0.03897114317030117600, 0.08999999999999999700, 0.1590063509461092900 ) ) ;
#311 = LINE ( 'NONE', #2091, #3461 ) ;
#312 = DIRECTION ( 'NONE',  ( 1.000000000000000000, 0.0000000000000000000, 0.0000000000000000000 ) ) ;
#313 = VECTOR ( 'NONE', #5977, 39.37007874015748100 ) ;
#314 = EDGE_CURVE ( 'NONE', #5619, #6967, #1770, .T. ) ;
#315 = CARTESIAN_POINT ( 'NONE',  ( -0.008952094173129967700, 0.09987745238043982400, -0.05351633499904729500 ) ) ;
#316 = CARTESIAN_POINT ( 'NONE',  ( -0.07575961894323396400, 0.09999999999999999200, 0.05528684177437109800 ) ) ;
#317 = DESIGN_CONTEXT ( 'detailed design', #968, 'design' ) ;
#318 = DIRECTION ( 'NONE',  ( 0.0000000000000000000, -1.000000000000000000, 0.0000000000000000000 ) ) ;
#319 = EDGE_LOOP ( 'NONE', ( #1489, #4762, #2487, #1021, #6363, #3282, #5674, #2055, #1152, #7077, #5758, #3430, #19, #6103 ) ) ;
#320 = CARTESIAN_POINT ( 'NONE',  ( 0.01285079702892075400, 0.09750000000000001700, 0.004713054806417516500 ) ) ;
#321 = DIRECTION ( 'NONE',  ( -1.000000000000000000, -0.0000000000000000000, -0.0000000000000000000 ) ) ;
#322 = TOROIDAL_SURFACE ( 'NONE', #930, 0.05499999999999999300, 0.005000000000000000100 ) ;
#323 = EDGE_CURVE ( 'NONE', #1277, #3454, #6580, .T. ) ;
#324 = ORIENTED_EDGE ( 'NONE', *, *, #1950, .F. ) ;
#325 = ORIENTED_EDGE ( 'NONE', *, *, #7147, .T. ) ;
#326 = CARTESIAN_POINT ( 'NONE',  ( -0.03897114317030121700, 0.08999999999999999700, 0.1590063509461092900 ) ) ;
#327 = CARTESIAN_POINT ( 'NONE',  ( -0.03767265815792230500, 0.09999999999999996400, 0.06086083169681622000 ) ) ;
#328 = DIRECTION ( 'NONE',  ( -0.8660254037844338200, 0.0000000000000000000, -0.5000000000000083300 ) ) ;
#329 = SPHERICAL_SURFACE ( 'NONE', #4894, 0.005000000000000000100 ) ;
#330 = ORIENTED_EDGE ( 'NONE', *, *, #535, .T. ) ;
#331 = ORIENTED_EDGE ( 'NONE', *, *, #7172, .T. ) ;
#332 = AXIS2_PLACEMENT_3D ( 'NONE', #5929, #2177, #6564 ) ;
#333 = MECHANICAL_CONTEXT ( 'NONE', #7853, 'mechanical' ) ;
#334 = ADVANCED_FACE ( 'NONE', ( #4707 ), #5095, .T. ) ;
#335 = LINE ( 'NONE', #1730, #1810 ) ;
#336 = EDGE_CURVE ( 'NONE', #2238, #5750, #4139, .T. ) ;
#337 = CARTESIAN_POINT ( 'NONE',  ( 0.003878676470588326300, 0.09750000000000000300, 0.07683823529411763800 ) ) ;
#338 = ORIENTED_EDGE ( 'NONE', *, *, #6681, .F. ) ;
#339 = CARTESIAN_POINT ( 'NONE',  ( -0.03060836352675594400, 0.09749999999999998900, 0.02358009665874079600 ) ) ;
#340 = CIRCLE ( 'NONE', #7759, 0.002499999999999999600 ) ;
#341 = DIRECTION ( 'NONE',  ( 0.8660254037844338200, 0.0000000000000000000, 0.5000000000000083300 ) ) ;
#342 = CIRCLE ( 'NONE', #246, 0.005000000000000002700 ) ;
#343 = CARTESIAN_POINT ( 'NONE',  ( 0.06070917262131710800, 0.09207106781186545600, 0.06754662256622689900 ) ) ;
#344 = CARTESIAN_POINT ( 'NONE',  ( 0.01007717551659915500, 0.09750000000000000300, 0.02599067459150488500 ) ) ;
#345 = DIRECTION ( 'NONE',  ( -0.0000000000000000000, 1.000000000000000000, -0.0000000000000000000 ) ) ;
#346 = AXIS2_PLACEMENT_3D ( 'NONE', #6166, #1742, #1767 ) ;
#347 = FACE_OUTER_BOUND ( 'NONE', #696, .T. ) ;
#348 = CARTESIAN_POINT ( 'NONE',  ( 0.01473347117807056800, 0.09499999999999995900, 0.07597210256335172600 ) ) ;
#349 = TOROIDAL_SURFACE ( 'NONE', #2412, 1.909375000000000700, 0.04999999999999996800 ) ;
#350 = CARTESIAN_POINT ( 'NONE',  ( -1.263479697069721800E-015, 0.09499999999999998700, 0.1365063509461096900 ) ) ;
#351 = CARTESIAN_POINT ( 'NONE',  ( -0.1024576285268174300, 0.08999999999999999700, 0.03904453271464342800 ) ) ;
#352 = ADVANCED_FACE ( 'NONE', ( #99 ), #7860, .F. ) ;
#353 = ORIENTED_EDGE ( 'NONE', *, *, #2514, .T. ) ;
#354 = CARTESIAN_POINT ( 'NONE',  ( -0.009591991213052384100, 0.1000000000000000100, -0.03640468381954199700 ) ) ;
#355 = AXIS2_PLACEMENT_3D ( 'NONE', #2209, #6590, #2841 ) ;
#356 = PERSON_AND_ORGANIZATION_ROLE ( 'classification_officer' ) ;
#357 = DIRECTION ( 'NONE',  ( 1.000000000000000000, 0.0000000000000000000, 0.0000000000000000000 ) ) ;
#358 = CONICAL_SURFACE ( 'NONE', #3477, 1.900536165235168900, 0.7853981633974359600 ) ;
#359 = CARTESIAN_POINT ( 'NONE',  ( -0.02951349619838003500, 0.09749999999999696400, 0.03300448422613190500 ) ) ;
#360 = EDGE_CURVE ( 'NONE', #2137, #4220, #2692, .T. ) ;
#361 = ORIENTED_EDGE ( 'NONE', *, *, #1023, .T. ) ;
#362 = ORIENTED_EDGE ( 'NONE', *, *, #733, .T. ) ;
#363 = CARTESIAN_POINT ( 'NONE',  ( 0.02499999769724538200, 0.08999999999999999700, -0.1032531754730547400 ) ) ;
#364 = DIRECTION ( 'NONE',  ( 0.0000000000000000000, 0.0000000000000000000, -1.000000000000000000 ) ) ;
#365 = CARTESIAN_POINT ( 'NONE',  ( 0.1182179676972453800, 0.09499999999999998700, -0.09325317547305429800 ) ) ;
#366 = EDGE_CURVE ( 'NONE', #3456, #3697, #1371, .T. ) ;
#367 = AXIS2_PLACEMENT_3D ( 'NONE', #8002, #4236, #4859 ) ;
#368 = DIRECTION ( 'NONE',  ( -1.000000000000000000, -0.0000000000000000000, -0.0000000000000000000 ) ) ;
#369 = CARTESIAN_POINT ( 'NONE',  ( -0.1056215631346013500, 0.08999999999999999700, 0.03870939477641156100 ) ) ;
#370 = CYLINDRICAL_SURFACE ( 'NONE', #2524, 1.759375000000000100 ) ;
#371 = CARTESIAN_POINT ( 'NONE',  ( -0.1199687292918375600, 0.09499999999999998700, 0.03582060893889513200 ) ) ;
#372 = CARTESIAN_POINT ( 'NONE',  ( 0.02823187983613609900, 0.09499999999999998700, 0.06652720450933809200 ) ) ;
#373 = CARTESIAN_POINT ( 'NONE',  ( -0.05148218754499054400, 0.09999999999999999200, 0.007293081642472266200 ) ) ;
#374 = EDGE_CURVE ( 'NONE', #3413, #2466, #2859, .T. ) ;
#375 = VERTEX_POINT ( 'NONE', #3191 ) ;
#376 = B_SPLINE_CURVE_WITH_KNOTS ( 'NONE', 3,
 ( #1497, #5254, #4617, #5881, #2131, #6515, #2766, #7162, #3398, #7784, #4023, #266, #4645, #899, #5289, #1528, #5906, #2157, #6545 ),
 .UNSPECIFIED., .F., .F.,
 ( 4, 3, 3, 3, 3, 3, 4 ),
 ( -6.861745973487343500E-006, -8.470329472543003400E-022, 7.212467982107128600E-006, 2.881091760427592600E-005, 5.040177635058871600E-005, 7.198911089436612300E-005, 9.357666711959808900E-005 ),
 .UNSPECIFIED. ) ;
#377 = CARTESIAN_POINT ( 'NONE',  ( 0.01258473834085540600, 0.1000000000000000100, -0.1082531754730548100 ) ) ;
#378 = CARTESIAN_POINT ( 'NONE',  ( 0.003337298766373929400, 0.09927992684500436300, 0.06324809848385976000 ) ) ;
#379 = CARTESIAN_POINT ( 'NONE',  ( -0.009999999999999993300, 0.09999999999999999200, -0.1232531754730548500 ) ) ;
#380 = EDGE_CURVE ( 'NONE', #6445, #5569, #3055, .T. ) ;
#381 = ORIENTED_EDGE ( 'NONE', *, *, #5372, .F. ) ;
#382 = CARTESIAN_POINT ( 'NONE',  ( -0.005897289906028224700, 0.1000000000000000100, -0.03643261031605063400 ) ) ;
#383 = ORIENTED_EDGE ( 'NONE', *, *, #1850, .F. ) ;
#384 = DIRECTION ( 'NONE',  ( -0.8660254037844321600, 0.0000000000000000000, -0.5000000000000113200 ) ) ;
#386 = AXIS2_PLACEMENT_3D ( 'NONE', #3010, #3691, #559 ) ;
#385 = CARTESIAN_POINT ( 'NONE',  ( 0.04763139720814259200, 0.09999999999999999200, 0.1640063509461101300 ) ) ;
#387 = CARTESIAN_POINT ( 'NONE',  ( -0.02363518895437608000, 0.1000000000000010200, 0.04897074267273970900 ) ) ;
#389 = ORIENTED_EDGE ( 'NONE', *, *, #4188, .F. ) ;
#388 = ORIENTED_EDGE ( 'NONE', *, *, #6877, .T. ) ;
#390 = DIRECTION ( 'NONE',  ( -0.8743128571957754500, 0.0000000000000000000, -0.4853627795187426300 ) ) ;
#391 = ADVANCED_FACE ( 'NONE', ( #7660 ), #6191, .F. ) ;
#392 = CARTESIAN_POINT ( 'NONE',  ( 0.0000000000000000000, 3.655235274245932000, 0.0000000000000000000 ) ) ;
#393 = AXIS2_PLACEMENT_3D ( 'NONE', #879, #5268, #1507 ) ;
#394 = CARTESIAN_POINT ( 'NONE',  ( 0.03502655715407957500, 0.09999999999999996400, -0.02114106681508048200 ) ) ;
#395 = CARTESIAN_POINT ( 'NONE',  ( 0.01462921655067957200, 0.09999999999999995000, -0.01888549608543108400 ) ) ;
#396 =( BOUNDED_SURFACE ( )  B_SPLINE_SURFACE ( 3, 2, ( 
 ( #339, #2870, #7259 ),
 ( #3500, #7885, #4114 ),
 ( #359, #4745, #996 ),
 ( #5387, #1619, #6006 ),
 ( #2256, #6640, #2896 ),
 ( #7286, #3516, #7909 ),
 ( #4137, #387, #4770 ),
 ( #1026, #5409, #1649 ),
 ( #6034, #2279, #6665 ),
 ( #2924, #7311, #3538 ),
 ( #7936, #4167, #414 ),
 ( #4795, #1053, #5442 ),
 ( #1676, #6061, #2309 ),
 ( #6696, #2948, #7340 ) ),
 .UNSPECIFIED., .F., .F., .F. ) 
 B_SPLINE_SURFACE_WITH_KNOTS ( ( 4, 2, 2, 2, 2, 2, 4 ),
 ( 3, 3 ),
 ( 0.0000000000000000000, 0.0003505540499016597300, 0.0005258310748524895900, 0.0007011080998033194500, 0.001051662149704979200, 0.001226939174655809200, 0.001402216199606638900 ),
 ( 0.0000000000000000000, 1.000000000000000000 ),
 .UNSPECIFIED. ) 
 GEOMETRIC_REPRESENTATION_ITEM ( )  RATIONAL_B_SPLINE_SURFACE ( (
 ( 1.000000000000000000, 0.7071067811865475700, 1.000000000000000000),
 ( 1.000000000000000000, 0.7071067811865475700, 1.000000000000000000),
 ( 1.000000000000000000, 0.7071067811865501300, 1.000000000000000000),
 ( 1.000000000000000000, 0.7071067811865501300, 1.000000000000000000),
 ( 1.000000000000000000, 0.7071067811865499000, 1.000000000000000000),
 ( 1.000000000000000000, 0.7071067811865499000, 1.000000000000000000),
 ( 1.000000000000000000, 0.7071067811865451300, 1.000000000000000000),
 ( 1.000000000000000000, 0.7071067811865451300, 1.000000000000000000),
 ( 1.000000000000000000, 0.7071067811865485700, 1.000000000000000000),
 ( 1.000000000000000000, 0.7071067811865485700, 1.000000000000000000),
 ( 1.000000000000000000, 0.7071067811865451300, 1.000000000000000000),
 ( 1.000000000000000000, 0.7071067811865451300, 1.000000000000000000),
 ( 1.000000000000000000, 0.7071067811865475700, 1.000000000000000000),
 ( 1.000000000000000000, 0.7071067811865475700, 1.000000000000000000) ) ) 
 REPRESENTATION_ITEM ( '' )  SURFACE ( )  );
#397 = CARTESIAN_POINT ( 'NONE',  ( -0.009999999999999993300, 0.09999999999999999200, -0.1232531754730548500 ) ) ;
#398 = CARTESIAN_POINT ( 'NONE',  ( 0.02324916893754518100, 0.1000000000000000100, 0.07647468807349991300 ) ) ;
#399 = LINE ( 'NONE', #2495, #3535 ) ;
#400 = ORIENTED_EDGE ( 'NONE', *, *, #2468, .T. ) ;
#401 = DIRECTION ( 'NONE',  ( 1.000000000000000000, 0.0000000000000000000, 4.440892098500624600E-015 ) ) ;
#402 = CARTESIAN_POINT ( 'NONE',  ( 0.0000000000000000000, 0.03667650555209153000, -1.368532942513062600 ) ) ;
#403 = CARTESIAN_POINT ( 'NONE',  ( -0.04897058823529402300, 0.09499999999999998700, 0.007904411764705876800 ) ) ;
#404 = CARTESIAN_POINT ( 'NONE',  ( 0.02999999769724530700, 0.09467274965458341600, -0.08686349299663226300 ) ) ;
#405 = EDGE_CURVE ( 'NONE', #5772, #1638, #5981, .T. ) ;
#406 = VECTOR ( 'NONE', #3180, 39.37007874015748100 ) ;
#407 = CARTESIAN_POINT ( 'NONE',  ( 0.01244109499883143200, 0.09999999999999997800, -0.01703508802234366200 ) ) ;
#408 = ORIENTED_EDGE ( 'NONE', *, *, #3527, .F. ) ;
#409 = ORIENTED_EDGE ( 'NONE', *, *, #5537, .F. ) ;
#410 = CIRCLE ( 'NONE', #2881, 0.005000000000000001800 ) ;
#411 = DIRECTION ( 'NONE',  ( -1.000000000000000000, -0.0000000000000000000, -0.0000000000000000000 ) ) ;
#413 = AXIS2_PLACEMENT_3D ( 'NONE', #198, #1436, #1463 ) ;
#412 = CARTESIAN_POINT ( 'NONE',  ( -0.001981941620031963400, 0.09750000000000000300, -0.03842550030447854800 ) ) ;
#414 = CARTESIAN_POINT ( 'NONE',  ( -0.005485783350739367400, 0.1000000000000000200, 0.06042751716392631000 ) ) ;
#415 = CARTESIAN_POINT ( 'NONE',  ( 0.02089739191361180600, 0.09999999999999996400, 0.05823713769546513100 ) ) ;
#416 = TOROIDAL_SURFACE ( 'NONE', #4326, 1.002319221306503700, 0.01562500000000000000 ) ;
#417 = CARTESIAN_POINT ( 'NONE',  ( 0.02999999769724537000, 0.09500000000000001500, -0.09825317547305474600 ) ) ;
#418 = EDGE_LOOP ( 'NONE', ( #3981, #771, #6167, #3563 ) ) ;
#419 = ORIENTED_EDGE ( 'NONE', *, *, #177, .F. ) ;
#420 = CARTESIAN_POINT ( 'NONE',  ( 0.001591658956888900500, 0.09749999999999969800, 0.01351797521287427000 ) ) ;
#421 = TOROIDAL_SURFACE ( 'NONE', #4173, 1.856250000000000200, 0.04687499999999999300 ) ;
#422 = EDGE_CURVE ( 'NONE', #6394, #6990, #1181, .T. ) ;
#423 = CARTESIAN_POINT ( 'NONE',  ( 0.008992135765157635200, 0.09999999999999999200, -0.02708209104476776200 ) ) ;
#424 = CARTESIAN_POINT ( 'NONE',  ( 0.0000000000000000000, 3.626014725754069800, 0.0000000000000000000 ) ) ;
#425 = CARTESIAN_POINT ( 'NONE',  ( -0.01514419083838328500, 0.09660427275112359900, -0.1181089846346718300 ) ) ;
#426 = DIRECTION ( 'NONE',  ( 0.0000000000000000000, -1.000000000000000000, 0.0000000000000000000 ) ) ;
#427 = FACE_OUTER_BOUND ( 'NONE', #4580, .T. ) ;
#428 = DIRECTION ( 'NONE',  ( 0.0000000000000000000, -1.000000000000000000, 0.0000000000000000000 ) ) ;
#429 = EDGE_CURVE ( 'NONE', #3802, #2653, #2649, .T. ) ;
#430 = CARTESIAN_POINT ( 'NONE',  ( -0.04813227435463487300, 0.09749999999999998900, 0.02431763598901210900 ) ) ;
#431 = VERTEX_POINT ( 'NONE', #2613 ) ;
#432 = CARTESIAN_POINT ( 'NONE',  ( -0.04375385589587582600, 0.09750000000000001700, 0.04377856487351286500 ) ) ;
#433 = CARTESIAN_POINT ( 'NONE',  ( 0.02751295578180638900, 0.09192726540609695600, -0.08934513560569482000 ) ) ;
#434 = VECTOR ( 'NONE', #7802, 39.37007874015748100 ) ;
#435 = ADVANCED_FACE ( 'NONE', ( #989 ), #7467, .F. ) ;
#436 = CALENDAR_DATE ( 2013, 28, 11 ) ;
#437 = CARTESIAN_POINT ( 'NONE',  ( -0.03031088913245678900, 0.08999999999999999700, 0.1540063509461094000 ) ) ;
#438 = EDGE_LOOP ( 'NONE', ( #6604, #5651, #4585, #2771 ) ) ;
#439 = LINE ( 'NONE', #5687, #7128 ) ;
#440 = FACE_OUTER_BOUND ( 'NONE', #7650, .T. ) ;
#441 = CIRCLE ( 'NONE', #4769, 0.005000000000000001000 ) ;
#442 = ORIENTED_EDGE ( 'NONE', *, *, #4783, .F. ) ;
#443 = CARTESIAN_POINT ( 'NONE',  ( -0.04817252746039989200, 0.09499999999999995900, 0.02414622702382909800 ) ) ;
#444 = CARTESIAN_POINT ( 'NONE',  ( 0.01123960777086434200, 0.09499999999999998700, -0.02814820890515898700 ) ) ;
#445 = DIRECTION ( 'NONE',  ( -0.4853627795187343000, 0.0000000000000000000, -0.8743128571957800000 ) ) ;
#446 = DIRECTION ( 'NONE',  ( -0.8660254037844429300, 0.0000000000000000000, 0.4999999999999923900 ) ) ;
#447 = VERTEX_POINT ( 'NONE', #3907 ) ;
#448 = VERTEX_POINT ( 'NONE', #147 ) ;
#449 = ORIENTED_EDGE ( 'NONE', *, *, #3856, .T. ) ;
#450 = CARTESIAN_POINT ( 'NONE',  ( -0.04897058823529402300, 0.09750000000000000300, 0.007904411764705876800 ) ) ;
#451 = CARTESIAN_POINT ( 'NONE',  ( 0.01026747844940282200, 0.09999999999999999200, 0.008305902995566643400 ) ) ;
#452 = FACE_OUTER_BOUND ( 'NONE', #5860, .T. ) ;
#453 = AXIS2_PLACEMENT_3D ( 'NONE', #1826, #3067, #1189 ) ;
#454 = CARTESIAN_POINT ( 'NONE',  ( -0.004319414465811175800, 0.09749999999999996200, -0.03887241976774794000 ) ) ;
#455 = CARTESIAN_POINT ( 'NONE',  ( -0.01999999999999999700, 0.09499999999999998700, -0.1182531754730548500 ) ) ;
#456 = AXIS2_PLACEMENT_3D ( 'NONE', #4165, #411, #4793 ) ;
#457 = DIRECTION ( 'NONE',  ( 0.0000000000000000000, -1.000000000000000000, 0.0000000000000000000 ) ) ;
#458 = CARTESIAN_POINT ( 'NONE',  ( -0.04230576257532189800, 0.09999999999999999200, 0.05355440222479768800 ) ) ;
#459 = FACE_OUTER_BOUND ( 'NONE', #3402, .T. ) ;
#460 = DIRECTION ( 'NONE',  ( -0.5000000000000043300, 0.0000000000000000000, 0.8660254037844361500 ) ) ;
#461 = CARTESIAN_POINT ( 'NONE',  ( -0.02911814019858773700, 0.09499999999999998700, 0.06610324365160143200 ) ) ;
#462 = CARTESIAN_POINT ( 'NONE',  ( -0.005966387401548816000, 0.09999999999999999200, 0.01183727953019232800 ) ) ;
#463 = DIRECTION ( 'NONE',  ( 0.0000000000000000000, -1.000000000000000000, 0.0000000000000000000 ) ) ;
#464 = CIRCLE ( 'NONE', #2797, 1.337757700231430900 ) ;
#465 = VERTEX_POINT ( 'NONE', #3879 ) ;
#466 = ORIENTED_EDGE ( 'NONE', *, *, #3685, .F. ) ;
#467 = ORIENTED_EDGE ( 'NONE', *, *, #6170, .F. ) ;
#468 = CARTESIAN_POINT ( 'NONE',  ( -0.01898755295658836500, 0.09499999999999998700, 0.07242762378015713000 ) ) ;
#469 = CARTESIAN_POINT ( 'NONE',  ( 0.01536764705882362100, 0.09750000000000000300, -0.01093750000000000300 ) ) ;
#470 = EDGE_CURVE ( 'NONE', #1663, #1638, #5773, .T. ) ;
#471 = CARTESIAN_POINT ( 'NONE',  ( 0.02822521560162679500, 0.09999999999999999200, 0.06731270402543548800 ) ) ;
#472 = ADVANCED_FACE ( 'NONE', ( #2458 ), #3933, .T. ) ;
#473 = CARTESIAN_POINT ( 'NONE',  ( 0.0000000000000000000, 1.471374438134798600, 0.0000000000000000000 ) ) ;
#474 = CARTESIAN_POINT ( 'NONE',  ( -0.01799666682988950600, 0.09807273439692081000, -0.09725150888799950800 ) ) ;
#476 = ORIENTED_EDGE ( 'NONE', *, *, #738, .T. ) ;
#475 = CARTESIAN_POINT ( 'NONE',  ( 0.01280642405756824400, 0.09999999999999999200, -0.008300842865604096300 ) ) ;
#477 = EDGE_CURVE ( 'NONE', #6156, #1935, #5592, .T. ) ;
#478 = ORIENTED_EDGE ( 'NONE', *, *, #6321, .F. ) ;
#479 = CARTESIAN_POINT ( 'NONE',  ( 0.0000000000000000000, 0.0000000000000000000, 0.0000000000000000000 ) ) ;
#480 = DIRECTION ( 'NONE',  ( 0.5000000000000078800, 0.0000000000000000000, -0.8660254037844340400 ) ) ;
#481 = DIRECTION ( 'NONE',  ( 0.0000000000000000000, 0.0000000000000000000, 1.000000000000000000 ) ) ;
#482 = ORIENTED_EDGE ( 'NONE', *, *, #7265, .T. ) ;
#483 = CARTESIAN_POINT ( 'NONE',  ( -0.02349837409512541000, 0.1000000000000027700, 0.07025483621846133300 ) ) ;
#484 = ORIENTED_EDGE ( 'NONE', *, *, #8004, .F. ) ;
#485 = CARTESIAN_POINT ( 'NONE',  ( 0.005000000000000008800, 0.09499999999999998700, -0.008660254037844317100 ) ) ;
#486 = CARTESIAN_POINT ( 'NONE',  ( -0.006177993072238962800, 0.09750000000000000300, 0.07620276422027494300 ) ) ;
#487 = CARTESIAN_POINT ( 'NONE',  ( -0.001631097896411254400, 0.09750000000000000300, 0.06376204680110386700 ) ) ;
#488 = EDGE_CURVE ( 'NONE', #4192, #1663, #7280, .T. ) ;
#489 = CARTESIAN_POINT ( 'NONE',  ( -0.1041654747960450800, 0.08999999999999999700, 0.03608645620482419500 ) ) ;
#490 = CARTESIAN_POINT ( 'NONE',  ( -0.09022599025004590700, 0.09499999999999998700, 0.01745098626637955500 ) ) ;
#491 = DIRECTION ( 'NONE',  ( 0.8660254037844384900, 0.0000000000000000000, -0.5000000000000004400 ) ) ;
#492 = CYLINDRICAL_SURFACE ( 'NONE', #4869, 0.004999999999999999200 ) ;
#493 = DIRECTION ( 'NONE',  ( 0.0000000000000000000, -1.000000000000000000, 0.0000000000000000000 ) ) ;
#494 = EDGE_LOOP ( 'NONE', ( #3250, #8051, #6335, #5282 ) ) ;
#495 = AXIS2_PLACEMENT_3D ( 'NONE', #8026, #4262, #505 ) ;
#496 = CARTESIAN_POINT ( 'NONE',  ( 0.08916547709879964200, 0.09999999999999999200, 0.06206721432986938400 ) ) ;
#497 = CARTESIAN_POINT ( 'NONE',  ( 0.02944318810889624800, 0.09999999999999996400, 0.07251645069101260400 ) ) ;
#498 = CARTESIAN_POINT ( 'NONE',  ( -0.01499999999999998600, 0.09499999999999998700, -0.09825317547305487100 ) ) ;
#499 = CARTESIAN_POINT ( 'NONE',  ( 0.09777400974995328900, 0.09499999999999998700, 0.08993616380289178000 ) ) ;
#500 = TOROIDAL_SURFACE ( 'NONE', #5604, 1.843750000000000400, 0.03125000000000000000 ) ;
#501 = ORIENTED_EDGE ( 'NONE', *, *, #1535, .F. ) ;
#502 = CARTESIAN_POINT ( 'NONE',  ( -0.007437959558823434600, 0.09500000000000001500, -0.03897058823529413900 ) ) ;
#503 = ORIENTED_EDGE ( 'NONE', *, *, #6859, .T. ) ;
#504 = ORIENTED_EDGE ( 'NONE', *, *, #7375, .T. ) ;
#505 = DIRECTION ( 'NONE',  ( 0.0000000000000000000, 0.0000000000000000000, 1.000000000000000000 ) ) ;
#506 = CARTESIAN_POINT ( 'NONE',  ( 0.03375000000000009900, 0.09499999999999998700, -0.009242876838235297700 ) ) ;
#507 = CARTESIAN_POINT ( 'NONE',  ( 0.01987204003758092200, 0.09749999999999998900, 0.07489435024132520800 ) ) ;
#508 = DIRECTION ( 'NONE',  ( 0.0000000000000000000, 0.0000000000000000000, 1.000000000000000000 ) ) ;
#509 = VECTOR ( 'NONE', #5733, 39.37007874015748100 ) ;
#510 = APPROVAL ( #991, 'UNSPECIFIED' ) ;
#511 = CARTESIAN_POINT ( 'NONE',  ( 0.0001827980863826404500, 0.09749999999999998900, 0.07677623694274016100 ) ) ;
#512 = FACE_OUTER_BOUND ( 'NONE', #7658, .T. ) ;
#513 = CARTESIAN_POINT ( 'NONE',  ( -0.1000897448107780800, 0.09500000000000001500, 0.02314582761723867100 ) ) ;
#514 = DATE_AND_TIME ( #2182, #3851 ) ;
#515 = ADVANCED_FACE ( 'NONE', ( #2261 ), #784, .F. ) ;
#516 = AXIS2_PLACEMENT_3D ( 'NONE', #8130, #4365, #612 ) ;
#517 = ORIENTED_EDGE ( 'NONE', *, *, #4529, .T. ) ;
#518 = DIRECTION ( 'NONE',  ( 0.0000000000000000000, 0.0000000000000000000, 1.000000000000000000 ) ) ;
#520 = CARTESIAN_POINT ( 'NONE',  ( -0.05147792268947169000, 0.09999999999999999200, 0.008428169427289638700 ) ) ;
#519 = VECTOR ( 'NONE', #1332, 39.37007874015748100 ) ;
#521 = ORIENTED_EDGE ( 'NONE', *, *, #6231, .T. ) ;
#522 = ORIENTED_EDGE ( 'NONE', *, *, #11, .T. ) ;
#523 = EDGE_CURVE ( 'NONE', #2690, #1591, #4116, .T. ) ;
#524 = CIRCLE ( 'NONE', #3652, 1.859375000000000700 ) ;
#525 = EDGE_LOOP ( 'NONE', ( #1307, #6585, #44, #409 ) ) ;
#526 = EDGE_LOOP ( 'NONE', ( #7264, #4479, #4720 ) ) ;
#527 = DIRECTION ( 'NONE',  ( 0.0000000000000000000, 0.0000000000000000000, 1.000000000000000000 ) ) ;
#528 = DIRECTION ( 'NONE',  ( 0.0000000000000000000, 0.0000000000000000000, -1.000000000000000000 ) ) ;
#529 = CARTESIAN_POINT ( 'NONE',  ( 0.07008974711353246900, 0.09792893218813451800, 0.07510734785581682500 ) ) ;
#530 = CARTESIAN_POINT ( 'NONE',  ( 0.02497730244417561600, 0.09749999999999998900, 0.07313649567172449100 ) ) ;
#531 = VECTOR ( 'NONE', #2953, 39.37007874015748100 ) ;
#532 = CARTESIAN_POINT ( 'NONE',  ( -0.04868171491478879400, 0.09750000000000001700, -0.005852142733516535100 ) ) ;
#533 = DIRECTION ( 'NONE',  ( 1.000000000000000000, 0.0000000000000000000, 3.414809992080330700E-015 ) ) ;
#534 = CARTESIAN_POINT ( 'NONE',  ( -0.002036838737003028900, 0.09928002767790404500, 0.02792842285257494900 ) ) ;
#535 = EDGE_CURVE ( 'NONE', #8122, #5012, #7082, .T. ) ;
#536 = CARTESIAN_POINT ( 'NONE',  ( 0.0000000000000000000, 4.406249999999999100, 0.0000000000000000000 ) ) ;
#537 = DIRECTION ( 'NONE',  ( 0.5000000000000001100, 0.0000000000000000000, 0.8660254037844384900 ) ) ;
#538 = CARTESIAN_POINT ( 'NONE',  ( 0.03128156438129883100, 0.09500000000000001500, -0.02523889961003360600 ) ) ;
#539 = DIRECTION ( 'NONE',  ( -0.0000000000000000000, 1.000000000000000000, -0.0000000000000000000 ) ) ;
#540 = VECTOR ( 'NONE', #3038, 39.37007874015748100 ) ;
#541 = CONICAL_SURFACE ( 'NONE', #5864, 1.359612378859184300, 0.1745329251994297000 ) ;
#542 = EDGE_CURVE ( 'NONE', #6100, #2549, #589, .T. ) ;
#543 = B_SPLINE_CURVE_WITH_KNOTS ( 'NONE', 3,
 ( #8092, #3081, #572, #4952, #1201, #5586, #1837, #6230, #2463, #6863, #3102, #7491, #3727, #8117, #4348, #593, #4977, #1233, #5614 ),
 .UNSPECIFIED., .F., .F.,
 ( 4, 3, 3, 3, 3, 3, 4 ),
 ( 0.0000000000000000000, 2.128244849668122700E-005, 4.256342864851106000E-005, 6.386772929221089400E-005, 8.522240768063700300E-005, 9.507673073638536500E-005, 9.934045343085955800E-005 ),
 .UNSPECIFIED. ) ;
#544 = DIRECTION ( 'NONE',  ( -1.000000000000000000, 0.0000000000000000000, 0.0000000000000000000 ) ) ;
#545 = CARTESIAN_POINT ( 'NONE',  ( 0.02385504014297025100, 0.09999999999999999200, -0.1327298327073381200 ) ) ;
#546 = CARTESIAN_POINT ( 'NONE',  ( 1.668265672074706700E-016, 0.2523140909808909700, -1.362242299768568600 ) ) ;
#547 = FACE_OUTER_BOUND ( 'NONE', #6117, .T. ) ;
#548 = CARTESIAN_POINT ( 'NONE',  ( 0.0000000000000000000, 0.2523140909808909700, 0.0000000000000000000 ) ) ;
#549 = CIRCLE ( 'NONE', #7621, 0.002500000000000000100 ) ;
#550 = CARTESIAN_POINT ( 'NONE',  ( -0.08075961894323345500, 0.09999999999999999200, 0.04662658773652744700 ) ) ;
#551 = CARTESIAN_POINT ( 'NONE',  ( 0.03412299906885853100, 0.09884310771757147400, -0.009242829462798819400 ) ) ;
#552 = CARTESIAN_POINT ( 'NONE',  ( 0.02939602478833841500, 0.09197492569165689700, -0.1310726416323339000 ) ) ;
#553 = ORIENTED_EDGE ( 'NONE', *, *, #4160, .F. ) ;
#554 = CARTESIAN_POINT ( 'NONE',  ( -0.05038257983636074100, 0.09976807152880694300, 0.007907747111952346400 ) ) ;
#555 = CARTESIAN_POINT ( 'NONE',  ( -0.1122675014630613600, 0.08999999999999999700, 0.03595016139045642500 ) ) ;
#556 = CARTESIAN_POINT ( 'NONE',  ( 0.01729469113302687500, 0.09999999999999999200, 0.07546958348944087000 ) ) ;
#557 = ADVANCED_FACE ( 'NONE', ( #3732 ), #3633, .T. ) ;
#558 = VERTEX_POINT ( 'NONE', #4069 ) ;
#559 = DIRECTION ( 'NONE',  ( 0.0000000000000000000, 0.0000000000000000000, 1.000000000000000000 ) ) ;
#560 = AXIS2_PLACEMENT_3D ( 'NONE', #3505, #5391, #6647 ) ;
#561 = FACE_OUTER_BOUND ( 'NONE', #133, .T. ) ;
#562 = CARTESIAN_POINT ( 'NONE',  ( 0.01748495230898865900, 0.09749999999999998900, -0.04425433818320212400 ) ) ;
#563 = CARTESIAN_POINT ( 'NONE',  ( 0.02499999769724544800, 0.08999999999999999700, -0.1152015889816459200 ) ) ;
#564 = ORIENTED_EDGE ( 'NONE', *, *, #1367, .F. ) ;
#565 = AXIS2_PLACEMENT_3D ( 'NONE', #5640, #1879, #6278 ) ;
#566 = ORIENTED_EDGE ( 'NONE', *, *, #3571, .T. ) ;
#567 = CARTESIAN_POINT ( 'NONE',  ( -0.1571891108675446700, 0.09499999999999998700, -0.04575317547305484500 ) ) ;
#568 = DIRECTION ( 'NONE',  ( 0.0000000000000000000, 0.0000000000000000000, 1.000000000000000000 ) ) ;
#569 = ORIENTED_EDGE ( 'NONE', *, *, #5307, .F. ) ;
#570 = CARTESIAN_POINT ( 'NONE',  ( -0.02201349888728297200, 0.09499999999999998700, 0.02338826301484229000 ) ) ;
#571 = CIRCLE ( 'NONE', #1264, 0.03125000000000011100 ) ;
#572 = CARTESIAN_POINT ( 'NONE',  ( 0.02553377803465828000, 0.09806244559560158000, 0.05955654794538359200 ) ) ;
#573 = EDGE_LOOP ( 'NONE', ( #4017, #3273, #305, #4670 ) ) ;
#574 = CARTESIAN_POINT ( 'NONE',  ( -0.04063222463890299500, 0.09750000000000155800, -0.03626879918966777900 ) ) ;
#575 = ORIENTED_EDGE ( 'NONE', *, *, #852, .T. ) ;
#576 = CARTESIAN_POINT ( 'NONE',  ( 0.02913419905641943100, 0.09999999999999999200, 0.05847334831232908800 ) ) ;
#577 = CARTESIAN_POINT ( 'NONE',  ( 0.02664034571458945300, 0.09053886747000790300, -0.1230083047029735800 ) ) ;
#578 = ORIENTED_EDGE ( 'NONE', *, *, #6043, .T. ) ;
#579 = CARTESIAN_POINT ( 'NONE',  ( 0.03574285699775418800, 0.1000000000000000500, 0.0009896703758264014700 ) ) ;
#580 = VERTEX_POINT ( 'NONE', #4718 ) ;
#581 = EDGE_CURVE ( 'NONE', #5376, #823, #5404, .T. ) ;
#582 = CARTESIAN_POINT ( 'NONE',  ( 0.006527377235658167500, 0.09999999999999999200, 0.07928597597600231500 ) ) ;
#583 = CARTESIAN_POINT ( 'NONE',  ( 0.02824051870463679900, 0.09499999999999997300, 0.06559805909993921000 ) ) ;
#584 = EDGE_CURVE ( 'NONE', #8023, #6955, #1237, .T. ) ;
#585 = CARTESIAN_POINT ( 'NONE',  ( -0.008960248161764612600, 0.09499999999999998700, -0.05183823529411765700 ) ) ;
#586 = VERTEX_POINT ( 'NONE', #5389 ) ;
#587 = CARTESIAN_POINT ( 'NONE',  ( 0.0000000000000000000, 4.375631378215179400, 0.0000000000000000000 ) ) ;
#588 = CARTESIAN_POINT ( 'NONE',  ( -0.1265075646438333100, 0.09338892003002501100, 0.03869303908454603500 ) ) ;
#589 = LINE ( 'NONE', #5956, #2059 ) ;
#590 = CARTESIAN_POINT ( 'NONE',  ( 0.02823529411764715000, 0.09750000000000000300, 0.06612477022058822800 ) ) ;
#591 = CARTESIAN_POINT ( 'NONE',  ( -0.009999999999999981100, 0.09999999999999999200, -0.09325317547305486700 ) ) ;
#592 = ADVANCED_FACE ( 'NONE', ( #5557 ), #3699, .F. ) ;
#594 = EDGE_CURVE ( 'NONE', #1912, #3413, #5365, .T. ) ;
#593 = CARTESIAN_POINT ( 'NONE',  ( 0.02545746919493127600, 0.09999439206655720600, 0.05726768025496741000 ) ) ;
#595 = CONICAL_SURFACE ( 'NONE', #808, 1.725000000000000100, 0.06498818447873799800 ) ;
#596 = CARTESIAN_POINT ( 'NONE',  ( -0.02697690928824432800, 0.09999999999999996400, -0.04836194632099805700 ) ) ;
#597 = VERTEX_POINT ( 'NONE', #2360 ) ;
#598 = CARTESIAN_POINT ( 'NONE',  ( -0.09058012701892291500, 0.09792893218813451800, 0.06961696879329316900 ) ) ;
#599 = CARTESIAN_POINT ( 'NONE',  ( 2.112515728529184400E-016, 4.125000000000000000, -1.725000000000000100 ) ) ;
#600 = CARTESIAN_POINT ( 'NONE',  ( -0.02237666775908250500, 0.09499999999999997300, 0.01071000541450990700 ) ) ;
#601 = CYLINDRICAL_SURFACE ( 'NONE', #7609, 0.004999999999999997500 ) ;
#603 = AXIS2_PLACEMENT_3D ( 'NONE', #5192, #1439, #5819 ) ;
#602 = CARTESIAN_POINT ( 'NONE',  ( 0.01520577883502932300, 0.09499999999999997300, -0.01613404390130743900 ) ) ;
#604 = CARTESIAN_POINT ( 'NONE',  ( 0.02309813963630157400, 0.09749999999999996200, 0.01968143639508724100 ) ) ;
#605 = ORIENTED_EDGE ( 'NONE', *, *, #7370, .F. ) ;
#606 = ORIENTED_EDGE ( 'NONE', *, *, #594, .F. ) ;
#607 = DIRECTION ( 'NONE',  ( -0.0000000000000000000, 1.000000000000000000, -0.0000000000000000000 ) ) ;
#608 = AXIS2_PLACEMENT_3D ( 'NONE', #5755, #1375, #6398 ) ;
#609 = CARTESIAN_POINT ( 'NONE',  ( 0.02579761007734703000, 0.09499999999999998700, 0.05961444436007784500 ) ) ;
#610 = FACE_OUTER_BOUND ( 'NONE', #2174, .T. ) ;
#611 = CARTESIAN_POINT ( 'NONE',  ( 0.02411942477355835000, 0.09499999999999998700, 0.05975184905001824200 ) ) ;
#612 = DIRECTION ( 'NONE',  ( 0.0000000000000000000, 0.0000000000000000000, 1.000000000000000000 ) ) ;
#613 = DIRECTION ( 'NONE',  ( 0.0000000000000000000, 0.0000000000000000000, -1.000000000000000000 ) ) ;
#614 = CIRCLE ( 'NONE', #4750, 0.04687500000000002800 ) ;
#615 = CARTESIAN_POINT ( 'NONE',  ( -0.1161532481943819300, 0.09000128434744225600, 0.03695639512927954100 ) ) ;
#616 = ORIENTED_EDGE ( 'NONE', *, *, #258, .T. ) ;
#617 = ORIENTED_EDGE ( 'NONE', *, *, #3964, .F. ) ;
#618 = CARTESIAN_POINT ( 'NONE',  ( 0.02785616576131907900, 0.09750000000000001700, 0.06118073340234491500 ) ) ;
#619 = CIRCLE ( 'NONE', #2501, 0.005000000000000000100 ) ;
#620 = CARTESIAN_POINT ( 'NONE',  ( 0.08575961894323329300, 0.09999999999999999200, 0.03796633369868346300 ) ) ;
#621 = VECTOR ( 'NONE', #5102, 39.37007874015748100 ) ;
#622 = DIRECTION ( 'NONE',  ( 0.4999999999999922300, 0.0000000000000000000, 0.8660254037844431500 ) ) ;
#623 = CARTESIAN_POINT ( 'NONE',  ( -0.08272779946803261700, 0.09499999999999998700, 0.01807264151483237500 ) ) ;
#624 = CARTESIAN_POINT ( 'NONE',  ( -0.01576752652133845600, 0.09999999999999999200, -0.05409034504837559300 ) ) ;
#625 = ORIENTED_EDGE ( 'NONE', *, *, #3742, .F. ) ;
#626 = EDGE_CURVE ( 'NONE', #3611, #4595, #7043, .T. ) ;
#627 = B_SPLINE_CURVE_WITH_KNOTS ( 'NONE', 3,
 ( #1284, #5038, #652, #5669, #1916, #6313, #2551, #6946, #3179, #7574, #3808, #54, #4432, #677, #5063, #1309, #5695, #1942, #6332, #2576, #6973, #3208, #7604 ),
 .UNSPECIFIED., .F., .F.,
 ( 4, 1, 1, 1, 1, 1, 1, 1, 1, 1, 1, 1, 1, 1, 1, 1, 1, 1, 1, 1, 4 ),
 ( 0.0000000000000000000, 0.04640818290780109700, 0.09058724170542525900, 0.1320461325829041000, 0.1713852211974023500, 0.2093489726436371100, 0.2455478224183486900, 0.2814988301077783700, 0.3162453934314500300, 0.3510898444400724600, 0.3858853860287460000, 0.4209733615233251000, 0.4568718847260646600, 0.4938437863708168800, 0.5322677599110063900, 0.5716609250234128100, 0.6128179714307361300, 0.6999784837095822700, 0.7932530820683889600, 0.8932466212994777400, 1.000000000000000000 ),
 .UNSPECIFIED. ) ;
#628 = FACE_BOUND ( 'NONE', #6411, .T. ) ;
#629 = PERSON_AND_ORGANIZATION ( #62, #3099 ) ;
#630 = CARTESIAN_POINT ( 'NONE',  ( 0.0000000000000000000, 1.471374438134798600, 1.452302496728183700 ) ) ;
#631 = EDGE_CURVE ( 'NONE', #2915, #597, #7924, .T. ) ;
#632 = DIRECTION ( 'NONE',  ( 0.0000000000000000000, 0.0000000000000000000, 1.000000000000000000 ) ) ;
#633 = CARTESIAN_POINT ( 'NONE',  ( 0.01008198917525337900, 0.09999999999999999200, 0.02599150669076385000 ) ) ;
#634 = CARTESIAN_POINT ( 'NONE',  ( 0.02807464398227702700, 0.09499999999999998700, -0.03252145857200753500 ) ) ;
#635 = CARTESIAN_POINT ( 'NONE',  ( -0.07768149354272342600, 0.09589636361097760000, 0.06245937542544160300 ) ) ;
#636 = CARTESIAN_POINT ( 'NONE',  ( 0.05709936605676596600, 0.09500000000000000100, 0.06760734785581669300 ) ) ;
#637 = CIRCLE ( 'NONE', #5189, 0.004999999999999997500 ) ;
#638 = VERTEX_POINT ( 'NONE', #3653 ) ;
#639 = CARTESIAN_POINT ( 'NONE',  ( 0.007763053898022244000, 0.09750000000000001700, 0.06389906657390172200 ) ) ;
#640 = CARTESIAN_POINT ( 'NONE',  ( 0.01313621574470537900, 0.09750000000000000300, -0.04728036897653432900 ) ) ;
#641 = DIRECTION ( 'NONE',  ( 0.0000000000000000000, -1.000000000000000000, -0.0000000000000000000 ) ) ;
#642 = VERTEX_POINT ( 'NONE', #8039 ) ;
#643 = EDGE_CURVE ( 'NONE', #3504, #5750, #6456, .T. ) ;
#644 = ORIENTED_EDGE ( 'NONE', *, *, #1893, .F. ) ;
#645 = FACE_OUTER_BOUND ( 'NONE', #7335, .T. ) ;
#646 = B_SPLINE_CURVE_WITH_KNOTS ( 'NONE', 3,
 ( #4087, #1478, #5971, #2226, #6612, #2860, #7252, #3495, #7877, #4108, #354, #4741 ),
 .UNSPECIFIED., .F., .F.,
 ( 4, 2, 2, 2, 2, 4 ),
 ( 1.490777987167568600E-019, 0.0003285698453995767000, 0.0006571396907991531800, 0.0009857095361987299300, 0.001149994458898518500, 0.001314279381598307000 ),
 .UNSPECIFIED. ) ;
#647 = CARTESIAN_POINT ( 'NONE',  ( 0.09484690667635155300, 0.09630874078434227500, 0.03196641527983847700 ) ) ;
#648 = CARTESIAN_POINT ( 'NONE',  ( -0.1207750688136674500, 0.08999999999999999700, 0.03873639103279084800 ) ) ;
#649 = CARTESIAN_POINT ( 'NONE',  ( -0.02313138211808292400, 0.09750000000000000300, 0.02305724368657962100 ) ) ;
#650 = LINE ( 'NONE', #120, #2324 ) ;
#651 = AXIS2_PLACEMENT_3D ( 'NONE', #3889, #2676, #7080 ) ;
#652 = CARTESIAN_POINT ( 'NONE',  ( -0.01272208231587433100, 0.09500000000000002900, -0.05178368866957437600 ) ) ;
#653 = CARTESIAN_POINT ( 'NONE',  ( 0.0000000000000000000, 4.406249999999999100, 0.0000000000000000000 ) ) ;
#654 = CARTESIAN_POINT ( 'NONE',  ( -0.002407968048446096900, 0.09999999999999999200, 0.02971372354143567500 ) ) ;
#655 = CARTESIAN_POINT ( 'NONE',  ( 0.0000000000000000000, 4.156250000000000000, 0.0000000000000000000 ) ) ;
#656 = VECTOR ( 'NONE', #5596, 39.37007874015748100 ) ;
#657 = VERTEX_POINT ( 'NONE', #6838 ) ;
#658 = ORIENTED_EDGE ( 'NONE', *, *, #6637, .F. ) ;
#659 = ORIENTED_EDGE ( 'NONE', *, *, #7740, .T. ) ;
#660 = CARTESIAN_POINT ( 'NONE',  ( 0.06254221000006404700, 0.09248190845447362700, 0.06814694259540743400 ) ) ;
#661 =( GEOMETRIC_REPRESENTATION_CONTEXT ( 3 ) GLOBAL_UNCERTAINTY_ASSIGNED_CONTEXT ( ( #3353 ) ) GLOBAL_UNIT_ASSIGNED_CONTEXT ( ( #5949, #2202, #6583 ) ) REPRESENTATION_CONTEXT ( 'NONE', 'WORKASPACE' ) );
#662 = CARTESIAN_POINT ( 'NONE',  ( 0.1182179676972452500, 0.08999999999999999700, -0.06825317547305430300 ) ) ;
#663 = AXIS2_PLACEMENT_3D ( 'NONE', #7134, #2100, #3370 ) ;
#664 = CARTESIAN_POINT ( 'NONE',  ( -0.1182179676972449200, 0.09999999999999999200, -0.06825317547305484500 ) ) ;
#665 = CARTESIAN_POINT ( 'NONE',  ( -0.01017074373708037500, 0.09499999999999995900, -0.03888851187224133500 ) ) ;
#666 = EDGE_LOOP ( 'NONE', ( #1888, #6092, #2442, #5816 ) ) ;
#667 = ORIENTED_EDGE ( 'NONE', *, *, #6859, .F. ) ;
#668 = DIRECTION ( 'NONE',  ( 1.224646799147350500E-016, 0.0000000000000000000, -1.000000000000000000 ) ) ;
#669 = EDGE_CURVE ( 'NONE', #6689, #4744, #4996, .T. ) ;
#670 = DIRECTION ( 'NONE',  ( 0.8574929257125413200, 0.0000000000000000000, 0.5144957554275314500 ) ) ;
#671 = DIRECTION ( 'NONE',  ( -0.8660254037844386000, 0.0000000000000000000, 0.4999999999999998900 ) ) ;
#672 = ORIENTED_EDGE ( 'NONE', *, *, #6741, .F. ) ;
#673 = CARTESIAN_POINT ( 'NONE',  ( 0.02814250477153297500, 0.09499999999999998700, -0.1301573539302004800 ) ) ;
#674 = CARTESIAN_POINT ( 'NONE',  ( -0.007437544122662503300, 0.09832728648412635000, -0.03882968897117635600 ) ) ;
#675 = AXIS2_PLACEMENT_3D ( 'NONE', #4307, #8047, #4937 ) ;
#676 = ORIENTED_EDGE ( 'NONE', *, *, #1483, .F. ) ;
#677 = CARTESIAN_POINT ( 'NONE',  ( -0.04089437905842301100, 0.09500000000000001500, -0.03560598863874663000 ) ) ;
#678 = DIRECTION ( 'NONE',  ( -0.0000000000000000000, 1.000000000000000000, -0.0000000000000000000 ) ) ;
#679 = CARTESIAN_POINT ( 'NONE',  ( 0.02814250477153276700, 0.09499999999999998700, -0.08634899701590897900 ) ) ;
#680 = CARTESIAN_POINT ( 'NONE',  ( -0.01794436896982893100, 0.09499999999999998700, 0.05607625131591185300 ) ) ;
#681 = EDGE_CURVE ( 'NONE', #3051, #3086, #3539, .T. ) ;
#682 = DIRECTION ( 'NONE',  ( 0.0000000000000000000, 0.0000000000000000000, 1.000000000000000000 ) ) ;
#683 = CARTESIAN_POINT ( 'NONE',  ( 0.07523249853693797500, 0.08999999999999999700, 0.07230301408259909300 ) ) ;
#684 = EDGE_CURVE ( 'NONE', #4423, #6267, #2084, .T. ) ;
#685 = FACE_OUTER_BOUND ( 'NONE', #8031, .T. ) ;
#686 = CARTESIAN_POINT ( 'NONE',  ( -0.002038143382352846900, 0.09750000000000000300, 0.02720588235294116700 ) ) ;
#687 = ORIENTED_EDGE ( 'NONE', *, *, #3964, .T. ) ;
#688 = CARTESIAN_POINT ( 'NONE',  ( 0.0000000000000000000, 0.09999999999999999200, 0.0000000000000000000 ) ) ;
#689 = CARTESIAN_POINT ( 'NONE',  ( -0.04519324881109181700, 0.09750000000000003100, 0.04059497346814309300 ) ) ;
#690 = DIRECTION ( 'NONE',  ( -0.0000000000000000000, 1.000000000000000000, -0.0000000000000000000 ) ) ;
#691 = CARTESIAN_POINT ( 'NONE',  ( -0.09198870172818725300, 0.09751809353930888900, 0.06970151580596553600 ) ) ;
#692 = DIRECTION ( 'NONE',  ( 0.8963030680936113800, 2.287487428000482200E-015, 0.4434420031142505300 ) ) ;
#693 = CARTESIAN_POINT ( 'NONE',  ( -0.1571891108675446700, 0.09499999999999998700, -0.04575317547305483200 ) ) ;
#694 = ORIENTED_EDGE ( 'NONE', *, *, #5824, .T. ) ;
#695 = ORIENTED_EDGE ( 'NONE', *, *, #4953, .F. ) ;
#696 = EDGE_LOOP ( 'NONE', ( #5299, #1208, #1582, #1366 ) ) ;
#697 = CARTESIAN_POINT ( 'NONE',  ( -0.007437959558823434600, 0.09749999999999998900, -0.03897058823529413900 ) ) ;
#698 = DIRECTION ( 'NONE',  ( -0.5144957554275305700, 0.0000000000000000000, 0.8574929257125418800 ) ) ;
#699 = CARTESIAN_POINT ( 'NONE',  ( -0.02466063089676134200, 0.1000000000000000200, 0.04132484616415799100 ) ) ;
#700 = DIRECTION ( 'NONE',  ( 0.0000000000000000000, -1.000000000000000000, 0.0000000000000000000 ) ) ;
#701 = AXIS2_PLACEMENT_3D ( 'NONE', #1312, #5701, #1948 ) ;
#702 = ADVANCED_FACE ( 'NONE', ( #3507 ), #159, .F. ) ;
#703 = VECTOR ( 'NONE', #3880, 39.37007874015748100 ) ;
#704 = CARTESIAN_POINT ( 'NONE',  ( 2.338309982121978400E-016, 4.750000000000000000, -1.909375000000000700 ) ) ;
#705 = PERSON_AND_ORGANIZATION ( #62, #3099 ) ;
#706 = ORIENTED_EDGE ( 'NONE', *, *, #6058, .F. ) ;
#707 = CARTESIAN_POINT ( 'NONE',  ( 0.09864832260714902200, 0.09207106781186549800, 0.08945080102337298100 ) ) ;
#708 = CARTESIAN_POINT ( 'NONE',  ( 0.01521234978845068000, 0.09500000000000001500, 0.06264244462640966600 ) ) ;
#709 = CIRCLE ( 'NONE', #5291, 1.933681795603287900 ) ;
#710 = ORIENTED_EDGE ( 'NONE', *, *, #6994, .F. ) ;
#711 = AXIS2_PLACEMENT_3D ( 'NONE', #2785, #7177, #3415 ) ;
#712 = CARTESIAN_POINT ( 'NONE',  ( -0.02598076211353456800, 0.09499999999999998700, 0.1515063509461094200 ) ) ;
#713 = CARTESIAN_POINT ( 'NONE',  ( -0.08808012701892289900, 0.08999999999999999700, 0.07394709581221535500 ) ) ;
#714 = CARTESIAN_POINT ( 'NONE',  ( -0.03056867961456197200, 0.09500000000000001500, 0.003015563170028124600 ) ) ;
#715 = AXIS2_PLACEMENT_3D ( 'NONE', #2525, #4405, #5670 ) ;
#716 = LINE ( 'NONE', #4410, #7209 ) ;
#717 = DIRECTION ( 'NONE',  ( 0.0000000000000000000, 0.0000000000000000000, 1.000000000000000000 ) ) ;
#718 = ORIENTED_EDGE ( 'NONE', *, *, #7338, .F. ) ;
#719 = ORIENTED_EDGE ( 'NONE', *, *, #1002, .T. ) ;
#720 = CARTESIAN_POINT ( 'NONE',  ( 0.002646720075756709900, 0.09750000000000000300, 0.02711280193414599600 ) ) ;
#721 = DIRECTION ( 'NONE',  ( 0.0000000000000000000, 0.0000000000000000000, 1.000000000000000000 ) ) ;
#722 = CARTESIAN_POINT ( 'NONE',  ( -0.02594986076422656600, 0.09750000000000001700, -0.02732558829816918900 ) ) ;
#723 = LINE ( 'NONE', #7965, #531 ) ;
#724 = CARTESIAN_POINT ( 'NONE',  ( -0.008960248161764612600, 0.09499999999999998700, -0.05183823529411765700 ) ) ;
#725 = CARTESIAN_POINT ( 'NONE',  ( 0.01524492667777139000, 0.09499999999999998700, -0.005594823553740610300 ) ) ;
#726 = AXIS2_PLACEMENT_3D ( 'NONE', #5911, #2160, #6549 ) ;
#727 = DIRECTION ( 'NONE',  ( -0.5000000000000083300, 0.0000000000000000000, 0.8660254037844338200 ) ) ;
#728 = CIRCLE ( 'NONE', #6068, 0.005000000000000007900 ) ;
#729 = CARTESIAN_POINT ( 'NONE',  ( -0.01499999999999997500, 0.09499999999999998700, -0.09825317547305485700 ) ) ;
#730 = CIRCLE ( 'NONE', #5019, 0.004999999999999997500 ) ;
#731 = CARTESIAN_POINT ( 'NONE',  ( 0.01199079830203067300, 0.09500000000000005700, 0.005779380319523964300 ) ) ;
#732 = CARTESIAN_POINT ( 'NONE',  ( 0.0000000000000000000, 1.529220548491857700, 0.0000000000000000000 ) ) ;
#733 = EDGE_CURVE ( 'NONE', #5476, #4527, #5158, .T. ) ;
#734 = CARTESIAN_POINT ( 'NONE',  ( 0.003879262307466492000, 0.09884306391776846700, 0.07721122392694530800 ) ) ;
#735 = CARTESIAN_POINT ( 'NONE',  ( 0.01120277416202268400, 0.09750000000000001700, 0.07643554121842451000 ) ) ;
#736 = VECTOR ( 'NONE', #4149, 39.37007874015748900 ) ;
#737 = TOROIDAL_SURFACE ( 'NONE', #8038, 1.843750000000000400, 0.01562500000000000000 ) ;
#738 = EDGE_CURVE ( 'NONE', #3420, #903, #3892, .T. ) ;
#739 = DIRECTION ( 'NONE',  ( 0.0000000000000000000, 1.000000000000000000, 0.0000000000000000000 ) ) ;
#740 = DIRECTION ( 'NONE',  ( -0.0000000000000000000, 1.000000000000000000, -0.0000000000000000000 ) ) ;
#741 = CARTESIAN_POINT ( 'NONE',  ( -0.01524048833587610500, 0.09500000000000001500, -0.03780074729070909800 ) ) ;
#742 = ADVANCED_FACE ( 'NONE', ( #1833 ), #6635, .F. ) ;
#743 = ORIENTED_EDGE ( 'NONE', *, *, #2268, .T. ) ;
#744 = CARTESIAN_POINT ( 'NONE',  ( 0.02591859141750287000, 0.09500000000000002900, 0.01679040498847365900 ) ) ;
#745 = DIRECTION ( 'NONE',  ( -0.0000000000000000000, 1.000000000000000000, -0.0000000000000000000 ) ) ;
#746 = DIRECTION ( 'NONE',  ( -1.707404996040164600E-015, 0.0000000000000000000, -1.000000000000000000 ) ) ;
#747 = AXIS2_PLACEMENT_3D ( 'NONE', #4014, #7805, #4045 ) ;
#748 = B_SPLINE_CURVE_WITH_KNOTS ( 'NONE', 3,
 ( #7425, #3034, #532, #4902, #1159, #5546, #1791, #6183, #2420, #6818, #3061, #7449, #3688, #8075 ),
 .UNSPECIFIED., .F., .F.,
 ( 4, 2, 2, 2, 2, 2, 4 ),
 ( 0.0000000000000000000, 0.0005229898058657661200, 0.001045979611731531800, 0.001307474514664414700, 0.001568969417597297200, 0.001830464320530180100, 0.002091959223463062300 ),
 .UNSPECIFIED. ) ;
#749 = ORIENTED_EDGE ( 'NONE', *, *, #2276, .T. ) ;
#750 = CARTESIAN_POINT ( 'NONE',  ( -0.02287212705457327900, 0.09749999999999996200, -0.04997953224127826800 ) ) ;
#751 = EDGE_CURVE ( 'NONE', #5609, #3672, #627, .T. ) ;
#752 = CARTESIAN_POINT ( 'NONE',  ( -0.005005570686458666800, 0.09499999999999998700, 0.01431396502360536600 ) ) ;
#753 = CARTESIAN_POINT ( 'NONE',  ( -0.09241025403784511300, 0.09499999999999998700, 0.07644709581221534300 ) ) ;
#754 = LINE ( 'NONE', #2770, #5563 ) ;
#755 = DIRECTION ( 'NONE',  ( 1.776356839400250900E-015, 0.0000000000000000000, -1.000000000000000000 ) ) ;
#756 = ORIENTED_EDGE ( 'NONE', *, *, #4979, .F. ) ;
#757 = ORIENTED_EDGE ( 'NONE', *, *, #3024, .T. ) ;
#758 = CARTESIAN_POINT ( 'NONE',  ( 0.02899999769724551100, 0.09499999999999998700, -0.1296428581747729500 ) ) ;
#759 = CARTESIAN_POINT ( 'NONE',  ( 2.173748068486551900E-016, 0.0000000000000000000, -1.775000000000000100 ) ) ;
#760 = CARTESIAN_POINT ( 'NONE',  ( 0.001970181275707542400, 0.09750000000000001700, 0.01338547956099083600 ) ) ;
#761 = ORIENTED_EDGE ( 'NONE', *, *, #1752, .T. ) ;
#762 = AXIS2_PLACEMENT_3D ( 'NONE', #4950, #1200, #5585 ) ;
#763 = LINE ( 'NONE', #3990, #7253 ) ;
#764 = AXIS2_PLACEMENT_3D ( 'NONE', #3668, #5477, #1167 ) ;
#765 = CARTESIAN_POINT ( 'NONE',  ( 0.02689708627179778600, 0.09499999999999997300, 0.07188805762962752200 ) ) ;
#766 = ORIENTED_EDGE ( 'NONE', *, *, #5950, .T. ) ;
#767 = DIRECTION ( 'NONE',  ( 1.000000000000000000, 0.0000000000000000000, 0.0000000000000000000 ) ) ;
#768 = VERTEX_POINT ( 'NONE', #6917 ) ;
#769 = DIRECTION ( 'NONE',  ( 1.224646799147345100E-016, 0.0000000000000000000, -1.000000000000000000 ) ) ;
#770 = CARTESIAN_POINT ( 'NONE',  ( 0.03332362811563176900, 0.09749999999999996200, -0.001781722112014721000 ) ) ;
#771 = ORIENTED_EDGE ( 'NONE', *, *, #523, .T. ) ;
#772 = CARTESIAN_POINT ( 'NONE',  ( 2.277077642164610600E-016, 0.0000000000000000000, -1.859375000000000700 ) ) ;
#773 = VERTEX_POINT ( 'NONE', #4460 ) ;
#774 = DIRECTION ( 'NONE',  ( -1.224646799147355900E-016, 0.0000000000000000000, -1.000000000000000000 ) ) ;
#775 = AXIS2_PLACEMENT_3D ( 'NONE', #6618, #2872, #7262 ) ;
#776 = CARTESIAN_POINT ( 'NONE',  ( -0.03930905096460433200, 0.09499999999999998700, -0.03811397629755151900 ) ) ;
#777 = CARTESIAN_POINT ( 'NONE',  ( 0.01277375109865000300, 0.09750000000000001700, 0.06316979846321768600 ) ) ;
#778 = CARTESIAN_POINT ( 'NONE',  ( -0.01849544380025683300, 0.09750000000000001700, 0.02462512583131449400 ) ) ;
#779 = ORIENTED_EDGE ( 'NONE', *, *, #6837, .T. ) ;
#780 = EDGE_CURVE ( 'NONE', #873, #5183, #7330, .T. ) ;
#781 = CARTESIAN_POINT ( 'NONE',  ( 0.0000000000000000000, 0.03667650555209153000, 0.0000000000000000000 ) ) ;
#782 = ADVANCED_FACE ( 'NONE', ( #3303 ), #4960, .F. ) ;
#783 =( BOUNDED_CURVE ( )  B_SPLINE_CURVE ( 3, ( #1174, #4922, #6196, #2437 ),
 .UNSPECIFIED., .F., .F. ) 
 B_SPLINE_CURVE_WITH_KNOTS ( ( 4, 4 ),
 ( 1.570796326794896800, 3.141592653589793100 ),
 .UNSPECIFIED. ) 
 CURVE ( )  GEOMETRIC_REPRESENTATION_ITEM ( )  RATIONAL_B_SPLINE_CURVE ( ( 1.000000000000000000, 0.8047378541243650500, 0.8047378541243650500, 1.000000000000000000 ) ) 
 REPRESENTATION_ITEM ( '' )  );
#784 = TOROIDAL_SURFACE ( 'NONE', #8089, 0.6208858594503941000, 0.03125000000000000000 ) ;
#785 = CARTESIAN_POINT ( 'NONE',  ( 2.009152033421146600E-016, 3.596374438134798600, -1.640597137737996400 ) ) ;
#786 = EDGE_CURVE ( 'NONE', #7638, #7671, #5850, .T. ) ;
#787 = AXIS2_PLACEMENT_3D ( 'NONE', #2404, #6798, #3042 ) ;
#788 = CARTESIAN_POINT ( 'NONE',  ( 0.01453115559639840200, 0.09750000000000001700, -0.01934404240393991900 ) ) ;
#789 = ORIENTED_EDGE ( 'NONE', *, *, #2910, .F. ) ;
#790 = CARTESIAN_POINT ( 'NONE',  ( -1.263479697069721800E-015, 0.08999999999999999700, 0.1365063509461096900 ) ) ;
#791 = CARTESIAN_POINT ( 'NONE',  ( 0.02822561069636300700, 0.09750000000000000300, 0.06726613502736764100 ) ) ;
#792 = FACE_OUTER_BOUND ( 'NONE', #4145, .T. ) ;
#793 = ORIENTED_EDGE ( 'NONE', *, *, #1308, .F. ) ;
#794 = CARTESIAN_POINT ( 'NONE',  ( -0.03025598016220720800, 0.09750000000000001700, -0.005649749105166490900 ) ) ;
#795 = EDGE_CURVE ( 'NONE', #5875, #7794, #1628, .T. ) ;
#796 = ORIENTED_EDGE ( 'NONE', *, *, #7937, .F. ) ;
#797 = CARTESIAN_POINT ( 'NONE',  ( -0.004930241057361191500, 0.09500000000000001500, 0.06314145539158853800 ) ) ;
#798 = DIRECTION ( 'NONE',  ( -1.000000000000000000, -0.0000000000000000000, -3.414809992080330700E-015 ) ) ;
#799 = EDGE_CURVE ( 'NONE', #3956, #6099, #4763, .T. ) ;
#800 = DIRECTION ( 'NONE',  ( -0.0000000000000000000, 1.000000000000000000, -0.0000000000000000000 ) ) ;
#801 = LINE ( 'NONE', #599, #5999 ) ;
#802 = DIRECTION ( 'NONE',  ( 0.0000000000000000000, 0.0000000000000000000, -1.000000000000000000 ) ) ;
#803 = ORIENTED_EDGE ( 'NONE', *, *, #1060, .F. ) ;
#804 = ORIENTED_EDGE ( 'NONE', *, *, #3944, .T. ) ;
#805 = CARTESIAN_POINT ( 'NONE',  ( -0.02700776482922262800, 0.09749999999999998900, 0.02113942037942371000 ) ) ;
#806 = CARTESIAN_POINT ( 'NONE',  ( -0.04729207208899215800, 0.09749999999999998900, -0.01656222521476435900 ) ) ;
#807 = CYLINDRICAL_SURFACE ( 'NONE', #6386, 1.759375000000000100 ) ;
#808 = AXIS2_PLACEMENT_3D ( 'NONE', #4272, #6777, #518 ) ;
#809 = CARTESIAN_POINT ( 'NONE',  ( -0.009439637521434141400, 0.09749999999999998900, -0.05184984695400760000 ) ) ;
#810 = VECTOR ( 'NONE', #1022, 39.37007874015748100 ) ;
#811 = CARTESIAN_POINT ( 'NONE',  ( 2.148448323436983800E-016, 4.094653923129069300, -1.754341190401034200 ) ) ;
#812 = CARTESIAN_POINT ( 'NONE',  ( 0.03051339050787629800, 0.09999999999999999200, 0.06115598097859541900 ) ) ;
#813 = ORIENTED_EDGE ( 'NONE', *, *, #631, .T. ) ;
#814 = ORIENTED_EDGE ( 'NONE', *, *, #6090, .F. ) ;
#815 = CARTESIAN_POINT ( 'NONE',  ( 0.1398686027918561400, 0.09499999999999998700, -0.05575317547305420200 ) ) ;
#816 = ORIENTED_EDGE ( 'NONE', *, *, #1806, .F. ) ;
#817 = DIRECTION ( 'NONE',  ( -0.8660254037844339300, 0.0000000000000000000, -0.5000000000000079900 ) ) ;
#818 = CARTESIAN_POINT ( 'NONE',  ( -0.01264990670424329800, 0.1000000000000009800, 0.02614292042072474000 ) ) ;
#819 = CARTESIAN_POINT ( 'NONE',  ( 0.1004006362459875900, 0.09499999999999998700, 0.09260734785581707700 ) ) ;
#820 = LINE ( 'NONE', #2593, #6416 ) ;
#821 = AXIS2_PLACEMENT_3D ( 'NONE', #5728, #3845, #6366 ) ;
#822 = CARTESIAN_POINT ( 'NONE',  ( -0.02323395257227612100, 0.09499999999999998700, -0.03170501751779101300 ) ) ;
#823 = VERTEX_POINT ( 'NONE', #7684 ) ;
#824 = DIRECTION ( 'NONE',  ( 0.0000000000000000000, -1.000000000000000000, 0.0000000000000000000 ) ) ;
#825 = CARTESIAN_POINT ( 'NONE',  ( -0.02265338015933160800, 0.09750000000000000300, 0.05049752222449155300 ) ) ;
#826 = AXIS2_PLACEMENT_3D ( 'NONE', #3445, #1554, #312 ) ;
#827 = CIRCLE ( 'NONE', #6767, 1.349738263374854500 ) ;
#828 = EDGE_CURVE ( 'NONE', #2477, #8021, #1431, .T. ) ;
#829 = COORDINATED_UNIVERSAL_TIME_OFFSET ( 8, 0, .BEHIND. ) ;
#830 = ADVANCED_FACE ( 'NONE', ( #3108 ), #2919, .T. ) ;
#831 = CARTESIAN_POINT ( 'NONE',  ( -0.1615192378864668500, 0.09499999999999998700, -0.04325317547305482900 ) ) ;
#832 = DIRECTION ( 'NONE',  ( -1.000000000000000000, 0.0000000000000000000, 3.308348408967440500E-016 ) ) ;
#833 = CARTESIAN_POINT ( 'NONE',  ( -0.008071429464267743800, 0.09749999999999998900, 0.01427430177424249400 ) ) ;
#834 = FACE_OUTER_BOUND ( 'NONE', #2054, .T. ) ;
#835 = DIRECTION ( 'NONE',  ( -0.0000000000000000000, 1.000000000000000000, -0.0000000000000000000 ) ) ;
#836 = VECTOR ( 'NONE', #6226, 39.37007874015748100 ) ;
#837 = ORIENTED_EDGE ( 'NONE', *, *, #3534, .T. ) ;
#838 = CARTESIAN_POINT ( 'NONE',  ( -0.03039716398567533400, 0.09999999999999999200, -0.004186010096050135300 ) ) ;
#839 = CARTESIAN_POINT ( 'NONE',  ( 0.002666224188648262000, 0.09999999999999999200, -0.05331614402900638300 ) ) ;
#840 = CARTESIAN_POINT ( 'NONE',  ( 0.1182179676972452500, 0.09499999999999998700, -0.06825317547305430300 ) ) ;
#841 = ORIENTED_EDGE ( 'NONE', *, *, #5818, .F. ) ;
#842 = CARTESIAN_POINT ( 'NONE',  ( 0.02625965436736419100, 0.09999999999999999200, 0.05963147420236938200 ) ) ;
#843 = ORIENTED_EDGE ( 'NONE', *, *, #6373, .F. ) ;
#844 = CARTESIAN_POINT ( 'NONE',  ( -0.02667669816413320600, 0.09999999999999999200, -0.05136693174567497800 ) ) ;
#845 = EDGE_LOOP ( 'NONE', ( #1944, #1877, #6305, #7913 ) ) ;
#846 = TOROIDAL_SURFACE ( 'NONE', #886, 1.362242299768568600, 0.03125000000000000000 ) ;
#847 = EDGE_CURVE ( 'NONE', #3841, #28, #6254, .T. ) ;
#848 = CARTESIAN_POINT ( 'NONE',  ( -0.001830205976597229600, 0.09749999999999998900, 0.02720926255855487700 ) ) ;
#849 = CARTESIAN_POINT ( 'NONE',  ( 0.09881422500056548400, 0.09197492569165645300, 0.09099402505314550800 ) ) ;
#850 = CARTESIAN_POINT ( 'NONE',  ( 2.091164186719282200E-016, 4.097698100391279600, -1.707565143007136600 ) ) ;
#851 = ADVANCED_FACE ( 'NONE', ( #7915 ), #4393, .T. ) ;
#852 = EDGE_CURVE ( 'NONE', #7933, #597, #7720, .T. ) ;
#853 = CARTESIAN_POINT ( 'NONE',  ( 0.0000000000000000000, 0.0000000000000000000, 1.825000000000000000 ) ) ;
#854 = CIRCLE ( 'NONE', #5825, 1.479184804273083700 ) ;
#855 = CARTESIAN_POINT ( 'NONE',  ( -0.03049576428471325500, 0.09499999999999998700, 0.02498365070115128600 ) ) ;
#856 = DIRECTION ( 'NONE',  ( 4.268512490100412900E-016, -0.0000000000000000000, 1.000000000000000000 ) ) ;
#857 = DIRECTION ( 'NONE',  ( 1.000000000000000000, 0.0000000000000000000, -1.224646799147353200E-016 ) ) ;
#858 = CARTESIAN_POINT ( 'NONE',  ( 0.1117403810567663600, 0.09999999999999999200, 0.05296633369868356000 ) ) ;
#859 = CYLINDRICAL_SURFACE ( 'NONE', #1525, 0.005000000000000000100 ) ;
#860 = CARTESIAN_POINT ( 'NONE',  ( -0.005973115808823432900, 0.09777972919296558400, 0.01433823529411764500 ) ) ;
#861 = VERTEX_POINT ( 'NONE', #908 ) ;
#862 = EDGE_LOOP ( 'NONE', ( #6186, #7816, #5071, #4440 ) ) ;
#863 = ORIENTED_EDGE ( 'NONE', *, *, #5328, .T. ) ;
#864 = CARTESIAN_POINT ( 'NONE',  ( 0.02791988914125057400, 0.09499999999999995900, 0.01423027567717137300 ) ) ;
#865 = CARTESIAN_POINT ( 'NONE',  ( -0.005973115808823432900, 0.09750000000000000300, 0.01433823529411764500 ) ) ;
#866 = CARTESIAN_POINT ( 'NONE',  ( -0.02459079318623298700, 0.09750000000000091900, -0.03084471852185253000 ) ) ;
#867 = CARTESIAN_POINT ( 'NONE',  ( 0.02911707316904537200, 0.09750000000000261200, -0.03128507110819974500 ) ) ;
#868 = CARTESIAN_POINT ( 'NONE',  ( 0.0000000000000000000, 0.001064817928466515300, 0.0000000000000000000 ) ) ;
#869 = ADVANCED_FACE ( 'NONE', ( #1243 ), #6042, .T. ) ;
#870 = DIRECTION ( 'NONE',  ( -0.0000000000000000000, 1.000000000000000000, -0.0000000000000000000 ) ) ;
#871 = ORIENTED_EDGE ( 'NONE', *, *, #1996, .T. ) ;
#872 = AXIS2_PLACEMENT_3D ( 'NONE', #4966, #1221, #5600 ) ;
#873 = VERTEX_POINT ( 'NONE', #3434 ) ;
#874 = CARTESIAN_POINT ( 'NONE',  ( 0.02165063509460960600, 0.09499999999999998700, 0.1490063509461098900 ) ) ;
#875 = CARTESIAN_POINT ( 'NONE',  ( -0.08760861684894814800, 0.09290571765945859800, 0.01616371957795381300 ) ) ;
#876 = AXIS2_PLACEMENT_3D ( 'NONE', #1673, #6059, #2307 ) ;
#877 = CARTESIAN_POINT ( 'NONE',  ( 0.09320814389193669800, 0.09053886747000788900, 0.08457536850592140000 ) ) ;
#878 = CARTESIAN_POINT ( 'NONE',  ( 0.01317591890103230600, 0.09999999999999914500, 0.06309850361616145500 ) ) ;
#879 = CARTESIAN_POINT ( 'NONE',  ( 0.0000000000000000000, 4.097698100391279600, 0.0000000000000000000 ) ) ;
#880 = EDGE_LOOP ( 'NONE', ( #6970, #286, #4345, #4714 ) ) ;
#882 = EDGE_LOOP ( 'NONE', ( #4898, #6121, #3249, #4842 ) ) ;
#881 = ORIENTED_EDGE ( 'NONE', *, *, #2170, .T. ) ;
#883 = CARTESIAN_POINT ( 'NONE',  ( 0.0000000000000000000, 4.345012756430420200, 1.806250000000000400 ) ) ;
#884 = CARTESIAN_POINT ( 'NONE',  ( -0.04897058823529402300, 0.09499999999999998700, 0.007904411764705876800 ) ) ;
#885 = CARTESIAN_POINT ( 'NONE',  ( 0.1101231019969383100, 0.09999999999999999200, 0.05051685369988287400 ) ) ;
#886 = AXIS2_PLACEMENT_3D ( 'NONE', #3530, #6022, #7925 ) ;
#887 = DIRECTION ( 'NONE',  ( 0.0000000000000000000, 0.9978890110698353000, 0.06494244826048918600 ) ) ;
#888 = CARTESIAN_POINT ( 'NONE',  ( 0.0000000000000000000, 0.01562500000000000000, 0.0000000000000000000 ) ) ;
#889 = ADVANCED_FACE ( 'NONE', ( #4568 ), #2715, .T. ) ;
#890 = CARTESIAN_POINT ( 'NONE',  ( -0.02531229835205328600, 0.09500000000000002900, 0.009268627409267343700 ) ) ;
#891 = ORIENTED_EDGE ( 'NONE', *, *, #3280, .T. ) ;
#892 =( BOUNDED_SURFACE ( )  B_SPLINE_SURFACE ( 3, 2, ( 
 ( #5232, #2721, #1476 ),
 ( #5862, #2111, #6495 ),
 ( #2748, #7142, #3379 ),
 ( #7764, #4005, #243 ),
 ( #4628, #878, #5267 ),
 ( #1506, #5890, #2141 ),
 ( #6522, #2778, #7169 ),
 ( #3407, #7791, #4029 ),
 ( #275, #4653, #909 ),
 ( #5297, #1538, #5915 ),
 ( #2163, #6555, #2806 ),
 ( #7197, #3435, #7820 ) ),
 .UNSPECIFIED., .F., .F., .F. ) 
 B_SPLINE_SURFACE_WITH_KNOTS ( ( 4, 2, 2, 2, 2, 4 ),
 ( 3, 3 ),
 ( 0.002310335957475733800, 0.002456457041537837800, 0.002602578125599942300, 0.002748699209662046700, 0.002821759751693098500, 0.002894820293724150700 ),
 ( 0.0000000000000000000, 1.000000000000000000 ),
 .UNSPECIFIED. ) 
 GEOMETRIC_REPRESENTATION_ITEM ( )  RATIONAL_B_SPLINE_SURFACE ( (
 ( 1.000000000000000000, 0.7071067811865475700, 1.000000000000000000),
 ( 1.000000000000000000, 0.7071067811865475700, 1.000000000000000000),
 ( 1.000000000000000000, 0.7071067811865499000, 1.000000000000000000),
 ( 1.000000000000000000, 0.7071067811865499000, 1.000000000000000000),
 ( 1.000000000000000000, 0.7071067811865475700, 1.000000000000000000),
 ( 1.000000000000000000, 0.7071067811865475700, 1.000000000000000000),
 ( 1.000000000000000000, 0.7071067811865475700, 1.000000000000000000),
 ( 1.000000000000000000, 0.7071067811865475700, 1.000000000000000000),
 ( 1.000000000000000000, 0.7071067811865475700, 1.000000000000000000),
 ( 1.000000000000000000, 0.7071067811865475700, 1.000000000000000000),
 ( 1.000000000000000000, 0.7071067811865475700, 1.000000000000000000),
 ( 1.000000000000000000, 0.7071067811865475700, 1.000000000000000000) ) ) 
 REPRESENTATION_ITEM ( '' )  SURFACE ( )  );
#893 = VECTOR ( 'NONE', #5348, 39.37007874015748100 ) ;
#894 = CARTESIAN_POINT ( 'NONE',  ( -0.01133532402250723000, 0.09999999999999996400, -0.03629309012592648500 ) ) ;
#895 = ORIENTED_EDGE ( 'NONE', *, *, #6563, .T. ) ;
#896 = EDGE_CURVE ( 'NONE', #7550, #3027, #4373, .T. ) ;
#897 = CARTESIAN_POINT ( 'NONE',  ( 0.03370883414023506700, 0.09999999999999999200, -0.01186010573509485800 ) ) ;
#898 = CARTESIAN_POINT ( 'NONE',  ( 0.02641808873635465400, 0.09749999999999998900, 0.05970770486062319800 ) ) ;
#899 = CARTESIAN_POINT ( 'NONE',  ( 0.01499470741041659100, 0.09884286055006351300, -0.01093597590853785700 ) ) ;
#900 = CARTESIAN_POINT ( 'NONE',  ( 0.03625031421966173200, 0.09999999999999999200, -0.009242559267797868100 ) ) ;
#901 = CIRCLE ( 'NONE', #2247, 0.03437499999999982200 ) ;
#902 = EDGE_CURVE ( 'NONE', #3130, #6447, #1049, .T. ) ;
#903 = VERTEX_POINT ( 'NONE', #6576 ) ;
#904 = CARTESIAN_POINT ( 'NONE',  ( -0.09223062717976003600, 0.09192726540609678900, 0.01976498910987302400 ) ) ;
#905 = ORIENTED_EDGE ( 'NONE', *, *, #6316, .T. ) ;
#906 = ORIENTED_EDGE ( 'NONE', *, *, #2683, .F. ) ;
#907 =( BOUNDED_SURFACE ( )  B_SPLINE_SURFACE ( 3, 2, ( 
 ( #4535, #5141, #5787 ),
 ( #2041, #6432, #2677 ),
 ( #7081, #3312, #7704 ),
 ( #3941, #181, #4564 ),
 ( #812, #5194, #1441 ),
 ( #5821, #2071, #6459 ),
 ( #2711, #7110, #3340 ),
 ( #7728, #3971, #206 ),
 ( #4592, #842, #5224 ),
 ( #1472, #5853, #2101 ) ),
 .UNSPECIFIED., .F., .F., .F. ) 
 B_SPLINE_SURFACE_WITH_KNOTS ( ( 4, 2, 2, 2, 4 ),
 ( 3, 3 ),
 ( -1.826228489160686900E-006, 7.517973947044827300E-005, 0.0001521857074300572400, 0.0002291916753896661900, 0.0003061976433492751400 ),
 ( 0.0000000000000000000, 1.000000000000000000 ),
 .UNSPECIFIED. ) 
 GEOMETRIC_REPRESENTATION_ITEM ( )  RATIONAL_B_SPLINE_SURFACE ( (
 ( 1.000000000000000000, 0.7071067811865475700, 1.000000000000000000),
 ( 1.000000000000000000, 0.7071067811865475700, 1.000000000000000000),
 ( 1.000000000000000000, 0.7071067811865475700, 1.000000000000000000),
 ( 1.000000000000000000, 0.7071067811865475700, 1.000000000000000000),
 ( 1.000000000000000000, 0.7071067811865480200, 1.000000000000000000),
 ( 1.000000000000000000, 0.7071067811865480200, 1.000000000000000000),
 ( 1.000000000000000000, 0.7071067811865482400, 1.000000000000000000),
 ( 1.000000000000000000, 0.7071067811865482400, 1.000000000000000000),
 ( 1.000000000000000000, 0.7071067811865487900, 1.000000000000000000),
 ( 1.000000000000000000, 0.7071067811865487900, 1.000000000000000000) ) ) 
 REPRESENTATION_ITEM ( '' )  SURFACE ( )  );
#908 = CARTESIAN_POINT ( 'NONE',  ( 2.327485531419034600E-016, 4.670450487116513100, 1.900536165235168900 ) ) ;
#909 = CARTESIAN_POINT ( 'NONE',  ( 0.02186319752496757400, 0.09999999999999999200, 0.05785949459659135000 ) ) ;
#910 = CARTESIAN_POINT ( 'NONE',  ( -0.1174102528864668400, 0.09500000000000001500, 0.03314582761723866600 ) ) ;
#911 = VECTOR ( 'NONE', #7018, 39.37007874015748100 ) ;
#912 = CARTESIAN_POINT ( 'NONE',  ( -0.02482587012005663500, 0.1000000000000000500, 0.006921972119022353800 ) ) ;
#913 = AXIS2_PLACEMENT_3D ( 'NONE', #1819, #6208, #2447 ) ;
#914 = CARTESIAN_POINT ( 'NONE',  ( 0.0000000000000000000, 3.624999999999999600, 0.0000000000000000000 ) ) ;
#915 = ADVANCED_FACE ( 'NONE', ( #2519 ), #2316, .F. ) ;
#916 = EDGE_CURVE ( 'NONE', #3810, #4442, #3986, .T. ) ;
#917 = LINE ( 'NONE', #1304, #4052 ) ;
#918 = VERTEX_POINT ( 'NONE', #1583 ) ;
#919 = CARTESIAN_POINT ( 'NONE',  ( 0.1098499215395418400, 0.09504702702197452600, 0.04591104273075051500 ) ) ;
#920 = CARTESIAN_POINT ( 'NONE',  ( -0.005970594194266915100, 0.09947107499817045600, 0.01340091749211825100 ) ) ;
#921 = LINE ( 'NONE', #5832, #4737 ) ;
#922 = ORIENTED_EDGE ( 'NONE', *, *, #7998, .F. ) ;
#923 = VERTEX_POINT ( 'NONE', #4703 ) ;
#924 = VERTEX_POINT ( 'NONE', #326 ) ;
#925 = AXIS2_PLACEMENT_3D ( 'NONE', #5524, #1765, #6163 ) ;
#926 = CARTESIAN_POINT ( 'NONE',  ( -0.008948098376569669400, 0.09999999999999999200, -0.05433867426506740900 ) ) ;
#927 = FACE_OUTER_BOUND ( 'NONE', #3650, .T. ) ;
#928 = CARTESIAN_POINT ( 'NONE',  ( 0.02824277629978324400, 0.09749999999999998900, 0.06537046207228666700 ) ) ;
#929 = DIRECTION ( 'NONE',  ( 1.000000000000000000, 0.0000000000000000000, -1.224646799147353200E-016 ) ) ;
#930 = AXIS2_PLACEMENT_3D ( 'NONE', #238, #5907, #3427 ) ;
#931 = CARTESIAN_POINT ( 'NONE',  ( 0.0000000000000000000, 4.470012756430420200, 1.809375000000000200 ) ) ;
#932 = DIRECTION ( 'NONE',  ( 0.0000000000000000000, -1.000000000000000000, 0.0000000000000000000 ) ) ;
#933 = CARTESIAN_POINT ( 'NONE',  ( -0.07575961894323396400, 0.09999999999999999200, 0.05528684177437109800 ) ) ;
#934 = CARTESIAN_POINT ( 'NONE',  ( -0.05139245294981467000, 0.1000000000000000500, 0.01219930809988651500 ) ) ;
#935 = DIRECTION ( 'NONE',  ( 0.0000000000000000000, 0.0000000000000000000, -1.000000000000000000 ) ) ;
#936 = CIRCLE ( 'NONE', #3973, 0.01562499999999991800 ) ;
#937 = ADVANCED_FACE ( 'NONE', ( #7336 ), #5465, .T. ) ;
#938 = CIRCLE ( 'NONE', #3766, 0.004999999999999997500 ) ;
#939 = CC_DESIGN_APPROVAL ( #510, ( #7409 ) ) ;
#940 = CARTESIAN_POINT ( 'NONE',  ( -0.007788978181679419100, 0.09749999999999998900, 0.01428290778252074400 ) ) ;
#941 = AXIS2_PLACEMENT_3D ( 'NONE', #1852, #1223, #5602 ) ;
#942 = DIRECTION ( 'NONE',  ( -0.8660254037844366000, -0.0000000000000000000, -0.5000000000000036600 ) ) ;
#943 = CIRCLE ( 'NONE', #6969, 1.694361752827711300 ) ;
#944 = FACE_OUTER_BOUND ( 'NONE', #4814, .T. ) ;
#945 = DIRECTION ( 'NONE',  ( 0.0000000000000000000, -1.000000000000000000, 0.0000000000000000000 ) ) ;
#946 = EDGE_CURVE ( 'NONE', #861, #274, #7139, .T. ) ;
#947 = DIRECTION ( 'NONE',  ( -0.0000000000000000000, 1.000000000000000000, -0.0000000000000000000 ) ) ;
#948 = DIRECTION ( 'NONE',  ( 0.5000000000000036600, 0.0000000000000000000, -0.8660254037844364900 ) ) ;
#949 = CARTESIAN_POINT ( 'NONE',  ( 0.07691987413245468500, 0.08999999999999999700, 0.07327722083689468300 ) ) ;
#950 = ORIENTED_EDGE ( 'NONE', *, *, #6686, .T. ) ;
#951 = CARTESIAN_POINT ( 'NONE',  ( 0.06672493118633193700, 0.08999999999999998300, 0.06951678444026460100 ) ) ;
#952 = AXIS2_PLACEMENT_3D ( 'NONE', #815, #5195, #1443 ) ;
#953 = CARTESIAN_POINT ( 'NONE',  ( -0.008954540406881801200, 0.09961965395868960200, -0.05301289743968788700 ) ) ;
#954 = CARTESIAN_POINT ( 'NONE',  ( 0.03375000000000009900, 0.09750000000000000300, -0.009242876838235297700 ) ) ;
#955 = ORIENTED_EDGE ( 'NONE', *, *, #1579, .T. ) ;
#956 = CARTESIAN_POINT ( 'NONE',  ( 0.01514139594487065900, 0.09749999999999998900, -0.004549392549946881600 ) ) ;
#957 = ADVANCED_FACE ( 'NONE', ( #645 ), #7527, .T. ) ;
#958 = CARTESIAN_POINT ( 'NONE',  ( -0.1174102528864668800, 0.09792893218813451800, 0.03314582761723865200 ) ) ;
#959 = CARTESIAN_POINT ( 'NONE',  ( 0.0000000000000000000, 0.03125000000000000000, 0.0000000000000000000 ) ) ;
#960 = EDGE_CURVE ( 'NONE', #465, #4093, #2951, .T. ) ;
#961 = VECTOR ( 'NONE', #5823, 39.37007874015748100 ) ;
#962 = ORIENTED_EDGE ( 'NONE', *, *, #2638, .T. ) ;
#963 = EDGE_LOOP ( 'NONE', ( #813, #7498, #4689, #1610 ) ) ;
#964 = CARTESIAN_POINT ( 'NONE',  ( -0.02855324788402094000, 0.09999999999999997800, 0.06992511714779667300 ) ) ;
#965 = DIRECTION ( 'NONE',  ( -0.9998585349462688600, 0.0000000000000000000, -0.01681993148323138200 ) ) ;
#966 = EDGE_CURVE ( 'NONE', #3984, #4155, #5652, .T. ) ;
#967 = CARTESIAN_POINT ( 'NONE',  ( 0.0000000000000000000, 4.156250000000000000, -1.759374999999999900 ) ) ;
#968 = APPLICATION_CONTEXT ( 'configuration controlled 3d designs of mechanical parts and assemblies' ) ;
#969 = VERTEX_POINT ( 'NONE', #6656 ) ;
#970 = DIRECTION ( 'NONE',  ( 1.000000000000000000, -0.0000000000000000000, 0.0000000000000000000 ) ) ;
#971 = ORIENTED_EDGE ( 'NONE', *, *, #7585, .T. ) ;
#972 = CARTESIAN_POINT ( 'NONE',  ( 0.08558012817029901600, 0.08999999999999999700, 0.07827722083689475600 ) ) ;
#973 = CARTESIAN_POINT ( 'NONE',  ( 0.0000000000000000000, 4.390940689107604400, 1.796875000000000400 ) ) ;
#974 = CARTESIAN_POINT ( 'NONE',  ( 0.08504237147318191600, 0.08999999999999999700, 0.06920864275841220900 ) ) ;
#975 = ADVANCED_FACE ( 'NONE', ( #452 ), #846, .F. ) ;
#976 = DIRECTION ( 'NONE',  ( 0.8660254037844366000, 0.0000000000000000000, 0.5000000000000036600 ) ) ;
#977 = AXIS2_PLACEMENT_3D ( 'NONE', #5466, #1699, #6084 ) ;
#978 = CARTESIAN_POINT ( 'NONE',  ( 0.09508974596215551100, 0.09499999999999998700, 0.03180607966083910700 ) ) ;
#979 = ORIENTED_EDGE ( 'NONE', *, *, #1157, .T. ) ;
#980 = ORIENTED_EDGE ( 'NONE', *, *, #1176, .F. ) ;
#981 = CARTESIAN_POINT ( 'NONE',  ( 0.002844860503339582100, 0.09750000000000003100, 0.02709328063329881700 ) ) ;
#982 = CARTESIAN_POINT ( 'NONE',  ( 0.02087372948254907100, 0.09499999999999997300, 0.07466371069282951000 ) ) ;
#983 = AXIS2_PLACEMENT_3D ( 'NONE', #6703, #7342, #364 ) ;
#984 = DIRECTION ( 'NONE',  ( -1.000000000000000000, 0.0000000000000000000, 0.0000000000000000000 ) ) ;
#985 = ORIENTED_EDGE ( 'NONE', *, *, #6849, .T. ) ;
#986 = AXIS2_PLACEMENT_3D ( 'NONE', #7488, #6881, #7514 ) ;
#987 = DIRECTION ( 'NONE',  ( 0.0000000000000000000, -1.000000000000000000, -0.0000000000000000000 ) ) ;
#988 = CARTESIAN_POINT ( 'NONE',  ( -0.07758974596215623100, 0.09499999999999998700, 0.06211696879329327300 ) ) ;
#989 = FACE_OUTER_BOUND ( 'NONE', #2733, .T. ) ;
#990 = VERTEX_POINT ( 'NONE', #2911 ) ;
#991 = APPROVAL_STATUS ( 'not_yet_approved' ) ;
#992 = CIRCLE ( 'NONE', #7715, 0.001000000000000003100 ) ;
#993 = ORIENTED_EDGE ( 'NONE', *, *, #5769, .F. ) ;
#994 = ORIENTED_EDGE ( 'NONE', *, *, #5203, .F. ) ;
#995 = AXIS2_PLACEMENT_3D ( 'NONE', #8087, #4317, #568 ) ;
#996 = CARTESIAN_POINT ( 'NONE',  ( -0.02704375856103206200, 0.09999999999999996400, 0.03255862787925737500 ) ) ;
#997 = DIRECTION ( 'NONE',  ( 0.8660254037844369300, 0.0000000000000000000, 0.5000000000000030000 ) ) ;
#998 = DIRECTION ( 'NONE',  ( 0.0000000000000000000, -0.0000000000000000000, 1.000000000000000000 ) ) ;
#999 = CARTESIAN_POINT ( 'NONE',  ( 0.03620282664088793300, 0.1000000000000000100, -0.01226170824509068500 ) ) ;
#1000 = DIRECTION ( 'NONE',  ( 6.829619984160661400E-015, 0.0000000000000000000, -1.000000000000000000 ) ) ;
#1001 = CYLINDRICAL_SURFACE ( 'NONE', #5072, 0.004999999999999993200 ) ;
#1002 = EDGE_CURVE ( 'NONE', #465, #2569, #3789, .T. ) ;
#1003 = CARTESIAN_POINT ( 'NONE',  ( 0.01287577164086819800, 0.09999999999999999200, -0.01063774504089564500 ) ) ;
#1004 = VERTEX_POINT ( 'NONE', #402 ) ;
#1005 = ORIENTED_EDGE ( 'NONE', *, *, #2621, .F. ) ;
#1006 = DIRECTION ( 'NONE',  ( 0.0000000000000000000, 0.0000000000000000000, -1.000000000000000000 ) ) ;
#1007 =( BOUNDED_SURFACE ( )  B_SPLINE_SURFACE ( 3, 2, ( 
 ( #5660, #3798, #5682 ),
 ( #1928, #6326, #2565 ),
 ( #6961, #3194, #7590 ),
 ( #3823, #71, #4451 ),
 ( #691, #5079, #1322 ),
 ( #5709, #1956, #6346 ),
 ( #2592, #6988, #3224 ),
 ( #7615, #3853, #96 ) ),
 .UNSPECIFIED., .F., .F., .F. ) 
 B_SPLINE_SURFACE_WITH_KNOTS ( ( 4, 2, 2, 4 ),
 ( 3, 3 ),
 ( 1.570796326794896600, 2.356194490192344800, 2.748893571891069000, 3.141592653589793100 ),
 ( 0.0000000000000000000, 1.000000000000000000 ),
 .UNSPECIFIED. ) 
 GEOMETRIC_REPRESENTATION_ITEM ( )  RATIONAL_B_SPLINE_SURFACE ( (
 ( 1.000000000000000000, 1.000000000000000000, 1.000000000000000000),
 ( 1.000000000000000000, 1.002675839833314900, 1.000000000000000000),
 ( 1.000000000000000000, 0.9415999000515817800, 1.000000000000000000),
 ( 1.000000000000000000, 0.8282381556508683400, 1.000000000000000000),
 ( 1.000000000000000000, 0.7876781406152111300, 1.000000000000000000),
 ( 1.000000000000000000, 0.7265520990819975800, 1.000000000000000000),
 ( 1.000000000000000000, 0.7066754865711153400, 1.000000000000000000),
 ( 1.000000000000000000, 0.7071067811865494600, 1.000000000000000000) ) ) 
 REPRESENTATION_ITEM ( '' )  SURFACE ( )  );
#1008 = DIRECTION ( 'NONE',  ( 1.000000000000000000, 0.0000000000000000000, -1.224646799147353200E-016 ) ) ;
#1009 = ORIENTED_EDGE ( 'NONE', *, *, #2702, .T. ) ;
#1010 = CARTESIAN_POINT ( 'NONE',  ( -0.1182179676972449400, 0.08999999999999999700, -0.1132531754730548400 ) ) ;
#1011 = DIRECTION ( 'NONE',  ( 4.268512490100413400E-016, 0.0000000000000000000, 1.000000000000000000 ) ) ;
#1012 = LINE ( 'NONE', #6073, #7493 ) ;
#1013 = EDGE_CURVE ( 'NONE', #125, #3176, #5261, .T. ) ;
#1014 = CARTESIAN_POINT ( 'NONE',  ( 0.0000000000000000000, 4.390940689107604400, 0.0000000000000000000 ) ) ;
#1015 = CARTESIAN_POINT ( 'NONE',  ( 0.003340020023103432300, 0.09961958476224527800, 0.06279597576880241400 ) ) ;
#1016 = CARTESIAN_POINT ( 'NONE',  ( -0.01999999999999998300, 0.08999999999999999700, -0.1032531754730548600 ) ) ;
#1017 = LINE ( 'NONE', #5380, #7495 ) ;
#1018 = ADVANCED_FACE ( 'NONE', ( #1919 ), #256, .F. ) ;
#1019 = ORIENTED_EDGE ( 'NONE', *, *, #6718, .T. ) ;
#1020 = ORIENTED_EDGE ( 'NONE', *, *, #7986, .T. ) ;
#1021 = ORIENTED_EDGE ( 'NONE', *, *, #1483, .T. ) ;
#1022 = DIRECTION ( 'NONE',  ( -0.5000000000000078800, 0.0000000000000000000, 0.8660254037844340400 ) ) ;
#1023 = EDGE_CURVE ( 'NONE', #53, #6225, #6938, .T. ) ;
#1024 = DIRECTION ( 'NONE',  ( 0.0000000000000000000, 0.0000000000000000000, -1.000000000000000000 ) ) ;
#1025 = EDGE_LOOP ( 'NONE', ( #4124, #6544, #7582, #7459 ) ) ;
#1026 = CARTESIAN_POINT ( 'NONE',  ( -0.01927406855673397300, 0.09749999999999899000, 0.05519995319171699900 ) ) ;
#1027 = CARTESIAN_POINT ( 'NONE',  ( 0.0000000000000000000, 0.09999999999999999200, -0.6208858594503941000 ) ) ;
#1028 = CIRCLE ( 'NONE', #5496, 0.005000000000000006200 ) ;
#1029 = DIRECTION ( 'NONE',  ( 0.0000000000000000000, 0.0000000000000000000, 1.000000000000000000 ) ) ;
#1030 = LOCAL_TIME ( 10, 53, 52.00000000000000000, #2695 ) ;
#1031 = CARTESIAN_POINT ( 'NONE',  ( 0.03131039612959858600, 0.09999999999999999200, -0.03251143558758361900 ) ) ;
#1032 = CARTESIAN_POINT ( 'NONE',  ( -0.006178922683348248500, 0.09999999999999999200, 0.01434339783217664300 ) ) ;
#1033 = AXIS2_PLACEMENT_3D ( 'NONE', #7051, #1413, #3309 ) ;
#1034 = CARTESIAN_POINT ( 'NONE',  ( 0.01383377360631992700, 0.09749999999999996200, -0.02206648411812653400 ) ) ;
#1035 = DIRECTION ( 'NONE',  ( 0.9998585349462688600, -0.0000000000000000000, 0.01681993148323138200 ) ) ;
#1036 = AXIS2_PLACEMENT_3D ( 'NONE', #7695, #3934, #173 ) ;
#1037 = LINE ( 'NONE', #4320, #2507 ) ;
#1038 = CARTESIAN_POINT ( 'NONE',  ( 0.02721859801144726000, 0.09999999999999997800, 0.07493686929732895600 ) ) ;
#1039 = CIRCLE ( 'NONE', #7884, 0.9942311261470501100 ) ;
#1040 = DIRECTION ( 'NONE',  ( -0.0000000000000000000, 1.000000000000000000, -0.0000000000000000000 ) ) ;
#1041 = CARTESIAN_POINT ( 'NONE',  ( 0.02814250477153275700, 0.09499999999999998700, -0.08634899701590899300 ) ) ;
#1042 = CARTESIAN_POINT ( 'NONE',  ( -0.04892136292170298100, 0.09499999999999998700, 0.01059579890966981700 ) ) ;
#1043 = CARTESIAN_POINT ( 'NONE',  ( 0.02980611665031861200, 0.09290571765945855600, -0.08395314757058323900 ) ) ;
#1044 = EDGE_LOOP ( 'NONE', ( #5283, #3080, #3314, #2741 ) ) ;
#1045 = EDGE_LOOP ( 'NONE', ( #8113, #1019, #569, #1561 ) ) ;
#1046 = VERTEX_POINT ( 'NONE', #2938 ) ;
#1047 = B_SPLINE_CURVE_WITH_KNOTS ( 'NONE', 3,
 ( #7290, #999, #4146, #394, #4775, #1031, #5414, #1651, #6040, #2286, #6670, #2927, #7317, #3542 ),
 .UNSPECIFIED., .F., .F.,
 ( 4, 2, 2, 2, 2, 2, 4 ),
 ( 0.0000000000000000000, 0.0002300812975419066500, 0.0004601625950838133000, 0.0009203251901676263800, 0.001380487785251439500, 0.001610569082793345800, 0.001840650380335252300 ),
 .UNSPECIFIED. ) ;
#1048 = ORIENTED_EDGE ( 'NONE', *, *, #5872, .T. ) ;
#1049 = CIRCLE ( 'NONE', #3567, 0.005000000000000001000 ) ;
#1050 = CARTESIAN_POINT ( 'NONE',  ( 0.01281893357123442200, 0.09999999999999999200, -0.01246170323634553300 ) ) ;
#1051 = TOROIDAL_SURFACE ( 'NONE', #3735, 1.345570251243616700, 0.03125000000000000000 ) ;
#1052 = CARTESIAN_POINT ( 'NONE',  ( 0.0004839020087597784100, 0.09750000000000000300, -0.03768746931087808800 ) ) ;
#1053 = CARTESIAN_POINT ( 'NONE',  ( -0.001231119459638756200, 0.1000000000000000200, 0.06381632045437640700 ) ) ;
#1054 = EDGE_CURVE ( 'NONE', #4792, #5671, #6740, .T. ) ;
#1055 = CARTESIAN_POINT ( 'NONE',  ( 0.01641842510701493200, 0.09999999999999996400, 0.05973300576595820500 ) ) ;
#1056 = ADVANCED_FACE ( 'NONE', ( #3403 ), #1533, .T. ) ;
#1057 = EDGE_LOOP ( 'NONE', ( #4930, #200, #2615, #3651 ) ) ;
#1058 = CARTESIAN_POINT ( 'NONE',  ( 0.08491025518922110100, 0.09499999999999998700, 0.08943747487473915900 ) ) ;
#1059 = CARTESIAN_POINT ( 'NONE',  ( 0.0009486596383360785700, 0.1000000000000000200, 0.01109327340685974300 ) ) ;
#1060 = EDGE_CURVE ( 'NONE', #1587, #5578, #1480, .T. ) ;
#1061 = CARTESIAN_POINT ( 'NONE',  ( 0.008212442653331424000, 0.09999999999999999200, -0.03267816377908582000 ) ) ;
#1062 = DIRECTION ( 'NONE',  ( 7.953156139100068500E-018, 0.9978890110698353000, -0.06494244826048918600 ) ) ;
#1063 = VECTOR ( 'NONE', #7400, 39.37007874015748900 ) ;
#1064 = CARTESIAN_POINT ( 'NONE',  ( -0.01436893250615616100, 0.09751809353930886200, -0.1145153104607421300 ) ) ;
#1065 = ORIENTED_EDGE ( 'NONE', *, *, #4465, .F. ) ;
#1066 = DIRECTION ( 'NONE',  ( 0.0000000000000000000, 0.0000000000000000000, -1.000000000000000000 ) ) ;
#1067 = ORIENTED_EDGE ( 'NONE', *, *, #5307, .T. ) ;
#1068 = VERTEX_POINT ( 'NONE', #8006 ) ;
#1069 = CARTESIAN_POINT ( 'NONE',  ( 0.1182179676972453800, 0.09999999999999999200, -0.09325317547305433900 ) ) ;
#1070 = CARTESIAN_POINT ( 'NONE',  ( -0.04758170669218137600, 0.09999999999999814600, 0.02854893609705935400 ) ) ;
#1071 = CARTESIAN_POINT ( 'NONE',  ( -0.04232510442745769700, 0.09750000000000001700, 0.04742775584386784600 ) ) ;
#1072 = CARTESIAN_POINT ( 'NONE',  ( 0.02899833091520775300, 0.09192726540609695600, -0.08975656069958007400 ) ) ;
#1073 = EDGE_CURVE ( 'NONE', #5835, #6824, #1725, .T. ) ;
#1074 = ORIENTED_EDGE ( 'NONE', *, *, #3993, .T. ) ;
#1075 = CARTESIAN_POINT ( 'NONE',  ( -0.1441987298107781100, 0.09499999999999998700, -0.05325317547305484500 ) ) ;
#1076 = EDGE_LOOP ( 'NONE', ( #7911, #6491, #6369, #7334 ) ) ;
#1077 = ORIENTED_EDGE ( 'NONE', *, *, #4147, .F. ) ;
#1078 = CARTESIAN_POINT ( 'NONE',  ( -0.04540441047684673500, 0.09499999999999995900, 0.03874263491240909100 ) ) ;
#1080 = AXIS2_PLACEMENT_3D ( 'NONE', #6457, #2707, #7108 ) ;
#1079 = CARTESIAN_POINT ( 'NONE',  ( 0.01238232859508215700, 0.09500000000000001500, -0.02594778570782069900 ) ) ;
#1082 = ORIENTED_EDGE ( 'NONE', *, *, #5410, .T. ) ;
#1081 = ORIENTED_EDGE ( 'NONE', *, *, #7800, .T. ) ;
#1083 = CARTESIAN_POINT ( 'NONE',  ( 0.02823703166384526300, 0.09749999999999998900, 0.06591996924968275600 ) ) ;
#1084 = AXIS2_PLACEMENT_3D ( 'NONE', #1882, #6283, #2522 ) ;
#1085 = CARTESIAN_POINT ( 'NONE',  ( 0.01317410318442589900, 0.09749999999999998900, 0.004089972788979650600 ) ) ;
#1086 = CARTESIAN_POINT ( 'NONE',  ( -0.004632277473526852000, 0.09999999999999996400, -0.03638377415231609100 ) ) ;
#1087 = DIRECTION ( 'NONE',  ( 0.8660254037844369300, 0.0000000000000000000, 0.5000000000000030000 ) ) ;
#1088 = CARTESIAN_POINT ( 'NONE',  ( 0.0000000000000000000, -0.002713252776045736600, -1.359612378859184300 ) ) ;
#1089 = VERTEX_POINT ( 'NONE', #4864 ) ;
#1090 = CARTESIAN_POINT ( 'NONE',  ( -0.04008293742051390700, 0.09750000000000091900, 0.05239148034877115500 ) ) ;
#1091 = CARTESIAN_POINT ( 'NONE',  ( -0.007937493276913254800, 0.1000000000000000200, 0.01177717153192783800 ) ) ;
#1092 = CARTESIAN_POINT ( 'NONE',  ( -0.02602415310150664500, 0.09499999999999997300, 0.06845849409325927000 ) ) ;
#1093 = CARTESIAN_POINT ( 'NONE',  ( -0.03021512821877687600, 0.09749999999999996200, 0.02848178997070770600 ) ) ;
#1094 = ADVANCED_FACE ( 'NONE', ( #3199 ), #6336, .F. ) ;
#1095 = DIRECTION ( 'NONE',  ( 1.000000000000000000, 0.0000000000000000000, 0.0000000000000000000 ) ) ;
#1096 = ORIENTED_EDGE ( 'NONE', *, *, #3494, .F. ) ;
#1097 = CIRCLE ( 'NONE', #565, 1.809375000000000200 ) ;
#1098 = ORIENTED_EDGE ( 'NONE', *, *, #4569, .T. ) ;
#1099 = VERTEX_POINT ( 'NONE', #7412 ) ;
#1100 = ORIENTED_EDGE ( 'NONE', *, *, #3636, .F. ) ;
#1101 = EDGE_CURVE ( 'NONE', #4053, #3045, #4856, .T. ) ;
#1102 = LINE ( 'NONE', #3850, #4237 ) ;
#1103 = CARTESIAN_POINT ( 'NONE',  ( -0.01077074296696966700, 0.09499999999999998700, 0.07528513453794095900 ) ) ;
#1104 = AXIS2_PLACEMENT_3D ( 'NONE', #6846, #3093, #7473 ) ;
#1105 = CARTESIAN_POINT ( 'NONE',  ( 0.02817412681886576100, 0.09749999999999935100, 0.06851848330027961200 ) ) ;
#1106 = DIRECTION ( 'NONE',  ( 0.0000000000000000000, 0.0000000000000000000, 1.000000000000000000 ) ) ;
#1107 = CARTESIAN_POINT ( 'NONE',  ( -0.01399833341494476400, 0.09807273439692067200, -0.1012498423029441800 ) ) ;
#1108 = CARTESIAN_POINT ( 'NONE',  ( 0.01537238158756723900, 0.09999999999999999200, -0.01114361943171768600 ) ) ;
#1109 = TOROIDAL_SURFACE ( 'NONE', #6127, 1.337757700231430900, 0.03125000000000000000 ) ;
#1110 = EDGE_CURVE ( 'NONE', #5717, #5485, #58, .T. ) ;
#1111 = CARTESIAN_POINT ( 'NONE',  ( 0.0000000000000000000, 4.126014725754069800, 0.0000000000000000000 ) ) ;
#1112 = DIRECTION ( 'NONE',  ( -0.0000000000000000000, 1.000000000000000000, -0.0000000000000000000 ) ) ;
#1113 = CARTESIAN_POINT ( 'NONE',  ( 0.0000000000000000000, 4.670450487116513100, -1.900536165235168900 ) ) ;
#1114 = CIRCLE ( 'NONE', #5381, 0.005000000000000000100 ) ;
#1115 = DIRECTION ( 'NONE',  ( -0.0000000000000000000, 1.000000000000000000, -0.0000000000000000000 ) ) ;
#1116 = EDGE_LOOP ( 'NONE', ( #5948, #6992, #6869, #2532 ) ) ;
#1117 = ORIENTED_EDGE ( 'NONE', *, *, #7788, .T. ) ;
#1118 = EDGE_CURVE ( 'NONE', #6510, #431, #8013, .T. ) ;
#1119 = CARTESIAN_POINT ( 'NONE',  ( -0.01690875150001541800, 0.09999999999999996400, 0.07611773995463000400 ) ) ;
#1120 = ORIENTED_EDGE ( 'NONE', *, *, #5766, .T. ) ;
#1121 = DIRECTION ( 'NONE',  ( -0.0000000000000000000, 1.000000000000000000, -0.0000000000000000000 ) ) ;
#1122 = CARTESIAN_POINT ( 'NONE',  ( -0.001256910816043320600, 0.09750000000000005900, 0.07675208582921989900 ) ) ;
#1123 = CARTESIAN_POINT ( 'NONE',  ( 0.003332950367647150900, 0.09750000000000000300, 0.06397058823529411200 ) ) ;
#1124 = DIRECTION ( 'NONE',  ( -0.8660254037844387100, 0.0000000000000000000, 0.4999999999999999400 ) ) ;
#1125 = B_SPLINE_SURFACE_WITH_KNOTS ( 'NONE', 3, 1, ( 
 ( #403, #4156 ),
 ( #1042, #5429 ),
 ( #1666, #6052 ),
 ( #2298, #6683 ),
 ( #2939, #7332 ),
 ( #3557, #7955 ),
 ( #4186, #432 ),
 ( #4810, #1071 ),
 ( #5458, #1694 ),
 ( #6081, #2326 ),
 ( #6715, #2963 ),
 ( #7355, #3588 ),
 ( #7980, #4213 ),
 ( #461, #4837 ),
 ( #1092, #5483 ),
 ( #1721, #6108 ),
 ( #2354, #6751 ),
 ( #2992, #7382 ),
 ( #3618, #8007 ),
 ( #4240, #486 ),
 ( #4865, #1122 ),
 ( #5502, #1748 ),
 ( #6139, #2384 ) ),
 .UNSPECIFIED., .F., .F., .F.,
 ( 4, 1, 1, 1, 1, 1, 1, 1, 1, 1, 1, 1, 1, 1, 1, 1, 1, 1, 1, 1, 4 ),
 ( 2, 2 ),
 ( 0.0000000000000000000, 0.08172654615089412800, 0.1645624834719872100, 0.2474942768684366700, 0.3285833466405268000, 0.3686674295495946900, 0.4083477951256574400, 0.4474963489993645800, 0.4867785307853145200, 0.5257322929899257400, 0.5643406160318272800, 0.6028272479767055000, 0.6412963071191404300, 0.6804880165523032900, 0.7207351825641897800, 0.7620803884059533800, 0.8049993658852603300, 0.8498877548404228900, 0.8970397470095566900, 0.9470594859150864900, 1.000000000000000000 ),
 ( 0.0000000000000000000, 1.000000000000000000 ),
 .UNSPECIFIED. ) ;
#1126 = CIRCLE ( 'NONE', #3347, 0.004999999999999997500 ) ;
#1127 = AXIS2_PLACEMENT_3D ( 'NONE', #655, #6895, #5042 ) ;
#1128 = CARTESIAN_POINT ( 'NONE',  ( 0.03074510721627557800, 0.1000000000000000100, 0.06514785656168362000 ) ) ;
#1129 = DIRECTION ( 'NONE',  ( 0.5000000000000002200, 0.0000000000000000000, 0.8660254037844386000 ) ) ;
#1130 = DIRECTION ( 'NONE',  ( 0.0000000000000000000, 0.0000000000000000000, -1.000000000000000000 ) ) ;
#1131 = CARTESIAN_POINT ( 'NONE',  ( 0.02713477844927475100, 0.09999999999999972800, 0.07150448353026100900 ) ) ;
#1132 = ADVANCED_FACE ( 'NONE', ( #3011 ), #2814, .T. ) ;
#1133 = EDGE_LOOP ( 'NONE', ( #5918, #8058, #7602, #3088 ) ) ;
#1134 = DIRECTION ( 'NONE',  ( 0.0000000000000000000, 0.0000000000000000000, 1.000000000000000000 ) ) ;
#1135 = LINE ( 'NONE', #4919, #7619 ) ;
#1136 = AXIS2_PLACEMENT_3D ( 'NONE', #2365, #6761, #3004 ) ;
#1137 = DIRECTION ( 'NONE',  ( -0.4999999999999990000, 0.0000000000000000000, -0.8660254037844392600 ) ) ;
#1138 = CARTESIAN_POINT ( 'NONE',  ( 0.0000000000000000000, 3.656249999999999600, 0.0000000000000000000 ) ) ;
#1139 = CARTESIAN_POINT ( 'NONE',  ( 0.0000000000000000000, 3.655235274245932000, 0.0000000000000000000 ) ) ;
#1140 = CARTESIAN_POINT ( 'NONE',  ( 0.008853141513029679600, 0.09749999999999989200, 0.07673915704705128200 ) ) ;
#1141 = AXIS2_PLACEMENT_3D ( 'NONE', #1943, #6333, #2577 ) ;
#1142 =( BOUNDED_CURVE ( )  B_SPLINE_CURVE ( 3, ( #2844, #951, #343, #4721 ),
 .UNSPECIFIED., .F., .F. ) 
 B_SPLINE_CURVE_WITH_KNOTS ( ( 4, 4 ),
 ( 4.712388980384688800, 6.283185307179586200 ),
 .UNSPECIFIED. ) 
 CURVE ( )  GEOMETRIC_REPRESENTATION_ITEM ( )  RATIONAL_B_SPLINE_CURVE ( ( 1.000000000000000000, 0.8047378541243648300, 0.8047378541243648300, 1.000000000000000000 ) ) 
 REPRESENTATION_ITEM ( '' )  );
#1143 = CARTESIAN_POINT ( 'NONE',  ( 0.004544387438790116600, 0.09999999999999999200, 0.07684940259407502200 ) ) ;
#1144 = ORIENTED_EDGE ( 'NONE', *, *, #4154, .F. ) ;
#1145 = ORIENTED_EDGE ( 'NONE', *, *, #3704, .T. ) ;
#1146 = DIRECTION ( 'NONE',  ( -0.8660254037844384900, 0.0000000000000000000, 0.5000000000000004400 ) ) ;
#1147 = DIRECTION ( 'NONE',  ( -0.0000000000000000000, 1.000000000000000000, -0.0000000000000000000 ) ) ;
#1148 = DIRECTION ( 'NONE',  ( -1.000000000000000000, 0.0000000000000000000, 0.0000000000000000000 ) ) ;
#1149 = LINE ( 'NONE', #4538, #7636 ) ;
#1150 = AXIS2_PLACEMENT_3D ( 'NONE', #4026, #268, #4649 ) ;
#1151 = ORIENTED_EDGE ( 'NONE', *, *, #4777, .F. ) ;
#1152 = ORIENTED_EDGE ( 'NONE', *, *, #6321, .T. ) ;
#1153 = CARTESIAN_POINT ( 'NONE',  ( 0.03601450410628794600, 0.09999164027584521400, -0.009242589218562009500 ) ) ;
#1154 = CARTESIAN_POINT ( 'NONE',  ( 0.1182179676972454100, 0.09499999999999998700, -0.1032531754730543300 ) ) ;
#1155 = CARTESIAN_POINT ( 'NONE',  ( 0.1030198868931279900, 0.09999999999999999200, 0.08702398712577941200 ) ) ;
#1156 = DIRECTION ( 'NONE',  ( -0.8574929257125467600, 0.0000000000000000000, 0.5144957554275220200 ) ) ;
#1157 = EDGE_CURVE ( 'NONE', #5081, #5302, #6144, .T. ) ;
#1158 = CARTESIAN_POINT ( 'NONE',  ( 0.02593975345185897000, 0.09999999999999999200, 0.07544493620089587300 ) ) ;
#1159 = CARTESIAN_POINT ( 'NONE',  ( -0.04538836866064267800, 0.09749999999999998900, -0.02607922749319714300 ) ) ;
#1160 = VERTEX_POINT ( 'NONE', #8059 ) ;
#1161 = CARTESIAN_POINT ( 'NONE',  ( -0.002037469898619489700, 0.09884306923638586100, 0.02757887204953700400 ) ) ;
#1162 = CARTESIAN_POINT ( 'NONE',  ( 0.06325962009461026700, 0.09999999999999999200, 0.07693747487473895400 ) ) ;
#1163 = EDGE_CURVE ( 'NONE', #4093, #6158, #1135, .T. ) ;
#1164 = DIRECTION ( 'NONE',  ( 0.0000000000000000000, 0.0000000000000000000, -1.000000000000000000 ) ) ;
#1165 = ORIENTED_EDGE ( 'NONE', *, *, #5178, .F. ) ;
#1166 = CARTESIAN_POINT ( 'NONE',  ( 0.02985526180998687700, 0.09499999999999994600, -0.02898904598637807100 ) ) ;
#1167 = DIRECTION ( 'NONE',  ( 0.0000000000000000000, 0.0000000000000000000, -1.000000000000000000 ) ) ;
#1168 = DIRECTION ( 'NONE',  ( 0.0000000000000000000, 0.0000000000000000000, -1.000000000000000000 ) ) ;
#1169 = VERTEX_POINT ( 'NONE', #545 ) ;
#1170 = CARTESIAN_POINT ( 'NONE',  ( 0.0000000000000000000, 1.469344986626658600, 1.483486528324116100 ) ) ;
#1171 = DIRECTION ( 'NONE',  ( 1.224646799147345100E-016, 0.0000000000000000000, -1.000000000000000000 ) ) ;
#1172 = AXIS2_PLACEMENT_3D ( 'NONE', #4691, #947, #5338 ) ;
#1173 = ADVANCED_FACE ( 'NONE', ( #7818 ), #5940, .T. ) ;
#1174 = CARTESIAN_POINT ( 'NONE',  ( -0.009999999999999993300, 0.09999999999999999200, -0.1232531754730548500 ) ) ;
#1176 = EDGE_CURVE ( 'NONE', #903, #5016, #1328, .T. ) ;
#1175 = DIRECTION ( 'NONE',  ( 0.0000000000000000000, 0.0000000000000000000, 1.000000000000000000 ) ) ;
#1177 = CARTESIAN_POINT ( 'NONE',  ( -0.04887979032099434900, 0.09999999999999999200, 0.001210585819598063600 ) ) ;
#1178 = ORIENTED_EDGE ( 'NONE', *, *, #374, .F. ) ;
#1179 = CARTESIAN_POINT ( 'NONE',  ( 0.03389091836784042400, 0.09832743597708057400, -0.009242858939881908000 ) ) ;
#1180 = CARTESIAN_POINT ( 'NONE',  ( 0.02974462752507621400, 0.09338892003002508000, -0.1289052842947345000 ) ) ;
#1181 = CIRCLE ( 'NONE', #5131, 1.002319221306503700 ) ;
#1183 = AXIS2_PLACEMENT_3D ( 'NONE', #4839, #3048, #1775 ) ;
#1182 = CARTESIAN_POINT ( 'NONE',  ( -0.04990805865267312200, 0.09947139820975382800, 0.007906626217945479300 ) ) ;
#1184 = CARTESIAN_POINT ( 'NONE',  ( 0.01460594173321645900, 0.09749999999999998900, 0.07597046990816130900 ) ) ;
#1185 = DIRECTION ( 'NONE',  ( 0.0000000000000000000, -1.000000000000000000, 0.0000000000000000000 ) ) ;
#1186 = ORIENTED_EDGE ( 'NONE', *, *, #1228, .T. ) ;
#1187 = AXIS2_PLACEMENT_3D ( 'NONE', #587, #4969, #1224 ) ;
#1188 = ORIENTED_EDGE ( 'NONE', *, *, #6686, .F. ) ;
#1189 = DIRECTION ( 'NONE',  ( 0.0000000000000000000, 0.0000000000000000000, -1.000000000000000000 ) ) ;
#1190 = ORIENTED_EDGE ( 'NONE', *, *, #4315, .F. ) ;
#1191 = CARTESIAN_POINT ( 'NONE',  ( -0.07536721643598594300, 0.09999999999999997800, 0.06182436723021125100 ) ) ;
#1192 = CARTESIAN_POINT ( 'NONE',  ( 0.01393956859797776200, 0.09750000000000001700, -0.04647128971233253900 ) ) ;
#1193 = DIRECTION ( 'NONE',  ( 0.8660254037844384900, 0.0000000000000000000, -0.5000000000000004400 ) ) ;
#1194 = CARTESIAN_POINT ( 'NONE',  ( 0.1182179676972453800, 0.09499999999999998700, -0.09325317547305433900 ) ) ;
#1195 = TOROIDAL_SURFACE ( 'NONE', #4235, 1.806250000000000400, 0.03125000000000000000 ) ;
#1196 = ORIENTED_EDGE ( 'NONE', *, *, #6579, .T. ) ;
#1197 = CARTESIAN_POINT ( 'NONE',  ( -0.01473601707424073000, 0.09499999999999997300, 0.02567900939449241400 ) ) ;
#1198 = AXIS2_PLACEMENT_3D ( 'NONE', #7857, #1570, #4096 ) ;
#1199 = ORIENTED_EDGE ( 'NONE', *, *, #2941, .F. ) ;
#1200 = DIRECTION ( 'NONE',  ( 1.000000000000000000, 0.0000000000000000000, 1.224646799147353200E-016 ) ) ;
#1201 = CARTESIAN_POINT ( 'NONE',  ( 0.02552761510120958600, 0.09858951872920616900, 0.05937169204534145700 ) ) ;
#1203 = CARTESIAN_POINT ( 'NONE',  ( -0.04279833535158913300, 0.09999999999999996400, -0.03753265761692066400 ) ) ;
#1202 = CYLINDRICAL_SURFACE ( 'NONE', #3452, 0.005000000000000000100 ) ;
#1204 = ORIENTED_EDGE ( 'NONE', *, *, #4569, .F. ) ;
#1205 = EDGE_CURVE ( 'NONE', #7361, #2972, #4464, .T. ) ;
#1206 = FACE_OUTER_BOUND ( 'NONE', #1595, .T. ) ;
#1207 = EDGE_LOOP ( 'NONE', ( #1664, #7248, #6666, #6469 ) ) ;
#1208 = ORIENTED_EDGE ( 'NONE', *, *, #6563, .F. ) ;
#1209 = CARTESIAN_POINT ( 'NONE',  ( 0.02646016270958422700, 0.09999999999999999200, 0.05713716693130341900 ) ) ;
#1210 = CARTESIAN_POINT ( 'NONE',  ( 0.02607144708294329200, 0.09000128434742002400, -0.1190698612330541900 ) ) ;
#1211 = EDGE_CURVE ( 'NONE', #6990, #3730, #2607, .T. ) ;
#1213 = AXIS2_PLACEMENT_3D ( 'NONE', #3016, #2380, #508 ) ;
#1212 = CARTESIAN_POINT ( 'NONE',  ( -0.001981941620031963400, 0.09499999999999998700, -0.03842550030447854800 ) ) ;
#1214 = CARTESIAN_POINT ( 'NONE',  ( 0.03120577980377702700, 0.09999999999999890900, 0.007737979979377133900 ) ) ;
#1215 = CARTESIAN_POINT ( 'NONE',  ( 0.003630411893926366600, 0.09999999999999999200, 0.07684318007086338200 ) ) ;
#1216 = ADVANCED_FACE ( 'NONE', ( #944 ), #7428, .T. ) ;
#1217 = CARTESIAN_POINT ( 'NONE',  ( -0.1182179676972449200, 0.08999999999999999700, -0.1032531754730548200 ) ) ;
#1218 = CIRCLE ( 'NONE', #3438, 0.01562499999999991800 ) ;
#1219 = CARTESIAN_POINT ( 'NONE',  ( 0.02823529411764715000, 0.09499999999999998700, 0.06612477022058822800 ) ) ;
#1220 = EDGE_CURVE ( 'NONE', #2653, #3802, #5736, .T. ) ;
#1221 = DIRECTION ( 'NONE',  ( 0.0000000000000000000, -1.000000000000000000, -0.0000000000000000000 ) ) ;
#1222 = ORIENTED_EDGE ( 'NONE', *, *, #6418, .F. ) ;
#1223 = DIRECTION ( 'NONE',  ( 0.9998585349462693100, 0.0000000000000000000, -0.01681993148322186500 ) ) ;
#1224 = DIRECTION ( 'NONE',  ( 0.0000000000000000000, 0.0000000000000000000, 1.000000000000000000 ) ) ;
#1225 = CIRCLE ( 'NONE', #4228, 0.006000000000000001000 ) ;
#1226 = CARTESIAN_POINT ( 'NONE',  ( -0.1260490625307737200, 0.09338892003002501100, 0.04046362480274036400 ) ) ;
#1227 = CALENDAR_DATE ( 2013, 28, 11 ) ;
#1228 = EDGE_CURVE ( 'NONE', #6249, #5012, #4275, .T. ) ;
#1229 = DIRECTION ( 'NONE',  ( 0.0000000000000000000, -1.000000000000000000, 0.0000000000000000000 ) ) ;
#1230 = CARTESIAN_POINT ( 'NONE',  ( -0.01499999999999998400, 0.09792893218813450400, -0.1032531754730548800 ) ) ;
#1231 = CARTESIAN_POINT ( 'NONE',  ( -0.1182179676972449200, 0.09999999999999999200, -0.06825317547305484500 ) ) ;
#1232 = CIRCLE ( 'NONE', #762, 0.04687500000000002800 ) ;
#1233 = CARTESIAN_POINT ( 'NONE',  ( 0.02545374344992385300, 0.09999999999999999200, 0.05715592731256962500 ) ) ;
#1234 = FACE_OUTER_BOUND ( 'NONE', #4400, .T. ) ;
#1235 = CARTESIAN_POINT ( 'NONE',  ( -0.02535433540751092000, 0.09749999999999998900, -0.04905990230302313000 ) ) ;
#1236 = AXIS2_PLACEMENT_3D ( 'NONE', #3049, #7437, #3677 ) ;
#1237 =( BOUNDED_CURVE ( )  B_SPLINE_CURVE ( 3, ( #3502, #3472, #974, #7887 ),
 .UNSPECIFIED., .F., .F. ) 
 B_SPLINE_CURVE_WITH_KNOTS ( ( 4, 4 ),
 ( 0.0000000000000000000, 1.570796326794897000 ),
 .UNSPECIFIED. ) 
 CURVE ( )  GEOMETRIC_REPRESENTATION_ITEM ( )  RATIONAL_B_SPLINE_CURVE ( ( 1.000000000000000000, 0.8047378541243649400, 0.8047378541243649400, 1.000000000000000000 ) ) 
 REPRESENTATION_ITEM ( '' )  );
#1238 = EDGE_LOOP ( 'NONE', ( #353, #1401, #3493, #5559, #6588, #1458, #1932, #6554, #2668 ) ) ;
#1239 = EDGE_LOOP ( 'NONE', ( #3206, #7350, #5505, #1005 ) ) ;
#1240 = CARTESIAN_POINT ( 'NONE',  ( -0.09058012701892294300, 0.09499999999999998700, 0.06961696879329319600 ) ) ;
#1241 = DIRECTION ( 'NONE',  ( 3.414809992080330700E-015, 0.0000000000000000000, -1.000000000000000000 ) ) ;
#1242 = ORIENTED_EDGE ( 'NONE', *, *, #2086, .T. ) ;
#1243 = FACE_OUTER_BOUND ( 'NONE', #7824, .T. ) ;
#1244 = CARTESIAN_POINT ( 'NONE',  ( 0.01536764705882362100, 0.09499999999999998700, -0.01093750000000000300 ) ) ;
#1245 = CARTESIAN_POINT ( 'NONE',  ( 0.02472894143010696800, 0.09999999999999996400, 0.02159041067619278300 ) ) ;
#1246 = AXIS2_PLACEMENT_3D ( 'NONE', #2636, #7040, #3271 ) ;
#1247 = CARTESIAN_POINT ( 'NONE',  ( 0.02249516526600280800, 0.09500000000000001500, 0.06030615991478740400 ) ) ;
#1248 = FACE_OUTER_BOUND ( 'NONE', #2172, .T. ) ;
#1249 = CARTESIAN_POINT ( 'NONE',  ( -1.263479697069721800E-015, 0.08999999999999999700, 0.1365063509461096900 ) ) ;
#1250 = AXIS2_PLACEMENT_3D ( 'NONE', #5311, #7838, #5958 ) ;
#1251 = EDGE_CURVE ( 'NONE', #6002, #5807, #26, .T. ) ;
#1252 = CARTESIAN_POINT ( 'NONE',  ( -0.1122675014630613400, 0.08999999999999999700, 0.03595016139045641200 ) ) ;
#1253 = CARTESIAN_POINT ( 'NONE',  ( 0.02744761656400166600, 0.09750000000000001700, 0.06047808937355282600 ) ) ;
#1254 = ORIENTED_EDGE ( 'NONE', *, *, #366, .T. ) ;
#1255 = CARTESIAN_POINT ( 'NONE',  ( 0.03375000000000009900, 0.09750000000000000300, -0.009242876838235297700 ) ) ;
#1256 = ADVANCED_FACE ( 'NONE', ( #2410 ), #737, .F. ) ;
#1257 = B_SPLINE_CURVE_WITH_KNOTS ( 'NONE', 3,
 ( #3962, #6347, #6478, #2735, #7127, #3361, #7748, #3989, #230, #4610, #864, #5242, #1490, #5873, #2124, #6507, #2759, #7155, #3390 ),
 .UNSPECIFIED., .F., .F.,
 ( 4, 1, 1, 1, 1, 1, 1, 1, 1, 1, 1, 1, 1, 1, 1, 1, 4 ),
 ( 0.0000000000000000000, 0.08203548571808769200, 0.1581508612824571400, 0.2280642820559305700, 0.2932653115846107200, 0.3549819713376584100, 0.4135798799554248300, 0.4702416161253869500, 0.5257865014340797900, 0.5810704478491456300, 0.6365523853788103100, 0.6930266686747579300, 0.7509316006149592300, 0.8104679187732787300, 0.8715664642973091100, 0.9346789543153996000, 1.000000000000000000 ),
 .UNSPECIFIED. ) ;
#1258 = FACE_OUTER_BOUND ( 'NONE', #1702, .T. ) ;
#1259 = ORIENTED_EDGE ( 'NONE', *, *, #374, .T. ) ;
#1260 = CARTESIAN_POINT ( 'NONE',  ( 0.08846042950046577300, 0.1000036693283850400, 0.03724265369096444600 ) ) ;
#1261 = EDGE_LOOP ( 'NONE', ( #6054, #7164, #7098 ) ) ;
#1262 = DIRECTION ( 'NONE',  ( -0.0000000000000000000, 1.000000000000000000, -0.0000000000000000000 ) ) ;
#1263 = CARTESIAN_POINT ( 'NONE',  ( -0.01203910644665704400, 0.09999999999999999200, -0.05179359182499820200 ) ) ;
#1264 = AXIS2_PLACEMENT_3D ( 'NONE', #2818, #7210, #3443 ) ;
#1265 = DIRECTION ( 'NONE',  ( 0.0000000000000000000, -1.000000000000000000, 0.0000000000000000000 ) ) ;
#1266 = ORIENTED_EDGE ( 'NONE', *, *, #1681, .F. ) ;
#1267 = CARTESIAN_POINT ( 'NONE',  ( 0.007657145269939673700, 0.09749999999999942000, 0.02650788511685272400 ) ) ;
#1268 = EDGE_LOOP ( 'NONE', ( #7137, #6057, #1545, #2933 ) ) ;
#1269 = EDGE_CURVE ( 'NONE', #1863, #3, #4080, .T. ) ;
#1270 = CARTESIAN_POINT ( 'NONE',  ( 0.02349279633936615700, 0.09500000000000002900, -0.03891282333811150300 ) ) ;
#1271 = CARTESIAN_POINT ( 'NONE',  ( -0.07510718103843910800, 0.09630874078434233100, 0.06615662301217291300 ) ) ;
#1272 = VERTEX_POINT ( 'NONE', #1446 ) ;
#1273 = CARTESIAN_POINT ( 'NONE',  ( 0.05709962640554272500, 0.09373890141636748200, 0.06760741527444730200 ) ) ;
#1274 = EDGE_CURVE ( 'NONE', #5717, #2456, #549, .T. ) ;
#1275 = CARTESIAN_POINT ( 'NONE',  ( 0.004876562518231332100, 0.09750000000000000300, 0.06394566743947109600 ) ) ;
#1276 = CARTESIAN_POINT ( 'NONE',  ( 0.02616084868810138500, 0.09750000000000000300, -0.03622836589611751900 ) ) ;
#1278 = ORIENTED_EDGE ( 'NONE', *, *, #7843, .T. ) ;
#1277 = VERTEX_POINT ( 'NONE', #2074 ) ;
#1279 = CARTESIAN_POINT ( 'NONE',  ( 0.01499999769724542200, 0.09499999999999998700, -0.1082531754730547800 ) ) ;
#1280 = CARTESIAN_POINT ( 'NONE',  ( 1.222534496172765500E-016, 0.01615740896423327100, 0.9982751737267768800 ) ) ;
#1281 = CARTESIAN_POINT ( 'NONE',  ( 0.09662940018103491300, 0.09630874078434228900, 0.03861877160347834000 ) ) ;
#1282 = LINE ( 'NONE', #2184, #893 ) ;
#1283 = CARTESIAN_POINT ( 'NONE',  ( -0.007104802124776051800, 0.09499999999999998700, 0.01430375394315961900 ) ) ;
#1284 = CARTESIAN_POINT ( 'NONE',  ( -0.008960248161764612600, 0.09499999999999998700, -0.05183823529411765700 ) ) ;
#1285 = DIRECTION ( 'NONE',  ( 0.0000000000000000000, 0.0000000000000000000, 1.000000000000000000 ) ) ;
#1286 = VERTEX_POINT ( 'NONE', #6464 ) ;
#1287 = DIRECTION ( 'NONE',  ( -0.0000000000000000000, 1.000000000000000000, -0.0000000000000000000 ) ) ;
#1288 = VERTEX_POINT ( 'NONE', #5196 ) ;
#1289 = ORIENTED_EDGE ( 'NONE', *, *, #7265, .F. ) ;
#1290 = CARTESIAN_POINT ( 'NONE',  ( -0.02811636983700826000, 0.09749999999999998900, 0.02338017804965773400 ) ) ;
#1291 = ORIENTED_EDGE ( 'NONE', *, *, #2423, .F. ) ;
#1292 = AXIS2_PLACEMENT_3D ( 'NONE', #1757, #7364, #3598 ) ;
#1293 = CARTESIAN_POINT ( 'NONE',  ( 0.06212001369872301900, 0.09248190845447362700, 0.06977732710212326800 ) ) ;
#1294 = CYLINDRICAL_SURFACE ( 'NONE', #6654, 0.005000000000000000100 ) ;
#1295 = CARTESIAN_POINT ( 'NONE',  ( 0.02499999769724522300, 0.09499999999999998700, -0.06825317547305473400 ) ) ;
#1296 = DIRECTION ( 'NONE',  ( 0.0000000000000000000, 0.0000000000000000000, -1.000000000000000000 ) ) ;
#1297 = CARTESIAN_POINT ( 'NONE',  ( -0.008368190333364899200, 0.09500000000000002900, -0.03894264971040747200 ) ) ;
#1298 = TOROIDAL_SURFACE ( 'NONE', #2340, 1.663177721231778900, 0.03125000000000000000 ) ;
#1299 = CARTESIAN_POINT ( 'NONE',  ( -0.1012499988486224700, 0.09500000000000001500, 0.04113620867400524100 ) ) ;
#1300 = AXIS2_PLACEMENT_3D ( 'NONE', #6080, #2325, #6714 ) ;
#1301 = CARTESIAN_POINT ( 'NONE',  ( 0.1055801270189220100, 0.09499999999999998700, 0.04363620667976134100 ) ) ;
#1302 = CYLINDRICAL_SURFACE ( 'NONE', #5777, 0.004999999999999997500 ) ;
#1303 = CARTESIAN_POINT ( 'NONE',  ( 0.0000000000000000000, 0.01562500000000000000, -1.002319221306503700 ) ) ;
#1304 = CARTESIAN_POINT ( 'NONE',  ( 0.0000000000000000000, 0.0000000000000000000, -0.9982050807568976200 ) ) ;
#1305 = VERTEX_POINT ( 'NONE', #2716 ) ;
#1306 = CARTESIAN_POINT ( 'NONE',  ( -0.007437959558823434600, 0.09777973314705154500, -0.03897058823529413900 ) ) ;
#1307 = ORIENTED_EDGE ( 'NONE', *, *, #6361, .F. ) ;
#1308 = EDGE_CURVE ( 'NONE', #1655, #918, #6713, .T. ) ;
#1309 = CARTESIAN_POINT ( 'NONE',  ( -0.04354998096607890600, 0.09500000000000001500, -0.02999525142625879600 ) ) ;
#1310 = EDGE_CURVE ( 'NONE', #4562, #6011, #7232, .T. ) ;
#1311 = CARTESIAN_POINT ( 'NONE',  ( -0.02265338015933160800, 0.09499999999999998700, 0.05049752222449155300 ) ) ;
#1312 = CARTESIAN_POINT ( 'NONE',  ( 0.0000000000000000000, 0.09999999999999999200, 0.0000000000000000000 ) ) ;
#1313 = CARTESIAN_POINT ( 'NONE',  ( 0.0000000000000000000, 3.624999999999999600, 1.642460084468279700 ) ) ;
#1314 = LINE ( 'NONE', #179, #4455 ) ;
#1315 = LINE ( 'NONE', #7640, #3000 ) ;
#1316 = ADVANCED_FACE ( 'NONE', ( #5550 ), #2014, .F. ) ;
#1317 = CARTESIAN_POINT ( 'NONE',  ( 0.0000000000000000000, 0.0000000000000000000, 0.0000000000000000000 ) ) ;
#1318 = DIRECTION ( 'NONE',  ( 0.0000000000000000000, 0.0000000000000000000, -1.000000000000000000 ) ) ;
#1319 = CARTESIAN_POINT ( 'NONE',  ( -0.04812309512102591600, 0.09750000000000000300, 0.02435963417818927700 ) ) ;
#1320 = DIRECTION ( 'NONE',  ( 4.662936703425656700E-015, 0.0000000000000000000, -1.000000000000000000 ) ) ;
#1321 = AXIS2_PLACEMENT_3D ( 'NONE', #3658, #3059, #1156 ) ;
#1322 = CARTESIAN_POINT ( 'NONE',  ( -0.09358784201285998100, 0.09751809353930852900, 0.07566958859679485900 ) ) ;
#1323 = CARTESIAN_POINT ( 'NONE',  ( 0.02499999769724545500, 0.08999999999999999700, -0.1182531754730547500 ) ) ;
#1324 = TOROIDAL_SURFACE ( 'NONE', #3602, 0.04499999999999999800, 0.005000000000000000100 ) ;
#1325 = EDGE_CURVE ( 'NONE', #1410, #7736, #3692, .T. ) ;
#1326 = EDGE_LOOP ( 'NONE', ( #6904, #6808, #5530, #793 ) ) ;
#1327 = DIRECTION ( 'NONE',  ( 0.5000000000000002200, 0.0000000000000000000, 0.8660254037844386000 ) ) ;
#1328 = CIRCLE ( 'NONE', #2998, 0.04687500000000002800 ) ;
#1329 = CARTESIAN_POINT ( 'NONE',  ( -0.1017403810567672600, 0.09999999999999999200, 0.07028684177437087600 ) ) ;
#1330 = CARTESIAN_POINT ( 'NONE',  ( 1.825305555549653000E-016, 1.530235274245928000, 1.490475096019931600 ) ) ;
#1331 = CARTESIAN_POINT ( 'NONE',  ( -0.02774801941013569200, 0.1000000000000000100, 0.02797168081038196500 ) ) ;
#1332 = DIRECTION ( 'NONE',  ( -0.5000000000000078800, -0.0000000000000000000, 0.8660254037844340400 ) ) ;
#1333 = DIRECTION ( 'NONE',  ( 1.224646799147351700E-016, 0.0000000000000000000, -1.000000000000000000 ) ) ;
#1334 = AXIS2_PLACEMENT_3D ( 'NONE', #7376, #2983, #1087 ) ;
#1335 = DIRECTION ( 'NONE',  ( 1.000000000000000000, 0.0000000000000000000, 0.0000000000000000000 ) ) ;
#1336 = ORIENTED_EDGE ( 'NONE', *, *, #3887, .T. ) ;
#1337 = ORIENTED_EDGE ( 'NONE', *, *, #5250, .F. ) ;
#1338 = AXIS2_PLACEMENT_3D ( 'NONE', #5988, #2242, #6625 ) ;
#1339 = CARTESIAN_POINT ( 'NONE',  ( 0.007763053898022244000, 0.09500000000000001500, 0.06389906657390172200 ) ) ;
#1340 = ORIENTED_EDGE ( 'NONE', *, *, #3485, .T. ) ;
#1341 = FACE_OUTER_BOUND ( 'NONE', #8094, .T. ) ;
#1342 = CARTESIAN_POINT ( 'NONE',  ( -0.03025598016220720800, 0.09500000000000001500, -0.005649749105166490900 ) ) ;
#1343 = ORIENTED_EDGE ( 'NONE', *, *, #1251, .T. ) ;
#1344 = EDGE_LOOP ( 'NONE', ( #5991, #2708, #6303, #6181 ) ) ;
#1345 = CC_DESIGN_SECURITY_CLASSIFICATION ( #7409, ( #5300 ) ) ;
#1346 = CARTESIAN_POINT ( 'NONE',  ( 0.007075360878136811700, 0.09750000000000000300, 0.02661195167276141400 ) ) ;
#1347 = CARTESIAN_POINT ( 'NONE',  ( -0.02947638180381010100, 0.09749999999999998900, -0.01390362074536220300 ) ) ;
#1348 = AXIS2_PLACEMENT_3D ( 'NONE', #688, #5076, #1318 ) ;
#1349 = DIRECTION ( 'NONE',  ( -0.0000000000000000000, 1.000000000000000000, -0.0000000000000000000 ) ) ;
#1350 = CARTESIAN_POINT ( 'NONE',  ( -0.008960248161764612600, 0.09750000000000000300, -0.05183823529411765700 ) ) ;
#1351 = CARTESIAN_POINT ( 'NONE',  ( 0.01374697929836477300, 0.09500000000000001500, 0.001760471466115232800 ) ) ;
#1352 = CARTESIAN_POINT ( 'NONE',  ( 0.02823529411764715000, 0.09499999999999998700, 0.06612477022058822800 ) ) ;
#1353 = VERTEX_POINT ( 'NONE', #7166 ) ;
#1354 = EDGE_CURVE ( 'NONE', #969, #3955, #5360, .T. ) ;
#1355 = ORIENTED_EDGE ( 'NONE', *, *, #5978, .T. ) ;
#1356 = DIRECTION ( 'NONE',  ( -0.0000000000000000000, 1.000000000000000000, -0.0000000000000000000 ) ) ;
#1357 = ADVANCED_FACE ( 'NONE', ( #2220 ), #349, .T. ) ;
#1358 = CARTESIAN_POINT ( 'NONE',  ( 0.01084134213628422900, 0.09499999999999993200, 0.007526657919895341300 ) ) ;
#1359 = B_SPLINE_SURFACE_WITH_KNOTS ( 'NONE', 3, 1, ( 
 ( #7613, #686 ),
 ( #3847, #92 ),
 ( #4470, #720 ),
 ( #5096, #1346 ),
 ( #5731, #1976 ),
 ( #6368, #2612 ),
 ( #7016, #3242 ),
 ( #7641, #3878 ),
 ( #117, #4495 ),
 ( #744, #5128 ),
 ( #1372, #5754 ),
 ( #2006, #6395 ),
 ( #2639, #7042 ),
 ( #3274, #7661 ),
 ( #3906, #146 ),
 ( #4522, #770 ),
 ( #5157, #1404 ),
 ( #5774, #2030 ),
 ( #6425, #2664 ) ),
 .UNSPECIFIED., .F., .F., .F.,
 ( 4, 1, 1, 1, 1, 1, 1, 1, 1, 1, 1, 1, 1, 1, 1, 1, 4 ),
 ( 2, 2 ),
 ( 0.0000000000000000000, 0.08203548571808769200, 0.1581508612824571400, 0.2280642820559305700, 0.2932653115846107200, 0.3549819713376584100, 0.4135798799554248300, 0.4702416161253869500, 0.5257865014340797900, 0.5810704478491456300, 0.6365523853788103100, 0.6930266686747579300, 0.7509316006149592300, 0.8104679187732787300, 0.8715664642973091100, 0.9346789543153996000, 1.000000000000000000 ),
 ( 0.0000000000000000000, 1.000000000000000000 ),
 .UNSPECIFIED. ) ;
#1360 = AXIS2_PLACEMENT_3D ( 'NONE', #6435, #5790, #2681 ) ;
#1361 = ORIENTED_EDGE ( 'NONE', *, *, #4622, .T. ) ;
#1362 = DIRECTION ( 'NONE',  ( 0.0000000000000000000, 0.0000000000000000000, -1.000000000000000000 ) ) ;
#1363 = CARTESIAN_POINT ( 'NONE',  ( 0.003878897799481302800, 0.09832740955898280900, 0.07697915022153108100 ) ) ;
#1364 = CARTESIAN_POINT ( 'NONE',  ( 0.01473347117807056800, 0.09749999999999996200, 0.07597210256335172600 ) ) ;
#1365 = CARTESIAN_POINT ( 'NONE',  ( -0.03058001171835080300, 0.09750000000000001700, 0.004621585411345503800 ) ) ;
#1366 = ORIENTED_EDGE ( 'NONE', *, *, #7429, .T. ) ;
#1367 = EDGE_CURVE ( 'NONE', #5302, #4042, #7036, .T. ) ;
#1368 = DIRECTION ( 'NONE',  ( 0.0000000000000000000, 1.000000000000000000, 0.0000000000000000000 ) ) ;
#1369 = CARTESIAN_POINT ( 'NONE',  ( -0.01017074373708037500, 0.09499999999999995900, -0.03888851187224133500 ) ) ;
#1370 = EDGE_CURVE ( 'NONE', #3956, #3130, #6835, .T. ) ;
#1371 = CIRCLE ( 'NONE', #1348, 0.6208858594503941000 ) ;
#1372 = CARTESIAN_POINT ( 'NONE',  ( 0.02791988914125057400, 0.09499999999999995900, 0.01423027567717137300 ) ) ;
#1373 = ORIENTED_EDGE ( 'NONE', *, *, #1850, .T. ) ;
#1374 = B_SPLINE_SURFACE_WITH_KNOTS ( 'NONE', 3, 1, ( 
 ( #4768, #2144 ),
 ( #2922, #7309 ),
 ( #3537, #7935 ),
 ( #4166, #412 ),
 ( #4794, #1052 ),
 ( #5440, #1674 ),
 ( #6060, #2308 ),
 ( #6694, #2946 ),
 ( #7339, #3570 ),
 ( #7960, #4195 ),
 ( #444, #4819 ),
 ( #1079, #5470 ),
 ( #1703, #6088 ),
 ( #2336, #6728 ),
 ( #2975, #7366 ),
 ( #3601, #7991 ),
 ( #4221, #469 ) ),
 .UNSPECIFIED., .F., .F., .F.,
 ( 4, 1, 1, 1, 1, 1, 1, 1, 1, 1, 1, 1, 1, 1, 4 ),
 ( 2, 2 ),
 ( 0.0000000000000000000, 0.07020517808987979100, 0.1363413430605458500, 0.1992951207896907200, 0.2601378863540589900, 0.3202716350389704400, 0.3792260109267419100, 0.4383206078785153400, 0.4982705630700375300, 0.5587826589818444300, 0.6202365539798346800, 0.6815269857411097000, 0.7444807634702547100, 0.8715719531008470100, 1.000000000000000000 ),
 ( 0.0000000000000000000, 1.000000000000000000 ),
 .UNSPECIFIED. ) ;
#1375 = DIRECTION ( 'NONE',  ( -0.0000000000000000000, 1.000000000000000000, -0.0000000000000000000 ) ) ;
#1376 = DIRECTION ( 'NONE',  ( 0.8660254037844386000, 0.0000000000000000000, -0.4999999999999998900 ) ) ;
#1377 = ORIENTED_EDGE ( 'NONE', *, *, #6261, .F. ) ;
#1378 = CARTESIAN_POINT ( 'NONE',  ( -0.02578982245958679300, 0.09750000000000000300, -0.04887457452220445700 ) ) ;
#1379 = CARTESIAN_POINT ( 'NONE',  ( 1.634428777872334700E-016, 0.2441743326527538400, 1.316079436346121700 ) ) ;
#1380 = FACE_OUTER_BOUND ( 'NONE', #4702, .T. ) ;
#1381 = ORIENTED_EDGE ( 'NONE', *, *, #6170, .T. ) ;
#1382 = ORIENTED_EDGE ( 'NONE', *, *, #5725, .T. ) ;
#1383 = CARTESIAN_POINT ( 'NONE',  ( 0.1117403810567663600, 0.09999999999999999200, 0.05296633369868356000 ) ) ;
#1384 = DIRECTION ( 'NONE',  ( 0.0000000000000000000, 0.0000000000000000000, 1.000000000000000000 ) ) ;
#1385 = VERTEX_POINT ( 'NONE', #1560 ) ;
#1386 = B_SPLINE_CURVE_WITH_KNOTS ( 'NONE', 3,
 ( #954, #7161, #2215, #6596, #2848, #7241, #3479, #7864, #4100, #344, #4726, #981, #5368, #1605 ),
 .UNSPECIFIED., .F., .F.,
 ( 4, 2, 2, 2, 2, 2, 4 ),
 ( 0.0000000000000000000, 0.0003725718245352890400, 0.0005588577368029336100, 0.0007451436490705780800, 0.001117715473605867200, 0.001304001385873511700, 0.001490287298141156200 ),
 .UNSPECIFIED. ) ;
#1387 = CARTESIAN_POINT ( 'NONE',  ( -0.0004600600896609105700, 0.09750000000000000300, 0.01397429987681226400 ) ) ;
#1388 = CIRCLE ( 'NONE', #1292, 1.775000000000000100 ) ;
#1389 = CARTESIAN_POINT ( 'NONE',  ( 0.0000000000000000000, 4.750000000000000000, 0.0000000000000000000 ) ) ;
#1390 = DIRECTION ( 'NONE',  ( -0.5000000000000001100, -0.0000000000000000000, -0.8660254037844384900 ) ) ;
#1391 = ORIENTED_EDGE ( 'NONE', *, *, #3323, .F. ) ;
#1392 = ORIENTED_EDGE ( 'NONE', *, *, #780, .T. ) ;
#1393 = CARTESIAN_POINT ( 'NONE',  ( 0.02729208827705991900, 0.09500000000000001500, 0.07124634493203499400 ) ) ;
#1394 = VECTOR ( 'NONE', #345, 39.37007874015748100 ) ;
#1395 = ORIENTED_EDGE ( 'NONE', *, *, #7007, .T. ) ;
#1396 = AXIS2_PLACEMENT_3D ( 'NONE', #3661, #8048, #4283 ) ;
#1397 = DIRECTION ( 'NONE',  ( 0.0000000000000000000, 0.0000000000000000000, -1.000000000000000000 ) ) ;
#1398 = AXIS2_PLACEMENT_3D ( 'NONE', #2544, #6939, #3171 ) ;
#1399 = CIRCLE ( 'NONE', #7859, 1.846875000000000500 ) ;
#1400 = CARTESIAN_POINT ( 'NONE',  ( 0.0000000000000000000, 1.469344986626658600, 0.0000000000000000000 ) ) ;
#1401 = ORIENTED_EDGE ( 'NONE', *, *, #669, .T. ) ;
#1402 = ORIENTED_EDGE ( 'NONE', *, *, #5672, .T. ) ;
#1403 = ADVANCED_FACE ( 'NONE', ( #1824 ), #3499, .F. ) ;
#1404 = CARTESIAN_POINT ( 'NONE',  ( 0.03368958753306175400, 0.09750000000000001700, -0.005463054289519501400 ) ) ;
#1405 = DIRECTION ( 'NONE',  ( -0.0000000000000000000, 1.000000000000000000, -0.0000000000000000000 ) ) ;
#1406 = CARTESIAN_POINT ( 'NONE',  ( -0.1002324962341835100, 0.08999999999999999700, 0.02900174788186525600 ) ) ;
#1407 = CARTESIAN_POINT ( 'NONE',  ( -0.04089437905842301100, 0.09500000000000001500, -0.03560598863874663000 ) ) ;
#1408 = FACE_OUTER_BOUND ( 'NONE', #1949, .T. ) ;
#1409 = CARTESIAN_POINT ( 'NONE',  ( 0.01829301996477653000, 0.09750000000000000300, 0.06177161566084783000 ) ) ;
#1410 = VERTEX_POINT ( 'NONE', #4054 ) ;
#1411 = CARTESIAN_POINT ( 'NONE',  ( -0.01473601707424073000, 0.09749999999999998900, 0.02567900939449241400 ) ) ;
#1412 = AXIS2_PLACEMENT_3D ( 'NONE', #8057, #401, #3044 ) ;
#1413 = DIRECTION ( 'NONE',  ( -0.0000000000000000000, 1.000000000000000000, -0.0000000000000000000 ) ) ;
#1414 = CIRCLE ( 'NONE', #3404, 1.002319221306503700 ) ;
#1415 = DIRECTION ( 'NONE',  ( 0.0000000000000000000, 0.0000000000000000000, -1.000000000000000000 ) ) ;
#1416 = PERSON_AND_ORGANIZATION ( #62, #3099 ) ;
#1417 = CARTESIAN_POINT ( 'NONE',  ( 0.01188901233475537500, 0.09749999999999998900, -0.02738724110164313100 ) ) ;
#1418 = EDGE_CURVE ( 'NONE', #1099, #4319, #4955, .T. ) ;
#1419 = CARTESIAN_POINT ( 'NONE',  ( 0.0000000000000000000, 0.2523140909808909700, 0.0000000000000000000 ) ) ;
#1420 = DIRECTION ( 'NONE',  ( 0.0000000000000000000, 0.0000000000000000000, -1.000000000000000000 ) ) ;
#1421 = CARTESIAN_POINT ( 'NONE',  ( 0.02823187983613609900, 0.09750000000000000300, 0.06652720450933809200 ) ) ;
#1422 = FACE_OUTER_BOUND ( 'NONE', #4603, .T. ) ;
#1423 = CONICAL_SURFACE ( 'NONE', #4927, 1.375000000000000000, 0.1745329251994297000 ) ;
#1424 = EDGE_CURVE ( 'NONE', #28, #6069, #5150, .T. ) ;
#1425 = CARTESIAN_POINT ( 'NONE',  ( -0.02981996966422978400, 0.09750000000000001700, -0.01076125305141222400 ) ) ;
#1426 = DIRECTION ( 'NONE',  ( 0.0000000000000000000, 0.0000000000000000000, -1.000000000000000000 ) ) ;
#1427 = CARTESIAN_POINT ( 'NONE',  ( -0.008661626042810542000, 0.09500000000000001500, 0.06201516382251139700 ) ) ;
#1428 = ORIENTED_EDGE ( 'NONE', *, *, #1054, .T. ) ;
#1429 = EDGE_LOOP ( 'NONE', ( #6601, #2197, #3938, #6345 ) ) ;
#1430 = CARTESIAN_POINT ( 'NONE',  ( 2.154612962249874800E-016, 0.0000000000000000000, -1.759375000000000100 ) ) ;
#1431 = CIRCLE ( 'NONE', #1460, 0.04999999999999999600 ) ;
#1432 = CARTESIAN_POINT ( 'NONE',  ( 0.0000000000000000000, 0.06874999999999997800, 0.0000000000000000000 ) ) ;
#1433 = CARTESIAN_POINT ( 'NONE',  ( 0.0000000000000000000, 3.625297493313865500, 0.0000000000000000000 ) ) ;
#1434 = CARTESIAN_POINT ( 'NONE',  ( -0.04829688803537646900, 0.09749999999999998900, -0.008923741929030604800 ) ) ;
#1435 = EDGE_CURVE ( 'NONE', #6069, #6445, #6629, .T. ) ;
#1436 = DIRECTION ( 'NONE',  ( -0.0000000000000000000, 1.000000000000000000, -0.0000000000000000000 ) ) ;
#1437 = DIRECTION ( 'NONE',  ( 0.0000000000000000000, 0.9978890110698353000, 0.06494244826048865800 ) ) ;
#1438 = CIRCLE ( 'NONE', #787, 1.759375000000000100 ) ;
#1439 = DIRECTION ( 'NONE',  ( -1.000000000000000000, -0.0000000000000000000, -0.0000000000000000000 ) ) ;
#1440 = DIRECTION ( 'NONE',  ( 1.224646799147345100E-016, 0.0000000000000000000, -1.000000000000000000 ) ) ;
#1441 = CARTESIAN_POINT ( 'NONE',  ( 0.02803964663553291600, 0.09750000000000021100, 0.06171932372712024600 ) ) ;
#1442 = ADVANCED_FACE ( 'NONE', ( #155 ), #1423, .T. ) ;
#1443 = DIRECTION ( 'NONE',  ( 0.8660254037844369300, 0.0000000000000000000, 0.5000000000000030000 ) ) ;
#1444 = ORIENTED_EDGE ( 'NONE', *, *, #1101, .F. ) ;
#1445 = AXIS2_PLACEMENT_3D ( 'NONE', #6623, #2876, #7268 ) ;
#1446 = CARTESIAN_POINT ( 'NONE',  ( 0.03375000000000009900, 0.09499999999999998700, -0.009242876838235297700 ) ) ;
#1447 = CARTESIAN_POINT ( 'NONE',  ( -0.01091947307047289400, 0.09999999999999999200, 0.02902691917071455500 ) ) ;
#1448 = CIRCLE ( 'NONE', #4614, 0.005000000000000002700 ) ;
#1449 = VERTEX_POINT ( 'NONE', #2245 ) ;
#1450 = AXIS2_PLACEMENT_3D ( 'NONE', #1433, #5812, #2062 ) ;
#1451 = CARTESIAN_POINT ( 'NONE',  ( 0.0000000000000000000, 4.156250000000000000, 0.0000000000000000000 ) ) ;
#1452 = DIRECTION ( 'NONE',  ( 1.000000000000000000, 0.0000000000000000000, 0.0000000000000000000 ) ) ;
#1453 = DIRECTION ( 'NONE',  ( 0.01681993148322188200, 0.0000000000000000000, 0.9998585349462692000 ) ) ;
#1454 = B_SPLINE_SURFACE_WITH_KNOTS ( 'NONE', 3, 1, ( 
 ( #6860, #590 ),
 ( #1854, #6253 ),
 ( #2490, #6880 ),
 ( #3119, #7513 ),
 ( #3746, #8134 ),
 ( #4371, #618 ),
 ( #4999, #1253 ),
 ( #5639, #1875 ),
 ( #6275, #2517 ),
 ( #6907, #3140 ),
 ( #7539, #3774 ) ),
 .UNSPECIFIED., .F., .F., .F.,
 ( 4, 1, 1, 1, 1, 1, 1, 1, 4 ),
 ( 2, 2 ),
 ( 0.0000000000000000000, 0.1987149676772334000, 0.3722894158278536900, 0.5139355821223913200, 0.6305632926933283400, 0.7309500766322834000, 0.8178124737178549300, 0.9018486964529165400, 1.000000000000000000 ),
 ( 0.0000000000000000000, 1.000000000000000000 ),
 .UNSPECIFIED. ) ;
#1455 = CARTESIAN_POINT ( 'NONE',  ( -0.02452133493983423000, 0.09750000000000001700, 0.04724518869800793000 ) ) ;
#1456 = DIRECTION ( 'NONE',  ( 0.5000000000000001100, 0.0000000000000000000, 0.8660254037844384900 ) ) ;
#1457 = ORIENTED_EDGE ( 'NONE', *, *, #2170, .F. ) ;
#1458 = ORIENTED_EDGE ( 'NONE', *, *, #4510, .T. ) ;
#1459 = CARTESIAN_POINT ( 'NONE',  ( -0.009999999999999991500, 0.09999999999999999200, -0.1182531754730548500 ) ) ;
#1460 = AXIS2_PLACEMENT_3D ( 'NONE', #2685, #7086, #3320 ) ;
#1461 = DIRECTION ( 'NONE',  ( 0.5000000000000031100, 0.0000000000000000000, -0.8660254037844370400 ) ) ;
#1462 = ADVANCED_FACE ( 'NONE', ( #3296 ), #3103, .F. ) ;
#1463 = DIRECTION ( 'NONE',  ( 0.0000000000000000000, 0.0000000000000000000, 1.000000000000000000 ) ) ;
#1464 = ORIENTED_EDGE ( 'NONE', *, *, #422, .T. ) ;
#1465 = CARTESIAN_POINT ( 'NONE',  ( -0.02710511203144478100, 0.09999999999999999200, -0.01273105788370897100 ) ) ;
#1467 = EDGE_LOOP ( 'NONE', ( #7012, #2269, #3021 ) ) ;
#1466 = ORIENTED_EDGE ( 'NONE', *, *, #1163, .F. ) ;
#1468 = EDGE_CURVE ( 'NONE', #903, #3420, #8107, .T. ) ;
#1469 = CARTESIAN_POINT ( 'NONE',  ( 0.005006234368330171900, 0.09999999999999999200, -0.05021484498702167400 ) ) ;
#1470 = CARTESIAN_POINT ( 'NONE',  ( 1.227487026096877400E-016, 0.0000000000000000000, 1.002319221306503700 ) ) ;
#1471 = DIRECTION ( 'NONE',  ( 0.8660254037844380400, 0.0000000000000000000, -0.5000000000000010000 ) ) ;
#1472 = CARTESIAN_POINT ( 'NONE',  ( 0.02537958471785029300, 0.09999999999999999200, 0.05709733942303078100 ) ) ;
#1473 = CARTESIAN_POINT ( 'NONE',  ( -0.03596566599162394400, 0.09999999999999999200, -0.04579197287048556600 ) ) ;
#1474 = EDGE_CURVE ( 'NONE', #3454, #7830, #6429, .T. ) ;
#1475 = CARTESIAN_POINT ( 'NONE',  ( 0.09676293711875674800, 0.09338892003002506600, 0.09021224521018950100 ) ) ;
#1476 = CARTESIAN_POINT ( 'NONE',  ( 0.003156182228793557400, 0.09999999999999999200, 0.06147311627917216600 ) ) ;
#1477 = VECTOR ( 'NONE', #281, 39.37007874015748100 ) ;
#1478 = CARTESIAN_POINT ( 'NONE',  ( -0.02804962147041985300, 0.1000000000000000100, 0.0003234015086215785700 ) ) ;
#1479 = CARTESIAN_POINT ( 'NONE',  ( -0.03060836352509636200, 0.09500000000000001500, 0.02358009667942764800 ) ) ;
#1480 = B_SPLINE_CURVE_WITH_KNOTS ( 'NONE', 3,
 ( #1720, #1091, #4836, #2353, #6750, #2991, #7381, #3617 ),
 .UNSPECIFIED., .F., .F.,
 ( 4, 2, 2, 4 ),
 ( 0.0000000000000000000, 0.0001502676266795059100, 0.0003005352533590118300, 0.0006010705067180235400 ),
 .UNSPECIFIED. ) ;
#1481 = DIRECTION ( 'NONE',  ( 0.0000000000000000000, 0.0000000000000000000, -1.000000000000000000 ) ) ;
#1482 = ADVANCED_FACE ( 'NONE', ( #4756 ), #6246, .T. ) ;
#1483 = EDGE_CURVE ( 'NONE', #7794, #4491, #4558, .T. ) ;
#1484 = DIRECTION ( 'NONE',  ( 0.0000000000000000000, 0.0000000000000000000, -1.000000000000000000 ) ) ;
#1485 = CARTESIAN_POINT ( 'NONE',  ( 0.06910898384862240700, 0.08999999999999999700, 0.01680607966083902400 ) ) ;
#1486 = EDGE_LOOP ( 'NONE', ( #1862, #2244, #6360, #6302 ) ) ;
#1487 = ORIENTED_EDGE ( 'NONE', *, *, #733, .F. ) ;
#1488 = DIRECTION ( 'NONE',  ( -0.0000000000000000000, 1.000000000000000000, -0.0000000000000000000 ) ) ;
#1489 = ORIENTED_EDGE ( 'NONE', *, *, #3376, .T. ) ;
#1490 = CARTESIAN_POINT ( 'NONE',  ( 0.03094118617535881000, 0.09500000000000002900, 0.008386655655651565800 ) ) ;
#1491 = CARTESIAN_POINT ( 'NONE',  ( -0.007104802124776051800, 0.09750000000000000300, 0.01430375394315961900 ) ) ;
#1492 = LINE ( 'NONE', #69, #6105 ) ;
#1493 = CARTESIAN_POINT ( 'NONE',  ( -0.01989049231998064200, 0.09999999999999952000, -0.03527994825617542000 ) ) ;
#1494 = AXIS2_PLACEMENT_3D ( 'NONE', #3969, #204, #4591 ) ;
#1495 = CARTESIAN_POINT ( 'NONE',  ( 0.03137630588598334900, 0.09999999999999999200, -0.03239858524951597800 ) ) ;
#1496 = DIRECTION ( 'NONE',  ( 0.0000000000000000000, 0.0000000000000000000, 1.000000000000000000 ) ) ;
#1497 = CARTESIAN_POINT ( 'NONE',  ( 0.01286675258378361600, 0.09999999999999999200, -0.01092727796459965800 ) ) ;
#1498 = CARTESIAN_POINT ( 'NONE',  ( 0.003178026183220867800, 0.09999999999999997800, 0.02958174736456624400 ) ) ;
#1499 = ORIENTED_EDGE ( 'NONE', *, *, #2955, .T. ) ;
#1500 = CARTESIAN_POINT ( 'NONE',  ( 0.0000000000000000000, 4.750000000000000000, 1.909375000000000700 ) ) ;
#1501 = FACE_OUTER_BOUND ( 'NONE', #1076, .T. ) ;
#1502 = DIRECTION ( 'NONE',  ( -0.0000000000000000000, 1.000000000000000000, -0.0000000000000000000 ) ) ;
#1503 = CARTESIAN_POINT ( 'NONE',  ( -0.08921567255182943900, 0.09370359062126555600, 0.01912858318788466000 ) ) ;
#1504 =( BOUNDED_CURVE ( )  B_SPLINE_CURVE ( 3, ( #910, #4654, #1539, #5916 ),
 .UNSPECIFIED., .F., .F. ) 
 B_SPLINE_CURVE_WITH_KNOTS ( ( 4, 4 ),
 ( 3.141592653589790000, 4.712388980384689700 ),
 .UNSPECIFIED. ) 
 CURVE ( )  GEOMETRIC_REPRESENTATION_ITEM ( )  RATIONAL_B_SPLINE_CURVE ( ( 1.000000000000000000, 0.8047378541243643800, 0.8047378541243643800, 1.000000000000000000 ) ) 
 REPRESENTATION_ITEM ( '' )  );
#1505 = CARTESIAN_POINT ( 'NONE',  ( 0.09008180111144165100, 0.09000128434752946400, 0.08211346610377609500 ) ) ;
#1506 = CARTESIAN_POINT ( 'NONE',  ( 0.01712741373822105100, 0.09750000000000039200, 0.06213441204318214500 ) ) ;
#1507 = DIRECTION ( 'NONE',  ( 0.0000000000000000000, 0.0000000000000000000, 1.000000000000000000 ) ) ;
#1508 = CIRCLE ( 'NONE', #4526, 1.825000000000000000 ) ;
#1509 = ADVANCED_FACE ( 'NONE', ( #1234 ), #5252, .F. ) ;
#1510 = ORIENTED_EDGE ( 'NONE', *, *, #3073, .T. ) ;
#1511 = CARTESIAN_POINT ( 'NONE',  ( 2.296212748401288000E-016, 4.750000000000000000, -1.875000000000000700 ) ) ;
#1512 = FACE_OUTER_BOUND ( 'NONE', #7294, .T. ) ;
#1513 = AXIS2_PLACEMENT_3D ( 'NONE', #4075, #318, #4698 ) ;
#1514 = DIRECTION ( 'NONE',  ( 0.0000000000000000000, 0.0000000000000000000, 1.000000000000000000 ) ) ;
#1515 = DIRECTION ( 'NONE',  ( -0.0000000000000000000, 1.000000000000000000, -0.0000000000000000000 ) ) ;
#1516 = EDGE_LOOP ( 'NONE', ( #4563, #1020, #1382, #1178 ) ) ;
#1517 = CARTESIAN_POINT ( 'NONE',  ( 0.1119162458081868200, 0.09999999999999999200, 0.05003638226374618200 ) ) ;
#1518 = EDGE_CURVE ( 'NONE', #7736, #3984, #6030, .T. ) ;
#1519 = DIRECTION ( 'NONE',  ( 0.0000000000000000000, 0.0000000000000000000, -1.000000000000000000 ) ) ;
#1520 = FACE_OUTER_BOUND ( 'NONE', #4020, .T. ) ;
#1521 = CARTESIAN_POINT ( 'NONE',  ( -0.02769750509683320200, 0.09499999999999995900, 0.007934531633803988300 ) ) ;
#1522 = VECTOR ( 'NONE', #3765, 39.37007874015748100 ) ;
#1523 = VECTOR ( 'NONE', #7129, 39.37007874015748100 ) ;
#1524 = CARTESIAN_POINT ( 'NONE',  ( -0.01171624163984057700, 0.09749999999999996200, -0.03878438506530960300 ) ) ;
#1525 = AXIS2_PLACEMENT_3D ( 'NONE', #5517, #6764, #1761 ) ;
#1526 = CARTESIAN_POINT ( 'NONE',  ( 0.03375746602714939400, 0.09749999999999998900, -0.008768204327775178500 ) ) ;
#1527 = CARTESIAN_POINT ( 'NONE',  ( 0.02684058445881357500, 0.09749999999999998900, 0.05992781023449637900 ) ) ;
#1528 = CARTESIAN_POINT ( 'NONE',  ( 0.01522674830606583200, 0.09832728689608026500, -0.01093692418943062500 ) ) ;
#1529 = ADVANCED_FACE ( 'NONE', ( #7711 ), #7519, .F. ) ;
#1530 = CIRCLE ( 'NONE', #1080, 0.03124999999999997600 ) ;
#1531 = EDGE_LOOP ( 'NONE', ( #4942, #4200, #1549, #4480 ) ) ;
#1532 = CARTESIAN_POINT ( 'NONE',  ( 0.0000000000000000000, 1.500297493313020900, 0.0000000000000000000 ) ) ;
#1533 = CONICAL_SURFACE ( 'NONE', #2571, 1.944730339059328500, 0.7853981633974422800 ) ;
#1534 = DIRECTION ( 'NONE',  ( -0.0000000000000000000, 1.000000000000000000, -0.0000000000000000000 ) ) ;
#1535 = EDGE_CURVE ( 'NONE', #2198, #4210, #1617, .T. ) ;
#1536 = CARTESIAN_POINT ( 'NONE',  ( -0.09428550546924674400, 0.09045466218700082300, 0.02295387357686682500 ) ) ;
#1537 = CARTESIAN_POINT ( 'NONE',  ( -0.08972599025004590600, 0.09499999999999998700, 0.01831701167016399500 ) ) ;
#1538 = CARTESIAN_POINT ( 'NONE',  ( 0.02425942895090303300, 0.1000000000000004100, 0.05974536671506950500 ) ) ;
#1539 = CARTESIAN_POINT ( 'NONE',  ( -0.1145811216424983800, 0.08999999999999999700, 0.03390389104934166800 ) ) ;
#1540 = EDGE_CURVE ( 'NONE', #5294, #5680, #4362, .T. ) ;
#1541 = CARTESIAN_POINT ( 'NONE',  ( -0.02220582249288735600, 0.1000000000000000100, 0.01091617946950950600 ) ) ;
#1542 = ORIENTED_EDGE ( 'NONE', *, *, #5103, .T. ) ;
#1543 = ORIENTED_EDGE ( 'NONE', *, *, #6945, .T. ) ;
#1544 = CARTESIAN_POINT ( 'NONE',  ( 1.806210843310419000E-016, 1.531250000000000200, 1.474883080221965500 ) ) ;
#1545 = ORIENTED_EDGE ( 'NONE', *, *, #7327, .T. ) ;
#1546 = CARTESIAN_POINT ( 'NONE',  ( 0.1055801270362185500, 0.09565461545040961100, 0.04363620668974749200 ) ) ;
#1547 = VECTOR ( 'NONE', #6393, 39.37007874015748100 ) ;
#1548 = CARTESIAN_POINT ( 'NONE',  ( -0.005969317628002775700, 0.09976781598179310100, 0.01292641052912910300 ) ) ;
#1549 = ORIENTED_EDGE ( 'NONE', *, *, #1418, .F. ) ;
#1550 = ORIENTED_EDGE ( 'NONE', *, *, #4406, .T. ) ;
#1551 = ORIENTED_EDGE ( 'NONE', *, *, #429, .T. ) ;
#1552 = ADVANCED_FACE ( 'NONE', ( #4164 ), #7326, .T. ) ;
#1553 = DIRECTION ( 'NONE',  ( 1.000000000000000000, 0.0000000000000000000, -1.224646799147353200E-016 ) ) ;
#1554 = DIRECTION ( 'NONE',  ( 0.0000000000000000000, 1.000000000000000000, 0.0000000000000000000 ) ) ;
#1555 = DIRECTION ( 'NONE',  ( 0.0000000000000000000, -1.000000000000000000, 0.0000000000000000000 ) ) ;
#1556 = CARTESIAN_POINT ( 'NONE',  ( 0.0000000000000000000, 4.097698100391279600, 1.707565143007136600 ) ) ;
#1557 = CARTESIAN_POINT ( 'NONE',  ( 0.0000000000000000000, 4.345012756430420200, 0.0000000000000000000 ) ) ;
#1558 = CARTESIAN_POINT ( 'NONE',  ( -0.1202393841304353300, 0.09999999999999999200, 0.03238776418513564200 ) ) ;
#1559 = EDGE_LOOP ( 'NONE', ( #1096, #575, #2297, #7578 ) ) ;
#1560 = CARTESIAN_POINT ( 'NONE',  ( 0.02598076211353176800, 0.09499999999999998700, 0.1515063509461099500 ) ) ;
#1561 = ORIENTED_EDGE ( 'NONE', *, *, #8095, .F. ) ;
#1562 = AXIS2_PLACEMENT_3D ( 'NONE', #3345, #7739, #3977 ) ;
#1563 = CARTESIAN_POINT ( 'NONE',  ( -0.1012499988486224400, 0.09207106781186544200, 0.04113620867400523400 ) ) ;
#1564 = CARTESIAN_POINT ( 'NONE',  ( -0.007748066146000858600, 0.09999999999999999200, 0.01178299415056990400 ) ) ;
#1565 = ORIENTED_EDGE ( 'NONE', *, *, #7231, .F. ) ;
#1566 =( LENGTH_UNIT ( ) NAMED_UNIT ( * ) SI_UNIT ( $, .METRE. ) );
#1567 = ADVANCED_FACE ( 'NONE', ( #2509 ), #3980, .F. ) ;
#1568 = DIRECTION ( 'NONE',  ( -0.5000000000000078800, -0.0000000000000000000, 0.8660254037844340400 ) ) ;
#1569 = AXIS2_PLACEMENT_3D ( 'NONE', #874, #4621, #5856 ) ;
#1570 = DIRECTION ( 'NONE',  ( 0.0000000000000000000, -1.000000000000000000, 0.0000000000000000000 ) ) ;
#1571 = CONICAL_SURFACE ( 'NONE', #6987, 1.709407984202033800, 0.06498818447873799800 ) ;
#1572 = ORIENTED_EDGE ( 'NONE', *, *, #5892, .F. ) ;
#1573 = EDGE_CURVE ( 'NONE', #6001, #2863, #5645, .T. ) ;
#1574 = CARTESIAN_POINT ( 'NONE',  ( -0.008956737384765720400, 0.09927999799558590000, -0.05256075700831843600 ) ) ;
#1575 = CARTESIAN_POINT ( 'NONE',  ( 0.02165063509460958900, 0.09999999999999999200, 0.1490063509461099200 ) ) ;
#1576 = CARTESIAN_POINT ( 'NONE',  ( 0.01536764705882362100, 0.09750000000000000300, -0.01093750000000000300 ) ) ;
#1577 = CARTESIAN_POINT ( 'NONE',  ( -0.1174102528864668400, 0.09500000000000001500, 0.03314582761723866600 ) ) ;
#1578 = TOROIDAL_SURFACE ( 'NONE', #1250, 1.474883080221965500, 0.01562500000000000000 ) ;
#1579 = EDGE_CURVE ( 'NONE', #1068, #3730, #1039, .T. ) ;
#1580 = ORIENTED_EDGE ( 'NONE', *, *, #5250, .T. ) ;
#1581 = CARTESIAN_POINT ( 'NONE',  ( 0.0000000000000000000, 4.096683374637209800, 0.0000000000000000000 ) ) ;
#1582 = ORIENTED_EDGE ( 'NONE', *, *, #7833, .T. ) ;
#1583 = CARTESIAN_POINT ( 'NONE',  ( -0.002033628562705709700, 0.09999999999999999200, 0.02970628604055313200 ) ) ;
#1584 = CARTESIAN_POINT ( 'NONE',  ( -0.01724784973814090500, 0.09999999999999999200, 0.07598540391965399900 ) ) ;
#1585 = CARTESIAN_POINT ( 'NONE',  ( 0.02999999769724537300, 0.09792893218813451800, -0.09825317547305470500 ) ) ;
#1586 = ADVANCED_FACE ( 'NONE', ( #2305 ), #1454, .T. ) ;
#1587 = VERTEX_POINT ( 'NONE', #4346 ) ;
#1588 = VECTOR ( 'NONE', #7773, 39.37007874015748900 ) ;
#1589 = CIRCLE ( 'NONE', #876, 0.004999999999999997500 ) ;
#1590 = AXIS2_PLACEMENT_3D ( 'NONE', #4667, #5308, #2817 ) ;
#1591 = VERTEX_POINT ( 'NONE', #4394 ) ;
#1592 = APPROVAL_STATUS ( 'not_yet_approved' ) ;
#1593 = EDGE_CURVE ( 'NONE', #2877, #7849, #5454, .T. ) ;
#1594 = LINE ( 'NONE', #6599, #1394 ) ;
#1595 = EDGE_LOOP ( 'NONE', ( #4289, #4972, #521, #4059 ) ) ;
#1596 = DIRECTION ( 'NONE',  ( 0.0000000000000000000, 0.0000000000000000000, 1.000000000000000000 ) ) ;
#1597 = DIRECTION ( 'NONE',  ( -0.0000000000000000000, -1.000000000000000000, 0.0000000000000000000 ) ) ;
#1598 = CARTESIAN_POINT ( 'NONE',  ( 0.1067403810567663400, 0.09499999999999998700, 0.06162658773652787700 ) ) ;
#1599 = VECTOR ( 'NONE', #5176, 39.37007874015748900 ) ;
#1600 = DIRECTION ( 'NONE',  ( -0.5000000000000078800, 0.0000000000000000000, 0.8660254037844341600 ) ) ;
#1601 = ORIENTED_EDGE ( 'NONE', *, *, #2903, .F. ) ;
#1602 = EDGE_LOOP ( 'NONE', ( #442, #3722, #2622 ) ) ;
#1603 = CARTESIAN_POINT ( 'NONE',  ( 0.09508974596215549700, 0.09792893218813450400, 0.03180607966083911400 ) ) ;
#1604 = CARTESIAN_POINT ( 'NONE',  ( -0.09833452290119983100, 0.09999999999999999200, 0.04618596114318628700 ) ) ;
#1605 = CARTESIAN_POINT ( 'NONE',  ( -0.002038143382352846900, 0.09750000000000000300, 0.02720588235294116700 ) ) ;
#1606 =( BOUNDED_CURVE ( )  B_SPLINE_CURVE ( 3, ( #4051, #1558, #958, #1577 ),
 .UNSPECIFIED., .F., .F. ) 
 B_SPLINE_CURVE_WITH_KNOTS ( ( 4, 4 ),
 ( 4.712388980384689700, 6.283185307179582700 ),
 .UNSPECIFIED. ) 
 CURVE ( )  GEOMETRIC_REPRESENTATION_ITEM ( )  RATIONAL_B_SPLINE_CURVE ( ( 1.000000000000000000, 0.8047378541243658300, 0.8047378541243658300, 1.000000000000000000 ) ) 
 REPRESENTATION_ITEM ( '' )  );
#1607 = CARTESIAN_POINT ( 'NONE',  ( 0.0000000000000000000, 0.09999999999999999200, 0.0000000000000000000 ) ) ;
#1608 = LINE ( 'NONE', #3031, #4743 ) ;
#1609 = CARTESIAN_POINT ( 'NONE',  ( 0.02500850670410879900, 0.09500000000000002900, 0.07312060296586504700 ) ) ;
#1610 = ORIENTED_EDGE ( 'NONE', *, *, #2809, .F. ) ;
#1611 = CARTESIAN_POINT ( 'NONE',  ( 1.683889348827610500E-016, 0.0000000000000000000, 1.375000000000000000 ) ) ;
#1612 = CARTESIAN_POINT ( 'NONE',  ( -0.002038143382352846900, 0.09750000000000000300, 0.02720588235294116700 ) ) ;
#1613 = CYLINDRICAL_SURFACE ( 'NONE', #2134, 0.005000000000000006200 ) ;
#1614 = DIRECTION ( 'NONE',  ( -0.0000000000000000000, 1.000000000000000000, -0.0000000000000000000 ) ) ;
#1615 = AXIS2_PLACEMENT_3D ( 'NONE', #5509, #1756, #6147 ) ;
#1616 = ORIENTED_EDGE ( 'NONE', *, *, #6444, .F. ) ;
#1617 = LINE ( 'NONE', #2432, #2704 ) ;
#1618 = CARTESIAN_POINT ( 'NONE',  ( 0.0000000000000000000, 4.670450487116513100, 0.0000000000000000000 ) ) ;
#1619 = CARTESIAN_POINT ( 'NONE',  ( -0.02760719788453967400, 0.1000000000000024600, 0.03999093056425485200 ) ) ;
#1620 = EDGE_CURVE ( 'NONE', #224, #1856, #7130, .T. ) ;
#1621 = CARTESIAN_POINT ( 'NONE',  ( -0.1267740074471989900, 0.09499999999999998700, 0.03970669437188221300 ) ) ;
#1622 = DIRECTION ( 'NONE',  ( -0.5000000000000037700, 0.0000000000000000000, 0.8660254037844366000 ) ) ;
#1623 = ADVANCED_FACE ( 'NONE', ( #2113, #3782 ), #6301, .T. ) ;
#1624 = CARTESIAN_POINT ( 'NONE',  ( 0.0000000000000000000, 3.656249999999999600, 0.0000000000000000000 ) ) ;
#1625 = ORIENTED_EDGE ( 'NONE', *, *, #3151, .F. ) ;
#1626 = CARTESIAN_POINT ( 'NONE',  ( 2.036805272719686500E-016, 3.656249999999999600, 1.663177721231778900 ) ) ;
#1627 = DIRECTION ( 'NONE',  ( 0.0000000000000000000, 0.0000000000000000000, -1.000000000000000000 ) ) ;
#1628 = LINE ( 'NONE', #2654, #8114 ) ;
#1629 = EDGE_CURVE ( 'NONE', #4251, #1288, #6929, .T. ) ;
#1630 = B_SPLINE_SURFACE_WITH_KNOTS ( 'NONE', 3, 1, ( 
 ( #5846, #865 ),
 ( #5245, #1491 ),
 ( #5874, #2126 ),
 ( #6509, #2760 ),
 ( #7157, #3392 ),
 ( #7778, #4016 ),
 ( #259, #4638 ),
 ( #890, #5285 ),
 ( #1521, #5901 ),
 ( #2150, #6538 ),
 ( #2792, #7181 ) ),
 .UNSPECIFIED., .F., .F., .F.,
 ( 4, 1, 1, 1, 1, 1, 1, 1, 4 ),
 ( 2, 2 ),
 ( 0.0000000000000000000, 0.1284294624135987100, 0.2580174762350572700, 0.3861752566505377600, 0.5140515386217517900, 0.6404081131637217000, 0.7648615049840988800, 0.8851240539521625400, 0.9502096017101049300 ),
 ( 0.0000000000000000000, 1.000000000000000000 ),
 .UNSPECIFIED. ) ;
#1631 = AXIS2_PLACEMENT_3D ( 'NONE', #1803, #6190, #2431 ) ;
#1632 = CARTESIAN_POINT ( 'NONE',  ( 0.01532620981129773200, 0.09999999999999999200, -0.01226778256485514300 ) ) ;
#1633 = CARTESIAN_POINT ( 'NONE',  ( -0.1012499988486224700, 0.09499999999999998700, 0.04113620867400524100 ) ) ;
#1634 = CARTESIAN_POINT ( 'NONE',  ( 0.009507133978936214300, 0.1000000000000000100, 0.07922662706666464000 ) ) ;
#1635 = DIRECTION ( 'NONE',  ( 0.0000000000000000000, 0.0000000000000000000, -1.000000000000000000 ) ) ;
#1636 = EDGE_CURVE ( 'NONE', #3624, #4423, #441, .T. ) ;
#1637 = TOROIDAL_SURFACE ( 'NONE', #1213, 1.362242299768568600, 0.04687499999999999300 ) ;
#1638 = VERTEX_POINT ( 'NONE', #2541 ) ;
#1639 = CARTESIAN_POINT ( 'NONE',  ( 0.003343050291316511000, 0.09987740707046460800, 0.06229253068047364800 ) ) ;
#1640 = CARTESIAN_POINT ( 'NONE',  ( 0.02814250477153276700, 0.09499999999999998700, -0.08634899701590896500 ) ) ;
#1641 = ORIENTED_EDGE ( 'NONE', *, *, #3625, .T. ) ;
#1642 = EDGE_CURVE ( 'NONE', #4232, #3328, #637, .T. ) ;
#1643 = B_SPLINE_CURVE_WITH_KNOTS ( 'NONE', 3,
 ( #926, #5935, #2822, #7215, #3448, #7840, #4073, #315, #4696, #953, #5346, #1574, #5960, #2214, #6595, #2847, #7240, #3478, #7863 ),
 .UNSPECIFIED., .F., .F.,
 ( 4, 3, 3, 3, 3, 3, 4 ),
 ( -8.117344249903020200E-006, 0.0000000000000000000, 5.942908607005372600E-006, 2.755018021264193400E-005, 4.915356213252026900E-005, 7.075513778270222200E-005, 9.235682704080230600E-005 ),
 .UNSPECIFIED. ) ;
#1644 = ORIENTED_EDGE ( 'NONE', *, *, #4687, .F. ) ;
#1645 = CARTESIAN_POINT ( 'NONE',  ( 2.011433485171370000E-016, 3.624999999999999600, -1.642460084468279700 ) ) ;
#1646 = CIRCLE ( 'NONE', #4196, 1.678769737029744700 ) ;
#1648 = AXIS2_PLACEMENT_3D ( 'NONE', #548, #4923, #1175 ) ;
#1647 = CARTESIAN_POINT ( 'NONE',  ( 0.003878676470588326300, 0.09499999999999998700, 0.07683823529411763800 ) ) ;
#1649 = CARTESIAN_POINT ( 'NONE',  ( -0.01747069602069775000, 0.1000000000000000200, 0.05341677456666459700 ) ) ;
#1650 = DIRECTION ( 'NONE',  ( 0.0000000000000000000, 0.0000000000000000000, -1.000000000000000000 ) ) ;
#1651 = CARTESIAN_POINT ( 'NONE',  ( 0.01962202929500368000, 0.09999999999999997800, -0.04623966326370875700 ) ) ;
#1653 = ORIENTED_EDGE ( 'NONE', *, *, #98, .T. ) ;
#1652 = CARTESIAN_POINT ( 'NONE',  ( -0.004744103151282532000, 0.09749999999999998900, 0.01430740627232625700 ) ) ;
#1654 = B_SPLINE_SURFACE_WITH_KNOTS ( 'NONE', 3, 1, ( 
 ( #2027, #2662 ),
 ( #5771, #3929 ),
 ( #168, #4547 ),
 ( #797, #5177 ),
 ( #1427, #5804 ),
 ( #2053, #6442 ),
 ( #2691, #7091 ),
 ( #3325, #7714 ),
 ( #3952, #191 ),
 ( #4578, #825 ),
 ( #5207, #1455 ),
 ( #5833, #2083 ),
 ( #6472, #2724 ),
 ( #7120, #3350 ),
 ( #7742, #3983 ),
 ( #219, #4601 ),
 ( #855, #5235 ),
 ( #1479, #5865 ) ),
 .UNSPECIFIED., .F., .F., .F.,
 ( 4, 1, 1, 1, 1, 1, 1, 1, 1, 1, 1, 1, 1, 1, 1, 4 ),
 ( 2, 2 ),
 ( 0.0000000000000000000, 0.06804912699146076200, 0.1319502237845342200, 0.1931343601376314700, 0.2518957485710526800, 0.3095731943867955900, 0.3665327657132466100, 0.4232540416421715600, 0.4811498995146227300, 0.5400421112382116600, 0.6004209692569962800, 0.6627746101205634900, 0.7277395243444057000, 0.7943746159090467900, 0.8617783107915049100, 0.9284054503342257200 ),
 ( 0.0000000000000000000, 1.000000000000000000 ),
 .UNSPECIFIED. ) ;
#1655 = VERTEX_POINT ( 'NONE', #5685 ) ;
#1656 = CARTESIAN_POINT ( 'NONE',  ( 0.01143090210470584300, 0.09999999999999996400, -0.02137023311217341900 ) ) ;
#1657 = CARTESIAN_POINT ( 'NONE',  ( 0.09941987298107769800, 0.09499999999999998700, 0.03430607966083912300 ) ) ;
#1658 = CARTESIAN_POINT ( 'NONE',  ( 0.09174038220814333100, 0.09999999999999999200, 0.08760734785581704400 ) ) ;
#1659 = CARTESIAN_POINT ( 'NONE',  ( 0.0000000000000000000, 1.515773746656664800, 0.0000000000000000000 ) ) ;
#1660 = CARTESIAN_POINT ( 'NONE',  ( 0.02995702629216234400, 0.1000000000000000200, 0.07171769782018663800 ) ) ;
#1661 = AXIS2_PLACEMENT_3D ( 'NONE', #145, #4520, #769 ) ;
#1662 = CARTESIAN_POINT ( 'NONE',  ( -0.04898260559256163000, 0.09749999999999998900, 0.007247364434643188700 ) ) ;
#1664 = ORIENTED_EDGE ( 'NONE', *, *, #3576, .F. ) ;
#1663 = VERTEX_POINT ( 'NONE', #2595 ) ;
#1665 = DIRECTION ( 'NONE',  ( 0.0000000000000000000, -1.000000000000000000, 0.0000000000000000000 ) ) ;
#1666 = CARTESIAN_POINT ( 'NONE',  ( -0.04882224408901339500, 0.09499999999999998700, 0.01601510724238835700 ) ) ;
#1667 = CARTESIAN_POINT ( 'NONE',  ( 0.02804199729680305000, 0.09370359062126554200, -0.08682733043954067600 ) ) ;
#1668 = ADVANCED_FACE ( 'NONE', ( #5247 ), #5045, .T. ) ;
#1669 = EDGE_CURVE ( 'NONE', #170, #7556, #5883, .T. ) ;
#1670 = DIRECTION ( 'NONE',  ( 7.953156139100103900E-018, 0.9978890110698350700, -0.06494244826048947700 ) ) ;
#1671 = CIRCLE ( 'NONE', #2923, 0.03125000000000011100 ) ;
#1672 = LINE ( 'NONE', #5275, #1477 ) ;
#1673 = CARTESIAN_POINT ( 'NONE',  ( -0.01999999999999998300, 0.09499999999999998700, -0.1032531754730548600 ) ) ;
#1675 = AXIS2_PLACEMENT_3D ( 'NONE', #4719, #976, #5363 ) ;
#1674 = CARTESIAN_POINT ( 'NONE',  ( 0.002746117534434156000, 0.09750000000000000300, -0.03663589806721372800 ) ) ;
#1676 = CARTESIAN_POINT ( 'NONE',  ( 0.001404294955322352900, 0.09749999999999998900, 0.06391622413915826200 ) ) ;
#1677 = CARTESIAN_POINT ( 'NONE',  ( 0.01088619217771812600, 0.09999999999999999200, 0.06096861119875784900 ) ) ;
#1678 = DIRECTION ( 'NONE',  ( 1.000000000000000000, 0.0000000000000000000, 1.224646799147353200E-016 ) ) ;
#1679 = CARTESIAN_POINT ( 'NONE',  ( 0.004716532346859770800, 0.1000000000000006600, 0.01240681847029217200 ) ) ;
#1680 = LINE ( 'NONE', #6468, #4812 ) ;
#1681 = EDGE_CURVE ( 'NONE', #6251, #3335, #1911, .T. ) ;
#1682 = CARTESIAN_POINT ( 'NONE',  ( 0.005555046713698679300, 0.09749999999999998900, -0.03512074389719093600 ) ) ;
#1683 = VERTEX_POINT ( 'NONE', #1379 ) ;
#1684 = ORIENTED_EDGE ( 'NONE', *, *, #5993, .T. ) ;
#1685 = DIRECTION ( 'NONE',  ( 0.0000000000000000000, 0.0000000000000000000, 1.000000000000000000 ) ) ;
#1686 = CARTESIAN_POINT ( 'NONE',  ( -0.01873786501231257400, 0.09751809353930884800, -0.1188842429668986900 ) ) ;
#1687 = EDGE_LOOP ( 'NONE', ( #4248, #7774, #3470, #843 ) ) ;
#1688 = CARTESIAN_POINT ( 'NONE',  ( 0.0000000000000000000, 0.0000000000000000000, 0.0000000000000000000 ) ) ;
#1689 = CARTESIAN_POINT ( 'NONE',  ( 0.0000000000000000000, 0.0000000000000000000, 1.759375000000000100 ) ) ;
#1690 = FACE_OUTER_BOUND ( 'NONE', #1486, .T. ) ;
#1691 = EDGE_CURVE ( 'NONE', #2533, #1160, #5114, .T. ) ;
#1692 = CARTESIAN_POINT ( 'NONE',  ( -0.04835794374233405600, 0.1000000000000000200, 0.03743000073641746700 ) ) ;
#1693 = DIRECTION ( 'NONE',  ( -0.0000000000000000000, 1.000000000000000000, -0.0000000000000000000 ) ) ;
#1694 = CARTESIAN_POINT ( 'NONE',  ( -0.04066678703854955500, 0.09750000000000000300, 0.05094823306964513900 ) ) ;
#1695 = CARTESIAN_POINT ( 'NONE',  ( 0.02726411510180030300, 0.09045466218700094800, -0.09313057973345728600 ) ) ;
#1696 = FACE_OUTER_BOUND ( 'NONE', #2773, .T. ) ;
#1697 = CARTESIAN_POINT ( 'NONE',  ( 0.01268466311351872100, 0.1000000000000000100, -0.005232417481125713500 ) ) ;
#1698 = ORIENTED_EDGE ( 'NONE', *, *, #7998, .T. ) ;
#1699 = DIRECTION ( 'NONE',  ( -1.000000000000000000, -0.0000000000000000000, -0.0000000000000000000 ) ) ;
#1700 = CIRCLE ( 'NONE', #2436, 1.337757700231430900 ) ;
#1701 = CARTESIAN_POINT ( 'NONE',  ( -0.04232510442745769700, 0.09500000000000001500, 0.04742775584386784600 ) ) ;
#1702 = EDGE_LOOP ( 'NONE', ( #2376, #1731, #2120, #1067 ) ) ;
#1703 = CARTESIAN_POINT ( 'NONE',  ( 0.01334982235644386100, 0.09499999999999997300, -0.02362620690294496200 ) ) ;
#1704 = CARTESIAN_POINT ( 'NONE',  ( 0.0000000000000000000, 1.529220548491857700, 1.506067111817897700 ) ) ;
#1705 = TOROIDAL_SURFACE ( 'NONE', #4081, 1.743749999999999900, 0.03125000000000000000 ) ;
#1706 = ADVANCED_FACE ( 'NONE', ( #6724 ), #50, .F. ) ;
#1707 = DIRECTION ( 'NONE',  ( -0.0000000000000000000, 1.000000000000000000, -0.0000000000000000000 ) ) ;
#1708 = CARTESIAN_POINT ( 'NONE',  ( 0.03499999769724545400, 0.09499999999999998700, -0.1182531754730546900 ) ) ;
#1709 = CARTESIAN_POINT ( 'NONE',  ( 0.01082648747703279100, 0.09999999999999999200, 0.003090692208345071100 ) ) ;
#1710 = AXIS2_PLACEMENT_3D ( 'NONE', #3797, #38, #4415 ) ;
#1711 = ORIENTED_EDGE ( 'NONE', *, *, #3641, .T. ) ;
#1712 = CARTESIAN_POINT ( 'NONE',  ( -0.006174854473409517800, 0.09999999999999999200, -0.03894010608037577800 ) ) ;
#1713 = DIRECTION ( 'NONE',  ( 0.0000000000000000000, -1.000000000000000000, 0.0000000000000000000 ) ) ;
#1714 = AXIS2_PLACEMENT_3D ( 'NONE', #1727, #6118, #2361 ) ;
#1715 = FACE_OUTER_BOUND ( 'NONE', #7304, .T. ) ;
#1716 = CARTESIAN_POINT ( 'NONE',  ( 0.02499999769724543400, 0.08999999999999999700, -0.1132531754730547200 ) ) ;
#1717 = CIRCLE ( 'NONE', #6439, 0.01562499999999991800 ) ;
#1718 = TOROIDAL_SURFACE ( 'NONE', #413, 1.362242299768568600, 0.04687499999999999300 ) ;
#1719 = CARTESIAN_POINT ( 'NONE',  ( -0.03564671071318327400, 0.09999999999999810400, 0.05938789090943395700 ) ) ;
#1720 = CARTESIAN_POINT ( 'NONE',  ( -0.005966387401548816000, 0.09999999999999999200, 0.01183727953019232800 ) ) ;
#1721 = CARTESIAN_POINT ( 'NONE',  ( -0.02266429572437409300, 0.09499999999999997300, 0.07059903120079572000 ) ) ;
#1722 = VERTEX_POINT ( 'NONE', #4557 ) ;
#1723 = FACE_BOUND ( 'NONE', #7561, .T. ) ;
#1724 = ORIENTED_EDGE ( 'NONE', *, *, #5154, .T. ) ;
#1725 = LINE ( 'NONE', #4239, #6535 ) ;
#1726 = AXIS2_PLACEMENT_3D ( 'NONE', #6682, #1665, #4185 ) ;
#1727 = CARTESIAN_POINT ( 'NONE',  ( -0.07941987298107847100, 0.09499999999999998700, 0.06894709581221543400 ) ) ;
#1728 = CARTESIAN_POINT ( 'NONE',  ( -0.001256910816043320600, 0.09500000000000004300, 0.07675208582921989900 ) ) ;
#1729 = LINE ( 'NONE', #257, #6540 ) ;
#1730 = CARTESIAN_POINT ( 'NONE',  ( 0.0000000000000000000, 4.681499030572553000, 1.889487621779129000 ) ) ;
#1731 = ORIENTED_EDGE ( 'NONE', *, *, #3777, .T. ) ;
#1732 = EDGE_CURVE ( 'NONE', #5671, #7671, #3674, .T. ) ;
#1733 = CARTESIAN_POINT ( 'NONE',  ( 0.03067866790529731600, 0.09999999999999996400, 0.06879526245426902100 ) ) ;
#1734 = ORIENTED_EDGE ( 'NONE', *, *, #1636, .F. ) ;
#1735 = CARTESIAN_POINT ( 'NONE',  ( -0.01525065905158094800, 0.09589636361097732300, -0.09850383452463541700 ) ) ;
#1736 = EDGE_CURVE ( 'NONE', #1796, #6510, #3584, .T. ) ;
#1737 = B_SPLINE_SURFACE_WITH_KNOTS ( 'NONE', 3, 1, ( 
 ( #2024, #1365 ),
 ( #3297, #7688 ),
 ( #3927, #165 ),
 ( #4544, #794 ),
 ( #5175, #1425 ),
 ( #5802, #2050 ),
 ( #6440, #2689 ),
 ( #7090, #3322 ),
 ( #7713, #3951 ),
 ( #189, #4574 ),
 ( #822, #5205 ),
 ( #3299, #1904 ),
 ( #6300, #2540 ),
 ( #6935, #3167 ),
 ( #7564, #3799 ),
 ( #42, #4418 ),
 ( #665, #5052 ),
 ( #1297, #5683 ),
 ( #1929, #6327 ) ),
 .UNSPECIFIED., .F., .F., .F.,
 ( 4, 1, 1, 1, 1, 1, 1, 1, 1, 1, 1, 1, 1, 1, 1, 1, 4 ),
 ( 2, 2 ),
 ( 0.02284279934207613200, 0.1074408508383557600, 0.2064253870465703200, 0.2960623645775223900, 0.3775906216445179000, 0.4511832974875473200, 0.5177616672632143800, 0.5783907066202237400, 0.6332091709930078900, 0.6835752217067157000, 0.7301357102374596000, 0.7747857332340428700, 0.8176094419439677900, 0.8605251267164787400, 0.9050724796213989200, 0.9510114370952500500, 1.000000000000000000 ),
 ( 0.0000000000000000000, 1.000000000000000000 ),
 .UNSPECIFIED. ) ;
#1738 = DIRECTION ( 'NONE',  ( 0.0000000000000000000, 0.0000000000000000000, 1.000000000000000000 ) ) ;
#1739 = DIRECTION ( 'NONE',  ( 0.0000000000000000000, 0.0000000000000000000, 1.000000000000000000 ) ) ;
#1740 = LINE ( 'NONE', #7038, #1547 ) ;
#1741 = ORIENTED_EDGE ( 'NONE', *, *, #5769, .T. ) ;
#1742 = DIRECTION ( 'NONE',  ( 0.5000000000000037700, 0.0000000000000000000, -0.8660254037844366000 ) ) ;
#1743 = ORIENTED_EDGE ( 'NONE', *, *, #4315, .T. ) ;
#1744 = ORIENTED_EDGE ( 'NONE', *, *, #3731, .T. ) ;
#1745 = B_SPLINE_CURVE_WITH_KNOTS ( 'NONE', 3,
 ( #3700, #2435, #4318, #570, #4947, #1197, #5584, #1834, #6227, #2459 ),
 .UNSPECIFIED., .F., .F.,
 ( 4, 1, 1, 1, 1, 1, 1, 4 ),
 ( 0.1450457650367578100, 0.2072866611028033000, 0.3236058920087901400, 0.4461630207964517000, 0.5760452486174048000, 0.7096477133190323100, 0.8511433509658687900, 1.000000000000000000 ),
 .UNSPECIFIED. ) ;
#1746 = CARTESIAN_POINT ( 'NONE',  ( -0.01603143389157706000, 0.09749999999999808800, 0.07376763543438949500 ) ) ;
#1747 = DIRECTION ( 'NONE',  ( -0.5000000000000036600, 0.0000000000000000000, 0.8660254037844366000 ) ) ;
#1748 = CARTESIAN_POINT ( 'NONE',  ( 0.002134742581213631700, 0.09750000000000001700, 0.07680898080714247700 ) ) ;
#1749 = CARTESIAN_POINT ( 'NONE',  ( 0.0000000000000000000, 3.656249999999999600, 0.0000000000000000000 ) ) ;
#1750 = ADVANCED_FACE ( 'NONE', ( #6526 ), #1718, .T. ) ;
#1751 = DIRECTION ( 'NONE',  ( 1.000000000000000000, 0.0000000000000000000, 1.224646799147353200E-016 ) ) ;
#1752 = EDGE_CURVE ( 'NONE', #3858, #7119, #3188, .T. ) ;
#1753 = ORIENTED_EDGE ( 'NONE', *, *, #3856, .F. ) ;
#1754 = VERTEX_POINT ( 'NONE', #6481 ) ;
#1755 = VERTEX_POINT ( 'NONE', #3363 ) ;
#1756 = DIRECTION ( 'NONE',  ( 0.0000000000000000000, -1.000000000000000000, 0.0000000000000000000 ) ) ;
#1757 = CARTESIAN_POINT ( 'NONE',  ( 0.0000000000000000000, 4.345012756430420200, 0.0000000000000000000 ) ) ;
#1758 = AXIS2_PLACEMENT_3D ( 'NONE', #479, #1112, #1739 ) ;
#1759 = ORIENTED_EDGE ( 'NONE', *, *, #3266, .F. ) ;
#1760 = CARTESIAN_POINT ( 'NONE',  ( 0.02690200810458040800, 0.09750000000000011400, 0.07183112593397222900 ) ) ;
#1761 = DIRECTION ( 'NONE',  ( -0.5000000000000083300, 0.0000000000000000000, 0.8660254037844338200 ) ) ;
#1762 = AXIS2_PLACEMENT_3D ( 'NONE', #2218, #5963, #2850 ) ;
#1763 = CARTESIAN_POINT ( 'NONE',  ( -0.002034027330252810200, 0.09999267037883991000, 0.02948544004374237200 ) ) ;
#1764 = DIRECTION ( 'NONE',  ( -4.662936703425656700E-015, 0.0000000000000000000, 1.000000000000000000 ) ) ;
#1765 = DIRECTION ( 'NONE',  ( -0.0000000000000000000, 1.000000000000000000, -0.0000000000000000000 ) ) ;
#1766 = DIRECTION ( 'NONE',  ( 0.0000000000000000000, 0.0000000000000000000, 1.000000000000000000 ) ) ;
#1767 = DIRECTION ( 'NONE',  ( -0.8660254037844369300, 0.0000000000000000000, -0.5000000000000030000 ) ) ;
#1768 = DIRECTION ( 'NONE',  ( -1.000000000000000000, 0.0000000000000000000, 3.308348408967440500E-016 ) ) ;
#1770 = CIRCLE ( 'NONE', #516, 1.490475096019931600 ) ;
#1769 = PRODUCT_RELATED_PRODUCT_CATEGORY ( 'detail', '', ( #6785 ) ) ;
#1771 = EDGE_LOOP ( 'NONE', ( #1196, #1186, #7041, #6410 ) ) ;
#1772 = CARTESIAN_POINT ( 'NONE',  ( 0.09508974596215551100, 0.09499999999999998700, 0.03180607966083912100 ) ) ;
#1773 = CARTESIAN_POINT ( 'NONE',  ( -0.07941987298107848500, 0.08999999999999999700, 0.06894709581221546100 ) ) ;
#1774 = AXIS2_PLACEMENT_3D ( 'NONE', #4992, #3117, #2512 ) ;
#1775 = DIRECTION ( 'NONE',  ( -0.8743128571957800000, 0.0000000000000000000, 0.4853627795187345200 ) ) ;
#1776 = SPHERICAL_SURFACE ( 'NONE', #826, 0.005000000000000000100 ) ;
#1777 = CARTESIAN_POINT ( 'NONE',  ( 0.0000000000000000000, 4.714644660940672700, 0.0000000000000000000 ) ) ;
#1778 = ORIENTED_EDGE ( 'NONE', *, *, #5481, .T. ) ;
#1779 = EDGE_LOOP ( 'NONE', ( #7497, #7872, #5976, #2813 ) ) ;
#1780 = ORIENTED_EDGE ( 'NONE', *, *, #7214, .T. ) ;
#1781 = EDGE_CURVE ( 'NONE', #7556, #247, #763, .T. ) ;
#1782 = CARTESIAN_POINT ( 'NONE',  ( 0.03583190285921348400, 0.09996564828788163900, -0.009242612411150021000 ) ) ;
#1783 = CARTESIAN_POINT ( 'NONE',  ( 0.02999999769724549800, 0.09499999999999998700, -0.1296428581747729200 ) ) ;
#1784 = CIRCLE ( 'NONE', #3133, 0.03125000000000011100 ) ;
#1785 = FACE_OUTER_BOUND ( 'NONE', #7899, .T. ) ;
#1787 = AXIS2_PLACEMENT_3D ( 'NONE', #1500, #5885, #2133 ) ;
#1786 = CARTESIAN_POINT ( 'NONE',  ( -0.05135340484961558500, 0.09999999999999999200, 0.007910040354017112600 ) ) ;
#1788 = CARTESIAN_POINT ( 'NONE',  ( 0.06325962009461026700, 0.09999999999999999200, 0.07693747487473895400 ) ) ;
#1789 = CARTESIAN_POINT ( 'NONE',  ( 0.02245367546001303700, 0.09999999999999999200, 0.07410377840465004500 ) ) ;
#1790 = ADVANCED_FACE ( 'NONE', ( #3909 ), #1630, .T. ) ;
#1791 = CARTESIAN_POINT ( 'NONE',  ( -0.03927161964477799600, 0.09750000000000001700, -0.03844803192414868200 ) ) ;
#1792 = ORIENTED_EDGE ( 'NONE', *, *, #4734, .F. ) ;
#1793 = CARTESIAN_POINT ( 'NONE',  ( 0.0000000000000000000, 0.2523140909808909700, 1.362242299768568600 ) ) ;
#1794 = CARTESIAN_POINT ( 'NONE',  ( -0.002037888940630083200, 0.09832741276693679500, 0.02734679762125275300 ) ) ;
#1795 = FACE_OUTER_BOUND ( 'NONE', #3749, .T. ) ;
#1796 = VERTEX_POINT ( 'NONE', #7808 ) ;
#1797 = EDGE_CURVE ( 'NONE', #5026, #5364, #5573, .T. ) ;
#1798 = CARTESIAN_POINT ( 'NONE',  ( 0.0000000000000000000, 3.624999999999999600, 0.0000000000000000000 ) ) ;
#1799 = CARTESIAN_POINT ( 'NONE',  ( -0.07508974596215625700, 0.09499999999999998700, 0.06644709581221548700 ) ) ;
#1800 = CARTESIAN_POINT ( 'NONE',  ( 0.02807464398227702700, 0.09499999999999998700, -0.03252145857200753500 ) ) ;
#1801 = EDGE_LOOP ( 'NONE', ( #2429, #8121, #324, #7211 ) ) ;
#1802 = LINE ( 'NONE', #6420, #129 ) ;
#1803 = CARTESIAN_POINT ( 'NONE',  ( 0.0000000000000000000, 4.714644660940672700, 0.0000000000000000000 ) ) ;
#1804 = ORIENTED_EDGE ( 'NONE', *, *, #3424, .T. ) ;
#1805 = ORIENTED_EDGE ( 'NONE', *, *, #5103, .F. ) ;
#1806 = EDGE_CURVE ( 'NONE', #657, #5433, #571, .T. ) ;
#1807 = DIRECTION ( 'NONE',  ( 0.0000000000000000000, 0.0000000000000000000, 1.000000000000000000 ) ) ;
#1808 = CARTESIAN_POINT ( 'NONE',  ( 0.09727400974995328900, 0.09499999999999998700, 0.09080218920667620900 ) ) ;
#1809 = CARTESIAN_POINT ( 'NONE',  ( 0.08575961894323327900, 0.09999999999999999200, 0.03796633369868346300 ) ) ;
#1810 = VECTOR ( 'NONE', #4847, 39.37007874015748900 ) ;
#1811 = CARTESIAN_POINT ( 'NONE',  ( 0.0000000000000000000, 1.501014725754070200, 0.0000000000000000000 ) ) ;
#1812 = CARTESIAN_POINT ( 'NONE',  ( -0.04868847325861637400, 0.09749999999999998900, -0.005992885237589541700 ) ) ;
#1813 = ORIENTED_EDGE ( 'NONE', *, *, #6273, .T. ) ;
#1814 = FACE_OUTER_BOUND ( 'NONE', #3820, .T. ) ;
#1815 = VERTEX_POINT ( 'NONE', #4611 ) ;
#1816 = CARTESIAN_POINT ( 'NONE',  ( 0.03375000000000009900, 0.09777978330560997700, -0.009242876838235297700 ) ) ;
#1817 = CARTESIAN_POINT ( 'NONE',  ( 0.02798200425701214200, 0.09338892003002509400, -0.1293935026762333100 ) ) ;
#1818 = CARTESIAN_POINT ( 'NONE',  ( -0.04951836047970355900, 0.09906158302124060100, 0.007905705689291489200 ) ) ;
#1819 = CARTESIAN_POINT ( 'NONE',  ( 0.02385504014297004600, 0.09499999999999998700, -0.08377651823877135800 ) ) ;
#1820 = CARTESIAN_POINT ( 'NONE',  ( 0.01501140701360605100, 0.09999999999999999200, 0.07843794481939868300 ) ) ;
#1821 = CARTESIAN_POINT ( 'NONE',  ( 0.0000000000000000000, -0.002713252776045736600, 0.0000000000000000000 ) ) ;
#1822 = ORIENTED_EDGE ( 'NONE', *, *, #8099, .F. ) ;
#1823 = DIRECTION ( 'NONE',  ( -0.0000000000000000000, 1.000000000000000000, -0.0000000000000000000 ) ) ;
#1824 = FACE_OUTER_BOUND ( 'NONE', #5716, .T. ) ;
#1825 = AXIS2_PLACEMENT_3D ( 'NONE', #1058, #7914, #4176 ) ;
#1826 = CARTESIAN_POINT ( 'NONE',  ( 0.0000000000000000000, 0.0000000000000000000, 0.0000000000000000000 ) ) ;
#1827 = CARTESIAN_POINT ( 'NONE',  ( 0.01006301898386019500, 0.09750000000000001700, -0.04840004541552981500 ) ) ;
#1828 = DIRECTION ( 'NONE',  ( 0.0000000000000000000, -1.000000000000000000, 0.0000000000000000000 ) ) ;
#1829 = AXIS2_PLACEMENT_3D ( 'NONE', #5000, #2520, #4397 ) ;
#1830 = CARTESIAN_POINT ( 'NONE',  ( -0.1272740072520869600, 0.09467274965458337400, 0.03884066885544976800 ) ) ;
#1831 = ORIENTED_EDGE ( 'NONE', *, *, #3066, .F. ) ;
#1832 = DIRECTION ( 'NONE',  ( -1.000000000000000000, 0.0000000000000000000, -4.440892098500624600E-015 ) ) ;
#1833 = FACE_OUTER_BOUND ( 'NONE', #4773, .T. ) ;
#1834 = CARTESIAN_POINT ( 'NONE',  ( -0.006480241790539248100, 0.09499999999999997300, 0.02713367213217089700 ) ) ;
#1835 = ADVANCED_FACE ( 'NONE', ( #5383 ), #370, .F. ) ;
#1836 = CARTESIAN_POINT ( 'NONE',  ( -0.1485288568297003000, 0.09499999999999998700, -0.05075317547305482200 ) ) ;
#1837 = CARTESIAN_POINT ( 'NONE',  ( 0.02551716432511025700, 0.09905884098803832700, 0.05905822320163933700 ) ) ;
#1838 = CARTESIAN_POINT ( 'NONE',  ( -0.03880721762726217100, 0.1000000000000031700, -0.03908043147199725300 ) ) ;
#1839 = CIRCLE ( 'NONE', #6842, 1.625005121940030100 ) ;
#1840 = AXIS2_PLACEMENT_3D ( 'NONE', #3169, #7565, #3800 ) ;
#1841 = B_SPLINE_CURVE_WITH_KNOTS ( 'NONE', 3,
 ( #4906, #1283, #5181, #6533, #7829, #4880, #600, #2070, #6458, #2709, #7109 ),
 .UNSPECIFIED., .F., .F.,
 ( 4, 1, 1, 1, 1, 1, 1, 1, 4 ),
 ( 0.0000000000000000000, 0.1284294624135987100, 0.2580174762350572700, 0.3861752566505377600, 0.5140515386217517900, 0.6404081131637217000, 0.7648615049840988800, 0.8851240539521625400, 0.9502096017101049300 ),
 .UNSPECIFIED. ) ;
#1842 = EDGE_LOOP ( 'NONE', ( #7575, #3718, #625, #2568 ) ) ;
#1843 = CARTESIAN_POINT ( 'NONE',  ( -0.1272740074471989900, 0.09207106781186547000, 0.03884066896809777000 ) ) ;
#1844 = CARTESIAN_POINT ( 'NONE',  ( 0.02499999769724541400, 0.08999999999999999700, -0.1152015889816458400 ) ) ;
#1845 = CARTESIAN_POINT ( 'NONE',  ( 0.002746117534434156000, 0.09499999999999998700, -0.03663589806721372800 ) ) ;
#1846 = CARTESIAN_POINT ( 'NONE',  ( 0.03031987322474918200, 0.09749999999999996200, 0.01001478319581985100 ) ) ;
#1847 = EDGE_CURVE ( 'NONE', #6700, #2477, #2033, .T. ) ;
#1848 = VECTOR ( 'NONE', #5980, 39.37007874015748100 ) ;
#1849 = CARTESIAN_POINT ( 'NONE',  ( 0.0000000000000000000, 3.594344986626658100, 0.0000000000000000000 ) ) ;
#1850 = EDGE_CURVE ( 'NONE', #924, #3624, #2241, .T. ) ;
#1851 = CARTESIAN_POINT ( 'NONE',  ( 0.02511137530135172300, 0.09499999999999997300, 0.05964881953230728700 ) ) ;
#1852 = CARTESIAN_POINT ( 'NONE',  ( 0.05701526639934984000, 0.09499999999999998700, 0.06260805518108535100 ) ) ;
#1853 = CARTESIAN_POINT ( 'NONE',  ( -0.1257722992000131500, 0.09137320342436160100, 0.03944729696271734300 ) ) ;
#1854 = CARTESIAN_POINT ( 'NONE',  ( 0.02824051870463679900, 0.09499999999999997300, 0.06559805909993921000 ) ) ;
#1855 = ORIENTED_EDGE ( 'NONE', *, *, #5197, .F. ) ;
#1856 = VERTEX_POINT ( 'NONE', #2842 ) ;
#1857 =( BOUNDED_CURVE ( )  B_SPLINE_CURVE ( 3, ( #4715, #2205, #2149, #972 ),
 .UNSPECIFIED., .F., .F. ) 
 B_SPLINE_CURVE_WITH_KNOTS ( ( 4, 4 ),
 ( 3.141592653589790000, 4.712388980384689700 ),
 .UNSPECIFIED. ) 
 CURVE ( )  GEOMETRIC_REPRESENTATION_ITEM ( )  RATIONAL_B_SPLINE_CURVE ( ( 1.000000000000000000, 0.8047378541243643800, 0.8047378541243643800, 1.000000000000000000 ) ) 
 REPRESENTATION_ITEM ( '' )  );
#1858 = DIRECTION ( 'NONE',  ( 0.0000000000000000000, 0.0000000000000000000, -1.000000000000000000 ) ) ;
#1860 = EDGE_CURVE ( 'NONE', #2334, #4309, #7061, .T. ) ;
#1859 = DIRECTION ( 'NONE',  ( -0.0000000000000000000, 1.000000000000000000, -0.0000000000000000000 ) ) ;
#1861 = CARTESIAN_POINT ( 'NONE',  ( -0.02630762593470858300, 0.09999999999999999200, -0.05137466968135862000 ) ) ;
#1863 = VERTEX_POINT ( 'NONE', #949 ) ;
#1862 = ORIENTED_EDGE ( 'NONE', *, *, #5089, .F. ) ;
#1864 = CARTESIAN_POINT ( 'NONE',  ( 0.02120880766052398200, 0.09999999999999999200, 0.02108561474063762300 ) ) ;
#1865 = CARTESIAN_POINT ( 'NONE',  ( 0.0000000000000000000, 4.406249999999999100, -1.793750000000000000 ) ) ;
#1866 = ADVANCED_FACE ( 'NONE', ( #3515 ), #6651, .F. ) ;
#1867 = CARTESIAN_POINT ( 'NONE',  ( -0.07648329895095341800, 0.1000036693283850400, 0.05798765233160317600 ) ) ;
#1868 = AXIS2_PLACEMENT_3D ( 'NONE', #7097, #3330, #7721 ) ;
#1869 = LINE ( 'NONE', #3143, #5003 ) ;
#1870 = ORIENTED_EDGE ( 'NONE', *, *, #780, .F. ) ;
#1871 = CARTESIAN_POINT ( 'NONE',  ( 0.02051295172584111100, 0.09499999999999998700, 0.06103914906284196900 ) ) ;
#1872 = DIRECTION ( 'NONE',  ( -0.0000000000000000000, 1.000000000000000000, -0.0000000000000000000 ) ) ;
#1873 = PLANE ( 'NONE',  #5398 ) ;
#1874 = CARTESIAN_POINT ( 'NONE',  ( -0.1122675014630613400, 0.08999999999999999700, 0.03595016139045641900 ) ) ;
#1875 = CARTESIAN_POINT ( 'NONE',  ( 0.02694633254311616300, 0.09749999999999998900, 0.05994977922545319900 ) ) ;
#1876 = LINE ( 'NONE', #7087, #3544 ) ;
#1877 = ORIENTED_EDGE ( 'NONE', *, *, #7694, .T. ) ;
#1878 = EDGE_LOOP ( 'NONE', ( #6598, #4086, #4594, #4725 ) ) ;
#1879 = DIRECTION ( 'NONE',  ( 0.0000000000000000000, -1.000000000000000000, 0.0000000000000000000 ) ) ;
#1880 = AXIS2_PLACEMENT_3D ( 'NONE', #1537, #5914, #2162 ) ;
#1881 = CARTESIAN_POINT ( 'NONE',  ( 0.09062982374629405300, 0.09946113292395689100, 0.03475076131233340000 ) ) ;
#1882 = CARTESIAN_POINT ( 'NONE',  ( 0.0000000000000000000, 0.03667650555209153000, 0.0000000000000000000 ) ) ;
#1884 = CARTESIAN_POINT ( 'NONE',  ( -0.008390346086392264800, 0.09749999999999998900, -0.05184649887865070600 ) ) ;
#1883 = FACE_OUTER_BOUND ( 'NONE', #6383, .T. ) ;
#1885 = EDGE_CURVE ( 'NONE', #3946, #6646, #3715, .T. ) ;
#1886 = TOROIDAL_SURFACE ( 'NONE', #7289, 0.03500000000000000300, 0.005000000000000000100 ) ;
#1887 = EDGE_LOOP ( 'NONE', ( #6690, #3233, #4172, #617 ) ) ;
#1888 = ORIENTED_EDGE ( 'NONE', *, *, #1023, .F. ) ;
#1889 = ORIENTED_EDGE ( 'NONE', *, *, #1781, .F. ) ;
#1890 = DIRECTION ( 'NONE',  ( -0.0000000000000000000, 1.000000000000000000, -0.0000000000000000000 ) ) ;
#1891 = ADVANCED_BREP_SHAPE_REPRESENTATION ( '16oz. Red Solo Cup', ( #6221, #2350 ), #661 ) ;
#1892 = CIRCLE ( 'NONE', #3756, 0.006000000000000001000 ) ;
#1893 = EDGE_CURVE ( 'NONE', #7794, #448, #5171, .T. ) ;
#1894 = CARTESIAN_POINT ( 'NONE',  ( 0.008097450541589395700, 0.1000000000000000200, 0.02897290564218093000 ) ) ;
#1895 = CARTESIAN_POINT ( 'NONE',  ( 0.01748495230898865900, 0.09499999999999997300, -0.04425433818320212400 ) ) ;
#1896 = CARTESIAN_POINT ( 'NONE',  ( -0.08175953736207915200, 0.09630874078434228900, 0.06437412950748935800 ) ) ;
#1897 = CIRCLE ( 'NONE', #2008, 0.03124999999999997600 ) ;
#1898 = CARTESIAN_POINT ( 'NONE',  ( 0.06080279325777023700, 0.09434550615857317800, 0.06757728333935628100 ) ) ;
#1899 = CARTESIAN_POINT ( 'NONE',  ( 0.003332950367647150900, 0.09750000000000000300, 0.06397058823529411200 ) ) ;
#1900 = ORIENTED_EDGE ( 'NONE', *, *, #2439, .T. ) ;
#1901 = CARTESIAN_POINT ( 'NONE',  ( 0.03193374951994700600, 0.09750000000000000300, -0.02322816953163891300 ) ) ;
#1902 = CIRCLE ( 'NONE', #1967, 1.353145321372246900 ) ;
#1903 = CARTESIAN_POINT ( 'NONE',  ( 0.01741525705363542900, 0.08999999999999999700, -0.1082531754730548200 ) ) ;
#1904 = CARTESIAN_POINT ( 'NONE',  ( -0.02152686042441181700, 0.09750000000000001700, -0.03378879581931279500 ) ) ;
#1905 = EDGE_CURVE ( 'NONE', #2660, #3915, #4975, .T. ) ;
#1906 = VERTEX_POINT ( 'NONE', #363 ) ;
#1907 = CARTESIAN_POINT ( 'NONE',  ( 0.09259013964530681000, 0.09497276369704529800, 0.03613610119258101700 ) ) ;
#1908 = CYLINDRICAL_SURFACE ( 'NONE', #6239, 0.005000000000000005300 ) ;
#1909 = CARTESIAN_POINT ( 'NONE',  ( 2.110258898958516500E-016, 4.096683374637209800, -1.723157158805102900 ) ) ;
#1910 = CYLINDRICAL_SURFACE ( 'NONE', #5174, 0.004999999999999993200 ) ;
#1911 = CIRCLE ( 'NONE', #6033, 1.002319221306503700 ) ;
#1912 = VERTEX_POINT ( 'NONE', #6619 ) ;
#1913 = AXIS2_PLACEMENT_3D ( 'NONE', #180, #3338, #5786 ) ;
#1914 = ORIENTED_EDGE ( 'NONE', *, *, #5831, .F. ) ;
#1915 = ORIENTED_EDGE ( 'NONE', *, *, #470, .F. ) ;
#1916 = CARTESIAN_POINT ( 'NONE',  ( -0.01971184012837464200, 0.09500000000000002900, -0.05080248455011453900 ) ) ;
#1917 = CIRCLE ( 'NONE', #5848, 0.001000000000000003100 ) ;
#1918 = ORIENTED_EDGE ( 'NONE', *, *, #1325, .T. ) ;
#1919 = FACE_OUTER_BOUND ( 'NONE', #5259, .T. ) ;
#1920 = DIRECTION ( 'NONE',  ( -0.0000000000000000000, 1.000000000000000000, -0.0000000000000000000 ) ) ;
#1921 = CARTESIAN_POINT ( 'NONE',  ( 0.001893700777237831300, 0.09500000000000001500, 0.06393001929664572600 ) ) ;
#1922 = CARTESIAN_POINT ( 'NONE',  ( -0.1000897448107781100, 0.09792893218813451800, 0.02314582761723866700 ) ) ;
#1923 = DIRECTION ( 'NONE',  ( 0.0000000000000000000, 1.000000000000000000, 0.0000000000000000000 ) ) ;
#1924 = CARTESIAN_POINT ( 'NONE',  ( 0.06298138682918798200, 0.09112599222619023600, 0.06913052683862608300 ) ) ;
#1925 = TOROIDAL_SURFACE ( 'NONE', #3153, 1.671781169333928800, 0.03125000000000000000 ) ;
#1926 = CARTESIAN_POINT ( 'NONE',  ( -0.009999999999999993300, 0.09999999999999999200, -0.1232531754730548500 ) ) ;
#1927 = AXIS2_PLACEMENT_3D ( 'NONE', #3996, #292, #5936 ) ;
#1928 = CARTESIAN_POINT ( 'NONE',  ( -0.09881042962182953700, 0.09999999999999997800, 0.07011097702295206200 ) ) ;
#1929 = CARTESIAN_POINT ( 'NONE',  ( -0.007437959558823434600, 0.09500000000000001500, -0.03897058823529413900 ) ) ;
#1930 = CARTESIAN_POINT ( 'NONE',  ( 0.02999999769724531400, 0.09499999999999998700, -0.08686349277133650900 ) ) ;
#1931 = LINE ( 'NONE', #1313, #6754 ) ;
#1932 = ORIENTED_EDGE ( 'NONE', *, *, #7733, .T. ) ;
#1933 = EDGE_CURVE ( 'NONE', #5419, #3475, #1646, .T. ) ;
#1934 = CARTESIAN_POINT ( 'NONE',  ( 0.1081317877890607500, 0.1000000000000000100, 0.04750087182966258900 ) ) ;
#1935 = VERTEX_POINT ( 'NONE', #7263 ) ;
#1936 = ORIENTED_EDGE ( 'NONE', *, *, #2594, .T. ) ;
#1937 = CARTESIAN_POINT ( 'NONE',  ( 0.003348001655159083900, 0.09999999999999999200, 0.06147001928931390000 ) ) ;
#1938 = CARTESIAN_POINT ( 'NONE',  ( 0.02499999769724544800, 0.08999999999999999700, -0.1152015889816459200 ) ) ;
#1939 = ADVANCED_FACE ( 'NONE', ( #8127 ), #3319, .F. ) ;
#1940 = CARTESIAN_POINT ( 'NONE',  ( 0.01536764705882362100, 0.09750000000000000300, -0.01093750000000000300 ) ) ;
#1941 = AXIS2_PLACEMENT_3D ( 'NONE', #1821, #1185, #2451 ) ;
#1942 = CARTESIAN_POINT ( 'NONE',  ( -0.04599673851403716900, 0.09500000000000004300, -0.02251510265160273900 ) ) ;
#1943 = CARTESIAN_POINT ( 'NONE',  ( -0.02808007395006620700, 0.09749999999999998900, 0.004639224989132492000 ) ) ;
#1944 = ORIENTED_EDGE ( 'NONE', *, *, #1573, .T. ) ;
#1945 = CARTESIAN_POINT ( 'NONE',  ( -0.02621579740644544900, 0.09499999999999998700, 0.04379644885137286300 ) ) ;
#1946 = EDGE_LOOP ( 'NONE', ( #7522, #2970, #4497, #6933 ) ) ;
#1947 = EDGE_CURVE ( 'NONE', #2419, #20, #6450, .T. ) ;
#1948 = DIRECTION ( 'NONE',  ( 0.0000000000000000000, 0.0000000000000000000, -1.000000000000000000 ) ) ;
#1949 = EDGE_LOOP ( 'NONE', ( #3207, #5899, #4109, #3399 ) ) ;
#1950 = EDGE_CURVE ( 'NONE', #1906, #923, #2216, .T. ) ;
#1951 = DIRECTION ( 'NONE',  ( 0.0000000000000000000, 0.0000000000000000000, -1.000000000000000000 ) ) ;
#1952 = DIRECTION ( 'NONE',  ( 0.0000000000000000000, -1.000000000000000000, 0.0000000000000000000 ) ) ;
#1953 = ORIENTED_EDGE ( 'NONE', *, *, #7893, .F. ) ;
#1954 = CARTESIAN_POINT ( 'NONE',  ( -0.04889514873264864900, 0.09750000000000001700, 0.01202905603470544800 ) ) ;
#1955 = VERTEX_POINT ( 'NONE', #6064 ) ;
#1956 = CARTESIAN_POINT ( 'NONE',  ( -0.09468509008883457800, 0.09504702702197424800, 0.07217730129159523300 ) ) ;
#1957 = DIRECTION ( 'NONE',  ( -1.000000000000000000, -0.0000000000000000000, 3.308348408967440500E-016 ) ) ;
#1958 = CARTESIAN_POINT ( 'NONE',  ( -0.1012499988486224900, 0.09792893218813453200, 0.04113620867400526200 ) ) ;
#1959 = DIRECTION ( 'NONE',  ( 0.0000000000000000000, 0.7071067811865516800, 0.7071067811865431300 ) ) ;
#1960 = DIRECTION ( 'NONE',  ( 0.0000000000000000000, 0.0000000000000000000, 1.000000000000000000 ) ) ;
#1961 = FACE_OUTER_BOUND ( 'NONE', #8120, .T. ) ;
#1962 = CARTESIAN_POINT ( 'NONE',  ( 0.01532556951161646300, 0.09750000000000000300, -0.009105638670589895300 ) ) ;
#1963 = ORIENTED_EDGE ( 'NONE', *, *, #4671, .T. ) ;
#1964 = CARTESIAN_POINT ( 'NONE',  ( 0.003881972323762324700, 0.09996861520608747700, 0.07893662789394548200 ) ) ;
#1965 = CARTESIAN_POINT ( 'NONE',  ( 0.003332950367647150900, 0.09499999999999998700, 0.06397058823529411200 ) ) ;
#1966 = VECTOR ( 'NONE', #1437, 39.37007874015748900 ) ;
#1968 = EDGE_LOOP ( 'NONE', ( #4875, #4246, #4708, #5921 ) ) ;
#1967 = AXIS2_PLACEMENT_3D ( 'NONE', #8041, #4279, #528 ) ;
#1969 = CARTESIAN_POINT ( 'NONE',  ( 9.939264532543279900E-017, 0.09893518207153306800, 0.6289739546098475100 ) ) ;
#1970 = ORIENTED_EDGE ( 'NONE', *, *, #7906, .F. ) ;
#1971 = VERTEX_POINT ( 'NONE', #7939 ) ;
#1972 = CARTESIAN_POINT ( 'NONE',  ( 0.0000000000000000000, 4.156250000000000000, -1.743749999999999900 ) ) ;
#1973 = CARTESIAN_POINT ( 'NONE',  ( -0.02915590643595431300, 0.09499999999999998700, -0.01536155147579481600 ) ) ;
#1974 = ADVANCED_FACE ( 'NONE', ( #174 ), #2931, .F. ) ;
#1975 = DATE_AND_TIME ( #436, #2102 ) ;
#1976 = CARTESIAN_POINT ( 'NONE',  ( 0.01110236704861583500, 0.09750000000000000300, 0.02571262390554672800 ) ) ;
#1977 = CIRCLE ( 'NONE', #6493, 0.03125000000000011100 ) ;
#1978 = CARTESIAN_POINT ( 'NONE',  ( -0.03054724582730364300, 0.09750000000000001700, -2.210218267399373900E-005 ) ) ;
#1979 = DIRECTION ( 'NONE',  ( 0.0000000000000000000, 0.0000000000000000000, 1.000000000000000000 ) ) ;
#1980 = ORIENTED_EDGE ( 'NONE', *, *, #3220, .T. ) ;
#1981 = CARTESIAN_POINT ( 'NONE',  ( -0.01023459646927649600, 0.09500000000000001500, -0.05181975723373019600 ) ) ;
#1982 = CARTESIAN_POINT ( 'NONE',  ( 0.01199079830203067300, 0.09500000000000005700, 0.005779380319523964300 ) ) ;
#1983 = CIRCLE ( 'NONE', #5694, 0.01562500000000005600 ) ;
#1984 = EDGE_LOOP ( 'NONE', ( #6953, #1744, #6003, #7929 ) ) ;
#1985 = DIRECTION ( 'NONE',  ( 0.0000000000000000000, -1.000000000000000000, 0.0000000000000000000 ) ) ;
#1986 = AXIS2_PLACEMENT_3D ( 'NONE', #4678, #932, #5321 ) ;
#1987 = ORIENTED_EDGE ( 'NONE', *, *, #7898, .T. ) ;
#1988 = CARTESIAN_POINT ( 'NONE',  ( 0.1121327835640144700, 0.1000000000000000100, 0.04642880824284342100 ) ) ;
#1989 = FACE_OUTER_BOUND ( 'NONE', #1602, .T. ) ;
#1990 = CARTESIAN_POINT ( 'NONE',  ( -0.08972599025004590600, 0.09999999999999999200, 0.01831701167016399500 ) ) ;
#1991 = DIRECTION ( 'NONE',  ( 0.0000000000000000000, -1.000000000000000000, 0.0000000000000000000 ) ) ;
#1992 = VERTEX_POINT ( 'NONE', #7963 ) ;
#1993 = VERTEX_POINT ( 'NONE', #4197 ) ;
#1994 = B_SPLINE_CURVE_WITH_KNOTS ( 'NONE', 3,
 ( #2589, #6985, #7614, #3849, #95, #4472, #722, #5099, #1347, #5732, #1978, #6370 ),
 .UNSPECIFIED., .F., .F.,
 ( 4, 2, 2, 2, 2, 4 ),
 ( 0.0000000000000000000, 0.0001761888755559922700, 0.0003523777511119844800, 0.0007047555022239690600, 0.001057133253335953600, 0.001409511004447938100 ),
 .UNSPECIFIED. ) ;
#1995 = CARTESIAN_POINT ( 'NONE',  ( 0.009485691512151624100, 0.09500000000000005700, 0.009077406393176484100 ) ) ;
#1996 = EDGE_CURVE ( 'NONE', #127, #7795, #4583, .T. ) ;
#1997 = CARTESIAN_POINT ( 'NONE',  ( 0.003878676470588326300, 0.09777977444169873300, 0.07683823529411763800 ) ) ;
#1998 = CARTESIAN_POINT ( 'NONE',  ( 0.01798591815588714700, 0.09750000000000001700, 0.07532707214332382000 ) ) ;
#1999 = VECTOR ( 'NONE', #445, 39.37007874015748100 ) ;
#2000 = EDGE_CURVE ( 'NONE', #4442, #924, #1448, .T. ) ;
#2001 = CARTESIAN_POINT ( 'NONE',  ( 0.0000000000000000000, 3.656249999999999600, -1.663177721231778900 ) ) ;
#2002 = ORIENTED_EDGE ( 'NONE', *, *, #3012, .F. ) ;
#2003 = CARTESIAN_POINT ( 'NONE',  ( -0.007437959558823434600, 0.09500000000000001500, -0.03897058823529413900 ) ) ;
#2004 = FACE_OUTER_BOUND ( 'NONE', #5407, .T. ) ;
#2005 = DIRECTION ( 'NONE',  ( -0.8660254037844338200, 0.0000000000000000000, -0.5000000000000083300 ) ) ;
#2006 = CARTESIAN_POINT ( 'NONE',  ( 0.02959535134222760600, 0.09500000000000001500, 0.01142127460031111200 ) ) ;
#2007 = CARTESIAN_POINT ( 'NONE',  ( 0.0000000000000000000, 4.750000000000000000, 0.0000000000000000000 ) ) ;
#2008 = AXIS2_PLACEMENT_3D ( 'NONE', #2207, #6589, #2840 ) ;
#2009 = DIRECTION ( 'NONE',  ( -0.0000000000000000000, 1.000000000000000000, -0.0000000000000000000 ) ) ;
#2010 = CARTESIAN_POINT ( 'NONE',  ( -0.02853611751584046400, 0.09750000000000001700, -0.04760421499708891700 ) ) ;
#2011 = FACE_OUTER_BOUND ( 'NONE', #2634, .T. ) ;
#2012 = EDGE_CURVE ( 'NONE', #2775, #5433, #6265, .T. ) ;
#2013 = DIRECTION ( 'NONE',  ( 0.8743128571957800000, 0.0000000000000000000, -0.4853627795187345200 ) ) ;
#2014 = CYLINDRICAL_SURFACE ( 'NONE', #1569, 0.005000000000000001800 ) ;
#2015 = CARTESIAN_POINT ( 'NONE',  ( -0.02700776491363408900, 0.09499999999999997300, 0.02113942033766151600 ) ) ;
#2016 = CARTESIAN_POINT ( 'NONE',  ( 0.03207106550911094400, 0.09999999999999999200, -0.1203242432849201800 ) ) ;
#2017 = ADVANCED_FACE ( 'NONE', ( #1258 ), #2730, .T. ) ;
#2018 = ORIENTED_EDGE ( 'NONE', *, *, #6043, .F. ) ;
#2019 = CARTESIAN_POINT ( 'NONE',  ( -0.003141610124922970400, 0.09750000000000000300, 0.01426720872665651800 ) ) ;
#2020 = AXIS2_PLACEMENT_3D ( 'NONE', #3750, #8137, #4375 ) ;
#2021 = DIRECTION ( 'NONE',  ( 0.0000000000000000000, 0.0000000000000000000, 1.000000000000000000 ) ) ;
#2022 = CARTESIAN_POINT ( 'NONE',  ( -1.263479697069721800E-015, 0.09499999999999998700, 0.1365063509461096900 ) ) ;
#2023 = CARTESIAN_POINT ( 'NONE',  ( 0.02762550357812044300, 0.09499999999999997300, 0.07060762890458748000 ) ) ;
#2024 = CARTESIAN_POINT ( 'NONE',  ( -0.03058001171835080300, 0.09500000000000001500, 0.004621585411345503800 ) ) ;
#2025 = CARTESIAN_POINT ( 'NONE',  ( 7.653184103358906100E-017, 0.09999999999999999200, 0.6208858594503941000 ) ) ;
#2026 = CIRCLE ( 'NONE', #5984, 0.004999999999999997500 ) ;
#2027 = CARTESIAN_POINT ( 'NONE',  ( 0.003332950367647150900, 0.09499999999999998700, 0.06397058823529411200 ) ) ;
#2028 = ORIENTED_EDGE ( 'NONE', *, *, #1228, .F. ) ;
#2029 = VERTEX_POINT ( 'NONE', #2370 ) ;
#2030 = CARTESIAN_POINT ( 'NONE',  ( 0.03372963296927213700, 0.09750000000000000300, -0.007968574266308901100 ) ) ;
#2031 = DIRECTION ( 'NONE',  ( 0.0000000000000000000, -1.000000000000000000, 0.0000000000000000000 ) ) ;
#2032 = CARTESIAN_POINT ( 'NONE',  ( 2.154612962249874800E-016, 4.345012756430420200, -1.759375000000000100 ) ) ;
#2033 = CIRCLE ( 'NONE', #2097, 0.004999999999999997500 ) ;
#2034 = DIRECTION ( 'NONE',  ( 0.0000000000000000000, 0.0000000000000000000, 1.000000000000000000 ) ) ;
#2035 = CARTESIAN_POINT ( 'NONE',  ( -0.04229914833125225000, 0.09499999999999997300, -0.03288922600126495400 ) ) ;
#2036 = CARTESIAN_POINT ( 'NONE',  ( 0.02187798868496875300, 0.09750000000000001700, 0.06053043354178900400 ) ) ;
#2037 = CARTESIAN_POINT ( 'NONE',  ( -0.01072847600121801600, 0.09750000000000000300, 0.02651447129099599200 ) ) ;
#2038 = ORIENTED_EDGE ( 'NONE', *, *, #1310, .T. ) ;
#2039 = EDGE_CURVE ( 'NONE', #1089, #3128, #4385, .T. ) ;
#2040 = PLANE ( 'NONE',  #651 ) ;
#2041 = CARTESIAN_POINT ( 'NONE',  ( 0.03074447875559095700, 0.09999999999999999200, 0.06521123123019825800 ) ) ;
#2042 = DIRECTION ( 'NONE',  ( -0.4999999999999922300, -0.0000000000000000000, -0.8660254037844431500 ) ) ;
#2043 = ORIENTED_EDGE ( 'NONE', *, *, #1424, .F. ) ;
#2044 = EDGE_CURVE ( 'NONE', #7671, #6809, #7735, .T. ) ;
#2045 = AXIS2_PLACEMENT_3D ( 'NONE', #3670, #6169, #8055 ) ;
#2046 = ORIENTED_EDGE ( 'NONE', *, *, #4188, .T. ) ;
#2047 = CARTESIAN_POINT ( 'NONE',  ( 0.005343873940665929600, 0.09750000000000000300, -0.03524208423553210100 ) ) ;
#2048 = DIRECTION ( 'NONE',  ( 0.0000000000000000000, 0.0000000000000000000, 1.000000000000000000 ) ) ;
#2049 = CARTESIAN_POINT ( 'NONE',  ( 0.02823529411764715000, 0.09750000000000000300, 0.06612477022058822800 ) ) ;
#2050 = CARTESIAN_POINT ( 'NONE',  ( -0.02915590643595431300, 0.09750000000000000300, -0.01536155147579481600 ) ) ;
#2051 = EDGE_CURVE ( 'NONE', #3757, #2313, #7931, .T. ) ;
#2052 = CARTESIAN_POINT ( 'NONE',  ( 0.0000000000000000000, 0.001064817928466515300, -0.9942311261470502300 ) ) ;
#2053 = CARTESIAN_POINT ( 'NONE',  ( -0.01205171054881646500, 0.09499999999999997300, 0.06037069485749507100 ) ) ;
#2055 = ORIENTED_EDGE ( 'NONE', *, *, #3950, .T. ) ;
#2054 = EDGE_LOOP ( 'NONE', ( #3360, #3302, #6009, #7251 ) ) ;
#2056 = CARTESIAN_POINT ( 'NONE',  ( -0.01999999999999999000, 0.09499999999999998700, -0.1132531754730548600 ) ) ;
#2057 = ADVANCED_FACE ( 'NONE', ( #7541 ), #859, .F. ) ;
#2058 = EDGE_CURVE ( 'NONE', #7775, #2238, #748, .T. ) ;
#2059 = VECTOR ( 'NONE', #7071, 39.37007874015748100 ) ;
#2060 = CARTESIAN_POINT ( 'NONE',  ( 0.0000000000000000000, 4.500631378214647400, 0.0000000000000000000 ) ) ;
#2061 = DIRECTION ( 'NONE',  ( -0.0000000000000000000, 1.000000000000000000, -0.0000000000000000000 ) ) ;
#2062 = DIRECTION ( 'NONE',  ( 0.0000000000000000000, 0.0000000000000000000, 1.000000000000000000 ) ) ;
#2063 = CARTESIAN_POINT ( 'NONE',  ( -0.04885385199811600300, 0.09750000000000001700, -0.0007016455349879355500 ) ) ;
#2064 = CARTESIAN_POINT ( 'NONE',  ( 0.08726750376581571300, 0.08999999999999999700, 0.07925142759119033200 ) ) ;
#2065 = CONICAL_SURFACE ( 'NONE', #2068, 1.438573427660500700, 0.06498818447873852500 ) ;
#2066 = ORIENTED_EDGE ( 'NONE', *, *, #7633, .F. ) ;
#2067 = CARTESIAN_POINT ( 'NONE',  ( 0.03499999769724547500, 0.09999999999999999200, -0.1232531754730546900 ) ) ;
#2068 = AXIS2_PLACEMENT_3D ( 'NONE', #1811, #1147, #8062 ) ;
#2069 = CARTESIAN_POINT ( 'NONE',  ( -0.009379100846459820200, 0.09999999999999999200, -0.05434911390873313500 ) ) ;
#2070 = CARTESIAN_POINT ( 'NONE',  ( -0.02531229835205328600, 0.09500000000000002900, 0.009268627409267343700 ) ) ;
#2071 = CARTESIAN_POINT ( 'NONE',  ( 0.02759642888124746300, 0.09999999999999956100, 0.06065643233090857500 ) ) ;
#2072 = DIRECTION ( 'NONE',  ( -1.000000000000000000, 0.0000000000000000000, 3.308348408967440500E-016 ) ) ;
#2073 = LINE ( 'NONE', #6947, #406 ) ;
#2074 = CARTESIAN_POINT ( 'NONE',  ( -0.02700776482922262800, 0.09499999999999997300, 0.02113942037942371400 ) ) ;
#2075 = CARTESIAN_POINT ( 'NONE',  ( -0.01047457441256864600, 0.09749999999999998900, 0.02656374202291033800 ) ) ;
#2076 = EDGE_LOOP ( 'NONE', ( #2830, #3072, #7205, #5919 ) ) ;
#2077 = EDGE_LOOP ( 'NONE', ( #6735, #7882, #1804, #3536 ) ) ;
#2078 = DIRECTION ( 'NONE',  ( 0.0000000000000000000, 0.0000000000000000000, 1.000000000000000000 ) ) ;
#2079 = ADVANCED_FACE ( 'NONE', ( #4189 ), #6055, .T. ) ;
#2080 = CIRCLE ( 'NONE', #7244, 0.01562499999999991800 ) ;
#2081 = AXIS2_PLACEMENT_3D ( 'NONE', #4549, #798, #5179 ) ;
#2082 = CARTESIAN_POINT ( 'NONE',  ( 0.02385504014297025800, 0.09499999999999998700, -0.1327298327073381200 ) ) ;
#2083 = CARTESIAN_POINT ( 'NONE',  ( -0.02621579740644544900, 0.09750000000000000300, 0.04379644885137286300 ) ) ;
#2084 =( BOUNDED_CURVE ( )  B_SPLINE_CURVE ( 3, ( #1240, #598, #6236, #5620 ),
 .UNSPECIFIED., .F., .F. ) 
 B_SPLINE_CURVE_WITH_KNOTS ( ( 4, 4 ),
 ( 3.141592653589793100, 4.712388980384687900 ),
 .UNSPECIFIED. ) 
 CURVE ( )  GEOMETRIC_REPRESENTATION_ITEM ( )  RATIONAL_B_SPLINE_CURVE ( ( 1.000000000000000000, 0.8047378541243654900, 0.8047378541243654900, 1.000000000000000000 ) ) 
 REPRESENTATION_ITEM ( '' )  );
#2085 = FACE_OUTER_BOUND ( 'NONE', #6286, .T. ) ;
#2086 = EDGE_CURVE ( 'NONE', #3810, #7452, #5857, .T. ) ;
#2087 = DIRECTION ( 'NONE',  ( 1.000000000000000000, -0.0000000000000000000, 3.414809992080330700E-015 ) ) ;
#2088 = ORIENTED_EDGE ( 'NONE', *, *, #5366, .F. ) ;
#2089 = VERTEX_POINT ( 'NONE', #6212 ) ;
#2090 = LINE ( 'NONE', #7143, #5623 ) ;
#2091 = CARTESIAN_POINT ( 'NONE',  ( -0.09741025403784507600, 0.09999999999999999200, 0.06778684177437092900 ) ) ;
#2092 = DIRECTION ( 'NONE',  ( 0.0000000000000000000, 0.0000000000000000000, 1.000000000000000000 ) ) ;
#2093 = CARTESIAN_POINT ( 'NONE',  ( -0.01999999999999998300, 0.09499999999999998700, -0.09825317547305485700 ) ) ;
#2094 = CIRCLE ( 'NONE', #7644, 1.002319221306503700 ) ;
#2095 = ORIENTED_EDGE ( 'NONE', *, *, #5730, .T. ) ;
#2096 = CARTESIAN_POINT ( 'NONE',  ( -0.02958530444900969700, 0.09749999999999998900, -0.01306172053235459700 ) ) ;
#2097 = AXIS2_PLACEMENT_3D ( 'NONE', #5957, #2211, #6591 ) ;
#2098 = CARTESIAN_POINT ( 'NONE',  ( 0.01305437786769654700, 0.09749999999999998900, -0.04732972786430646900 ) ) ;
#2099 = CIRCLE ( 'NONE', #3236, 1.452302496728183700 ) ;
#2100 = DIRECTION ( 'NONE',  ( 0.0000000000000000000, 1.000000000000000000, 0.0000000000000000000 ) ) ;
#2101 = CARTESIAN_POINT ( 'NONE',  ( 0.02528750324936103800, 0.09749999999999998900, 0.05959564304812538900 ) ) ;
#2102 = LOCAL_TIME ( 10, 53, 52.00000000000000000, #3773 ) ;
#2103 = ADVANCED_FACE ( 'NONE', ( #5662 ), #5475, .F. ) ;
#2104 = CARTESIAN_POINT ( 'NONE',  ( -0.04281578143131428000, 0.1000000000000000200, -0.03749584335094664100 ) ) ;
#2105 = EDGE_LOOP ( 'NONE', ( #3783, #578, #5953, #6203 ) ) ;
#2106 = CARTESIAN_POINT ( 'NONE',  ( -0.01981629293233076700, 0.1000000000000000100, 0.02695717555467967400 ) ) ;
#2107 = EDGE_CURVE ( 'NONE', #4232, #7174, #7347, .T. ) ;
#2108 = CARTESIAN_POINT ( 'NONE',  ( 0.07008974711353246900, 0.09500000000000001500, 0.07510734785581682500 ) ) ;
#2109 =( BOUNDED_SURFACE ( )  B_SPLINE_SURFACE ( 3, 2, ( 
 ( #3410, #7797, #4032 ),
 ( #279, #4658, #912 ),
 ( #5301, #1541, #5922 ),
 ( #2166, #6557, #2810 ),
 ( #7201, #3436, #7823 ),
 ( #4063, #301, #4684 ),
 ( #940, #5330, #1564 ),
 ( #5946, #2199, #6581 ) ),
 .UNSPECIFIED., .F., .F., .F. ) 
 B_SPLINE_SURFACE_WITH_KNOTS ( ( 4, 2, 2, 4 ),
 ( 3, 3 ),
 ( 0.0000000000000000000, 0.0003020166796822803500, 0.0004530250195234205500, 0.0006040333593645607000 ),
 ( 0.0000000000000000000, 1.000000000000000000 ),
 .UNSPECIFIED. ) 
 GEOMETRIC_REPRESENTATION_ITEM ( )  RATIONAL_B_SPLINE_SURFACE ( (
 ( 1.000000000000000000, 0.7071067811865476800, 1.000000000000000000),
 ( 1.000000000000000000, 0.7071067811865476800, 1.000000000000000000),
 ( 1.000000000000000000, 0.7071067811865473500, 1.000000000000000000),
 ( 1.000000000000000000, 0.7071067811865473500, 1.000000000000000000),
 ( 1.000000000000000000, 0.7071067811865475700, 1.000000000000000000),
 ( 1.000000000000000000, 0.7071067811865475700, 1.000000000000000000),
 ( 1.000000000000000000, 0.7071067811865475700, 1.000000000000000000),
 ( 1.000000000000000000, 0.7071067811865475700, 1.000000000000000000) ) ) 
 REPRESENTATION_ITEM ( '' )  SURFACE ( )  );
#2110 = CARTESIAN_POINT ( 'NONE',  ( 0.09806705827376123500, 0.09338892003002509400, 0.08892987787349385100 ) ) ;
#2111 = CARTESIAN_POINT ( 'NONE',  ( 0.005086116055038293300, 0.09999999999999999200, 0.06394228430925703900 ) ) ;
#2112 = FACE_OUTER_BOUND ( 'NONE', #6755, .T. ) ;
#2113 = FACE_OUTER_BOUND ( 'NONE', #7171, .T. ) ;
#2114 = EDGE_CURVE ( 'NONE', #5987, #5531, #7149, .T. ) ;
#2115 = ORIENTED_EDGE ( 'NONE', *, *, #8095, .T. ) ;
#2116 = CARTESIAN_POINT ( 'NONE',  ( 0.1182179676972452500, 0.08999999999999999700, -0.06825317547305430300 ) ) ;
#2117 = ORIENTED_EDGE ( 'NONE', *, *, #6900, .F. ) ;
#2118 = ORIENTED_EDGE ( 'NONE', *, *, #7074, .F. ) ;
#2119 = CARTESIAN_POINT ( 'NONE',  ( -0.1182179676972449200, 0.09499999999999998700, -0.1032531754730548200 ) ) ;
#2120 = ORIENTED_EDGE ( 'NONE', *, *, #2310, .T. ) ;
#2121 = VECTOR ( 'NONE', #4127, 39.37007874015748900 ) ;
#2122 = DIRECTION ( 'NONE',  ( 1.000000000000000000, 0.0000000000000000000, 1.224646799147353200E-016 ) ) ;
#2123 = DIRECTION ( 'NONE',  ( -1.000000000000000000, -0.0000000000000000000, -0.0000000000000000000 ) ) ;
#2124 = CARTESIAN_POINT ( 'NONE',  ( 0.03280096046253159300, 0.09500000000000001500, 0.001765943238659780400 ) ) ;
#2125 = ADVANCED_FACE ( 'NONE', ( #2530 ), #2331, .F. ) ;
#2126 = CARTESIAN_POINT ( 'NONE',  ( -0.009378383604012444800, 0.09750000000000001700, 0.01423448018786884600 ) ) ;
#2127 = CARTESIAN_POINT ( 'NONE',  ( -0.01741495707789944200, 0.1000000000000000200, -0.03396529278469113300 ) ) ;
#2128 = CIRCLE ( 'NONE', #3577, 0.03125000000000011100 ) ;
#2129 = CARTESIAN_POINT ( 'NONE',  ( 0.03196712767102544800, 0.09999999999999736900, -0.02312085308010594600 ) ) ;
#2130 = CARTESIAN_POINT ( 'NONE',  ( 0.02553617289667626400, 0.09749999999999998900, 0.05960480841431996200 ) ) ;
#2131 = CARTESIAN_POINT ( 'NONE',  ( 0.01323060300724003200, 0.09997520909871110400, -0.01092876553415446000 ) ) ;
#2132 = CARTESIAN_POINT ( 'NONE',  ( 0.01089008032944785400, 0.09999999999999999200, 0.02837096209459002600 ) ) ;
#2133 = DIRECTION ( 'NONE',  ( 0.0000000000000000000, 0.0000000000000000000, 1.000000000000000000 ) ) ;
#2134 = AXIS2_PLACEMENT_3D ( 'NONE', #6247, #8109, #2482 ) ;
#2135 = CARTESIAN_POINT ( 'NONE',  ( -0.09054603046747691800, 0.09370359062126554200, 0.01782041674138994500 ) ) ;
#2136 = ORIENTED_EDGE ( 'NONE', *, *, #4160, .T. ) ;
#2137 = VERTEX_POINT ( 'NONE', #4359 ) ;
#2138 = AXIS2_PLACEMENT_3D ( 'NONE', #5438, #7934, #6663 ) ;
#2139 = ORIENTED_EDGE ( 'NONE', *, *, #5564, .T. ) ;
#2140 = CARTESIAN_POINT ( 'NONE',  ( 0.08726750376581564300, 0.08999999999999999700, 0.07925142759119024900 ) ) ;
#2141 = CARTESIAN_POINT ( 'NONE',  ( 0.01642417371669158500, 0.09999999999999999200, 0.05973265565718741100 ) ) ;
#2142 = CARTESIAN_POINT ( 'NONE',  ( 0.0000000000000000000, 4.515940689107605300, 0.0000000000000000000 ) ) ;
#2143 = ADVANCED_FACE ( 'NONE', ( #4000 ), #7448, .T. ) ;
#2144 = CARTESIAN_POINT ( 'NONE',  ( -0.007437959558823433800, 0.09750000000000000300, -0.03897058823529412500 ) ) ;
#2145 = ORIENTED_EDGE ( 'NONE', *, *, #7957, .T. ) ;
#2146 = EDGE_LOOP ( 'NONE', ( #4231, #4928, #2314, #2934 ) ) ;
#2147 = CARTESIAN_POINT ( 'NONE',  ( 0.1102918989441126100, 0.09868127115101114900, 0.04756052486040678000 ) ) ;
#2148 = AXIS2_PLACEMENT_3D ( 'NONE', #7979, #4212, #460 ) ;
#2149 = CARTESIAN_POINT ( 'NONE',  ( 0.08665219175711816300, 0.08999999999999999700, 0.08227821661184847600 ) ) ;
#2150 = CARTESIAN_POINT ( 'NONE',  ( -0.02904629314318551600, 0.09499999999999997300, 0.007015197234448552500 ) ) ;
#2151 = EDGE_LOOP ( 'NONE', ( #2611, #4788 ) ) ;
#2152 = CARTESIAN_POINT ( 'NONE',  ( -0.009265274639752706100, 0.09999999999999999200, -0.03891570670561195200 ) ) ;
#2153 = ORIENTED_EDGE ( 'NONE', *, *, #3147, .T. ) ;
#2154 = EDGE_CURVE ( 'NONE', #3915, #2660, #464, .T. ) ;
#2155 = CARTESIAN_POINT ( 'NONE',  ( 0.03625715684073166400, 0.09999999999999999200, -0.008807521454989805000 ) ) ;
#2156 = CARTESIAN_POINT ( 'NONE',  ( 0.02732364756308909900, 0.09749999999999998900, 0.06034331636468674000 ) ) ;
#2157 = CARTESIAN_POINT ( 'NONE',  ( 0.01536764705882362100, 0.09777973328537348200, -0.01093750000000000300 ) ) ;
#2158 = DIRECTION ( 'NONE',  ( 0.0000000000000000000, 0.0000000000000000000, 1.000000000000000000 ) ) ;
#2159 = EDGE_CURVE ( 'NONE', #7305, #3128, #6951, .T. ) ;
#2160 = DIRECTION ( 'NONE',  ( 0.4999999999999990000, 0.0000000000000000000, 0.8660254037844392600 ) ) ;
#2161 = CARTESIAN_POINT ( 'NONE',  ( -0.09724463960784399100, 0.09000000000000001100, 0.02632406133586926200 ) ) ;
#2162 = DIRECTION ( 'NONE',  ( 0.0000000000000000000, 0.0000000000000000000, 1.000000000000000000 ) ) ;
#2163 = CARTESIAN_POINT ( 'NONE',  ( 0.02482692280667549200, 0.09749999999999998900, 0.05967836435588166900 ) ) ;
#2164 = ADVANCED_FACE ( 'NONE', ( #5279 ), #3610, .F. ) ;
#2165 = CIRCLE ( 'NONE', #4450, 1.933681795603287900 ) ;
#2166 = CARTESIAN_POINT ( 'NONE',  ( -0.01625820434042522100, 0.09749999999999998900, 0.01292884012482641000 ) ) ;
#2167 = ORIENTED_EDGE ( 'NONE', *, *, #1642, .F. ) ;
#2168 = AXIS2_PLACEMENT_3D ( 'NONE', #4489, #739, #5121 ) ;
#2169 = DIRECTION ( 'NONE',  ( -1.224646799147345100E-016, 0.0000000000000000000, -1.000000000000000000 ) ) ;
#2170 = EDGE_CURVE ( 'NONE', #2972, #6463, #1931, .T. ) ;
#2171 = FACE_OUTER_BOUND ( 'NONE', #1268, .T. ) ;
#2172 = EDGE_LOOP ( 'NONE', ( #8067, #2388, #1117, #1188 ) ) ;
#2173 = CARTESIAN_POINT ( 'NONE',  ( 0.1124102540278575000, 0.09565461545040956900, 0.04180607967813669600 ) ) ;
#2174 = EDGE_LOOP ( 'NONE', ( #3243, #4446, #1580, #3183 ) ) ;
#2175 = ORIENTED_EDGE ( 'NONE', *, *, #6479, .T. ) ;
#2176 = CARTESIAN_POINT ( 'NONE',  ( -0.005967866937736644000, 0.09993881590493089400, 0.01238719613292563900 ) ) ;
#2177 = DIRECTION ( 'NONE',  ( 0.0000000000000000000, -1.000000000000000000, 0.0000000000000000000 ) ) ;
#2178 = CIRCLE ( 'NONE', #1036, 1.746397797600258300 ) ;
#2179 = CARTESIAN_POINT ( 'NONE',  ( 0.0000000000000000000, 0.1156249999999999800, 0.0000000000000000000 ) ) ;
#2180 = LINE ( 'NONE', #2230, #313 ) ;
#2181 = AXIS2_PLACEMENT_3D ( 'NONE', #7385, #3621, #8010 ) ;
#2182 = CALENDAR_DATE ( 2013, 28, 11 ) ;
#2183 = CARTESIAN_POINT ( 'NONE',  ( -0.02165063509461234400, 0.09999999999999999200, 0.1490063509461094800 ) ) ;
#2184 = CARTESIAN_POINT ( 'NONE',  ( -0.01749999884862244900, 0.09999999999999999200, -0.03031088713821094100 ) ) ;
#2185 = ORIENTED_EDGE ( 'NONE', *, *, #3115, .F. ) ;
#2186 = DIRECTION ( 'NONE',  ( 0.0000000000000000000, 0.0000000000000000000, 1.000000000000000000 ) ) ;
#2187 = AXIS2_PLACEMENT_3D ( 'NONE', #3509, #7895, #4120 ) ;
#2188 = ADVANCED_FACE ( 'NONE', ( #271 ), #5068, .F. ) ;
#2189 = CONICAL_SURFACE ( 'NONE', #4851, 1.438573427660500700, 0.06498818447873852500 ) ;
#2190 = ORIENTED_EDGE ( 'NONE', *, *, #3898, .T. ) ;
#2191 = CARTESIAN_POINT ( 'NONE',  ( -0.03031088913245678900, 0.09499999999999998700, 0.1540063509461094000 ) ) ;
#2192 = EDGE_LOOP ( 'NONE', ( #2440, #1753, #6490, #5526 ) ) ;
#2193 = DIRECTION ( 'NONE',  ( 0.0000000000000000000, 0.0000000000000000000, 1.000000000000000000 ) ) ;
#2194 = CARTESIAN_POINT ( 'NONE',  ( -0.05128899637645557100, 0.1000000000000000100, 0.01648630722225654200 ) ) ;
#2195 = DIRECTION ( 'NONE',  ( -0.0000000000000000000, 1.000000000000000000, -0.0000000000000000000 ) ) ;
#2196 = CYLINDRICAL_SURFACE ( 'NONE', #3231, 0.002500000000000000100 ) ;
#2197 = ORIENTED_EDGE ( 'NONE', *, *, #5434, .F. ) ;
#2198 = VERTEX_POINT ( 'NONE', #88 ) ;
#2199 = CARTESIAN_POINT ( 'NONE',  ( -0.005830781748766577500, 0.09999999999999999200, 0.01434257207066863500 ) ) ;
#2200 = FACE_OUTER_BOUND ( 'NONE', #193, .T. ) ;
#2201 = AXIS2_PLACEMENT_3D ( 'NONE', #40, #3769, #4416 ) ;
#2202 =( NAMED_UNIT ( * ) PLANE_ANGLE_UNIT ( ) SI_UNIT ( $, .RADIAN. ) );
#2203 = TOROIDAL_SURFACE ( 'NONE', #6960, 1.671781169333928800, 0.04687499999999999300 ) ;
#2204 = CARTESIAN_POINT ( 'NONE',  ( -0.08885167739285013100, 0.09499999999999998700, 0.01880237444968273600 ) ) ;
#2205 = CARTESIAN_POINT ( 'NONE',  ( 0.08741025518922114500, 0.09207106781186547000, 0.08510734785581698700 ) ) ;
#2206 = EDGE_CURVE ( 'NONE', #5485, #375, #5973, .T. ) ;
#2207 = CARTESIAN_POINT ( 'NONE',  ( 0.0000000000000000000, 0.06874999999999997800, -0.6208858594503941000 ) ) ;
#2209 = CARTESIAN_POINT ( 'NONE',  ( 0.0000000000000000000, 0.1140277731073001300, 0.0000000000000000000 ) ) ;
#2208 = CYLINDRICAL_SURFACE ( 'NONE', #7344, 0.004999999999999997500 ) ;
#2210 = ADVANCED_FACE ( 'NONE', ( #75 ), #4872, .F. ) ;
#2211 = DIRECTION ( 'NONE',  ( 1.000000000000000000, 0.0000000000000000000, 0.0000000000000000000 ) ) ;
#2212 = CIRCLE ( 'NONE', #6294, 0.03125000000000011100 ) ;
#2213 = AXIS2_PLACEMENT_3D ( 'NONE', #3942, #2072, #6461 ) ;
#2214 = CARTESIAN_POINT ( 'NONE',  ( -0.008958435828218376500, 0.09884304425214204800, -0.05221121550360435100 ) ) ;
#2215 = CARTESIAN_POINT ( 'NONE',  ( 0.03324529802598183400, 0.09749999999999996200, 0.0005942905040530369700 ) ) ;
#2216 =( BOUNDED_CURVE ( )  B_SPLINE_CURVE ( 3, ( #2283, #7912, #4171, #417 ),
 .UNSPECIFIED., .F., .F. ) 
 B_SPLINE_CURVE_WITH_KNOTS ( ( 4, 4 ),
 ( 1.570796326794896600, 3.141592653589796200 ),
 .UNSPECIFIED. ) 
 CURVE ( )  GEOMETRIC_REPRESENTATION_ITEM ( )  RATIONAL_B_SPLINE_CURVE ( ( 1.000000000000000000, 0.8047378541243643800, 0.8047378541243643800, 1.000000000000000000 ) ) 
 REPRESENTATION_ITEM ( '' )  );
#2217 = DIRECTION ( 'NONE',  ( 0.0000000000000000000, 0.0000000000000000000, 1.000000000000000000 ) ) ;
#2218 = CARTESIAN_POINT ( 'NONE',  ( 0.0000000000000000000, 0.06874999999999997800, 0.0000000000000000000 ) ) ;
#2219 = CYLINDRICAL_SURFACE ( 'NONE', #7397, 0.004999999999999997500 ) ;
#2220 = FACE_OUTER_BOUND ( 'NONE', #7560, .T. ) ;
#2221 = DIRECTION ( 'NONE',  ( 0.0000000000000000000, 0.0000000000000000000, 1.000000000000000000 ) ) ;
#2222 = EDGE_CURVE ( 'NONE', #5619, #1288, #3417, .T. ) ;
#2223 = CARTESIAN_POINT ( 'NONE',  ( -0.04763139720814564500, 0.09499999999999998700, 0.1640063509461092400 ) ) ;
#2224 = CARTESIAN_POINT ( 'NONE',  ( -0.004746818277753621200, 0.09999999999999997800, 0.07901647731603597700 ) ) ;
#2225 = EDGE_CURVE ( 'NONE', #1906, #586, #1740, .T. ) ;
#2226 = CARTESIAN_POINT ( 'NONE',  ( -0.02712325312792412300, 0.09999999999999997800, -0.01258223125337677000 ) ) ;
#2227 = ORIENTED_EDGE ( 'NONE', *, *, #1732, .F. ) ;
#2228 = PERSON_AND_ORGANIZATION_ROLE ( 'creator' ) ;
#2229 = ADVANCED_FACE ( 'NONE', ( #6551 ), #7831, .T. ) ;
#2230 = CARTESIAN_POINT ( 'NONE',  ( 2.327485531419034600E-016, 4.670450487116513100, 1.900536165235168900 ) ) ;
#2231 = CIRCLE ( 'NONE', #4723, 0.006000000000000001000 ) ;
#2232 = CARTESIAN_POINT ( 'NONE',  ( 0.08625000115137693200, 0.09499999999999998700, 0.06711696679905038200 ) ) ;
#2233 = ORIENTED_EDGE ( 'NONE', *, *, #4740, .T. ) ;
#2234 = ORIENTED_EDGE ( 'NONE', *, *, #4468, .T. ) ;
#2235 = CARTESIAN_POINT ( 'NONE',  ( 2.173748068486551900E-016, 4.345012756430420200, -1.775000000000000100 ) ) ;
#2236 = CARTESIAN_POINT ( 'NONE',  ( -3.085139947074426300E-017, 0.09999999999999999200, -0.09325317547305486700 ) ) ;
#2237 = AXIS2_PLACEMENT_3D ( 'NONE', #7337, #7904, #3565 ) ;
#2238 = VERTEX_POINT ( 'NONE', #7067 ) ;
#2239 = CARTESIAN_POINT ( 'NONE',  ( 0.08575961894323327900, 0.09999999999999999200, 0.03796633369868346300 ) ) ;
#2240 = DIRECTION ( 'NONE',  ( -0.5000000000000010000, 0.0000000000000000000, -0.8660254037844380400 ) ) ;
#2241 = LINE ( 'NONE', #310, #6862 ) ;
#2242 = DIRECTION ( 'NONE',  ( -0.0000000000000000000, 1.000000000000000000, -0.0000000000000000000 ) ) ;
#2243 = CARTESIAN_POINT ( 'NONE',  ( 0.02689708627179778600, 0.09499999999999997300, 0.07188805762962752200 ) ) ;
#2244 = ORIENTED_EDGE ( 'NONE', *, *, #5713, .T. ) ;
#2245 = CARTESIAN_POINT ( 'NONE',  ( 0.0000000000000000000, 0.01615740896423327100, -0.9982751737267768800 ) ) ;
#2246 = ORIENTED_EDGE ( 'NONE', *, *, #6575, .F. ) ;
#2247 = AXIS2_PLACEMENT_3D ( 'NONE', #45, #4426, #668 ) ;
#2248 = DIRECTION ( 'NONE',  ( -0.0000000000000000000, 1.000000000000000000, -0.0000000000000000000 ) ) ;
#2249 = CARTESIAN_POINT ( 'NONE',  ( -0.008960248161764612600, 0.09499999999999998700, -0.05183823529411765700 ) ) ;
#2250 = ADVANCED_FACE ( 'NONE', ( #8027 ), #1654, .T. ) ;
#2251 = B_SPLINE_CURVE_WITH_KNOTS ( 'NONE', 3,
 ( #4877, #5463, #1697, #6083, #2329, #6719, #2965, #7358, #3592, #7983, #4215, #462 ),
 .UNSPECIFIED., .F., .F.,
 ( 4, 2, 2, 2, 2, 4 ),
 ( 0.0000000000000000000, 0.0002172436843588803000, 0.0004344873687177605900, 0.0006517310530766408600, 0.0007603528952560810200, 0.0008689747374355211800 ),
 .UNSPECIFIED. ) ;
#2252 = ORIENTED_EDGE ( 'NONE', *, *, #1573, .F. ) ;
#2253 = ORIENTED_EDGE ( 'NONE', *, *, #3998, .F. ) ;
#2254 = CARTESIAN_POINT ( 'NONE',  ( 1.816747028490348000E-016, 1.469344986626658600, -1.483486528324116100 ) ) ;
#2255 = AXIS2_PLACEMENT_3D ( 'NONE', #7457, #5555, #3698 ) ;
#2256 = CARTESIAN_POINT ( 'NONE',  ( -0.02681632194889046700, 0.09749999999999996200, 0.04233514369239399500 ) ) ;
#2257 = EDGE_LOOP ( 'NONE', ( #7391, #7267, #1259, #7352 ) ) ;
#2258 = DIRECTION ( 'NONE',  ( 0.0000000000000000000, 0.0000000000000000000, 1.000000000000000000 ) ) ;
#2259 = CARTESIAN_POINT ( 'NONE',  ( -0.1002324962341835100, 0.08999999999999999700, 0.02900174788186525600 ) ) ;
#2260 = CARTESIAN_POINT ( 'NONE',  ( 0.0000000000000000000, 0.0000000000000000000, 0.0000000000000000000 ) ) ;
#2261 = FACE_OUTER_BOUND ( 'NONE', #525, .T. ) ;
#2262 = DIRECTION ( 'NONE',  ( -1.224646799147345100E-016, 0.0000000000000000000, -1.000000000000000000 ) ) ;
#2263 = EDGE_CURVE ( 'NONE', #4985, #5807, #4511, .T. ) ;
#2264 = CARTESIAN_POINT ( 'NONE',  ( 0.01528543669136917800, 0.09749999999999964300, -0.01388851477570724800 ) ) ;
#2265 = CARTESIAN_POINT ( 'NONE',  ( 0.0000000000000000000, 4.531250000000000000, 0.0000000000000000000 ) ) ;
#2266 = CARTESIAN_POINT ( 'NONE',  ( 0.0000000000000000000, 1.500297493313020900, -1.479184804273083700 ) ) ;
#2267 = CIRCLE ( 'NONE', #1236, 1.436710480930217400 ) ;
#2268 = EDGE_CURVE ( 'NONE', #1449, #5763, #6351, .T. ) ;
#2269 = ORIENTED_EDGE ( 'NONE', *, *, #4874, .F. ) ;
#2270 = DIRECTION ( 'NONE',  ( 0.0000000000000000000, -1.000000000000000000, 0.0000000000000000000 ) ) ;
#2271 = CARTESIAN_POINT ( 'NONE',  ( 0.003345193252318266800, 0.09995757934338471400, 0.06193653362878166100 ) ) ;
#2272 = CIRCLE ( 'NONE', #7195, 1.640597137737996200 ) ;
#2273 = CARTESIAN_POINT ( 'NONE',  ( -0.001368748982049787600, 0.09999999999999996400, -0.03568024924431503800 ) ) ;
#2274 = ORIENTED_EDGE ( 'NONE', *, *, #2742, .T. ) ;
#2275 = EDGE_LOOP ( 'NONE', ( #4381, #2145, #3748, #6492 ) ) ;
#2276 = EDGE_CURVE ( 'NONE', #4103, #1638, #4679, .T. ) ;
#2277 = CARTESIAN_POINT ( 'NONE',  ( -0.1182179676972449200, 0.09499999999999998700, -0.06825317547305484500 ) ) ;
#2278 = DIRECTION ( 'NONE',  ( -0.0000000000000000000, -1.000000000000000000, 0.0000000000000000000 ) ) ;
#2279 = CARTESIAN_POINT ( 'NONE',  ( -0.01545789359437260900, 0.09999999999999999200, 0.05859475139721832800 ) ) ;
#2280 = CARTESIAN_POINT ( 'NONE',  ( -0.1067403810567671700, 0.09499999999999998700, 0.06162658773652647500 ) ) ;
#2281 = CIRCLE ( 'NONE', #977, 0.03125000000000011100 ) ;
#2282 = ADVANCED_FACE ( 'NONE', ( #3026 ), #4435, .T. ) ;
#2283 = CARTESIAN_POINT ( 'NONE',  ( 0.02499999769724538200, 0.08999999999999999700, -0.1032531754730547400 ) ) ;
#2284 = EDGE_LOOP ( 'NONE', ( #4911, #7944, #272, #4876 ) ) ;
#2285 = ORIENTED_EDGE ( 'NONE', *, *, #336, .T. ) ;
#2286 = CARTESIAN_POINT ( 'NONE',  ( 0.005962355755154762400, 0.1000000000000000100, -0.05254707773004024100 ) ) ;
#2287 = CARTESIAN_POINT ( 'NONE',  ( -0.004795237471532077200, 0.09999999999999999200, 0.01180790253607238800 ) ) ;
#2288 = AXIS2_PLACEMENT_3D ( 'NONE', #4099, #1555, #4724 ) ;
#2289 = CARTESIAN_POINT ( 'NONE',  ( 0.01332425546721905200, 0.1000000000000016800, -0.02372937799470259100 ) ) ;
#2290 = DIRECTION ( 'NONE',  ( 0.8660254037844369300, 3.414809992080327900E-015, 0.5000000000000030000 ) ) ;
#2291 = CARTESIAN_POINT ( 'NONE',  ( -0.01131267237510973400, 0.09999999999999999200, -0.1206278307228353800 ) ) ;
#2292 = DIRECTION ( 'NONE',  ( 0.0000000000000000000, 0.0000000000000000000, -1.000000000000000000 ) ) ;
#2293 = AXIS2_PLACEMENT_3D ( 'NONE', #4582, #832, #5210 ) ;
#2294 = FACE_OUTER_BOUND ( 'NONE', #4537, .T. ) ;
#2295 = CARTESIAN_POINT ( 'NONE',  ( 0.03072322754982005300, 0.1000000000000000100, 0.06755763647276938300 ) ) ;
#2296 = CARTESIAN_POINT ( 'NONE',  ( -0.04890299357468665100, 0.09999999999999999200, 0.01160014039208109000 ) ) ;
#2297 = ORIENTED_EDGE ( 'NONE', *, *, #5041, .T. ) ;
#2298 = CARTESIAN_POINT ( 'NONE',  ( -0.04817252746039989200, 0.09499999999999995900, 0.02414622702382909800 ) ) ;
#2299 = CARTESIAN_POINT ( 'NONE',  ( 0.02984008162966964400, 0.09370359062126554200, -0.08732537096736973900 ) ) ;
#2300 = VECTOR ( 'NONE', #7148, 39.37007874015748100 ) ;
#2301 = APPROVAL_DATE_TIME ( #3972, #5703 ) ;
#2302 = CARTESIAN_POINT ( 'NONE',  ( -0.1182179676972449200, 0.09999999999999999200, -0.09325317547305482500 ) ) ;
#2303 = AXIS2_PLACEMENT_3D ( 'NONE', #1451, #5827, #2078 ) ;
#2304 = VECTOR ( 'NONE', #8116, 39.37007874015748100 ) ;
#2305 = FACE_OUTER_BOUND ( 'NONE', #4853, .T. ) ;
#2306 = ORIENTED_EDGE ( 'NONE', *, *, #7470, .F. ) ;
#2307 = DIRECTION ( 'NONE',  ( -1.000000000000000000, 0.0000000000000000000, 0.0000000000000000000 ) ) ;
#2308 = CARTESIAN_POINT ( 'NONE',  ( 0.004811795034782912400, 0.09749999999999998900, -0.03534130562799065600 ) ) ;
#2309 = CARTESIAN_POINT ( 'NONE',  ( 0.001422694459714204600, 0.09999999999999999200, 0.06141574980015732100 ) ) ;
#2310 = EDGE_CURVE ( 'NONE', #5011, #1305, #6164, .T. ) ;
#2311 = CARTESIAN_POINT ( 'NONE',  ( 0.005237435542420147300, 0.09999999999999997800, 0.06143949825579356900 ) ) ;
#2312 = CARTESIAN_POINT ( 'NONE',  ( 0.01071253306868271000, 0.09499999999999998700, -0.1108256542501924500 ) ) ;
#2313 = VERTEX_POINT ( 'NONE', #785 ) ;
#2314 = ORIENTED_EDGE ( 'NONE', *, *, #7843, .F. ) ;
#2315 = CARTESIAN_POINT ( 'NONE',  ( 0.006218092070431306300, 0.09749999999999965600, 0.01165400004221158300 ) ) ;
#2316 = CONICAL_SURFACE ( 'NONE', #5663, 1.889487621779129000, 0.7853981633974422800 ) ;
#2317 = EDGE_CURVE ( 'NONE', #6447, #4107, #1149, .T. ) ;
#2318 = AXIS2_PLACEMENT_3D ( 'NONE', #3988, #229, #4608 ) ;
#2319 = CARTESIAN_POINT ( 'NONE',  ( 0.003995575546115215900, 0.09999999999999999200, -0.03311392698960986100 ) ) ;
#2320 = CARTESIAN_POINT ( 'NONE',  ( -0.01516483145070904800, 0.09504702702197452600, -0.1180883440223458000 ) ) ;
#2321 = DIRECTION ( 'NONE',  ( 0.0000000000000000000, -0.2588190451025143000, -0.9659258262890699800 ) ) ;
#2322 = DIRECTION ( 'NONE',  ( -0.0000000000000000000, 1.000000000000000000, -0.0000000000000000000 ) ) ;
#2323 = CARTESIAN_POINT ( 'NONE',  ( -0.04592884352922625700, 0.09750000000000094700, 0.03682775770799531800 ) ) ;
#2324 = VECTOR ( 'NONE', #1376, 39.37007874015748100 ) ;
#2325 = DIRECTION ( 'NONE',  ( -0.0000000000000000000, 1.000000000000000000, -0.0000000000000000000 ) ) ;
#2326 = CARTESIAN_POINT ( 'NONE',  ( -0.03885300335828424000, 0.09749999999999998900, 0.05436509495588160600 ) ) ;
#2327 = CARTESIAN_POINT ( 'NONE',  ( 0.02582501395628041700, 0.09000000000000002400, -0.09737835895018941100 ) ) ;
#2328 = ADVANCED_FACE ( 'NONE', ( #2829 ), #2620, .T. ) ;
#2329 = CARTESIAN_POINT ( 'NONE',  ( 0.01080275296910657500, 0.09999999999999999200, 0.003122364557189692300 ) ) ;
#2330 = EDGE_CURVE ( 'NONE', #6001, #5920, #4286, .T. ) ;
#2331 = TOROIDAL_SURFACE ( 'NONE', #3205, 1.671781169333928800, 0.03125000000000000000 ) ;
#2332 = ORIENTED_EDGE ( 'NONE', *, *, #966, .T. ) ;
#2333 = ORIENTED_EDGE ( 'NONE', *, *, #1797, .F. ) ;
#2334 = VERTEX_POINT ( 'NONE', #3313 ) ;
#2335 = CARTESIAN_POINT ( 'NONE',  ( -0.03885300335828424000, 0.09499999999999997300, 0.05436509495588160600 ) ) ;
#2337 = AXIS2_PLACEMENT_3D ( 'NONE', #3369, #7755, #3995 ) ;
#2336 = CARTESIAN_POINT ( 'NONE',  ( 0.01431411108210551800, 0.09500000000000002900, -0.02036608458170647800 ) ) ;
#2338 = DIRECTION ( 'NONE',  ( -1.000000000000000000, 0.0000000000000000000, 0.0000000000000000000 ) ) ;
#2339 = CARTESIAN_POINT ( 'NONE',  ( 0.02823703166384526300, 0.09999999999999999200, 0.06591996924968276900 ) ) ;
#2340 = AXIS2_PLACEMENT_3D ( 'NONE', #1749, #3751, #8140 ) ;
#2341 = CARTESIAN_POINT ( 'NONE',  ( -0.009999999999999981100, 0.09999999999999999200, -0.09325317547305486700 ) ) ;
#2343 = ORIENTED_EDGE ( 'NONE', *, *, #4138, .F. ) ;
#2342 = CARTESIAN_POINT ( 'NONE',  ( 0.01408245435582289700, 0.1000000000000012500, 0.0009169329914810905600 ) ) ;
#2344 = ORIENTED_EDGE ( 'NONE', *, *, #1593, .F. ) ;
#2345 = CARTESIAN_POINT ( 'NONE',  ( -0.007657574741196135200, 0.09749999999999998900, -0.03897588814587865000 ) ) ;
#2346 = DIRECTION ( 'NONE',  ( -0.0000000000000000000, 1.000000000000000000, -0.0000000000000000000 ) ) ;
#2347 = DIRECTION ( 'NONE',  ( -0.0000000000000000000, 1.000000000000000000, -0.0000000000000000000 ) ) ;
#2348 = ORIENTED_EDGE ( 'NONE', *, *, #3693, .T. ) ;
#2349 = B_SPLINE_CURVE_WITH_KNOTS ( 'NONE', 3,
 ( #3809, #55, #7605, #3835, #82, #4461, #708, #5091, #1339, #5724, #1965 ),
 .UNSPECIFIED., .F., .F.,
 ( 4, 1, 1, 1, 1, 1, 1, 1, 4 ),
 ( 0.0000000000000000000, 0.05605442366987123400, 0.1311363403441909200, 0.2249622054739559300, 0.3351356481890018800, 0.4662186493268697900, 0.6197092505780140700, 0.7966315002107979800, 1.000000000000000000 ),
 .UNSPECIFIED. ) ;
#2350 = AXIS2_PLACEMENT_3D ( 'NONE', #4065, #7827, #4089 ) ;
#2351 = CARTESIAN_POINT ( 'NONE',  ( -0.03488864118033410000, 0.09999999999999999200, 0.06422338183436715500 ) ) ;
#2352 = EDGE_LOOP ( 'NONE', ( #1377, #4532 ) ) ;
#2353 = CARTESIAN_POINT ( 'NONE',  ( -0.01376019078989246100, 0.1000000000000000100, 0.01096331804571662600 ) ) ;
#2354 = CARTESIAN_POINT ( 'NONE',  ( -0.01898755295658836500, 0.09499999999999998700, 0.07242762378015713000 ) ) ;
#2355 = CARTESIAN_POINT ( 'NONE',  ( -0.02946325157531129100, 0.09750000000000003100, 0.03330694435421458600 ) ) ;
#2356 = AXIS2_PLACEMENT_3D ( 'NONE', #4753, #1008, #5397 ) ;
#2357 = DIRECTION ( 'NONE',  ( 0.4999999999999998900, 0.0000000000000000000, 0.8660254037844387100 ) ) ;
#2358 =( BOUNDED_CURVE ( )  B_SPLINE_CURVE ( 3, ( #673, #4428, #5689, #1938 ),
 .UNSPECIFIED., .F., .F. ) 
 B_SPLINE_CURVE_WITH_KNOTS ( ( 4, 4 ),
 ( 0.0000000000000000000, 1.570796326794892100 ),
 .UNSPECIFIED. ) 
 CURVE ( )  GEOMETRIC_REPRESENTATION_ITEM ( )  RATIONAL_B_SPLINE_CURVE ( ( 1.000000000000000000, 0.8047378541243661600, 0.8047378541243661600, 1.000000000000000000 ) ) 
 REPRESENTATION_ITEM ( '' )  );
#2359 = EDGE_CURVE ( 'NONE', #7683, #1591, #5951, .T. ) ;
#2360 = CARTESIAN_POINT ( 'NONE',  ( -0.09022599025004590700, 0.09499999999999998700, 0.01745098626637955500 ) ) ;
#2361 = DIRECTION ( 'NONE',  ( 0.0000000000000000000, 0.0000000000000000000, -1.000000000000000000 ) ) ;
#2362 = CYLINDRICAL_SURFACE ( 'NONE', #2783, 1.775000000000000100 ) ;
#2363 = CARTESIAN_POINT ( 'NONE',  ( 0.003878676470588326300, 0.09499999999999998700, 0.07683823529411763800 ) ) ;
#2364 = ORIENTED_EDGE ( 'NONE', *, *, #1933, .F. ) ;
#2366 = AXIS2_PLACEMENT_3D ( 'NONE', #6870, #3113, #7502 ) ;
#2365 = CARTESIAN_POINT ( 'NONE',  ( 0.02899999769724551100, 0.09499999999999998700, -0.1296428581747729500 ) ) ;
#2367 = DIRECTION ( 'NONE',  ( 0.0000000000000000000, 1.000000000000000000, -0.0000000000000000000 ) ) ;
#2368 = CARTESIAN_POINT ( 'NONE',  ( 0.02778211929242390900, 0.1000000000000004200, 0.07015219667989867900 ) ) ;
#2369 = ADVANCED_FACE ( 'NONE', ( #1341 ), #2426, .T. ) ;
#2370 = CARTESIAN_POINT ( 'NONE',  ( 0.02499999769724543400, 0.08999999999999999700, -0.1132531754730547200 ) ) ;
#2371 = CARTESIAN_POINT ( 'NONE',  ( -0.01973972563791305500, 0.09630874078434220600, -0.09812303829201149400 ) ) ;
#2372 = FACE_OUTER_BOUND ( 'NONE', #1207, .T. ) ;
#2373 = ORIENTED_EDGE ( 'NONE', *, *, #1418, .T. ) ;
#2374 = EDGE_CURVE ( 'NONE', #2585, #5896, #3079, .T. ) ;
#2375 = DIRECTION ( 'NONE',  ( 1.000000000000000000, 0.0000000000000000000, -1.224646799147353200E-016 ) ) ;
#2376 = ORIENTED_EDGE ( 'NONE', *, *, #4454, .F. ) ;
#2377 = ORIENTED_EDGE ( 'NONE', *, *, #6096, .F. ) ;
#2378 = DIRECTION ( 'NONE',  ( -0.0000000000000000000, 1.000000000000000000, -0.0000000000000000000 ) ) ;
#2379 = CARTESIAN_POINT ( 'NONE',  ( 0.02769389190547731600, 0.09749999999999994800, 0.07044045406424043200 ) ) ;
#2380 = DIRECTION ( 'NONE',  ( -0.0000000000000000000, 1.000000000000000000, -0.0000000000000000000 ) ) ;
#2381 = FACE_OUTER_BOUND ( 'NONE', #2570, .T. ) ;
#2382 = EDGE_CURVE ( 'NONE', #2089, #2653, #4090, .T. ) ;
#2383 = CARTESIAN_POINT ( 'NONE',  ( -0.01207118049578106100, 0.1000000000000019100, 0.07504466175756532900 ) ) ;
#2384 = CARTESIAN_POINT ( 'NONE',  ( 0.003878676470588326300, 0.09750000000000000300, 0.07683823529411763800 ) ) ;
#2385 = ORIENTED_EDGE ( 'NONE', *, *, #1435, .T. ) ;
#2387 = DIRECTION ( 'NONE',  ( 0.009918766466019022700, -0.001435068831268203200, -0.9999497780634996100 ) ) ;
#2386 = FACE_OUTER_BOUND ( 'NONE', #4344, .T. ) ;
#2388 = ORIENTED_EDGE ( 'NONE', *, *, #5030, .F. ) ;
#2389 = FACE_OUTER_BOUND ( 'NONE', #3631, .T. ) ;
#2390 = ORIENTED_EDGE ( 'NONE', *, *, #8108, .F. ) ;
#2391 = AXIS2_PLACEMENT_3D ( 'NONE', #7635, #3873, #112 ) ;
#2392 = EDGE_LOOP ( 'NONE', ( #2895, #478, #3336, #757 ) ) ;
#2393 = CARTESIAN_POINT ( 'NONE',  ( 0.0000000000000000000, 0.2441743326527538400, 0.0000000000000000000 ) ) ;
#2394 = CARTESIAN_POINT ( 'NONE',  ( -0.1272740074471989900, 0.09499999999999998700, 0.03884066896809777700 ) ) ;
#2395 = CARTESIAN_POINT ( 'NONE',  ( 0.02884772228501935100, 0.09999999999999996400, 0.07340856930907650700 ) ) ;
#2396 = FACE_OUTER_BOUND ( 'NONE', #3159, .T. ) ;
#2397 = DIRECTION ( 'NONE',  ( 1.000000000000000000, 0.0000000000000000000, 1.224646799147353200E-016 ) ) ;
#2398 = CARTESIAN_POINT ( 'NONE',  ( -0.002034357534700030900, 0.09996831207042072800, 0.02930256575815348400 ) ) ;
#2399 = AXIS2_PLACEMENT_3D ( 'NONE', #2393, #6782, #3030 ) ;
#2400 = CARTESIAN_POINT ( 'NONE',  ( -0.009999999999999981100, 0.09999999999999999200, -0.09325317547305486700 ) ) ;
#2401 = CARTESIAN_POINT ( 'NONE',  ( 0.03372843831414285000, 0.09750000000000001700, -0.01061371829795089600 ) ) ;
#2402 = AXIS2_PLACEMENT_3D ( 'NONE', #5200, #5696, #1452 ) ;
#2403 = LINE ( 'NONE', #502, #5727 ) ;
#2404 = CARTESIAN_POINT ( 'NONE',  ( 0.0000000000000000000, 4.156250000000000000, 0.0000000000000000000 ) ) ;
#2405 = CARTESIAN_POINT ( 'NONE',  ( 0.0000000000000000000, 4.531250000000000000, -1.843750000000000400 ) ) ;
#2406 = CARTESIAN_POINT ( 'NONE',  ( 2.215845302207242300E-016, 0.0000000000000000000, -1.809375000000000200 ) ) ;
#2407 = ADVANCED_FACE ( 'NONE', ( #7439 ), #5748, .F. ) ;
#2408 = DIRECTION ( 'NONE',  ( -1.000000000000000000, -0.0000000000000000000, -0.0000000000000000000 ) ) ;
#2409 = CIRCLE ( 'NONE', #5693, 0.005000000000000001800 ) ;
#2410 = FACE_OUTER_BOUND ( 'NONE', #7440, .T. ) ;
#2411 = CARTESIAN_POINT ( 'NONE',  ( 0.0000000000000000000, 0.06874999999999997800, -0.6208858594503941000 ) ) ;
#2412 = AXIS2_PLACEMENT_3D ( 'NONE', #7789, #1534, #2802 ) ;
#2413 = CARTESIAN_POINT ( 'NONE',  ( 0.03570115365072517400, 0.09993895437933071600, -0.009242629017895942100 ) ) ;
#2414 = CARTESIAN_POINT ( 'NONE',  ( 0.02999999769724549800, 0.09467274965458333200, -0.1296428579494769100 ) ) ;
#2415 = ORIENTED_EDGE ( 'NONE', *, *, #5605, .T. ) ;
#2416 = CARTESIAN_POINT ( 'NONE',  ( -0.007437959558823434600, 0.09500000000000001500, -0.03897058823529413900 ) ) ;
#2417 = EDGE_CURVE ( 'NONE', #4278, #3955, #754, .T. ) ;
#2418 = CARTESIAN_POINT ( 'NONE',  ( 0.02122196020779613600, 0.09749999999999936500, 0.07453325285841672100 ) ) ;
#2419 = VERTEX_POINT ( 'NONE', #7787 ) ;
#2420 = CARTESIAN_POINT ( 'NONE',  ( -0.03191929870174305100, 0.09750000000000003100, -0.04572470769691842900 ) ) ;
#2421 = DIRECTION ( 'NONE',  ( 0.0000000000000000000, 0.0000000000000000000, 1.000000000000000000 ) ) ;
#2422 = CARTESIAN_POINT ( 'NONE',  ( -0.002038143382352846900, 0.09777977551804455100, 0.02720588235294116700 ) ) ;
#2423 = EDGE_CURVE ( 'NONE', #2497, #657, #4477, .T. ) ;
#2424 = DIRECTION ( 'NONE',  ( 0.0000000000000000000, 0.0000000000000000000, 1.000000000000000000 ) ) ;
#2425 = CARTESIAN_POINT ( 'NONE',  ( 0.07691987413245468500, 0.08999999999999999700, 0.07327722083689468300 ) ) ;
#2426 = CYLINDRICAL_SURFACE ( 'NONE', #2213, 0.004999999999999997500 ) ;
#2427 = CARTESIAN_POINT ( 'NONE',  ( 0.02595483068899795400, 0.09499999999999997300, -0.03583736725369033500 ) ) ;
#2428 = CARTESIAN_POINT ( 'NONE',  ( 0.02545187901634187200, 0.09999999999999999200, 0.05710000401715843000 ) ) ;
#2429 = ORIENTED_EDGE ( 'NONE', *, *, #7942, .T. ) ;
#2430 = EDGE_LOOP ( 'NONE', ( #5344, #695, #67, #449 ) ) ;
#2431 = DIRECTION ( 'NONE',  ( 0.0000000000000000000, 0.0000000000000000000, 1.000000000000000000 ) ) ;
#2432 = CARTESIAN_POINT ( 'NONE',  ( -0.002038143382352846900, 0.09499999999999998700, 0.02720588235294116700 ) ) ;
#2433 = EDGE_LOOP ( 'NONE', ( #6097, #6287, #362, #7952 ) ) ;
#2434 = DIRECTION ( 'NONE',  ( 0.5144957554275222400, -0.0000000000000000000, 0.8574929257125466500 ) ) ;
#2435 = CARTESIAN_POINT ( 'NONE',  ( -0.02644395926193084100, 0.09499999999999997300, 0.02141836070555536800 ) ) ;
#2436 = AXIS2_PLACEMENT_3D ( 'NONE', #2871, #7261, #3501 ) ;
#2437 = CARTESIAN_POINT ( 'NONE',  ( -0.01999999999999999000, 0.09499999999999998700, -0.1182531754730548500 ) ) ;
#2439 = EDGE_CURVE ( 'NONE', #1385, #3130, #3900, .T. ) ;
#2438 = CARTESIAN_POINT ( 'NONE',  ( 0.0000000000000000000, 0.0000000000000000000, 0.0000000000000000000 ) ) ;
#2440 = ORIENTED_EDGE ( 'NONE', *, *, #2809, .T. ) ;
#2441 = CARTESIAN_POINT ( 'NONE',  ( -0.05118871474835135600, 0.09999999999999999200, -0.006160143200738869000 ) ) ;
#2442 = ORIENTED_EDGE ( 'NONE', *, *, #5030, .T. ) ;
#2443 = CARTESIAN_POINT ( 'NONE',  ( 0.02872378831966508300, 0.09137320342436135200, -0.1286456546809466000 ) ) ;
#2444 = ORIENTED_EDGE ( 'NONE', *, *, #1806, .T. ) ;
#2446 = AXIS2_PLACEMENT_3D ( 'NONE', #1231, #5613, #1858 ) ;
#2445 = CARTESIAN_POINT ( 'NONE',  ( -0.04920411709253057900, 0.09859144553330268000, 0.007904963396762731300 ) ) ;
#2447 = DIRECTION ( 'NONE',  ( 0.8574929257125452100, 0.0000000000000000000, -0.5144957554275249000 ) ) ;
#2448 = ORIENTED_EDGE ( 'NONE', *, *, #2276, .F. ) ;
#2449 = CARTESIAN_POINT ( 'NONE',  ( 0.01326200740691629700, 0.09999999999999940900, 0.07616867300493078400 ) ) ;
#2450 = ADVANCED_FACE ( 'NONE', ( #561 ), #358, .F. ) ;
#2451 = DIRECTION ( 'NONE',  ( 0.0000000000000000000, 0.0000000000000000000, -1.000000000000000000 ) ) ;
#2452 = AXIS2_PLACEMENT_3D ( 'NONE', #6220, #1828, #6855 ) ;
#2453 = DIRECTION ( 'NONE',  ( -1.000000000000000000, -0.0000000000000000000, -0.0000000000000000000 ) ) ;
#2454 = DIRECTION ( 'NONE',  ( 0.007055831115406298500, 1.204716129766032500E-017, -0.9999751073138126700 ) ) ;
#2455 = CARTESIAN_POINT ( 'NONE',  ( 0.005824824344914834700, 0.09749999999999996200, -0.04996815879784923700 ) ) ;
#2456 = VERTEX_POINT ( 'NONE', #295 ) ;
#2457 = CARTESIAN_POINT ( 'NONE',  ( -0.1267908271534181300, 0.09467274965458337400, 0.04070655291061794200 ) ) ;
#2458 = FACE_OUTER_BOUND ( 'NONE', #7258, .T. ) ;
#2459 = CARTESIAN_POINT ( 'NONE',  ( -0.002038143382352846900, 0.09499999999999998700, 0.02720588235294116700 ) ) ;
#2460 =( BOUNDED_CURVE ( )  B_SPLINE_CURVE ( 3, ( #1279, #5025, #1903, #6299 ),
 .UNSPECIFIED., .F., .F. ) 
 B_SPLINE_CURVE_WITH_KNOTS ( ( 4, 4 ),
 ( 0.0000000000000000000, 1.570796326794896600 ),
 .UNSPECIFIED. ) 
 CURVE ( )  GEOMETRIC_REPRESENTATION_ITEM ( )  RATIONAL_B_SPLINE_CURVE ( ( 1.000000000000000000, 0.8047378541243649400, 0.8047378541243649400, 1.000000000000000000 ) ) 
 REPRESENTATION_ITEM ( '' )  );
#2461 = ORIENTED_EDGE ( 'NONE', *, *, #269, .F. ) ;
#2462 = CARTESIAN_POINT ( 'NONE',  ( 0.08558012817029901600, 0.08999999999999999700, 0.07827722083689475600 ) ) ;
#2463 = CARTESIAN_POINT ( 'NONE',  ( 0.02550419446056499700, 0.09946848128105828500, 0.05866919482677599600 ) ) ;
#2464 = VECTOR ( 'NONE', #6142, 39.37007874015748100 ) ;
#2465 = CARTESIAN_POINT ( 'NONE',  ( -0.03421105702404960600, 0.09749999999999839400, -0.04398700847676023700 ) ) ;
#2466 = VERTEX_POINT ( 'NONE', #931 ) ;
#2467 = EDGE_LOOP ( 'NONE', ( #476, #3768, #2753, #5127 ) ) ;
#2468 = EDGE_CURVE ( 'NONE', #5011, #5107, #5374, .T. ) ;
#2469 = CARTESIAN_POINT ( 'NONE',  ( -0.1210581091447361500, 0.08999999999999999700, 0.03764338152729652900 ) ) ;
#2470 = CARTESIAN_POINT ( 'NONE',  ( 0.02499999769724542100, 0.08999999999999999700, -0.1152015889816458400 ) ) ;
#2471 = CIRCLE ( 'NONE', #5913, 0.02999999999999999500 ) ;
#2472 = EDGE_CURVE ( 'NONE', #6251, #1449, #7246, .T. ) ;
#2474 = AXIS2_PLACEMENT_3D ( 'NONE', #567, #4945, #1193 ) ;
#2473 = CARTESIAN_POINT ( 'NONE',  ( 0.006695791991765493100, 0.09499999999999998700, -0.03383218125852452400 ) ) ;
#2475 = CARTESIAN_POINT ( 'NONE',  ( 0.03261338174227197000, 0.09999999999999996400, 0.01103508632860218700 ) ) ;
#2476 = ORIENTED_EDGE ( 'NONE', *, *, #5197, .T. ) ;
#2477 = VERTEX_POINT ( 'NONE', #5318 ) ;
#2478 = ORIENTED_EDGE ( 'NONE', *, *, #5024, .T. ) ;
#2479 = CARTESIAN_POINT ( 'NONE',  ( 0.02825030688748509500, 0.09499999999999998700, 0.06461127396891198900 ) ) ;
#2480 = CIRCLE ( 'NONE', #6819, 0.001000000000000000900 ) ;
#2481 = EDGE_CURVE ( 'NONE', #4041, #5954, #1606, .T. ) ;
#2482 = DIRECTION ( 'NONE',  ( -0.8660254037844420400, 0.0000000000000000000, 0.4999999999999940000 ) ) ;
#2483 = CARTESIAN_POINT ( 'NONE',  ( -0.01292893218813451600, 0.1000000000000000100, -0.1173953110967858000 ) ) ;
#2484 = DIRECTION ( 'NONE',  ( 0.5000000000000033300, 0.0000000000000000000, -0.8660254037844369300 ) ) ;
#2485 = LINE ( 'NONE', #1645, #4141 ) ;
#2486 = CARTESIAN_POINT ( 'NONE',  ( -0.1242677037354471400, 0.09192726540609690000, 0.03826160388334750400 ) ) ;
#2487 = ORIENTED_EDGE ( 'NONE', *, *, #795, .T. ) ;
#2488 = ORIENTED_EDGE ( 'NONE', *, *, #4889, .T. ) ;
#2489 = EDGE_CURVE ( 'NONE', #2926, #5835, #149, .T. ) ;
#2490 = CARTESIAN_POINT ( 'NONE',  ( 0.02825030688748509500, 0.09499999999999998700, 0.06461127396891198900 ) ) ;
#2491 = ORIENTED_EDGE ( 'NONE', *, *, #3327, .F. ) ;
#2492 = ADVANCED_FACE ( 'NONE', ( #3706 ), #3511, .F. ) ;
#2493 = DIRECTION ( 'NONE',  ( -0.0000000000000000000, 1.000000000000000000, -0.0000000000000000000 ) ) ;
#2494 = CIRCLE ( 'NONE', #5101, 0.002500000000000002200 ) ;
#2495 = CARTESIAN_POINT ( 'NONE',  ( 0.02999999769724548100, 0.09999999999999999200, -0.1232531754730547000 ) ) ;
#2496 = CARTESIAN_POINT ( 'NONE',  ( -0.02215605582722429300, 0.09999999999999999200, -0.05018658101732885500 ) ) ;
#2497 = VERTEX_POINT ( 'NONE', #2266 ) ;
#2498 = AXIS2_PLACEMENT_3D ( 'NONE', #8138, #1262, #6281 ) ;
#2499 = FACE_OUTER_BOUND ( 'NONE', #880, .T. ) ;
#2500 = APPROVAL_PERSON_ORGANIZATION ( #4159, #5703, #7255 ) ;
#2501 = AXIS2_PLACEMENT_3D ( 'NONE', #2779, #7170, #3408 ) ;
#2502 = DIRECTION ( 'NONE',  ( -1.000000000000000000, 0.0000000000000000000, 0.0000000000000000000 ) ) ;
#2503 =( BOUNDED_CURVE ( )  B_SPLINE_CURVE ( 3, ( #978, #1603, #5982, #2239 ),
 .UNSPECIFIED., .F., .F. ) 
 B_SPLINE_CURVE_WITH_KNOTS ( ( 4, 4 ),
 ( 3.141592653589793100, 4.712388980384689700 ),
 .UNSPECIFIED. ) 
 CURVE ( )  GEOMETRIC_REPRESENTATION_ITEM ( )  RATIONAL_B_SPLINE_CURVE ( ( 1.000000000000000000, 0.8047378541243649400, 0.8047378541243649400, 1.000000000000000000 ) ) 
 REPRESENTATION_ITEM ( '' )  );
#2504 = CARTESIAN_POINT ( 'NONE',  ( 0.01700799809171848300, 0.09749999999999998900, 0.02354341545660616400 ) ) ;
#2505 = DIRECTION ( 'NONE',  ( 0.0000000000000000000, 0.0000000000000000000, 1.000000000000000000 ) ) ;
#2506 = CARTESIAN_POINT ( 'NONE',  ( -0.07540995397047750600, 0.09946113292395672400, 0.06111234904863002700 ) ) ;
#2507 = VECTOR ( 'NONE', #8090, 39.37007874015748900 ) ;
#2508 = CARTESIAN_POINT ( 'NONE',  ( -0.08972599025004590600, 0.09999999999999999200, 0.01831701167016399500 ) ) ;
#2509 = FACE_OUTER_BOUND ( 'NONE', #4229, .T. ) ;
#2510 = AXIS2_PLACEMENT_3D ( 'NONE', #7068, #3300, #7691 ) ;
#2511 = CARTESIAN_POINT ( 'NONE',  ( 0.01809251526529155600, 0.09499999999999998700, 0.06182016250858177900 ) ) ;
#2512 = DIRECTION ( 'NONE',  ( 0.0000000000000000000, 0.0000000000000000000, -1.000000000000000000 ) ) ;
#2513 = AXIS2_PLACEMENT_3D ( 'NONE', #365, #4751, #1000 ) ;
#2514 = EDGE_CURVE ( 'NONE', #873, #6689, #6845, .T. ) ;
#2515 = ORIENTED_EDGE ( 'NONE', *, *, #1860, .T. ) ;
#2516 = ORIENTED_EDGE ( 'NONE', *, *, #3950, .F. ) ;
#2517 = CARTESIAN_POINT ( 'NONE',  ( 0.02628434788824203200, 0.09750000000000001700, 0.05963238434621334600 ) ) ;
#2518 = ORIENTED_EDGE ( 'NONE', *, *, #2417, .T. ) ;
#2519 = FACE_OUTER_BOUND ( 'NONE', #4674, .T. ) ;
#2520 = DIRECTION ( 'NONE',  ( 0.0000000000000000000, -1.000000000000000000, 0.0000000000000000000 ) ) ;
#2521 = CARTESIAN_POINT ( 'NONE',  ( 0.09158512621749216600, 0.09946113292395666900, 0.03831599867143990100 ) ) ;
#2522 = DIRECTION ( 'NONE',  ( 0.0000000000000000000, 0.0000000000000000000, -1.000000000000000000 ) ) ;
#2523 = CARTESIAN_POINT ( 'NONE',  ( -0.008426592295683352900, 0.09999999999999999200, -0.05434623610730335300 ) ) ;
#2524 = AXIS2_PLACEMENT_3D ( 'NONE', #7836, #6566, #4669 ) ;
#2525 = CARTESIAN_POINT ( 'NONE',  ( 0.0000000000000000000, 4.750000000000000000, 0.0000000000000000000 ) ) ;
#2526 = CARTESIAN_POINT ( 'NONE',  ( 1.227401186965672000E-016, 0.01509259103576671800, 1.002249128336624400 ) ) ;
#2527 = CARTESIAN_POINT ( 'NONE',  ( 0.002695339606942833400, 0.1000000000000011600, 0.02710602392886264000 ) ) ;
#2528 = EDGE_CURVE ( 'NONE', #2690, #4508, #2026, .T. ) ;
#2529 = CARTESIAN_POINT ( 'NONE',  ( 0.01006301898386019500, 0.09500000000000001500, -0.04840004541552981500 ) ) ;
#2530 = FACE_OUTER_BOUND ( 'NONE', #3295, .T. ) ;
#2531 = CARTESIAN_POINT ( 'NONE',  ( -0.07758985144971927700, 0.09497276369737132900, 0.06211736247692727100 ) ) ;
#2532 = ORIENTED_EDGE ( 'NONE', *, *, #2472, .F. ) ;
#2533 = VERTEX_POINT ( 'NONE', #7325 ) ;
#2534 = ORIENTED_EDGE ( 'NONE', *, *, #6306, .T. ) ;
#2535 = CARTESIAN_POINT ( 'NONE',  ( 0.06032272787701843000, 0.09434550615857317800, 0.06943113936912823100 ) ) ;
#2536 = EDGE_CURVE ( 'NONE', #216, #3858, #2231, .T. ) ;
#2537 = DIRECTION ( 'NONE',  ( 0.0000000000000000000, -1.000000000000000000, 0.0000000000000000000 ) ) ;
#2538 = CARTESIAN_POINT ( 'NONE',  ( 0.03352080118401012200, 0.09750000000000000300, -0.01493947692877334100 ) ) ;
#2539 = CARTESIAN_POINT ( 'NONE',  ( -0.008960248161764612600, 0.09499999999999998700, -0.05183823529411765700 ) ) ;
#2540 = CARTESIAN_POINT ( 'NONE',  ( -0.01963257642998399500, 0.09750000000000001700, -0.03550731081440626500 ) ) ;
#2541 = CARTESIAN_POINT ( 'NONE',  ( 2.329342713549182400E-016, 4.750000000000000000, -1.859375000000000700 ) ) ;
#2542 = ORIENTED_EDGE ( 'NONE', *, *, #5215, .T. ) ;
#2543 = EDGE_LOOP ( 'NONE', ( #3120, #4199, #7486, #5778 ) ) ;
#2544 = CARTESIAN_POINT ( 'NONE',  ( 0.0000000000000000000, 4.406249999999999100, 0.0000000000000000000 ) ) ;
#2545 = CARTESIAN_POINT ( 'NONE',  ( 0.09508974596215549700, 0.09499999999999998700, 0.03180607966083910700 ) ) ;
#2546 = ORIENTED_EDGE ( 'NONE', *, *, #751, .F. ) ;
#2547 = CARTESIAN_POINT ( 'NONE',  ( 1.816747028490348000E-016, 1.469344986626658600, -1.483486528324116100 ) ) ;
#2548 = CARTESIAN_POINT ( 'NONE',  ( -0.007433797270061813900, 0.09976783470035016600, -0.03755875235977784700 ) ) ;
#2550 = ORIENTED_EDGE ( 'NONE', *, *, #1752, .F. ) ;
#2549 = VERTEX_POINT ( 'NONE', #1069 ) ;
#2551 = CARTESIAN_POINT ( 'NONE',  ( -0.02578982245958679300, 0.09499999999999998700, -0.04887457452220445700 ) ) ;
#2553 = AXIS2_PLACEMENT_3D ( 'NONE', #6322, #2561, #6957 ) ;
#2552 = DIRECTION ( 'NONE',  ( 0.0000000000000000000, 0.0000000000000000000, 1.000000000000000000 ) ) ;
#2554 = DIRECTION ( 'NONE',  ( -0.0000000000000000000, 1.000000000000000000, -0.0000000000000000000 ) ) ;
#2555 = CARTESIAN_POINT ( 'NONE',  ( -0.09933168137867506900, 0.09999999999999999200, 0.02031669637327018400 ) ) ;
#2556 = CARTESIAN_POINT ( 'NONE',  ( 0.0000000000000000000, 0.0000000000000000000, 0.0000000000000000000 ) ) ;
#2557 = AXIS2_PLACEMENT_3D ( 'NONE', #6760, #7395, #3003 ) ;
#2558 = ORIENTED_EDGE ( 'NONE', *, *, #6373, .T. ) ;
#2559 = CARTESIAN_POINT ( 'NONE',  ( 0.06765151039347260000, 0.09053886747000830500, 0.06982023927600206100 ) ) ;
#2560 = TOROIDAL_SURFACE ( 'NONE', #3620, 1.793750000000000000, 0.03125000000000000000 ) ;
#2561 = DIRECTION ( 'NONE',  ( 0.0000000000000000000, -1.000000000000000000, 0.0000000000000000000 ) ) ;
#2562 = EDGE_LOOP ( 'NONE', ( #905, #263, #644, #7737 ) ) ;
#2563 = CARTESIAN_POINT ( 'NONE',  ( -0.01247796215384996800, 0.09750000000000001700, 0.07493064771429663900 ) ) ;
#2564 = CARTESIAN_POINT ( 'NONE',  ( 0.02899999769724531000, 0.09499999999999998700, -0.08686349277133650900 ) ) ;
#2565 = CARTESIAN_POINT ( 'NONE',  ( -0.09929090105796629900, 0.09999999999999999200, 0.07190412083419869800 ) ) ;
#2566 = DIRECTION ( 'NONE',  ( 1.000000000000000000, 0.0000000000000000000, 1.224646799147353200E-016 ) ) ;
#2567 = FACE_OUTER_BOUND ( 'NONE', #1687, .T. ) ;
#2568 = ORIENTED_EDGE ( 'NONE', *, *, #5934, .T. ) ;
#2569 = VERTEX_POINT ( 'NONE', #3553 ) ;
#2570 = EDGE_LOOP ( 'NONE', ( #6036, #1487, #1361, #5462 ) ) ;
#2571 = AXIS2_PLACEMENT_3D ( 'NONE', #3587, #1693, #2962 ) ;
#2572 = CARTESIAN_POINT ( 'NONE',  ( -0.1000897448107780600, 0.09499999999999998700, 0.02314582761723866700 ) ) ;
#2573 = LINE ( 'NONE', #2614, #911 ) ;
#2574 = CARTESIAN_POINT ( 'NONE',  ( 0.01536764705882362100, 0.09499999999999998700, -0.01093750000000000300 ) ) ;
#2575 = EDGE_CURVE ( 'NONE', #1288, #5680, #1839, .T. ) ;
#2576 = CARTESIAN_POINT ( 'NONE',  ( -0.04829688803537646900, 0.09499999999999997300, -0.008923741929030604800 ) ) ;
#2577 = DIRECTION ( 'NONE',  ( -0.5742675931122699400, 0.0000000000000000000, 0.8186676563178982800 ) ) ;
#2578 = EDGE_CURVE ( 'NONE', #1992, #2029, #5382, .T. ) ;
#2579 = CARTESIAN_POINT ( 'NONE',  ( -0.1044198718297002500, 0.08999999999999999700, 0.02564582761723868700 ) ) ;
#2580 = CARTESIAN_POINT ( 'NONE',  ( -0.02869387118385333500, 0.09499999999999998700, 0.03611633826018825800 ) ) ;
#2581 = DIRECTION ( 'NONE',  ( 0.5000000000000078800, 0.0000000000000000000, -0.8660254037844340400 ) ) ;
#2582 = CARTESIAN_POINT ( 'NONE',  ( 0.08825961894323329500, 0.09499999999999998700, 0.03363620667976128400 ) ) ;
#2583 = TOROIDAL_SURFACE ( 'NONE', #1127, 1.743749999999999900, 0.01562500000000000000 ) ;
#2584 = CARTESIAN_POINT ( 'NONE',  ( -0.01999999999999998700, 0.08999999999999999700, -0.1132531754730548600 ) ) ;
#2585 = VERTEX_POINT ( 'NONE', #5453 ) ;
#2586 = EDGE_LOOP ( 'NONE', ( #5700, #3922, #6056, #4003 ) ) ;
#2587 = EDGE_LOOP ( 'NONE', ( #1144, #1653, #564, #3371 ) ) ;
#2588 = DIRECTION ( 'NONE',  ( -1.000000000000000000, 0.0000000000000000000, 0.0000000000000000000 ) ) ;
#2589 = CARTESIAN_POINT ( 'NONE',  ( -0.007437959558823434600, 0.09749999999999998900, -0.03897058823529413900 ) ) ;
#2590 = CARTESIAN_POINT ( 'NONE',  ( 0.09727400974995328900, 0.09499999999999998700, 0.09080218920667620900 ) ) ;
#2591 = CIRCLE ( 'NONE', #6602, 0.03125000000000011100 ) ;
#2592 = CARTESIAN_POINT ( 'NONE',  ( -0.09058012703621976000, 0.09565461545040956900, 0.06961696880327952800 ) ) ;
#2593 = CARTESIAN_POINT ( 'NONE',  ( 0.03375000000000009900, 0.09499999999999998700, -0.009242876838235297700 ) ) ;
#2594 = EDGE_CURVE ( 'NONE', #1955, #1935, #6852, .T. ) ;
#2595 = CARTESIAN_POINT ( 'NONE',  ( 0.0000000000000000000, 4.531250000000000000, -1.859375000000000400 ) ) ;
#2596 = DIRECTION ( 'NONE',  ( -0.0000000000000000000, 1.000000000000000000, -0.0000000000000000000 ) ) ;
#2597 = FACE_OUTER_BOUND ( 'NONE', #2562, .T. ) ;
#2598 = CARTESIAN_POINT ( 'NONE',  ( -0.1017403810567672600, 0.09999999999999999200, 0.07028684177437087600 ) ) ;
#2599 = CIRCLE ( 'NONE', #6710, 0.02500000000000000500 ) ;
#2600 = ADVANCED_FACE ( 'NONE', ( #167 ), #3307, .T. ) ;
#2601 =( BOUNDED_SURFACE ( )  B_SPLINE_SURFACE ( 3, 2, ( 
 ( #6453, #5817, #3333 ),
 ( #7724, #3966, #201 ),
 ( #4588, #838, #5218 ),
 ( #1465, #5847, #2096 ),
 ( #6484, #2737, #7132 ),
 ( #3365, #7751, #3991 ),
 ( #234, #4613, #866 ),
 ( #5249, #1493, #5876 ),
 ( #2127, #6511, #2763 ),
 ( #7158, #3395, #7780 ),
 ( #4018, #260, #4641 ),
 ( #894, #5286, #1524 ),
 ( #5903, #2152, #6539 ),
 ( #2796, #7183, #3423 ) ),
 .UNSPECIFIED., .F., .F., .F. ) 
 B_SPLINE_SURFACE_WITH_KNOTS ( ( 4, 2, 2, 2, 2, 2, 4 ),
 ( 3, 3 ),
 ( 0.0000000000000000000, 0.0003314187344161805800, 0.0006628374688323611700, 0.0009942562032485417000, 0.001077110886852586900, 0.001159965570456632000, 0.001325674937664722300 ),
 ( 0.0000000000000000000, 1.000000000000000000 ),
 .UNSPECIFIED. ) 
 GEOMETRIC_REPRESENTATION_ITEM ( )  RATIONAL_B_SPLINE_SURFACE ( (
 ( 1.000000000000000000, 0.7071067811865475700, 1.000000000000000000),
 ( 1.000000000000000000, 0.7071067811865475700, 1.000000000000000000),
 ( 1.000000000000000000, 0.7071067811865469100, 1.000000000000000000),
 ( 1.000000000000000000, 0.7071067811865469100, 1.000000000000000000),
 ( 1.000000000000000000, 0.7071067811865499000, 1.000000000000000000),
 ( 1.000000000000000000, 0.7071067811865499000, 1.000000000000000000),
 ( 1.000000000000000000, 0.7071067811865473500, 1.000000000000000000),
 ( 1.000000000000000000, 0.7071067811865473500, 1.000000000000000000),
 ( 1.000000000000000000, 0.7071067811865451300, 1.000000000000000000),
 ( 1.000000000000000000, 0.7071067811865451300, 1.000000000000000000),
 ( 1.000000000000000000, 0.7071067811865493500, 1.000000000000000000),
 ( 1.000000000000000000, 0.7071067811865493500, 1.000000000000000000),
 ( 1.000000000000000000, 0.7071067811865475700, 1.000000000000000000),
 ( 1.000000000000000000, 0.7071067811865475700, 1.000000000000000000) ) ) 
 REPRESENTATION_ITEM ( '' )  SURFACE ( )  );
#2602 = CARTESIAN_POINT ( 'NONE',  ( 0.01524492667777139000, 0.09750000000000000300, -0.005594823553740610300 ) ) ;
#2603 = DIRECTION ( 'NONE',  ( -0.0000000000000000000, 1.000000000000000000, -0.0000000000000000000 ) ) ;
#2604 = CARTESIAN_POINT ( 'NONE',  ( 0.003881741030642972300, 0.09993893172179860200, 0.07878936897668334400 ) ) ;
#2605 = CARTESIAN_POINT ( 'NONE',  ( 0.003878676470588326300, 0.09750000000000000300, 0.07683823529411763800 ) ) ;
#2606 = VECTOR ( 'NONE', #5396, 39.37007874015748100 ) ;
#2607 = CIRCLE ( 'NONE', #5927, 0.03124999999999997600 ) ;
#2608 = DIRECTION ( 'NONE',  ( 0.0000000000000000000, 0.0000000000000000000, 1.000000000000000000 ) ) ;
#2609 = CARTESIAN_POINT ( 'NONE',  ( -0.02729735815321856000, 0.09499999999999997300, -0.02316318537086673200 ) ) ;
#2610 = CARTESIAN_POINT ( 'NONE',  ( 0.0000000000000000000, 4.531250000000000000, 0.0000000000000000000 ) ) ;
#2611 = ORIENTED_EDGE ( 'NONE', *, *, #6579, .F. ) ;
#2612 = CARTESIAN_POINT ( 'NONE',  ( 0.01475674597700200400, 0.09749999999999998900, 0.02451325771434894100 ) ) ;
#2613 = CARTESIAN_POINT ( 'NONE',  ( 0.0000000000000000000, 4.500631378214647400, -1.850000000000115600 ) ) ;
#2614 = CARTESIAN_POINT ( 'NONE',  ( -0.05556974374935361200, 0.09999999999999999200, -0.03084878034372896800 ) ) ;
#2615 = ORIENTED_EDGE ( 'NONE', *, *, #6622, .T. ) ;
#2616 = CARTESIAN_POINT ( 'NONE',  ( 0.0000000000000000000, 1.500000000000000200, 0.0000000000000000000 ) ) ;
#2617 = CARTESIAN_POINT ( 'NONE',  ( -0.01272208231587433100, 0.09500000000000002900, -0.05178368866957437600 ) ) ;
#2618 = CARTESIAN_POINT ( 'NONE',  ( 0.009485691512151624100, 0.09500000000000005700, 0.009077406393176484100 ) ) ;
#2619 = CARTESIAN_POINT ( 'NONE',  ( 0.1099102540378442100, 0.09499999999999998700, 0.04613620667976137100 ) ) ;
#2620 = CYLINDRICAL_SURFACE ( 'NONE', #1360, 1.825000000000000000 ) ;
#2621 = EDGE_CURVE ( 'NONE', #28, #7005, #6639, .T. ) ;
#2622 = ORIENTED_EDGE ( 'NONE', *, *, #5322, .T. ) ;
#2623 = ORIENTED_EDGE ( 'NONE', *, *, #1325, .F. ) ;
#2624 = DIRECTION ( 'NONE',  ( 0.0000000000000000000, 0.0000000000000000000, -1.000000000000000000 ) ) ;
#2625 = CARTESIAN_POINT ( 'NONE',  ( 0.007934596977433013400, 0.09499999999999995900, 0.01046632584343270200 ) ) ;
#2626 = AXIS2_PLACEMENT_3D ( 'NONE', #4619, #870, #6517 ) ;
#2627 = DIRECTION ( 'NONE',  ( -1.000000000000000000, -0.0000000000000000000, -0.0000000000000000000 ) ) ;
#2628 = DIRECTION ( 'NONE',  ( 0.0000000000000000000, -1.000000000000000000, 0.0000000000000000000 ) ) ;
#2629 = CARTESIAN_POINT ( 'NONE',  ( 0.02087372948254907100, 0.09749999999999998900, 0.07466371069282951000 ) ) ;
#2630 = ORIENTED_EDGE ( 'NONE', *, *, #2051, .T. ) ;
#2631 = DIRECTION ( 'NONE',  ( 0.0000000000000000000, 0.0000000000000000000, 1.000000000000000000 ) ) ;
#2632 = EDGE_CURVE ( 'NONE', #1856, #6390, #8119, .T. ) ;
#2633 = CARTESIAN_POINT ( 'NONE',  ( -0.07941987298107848500, 0.09499999999999998700, 0.06894709581221547500 ) ) ;
#2634 = EDGE_LOOP ( 'NONE', ( #796, #5457, #2252, #1151 ) ) ;
#2635 = DIRECTION ( 'NONE',  ( -0.8660254037844369300, 0.0000000000000000000, -0.5000000000000030000 ) ) ;
#2636 = CARTESIAN_POINT ( 'NONE',  ( 0.1182179676972454400, 0.09499999999999998700, -0.1032531754730542900 ) ) ;
#2637 = ADVANCED_FACE ( 'NONE', ( #4767 ), #1637, .T. ) ;
#2638 = EDGE_CURVE ( 'NONE', #28, #3841, #1438, .T. ) ;
#2639 = CARTESIAN_POINT ( 'NONE',  ( 0.03094118617535881000, 0.09500000000000002900, 0.008386655655651565800 ) ) ;
#2640 = DIRECTION ( 'NONE',  ( 0.0000000000000000000, 0.0000000000000000000, 1.000000000000000000 ) ) ;
#2641 = ORIENTED_EDGE ( 'NONE', *, *, #3315, .F. ) ;
#2642 = CARTESIAN_POINT ( 'NONE',  ( -0.03107222487032674700, 0.09749999999999998900, -0.04611928123670721400 ) ) ;
#2643 = CARTESIAN_POINT ( 'NONE',  ( 0.0000000000000000000, 0.01562500000000000000, 0.0000000000000000000 ) ) ;
#2644 = ORIENTED_EDGE ( 'NONE', *, *, #7105, .F. ) ;
#2645 = CARTESIAN_POINT ( 'NONE',  ( -0.02644395931868124400, 0.09499999999999997300, 0.02141836067865392200 ) ) ;
#2646 = CARTESIAN_POINT ( 'NONE',  ( 0.0000000000000000000, 4.345012756430420200, 1.759375000000000100 ) ) ;
#2647 = DIRECTION ( 'NONE',  ( -1.000000000000000000, 0.0000000000000000000, 0.0000000000000000000 ) ) ;
#2648 = AXIS2_PLACEMENT_3D ( 'NONE', #7360, #3597, #7985 ) ;
#2649 = CIRCLE ( 'NONE', #5560, 1.875000000000000700 ) ;
#2650 = CARTESIAN_POINT ( 'NONE',  ( -0.005005570686458666800, 0.09750000000000000300, 0.01431396502360536600 ) ) ;
#2651 = DIRECTION ( 'NONE',  ( 0.0000000000000000000, -1.000000000000000000, 0.0000000000000000000 ) ) ;
#2652 = DIRECTION ( 'NONE',  ( 0.9998585349462690800, 0.0000000000000000000, -0.01681993148322186200 ) ) ;
#2653 = VERTEX_POINT ( 'NONE', #5498 ) ;
#2654 = CARTESIAN_POINT ( 'NONE',  ( 0.03499999769724489900, 0.09999999999999999200, 1.632027738822967200E-016 ) ) ;
#2655 = CARTESIAN_POINT ( 'NONE',  ( 0.02784539790391579000, 0.09500000000000001500, 0.06990533004600990600 ) ) ;
#2656 = TOROIDAL_SURFACE ( 'NONE', #386, 1.362242299768568600, 0.04687499999999999300 ) ;
#2658 = ORIENTED_EDGE ( 'NONE', *, *, #1060, .T. ) ;
#2657 = AXIS2_PLACEMENT_3D ( 'NONE', #1793, #6184, #2421 ) ;
#2659 = DIRECTION ( 'NONE',  ( 1.000000000000000000, 0.0000000000000000000, -1.224646799147353200E-016 ) ) ;
#2660 = VERTEX_POINT ( 'NONE', #5529 ) ;
#2661 = CARTESIAN_POINT ( 'NONE',  ( 0.02165063509460956800, 0.09499999999999998700, 0.1490063509461098900 ) ) ;
#2662 = CARTESIAN_POINT ( 'NONE',  ( 0.003332950367647150900, 0.09750000000000000300, 0.06397058823529411200 ) ) ;
#2663 = AXIS2_PLACEMENT_3D ( 'NONE', #6350, #2596, #6993 ) ;
#2664 = CARTESIAN_POINT ( 'NONE',  ( 0.03375000000000009900, 0.09750000000000000300, -0.009242876838235297700 ) ) ;
#2665 = ORIENTED_EDGE ( 'NONE', *, *, #2012, .T. ) ;
#2666 = EDGE_LOOP ( 'NONE', ( #7478, #1734, #2776 ) ) ;
#2667 = CARTESIAN_POINT ( 'NONE',  ( -0.08885167739285013100, 0.09499999999999998700, 0.01880237444968273600 ) ) ;
#2668 = ORIENTED_EDGE ( 'NONE', *, *, #5576, .T. ) ;
#2669 = CARTESIAN_POINT ( 'NONE',  ( -0.04354998096607890600, 0.09500000000000001500, -0.02999525142625879600 ) ) ;
#2670 = CARTESIAN_POINT ( 'NONE',  ( 0.02459487362276224400, 0.09749999999999987800, 0.05970246627914692400 ) ) ;
#2671 = FACE_OUTER_BOUND ( 'NONE', #5583, .T. ) ;
#2672 = CARTESIAN_POINT ( 'NONE',  ( -0.006480241790539248100, 0.09749999999999998900, 0.02713367213217089700 ) ) ;
#2673 = AXIS2_PLACEMENT_3D ( 'NONE', #1194, #1832, #4946 ) ;
#2674 = DIRECTION ( 'NONE',  ( -0.8660254037844430400, 0.0000000000000000000, 0.4999999999999923400 ) ) ;
#2675 = LINE ( 'NONE', #4764, #810 ) ;
#2676 = DIRECTION ( 'NONE',  ( 0.0000000000000000000, -1.000000000000000000, 0.0000000000000000000 ) ) ;
#2677 = CARTESIAN_POINT ( 'NONE',  ( 0.02824471610680365600, 0.09749999999999998900, 0.06517490251292090700 ) ) ;
#2678 = ORIENTED_EDGE ( 'NONE', *, *, #5941, .F. ) ;
#2679 = EDGE_LOOP ( 'NONE', ( #2415, #2942, #3075, #3062 ) ) ;
#2680 = ADVANCED_FACE ( 'NONE', ( #6257 ), #7923, .T. ) ;
#2681 = DIRECTION ( 'NONE',  ( 0.0000000000000000000, 0.0000000000000000000, 1.000000000000000000 ) ) ;
#2682 = CARTESIAN_POINT ( 'NONE',  ( -0.0007263858957788264100, 0.09750000000000001700, -0.03810329275190248200 ) ) ;
#2683 = EDGE_CURVE ( 'NONE', #4103, #5647, #4577, .T. ) ;
#2684 = CARTESIAN_POINT ( 'NONE',  ( -0.02404845667689312800, 0.09999999999999999200, 0.02539275578228571100 ) ) ;
#2685 = CARTESIAN_POINT ( 'NONE',  ( -0.1182179676972449200, 0.09499999999999998700, -0.06825317547305484500 ) ) ;
#2686 = DIRECTION ( 'NONE',  ( -0.0000000000000000000, 1.000000000000000000, -0.0000000000000000000 ) ) ;
#2687 = CIRCLE ( 'NONE', #3852, 0.03124999999999997600 ) ;
#2688 = EDGE_CURVE ( 'NONE', #5809, #2477, #3116, .T. ) ;
#2689 = CARTESIAN_POINT ( 'NONE',  ( -0.02834896453128254700, 0.09750000000000001700, -0.01949566786242829300 ) ) ;
#2690 = VERTEX_POINT ( 'NONE', #6828 ) ;
#2691 = CARTESIAN_POINT ( 'NONE',  ( -0.01513399205415392000, 0.09500000000000002900, 0.05837624446982417300 ) ) ;
#2692 =( BOUNDED_CURVE ( )  B_SPLINE_CURVE ( 3, ( #5678, #5048, #2483, #1926 ),
 .UNSPECIFIED., .F., .F. ) 
 B_SPLINE_CURVE_WITH_KNOTS ( ( 4, 4 ),
 ( 3.141592653589793100, 4.712388980384689700 ),
 .UNSPECIFIED. ) 
 CURVE ( )  GEOMETRIC_REPRESENTATION_ITEM ( )  RATIONAL_B_SPLINE_CURVE ( ( 1.000000000000000000, 0.8047378541243649400, 0.8047378541243649400, 1.000000000000000000 ) ) 
 REPRESENTATION_ITEM ( '' )  );
#2693 = LINE ( 'NONE', #831, #7510 ) ;
#2694 = DIRECTION ( 'NONE',  ( 0.0000000000000000000, 0.0000000000000000000, -1.000000000000000000 ) ) ;
#2695 = COORDINATED_UNIVERSAL_TIME_OFFSET ( 8, 0, .BEHIND. ) ;
#2696 = CARTESIAN_POINT ( 'NONE',  ( 2.154612962249874800E-016, 4.156250000000000000, 1.759374999999999900 ) ) ;
#2697 = DIRECTION ( 'NONE',  ( 0.0000000000000000000, 0.0000000000000000000, 1.000000000000000000 ) ) ;
#2698 = DIRECTION ( 'NONE',  ( 0.0000000000000000000, 0.0000000000000000000, -1.000000000000000000 ) ) ;
#2699 = CARTESIAN_POINT ( 'NONE',  ( 0.0000000000000000000, 1.515773746656664800, 1.477033942247503600 ) ) ;
#2700 = CARTESIAN_POINT ( 'NONE',  ( -0.04893083711585517700, 0.09750000000000000300, 0.004973870058996882900 ) ) ;
#2701 = FACE_OUTER_BOUND ( 'NONE', #5386, .T. ) ;
#2702 = EDGE_CURVE ( 'NONE', #8021, #3611, #2921, .T. ) ;
#2703 = ADVANCED_FACE ( 'NONE', ( #6051 ), #3924, .T. ) ;
#2704 = VECTOR ( 'NONE', #6831, 39.37007874015748100 ) ;
#2705 = DIRECTION ( 'NONE',  ( -0.0000000000000000000, 1.000000000000000000, -0.0000000000000000000 ) ) ;
#2706 = CARTESIAN_POINT ( 'NONE',  ( -0.006379090131363074500, 0.09999999999999999200, -0.05177571507215950700 ) ) ;
#2707 = DIRECTION ( 'NONE',  ( 1.000000000000000000, 0.0000000000000000000, -1.224646799147353200E-016 ) ) ;
#2708 = ORIENTED_EDGE ( 'NONE', *, *, #278, .F. ) ;
#2709 = CARTESIAN_POINT ( 'NONE',  ( -0.02904629314318551600, 0.09499999999999997300, 0.007015197234448552500 ) ) ;
#2710 = ORIENTED_EDGE ( 'NONE', *, *, #2897, .T. ) ;
#2711 = CARTESIAN_POINT ( 'NONE',  ( 0.02911949720864776000, 0.09999999999999999200, 0.05845246719724749700 ) ) ;
#2712 = EDGE_LOOP ( 'NONE', ( #2167, #4835, #3649 ) ) ;
#2713 = CARTESIAN_POINT ( 'NONE',  ( 0.0000000000000000000, 4.670450487116513100, 0.0000000000000000000 ) ) ;
#2714 = ORIENTED_EDGE ( 'NONE', *, *, #1885, .F. ) ;
#2715 = TOROIDAL_SURFACE ( 'NONE', #5241, 0.03500000000000000300, 0.005000000000000000100 ) ;
#2716 = CARTESIAN_POINT ( 'NONE',  ( 0.0000000000000000000, 4.345012756430420200, 1.775000000000000100 ) ) ;
#2717 = CARTESIAN_POINT ( 'NONE',  ( -0.006223321604479356700, 0.09999999999999999200, 0.02711724547945637600 ) ) ;
#2718 =( BOUNDED_CURVE ( )  B_SPLINE_CURVE ( 3, ( #108, #7037, #7657, #3897 ),
 .UNSPECIFIED., .F., .F. ) 
 B_SPLINE_CURVE_WITH_KNOTS ( ( 4, 4 ),
 ( 4.712388980384687000, 6.283185307179582700 ),
 .UNSPECIFIED. ) 
 CURVE ( )  GEOMETRIC_REPRESENTATION_ITEM ( )  RATIONAL_B_SPLINE_CURVE ( ( 1.000000000000000000, 0.8047378541243652700, 0.8047378541243652700, 1.000000000000000000 ) ) 
 REPRESENTATION_ITEM ( '' )  );
#2719 = AXIS2_PLACEMENT_3D ( 'NONE', #2836, #7233, #3468 ) ;
#2720 = CARTESIAN_POINT ( 'NONE',  ( 0.09727400955484133400, 0.09467274965458337400, 0.09080218909402823500 ) ) ;
#2721 = CARTESIAN_POINT ( 'NONE',  ( 0.003196538138020129300, 0.09999999999999999200, 0.06397279053806881300 ) ) ;
#2722 = DIRECTION ( 'NONE',  ( 0.8574929257125409900, 0.0000000000000000000, 0.5144957554275317900 ) ) ;
#2723 = FACE_OUTER_BOUND ( 'NONE', #3018, .T. ) ;
#2724 = CARTESIAN_POINT ( 'NONE',  ( -0.02758073247143615100, 0.09750000000000000300, 0.04006493462172454300 ) ) ;
#2725 = DIRECTION ( 'NONE',  ( 0.0000000000000000000, -1.000000000000000000, 0.0000000000000000000 ) ) ;
#2726 = ADVANCED_FACE ( 'NONE', ( #7534 ), #1051, .T. ) ;
#2727 = VERTEX_POINT ( 'NONE', #7537 ) ;
#2728 = DIRECTION ( 'NONE',  ( 0.0000000000000000000, -1.000000000000000000, 0.0000000000000000000 ) ) ;
#2729 = DIRECTION ( 'NONE',  ( -0.8660254037844431500, 0.0000000000000000000, 0.4999999999999923400 ) ) ;
#2730 = CYLINDRICAL_SURFACE ( 'NONE', #262, 1.775000000000000100 ) ;
#2731 = AXIS2_PLACEMENT_3D ( 'NONE', #6438, #4541, #5799 ) ;
#2732 = ORIENTED_EDGE ( 'NONE', *, *, #2058, .F. ) ;
#2733 = EDGE_LOOP ( 'NONE', ( #5124, #2516, #3562, #2966 ) ) ;
#2734 = ORIENTED_EDGE ( 'NONE', *, *, #3024, .F. ) ;
#2735 = CARTESIAN_POINT ( 'NONE',  ( 0.007075360878136811700, 0.09499999999999998700, 0.02661195167276141400 ) ) ;
#2736 = CARTESIAN_POINT ( 'NONE',  ( -0.0008045546347637336200, 0.09999999999999999200, 0.04782664062580063700 ) ) ;
#2737 = CARTESIAN_POINT ( 'NONE',  ( -0.02892988996642220600, 0.1000000000000028100, -0.01753773974936148300 ) ) ;
#2738 = EDGE_CURVE ( 'NONE', #465, #3068, #2460, .T. ) ;
#2739 = CARTESIAN_POINT ( 'NONE',  ( 0.01424748102165976500, 0.09999999999999999200, -0.04955780597147747800 ) ) ;
#2740 = CARTESIAN_POINT ( 'NONE',  ( -0.04919090381699960800, 0.1000000000000000100, -0.02073078780240882700 ) ) ;
#2741 = ORIENTED_EDGE ( 'NONE', *, *, #4632, .F. ) ;
#2742 = EDGE_CURVE ( 'NONE', #6700, #1722, #4184, .T. ) ;
#2743 = AXIS2_PLACEMENT_3D ( 'NONE', #7665, #3935, #2034 ) ;
#2744 = ORIENTED_EDGE ( 'NONE', *, *, #681, .F. ) ;
#2745 = CARTESIAN_POINT ( 'NONE',  ( -0.01102612390164726400, 0.09999999999999999200, 0.02900689965195439600 ) ) ;
#2746 = CARTESIAN_POINT ( 'NONE',  ( 0.009169045802400124400, 0.09999999999999999200, -0.1082531754730548200 ) ) ;
#2747 = CARTESIAN_POINT ( 'NONE',  ( 0.09704851088034738300, 0.09137320342436133800, 0.08919835771823048100 ) ) ;
#2748 = CARTESIAN_POINT ( 'NONE',  ( 0.007143674885415250700, 0.09750000000000037800, 0.06390869976272367500 ) ) ;
#2749 = ADVANCED_FACE ( 'NONE', ( #2723 ), #1007, .T. ) ;
#2750 = EDGE_LOOP ( 'NONE', ( #192, #8139, #4688, #2969 ) ) ;
#2751 = DIRECTION ( 'NONE',  ( 0.0000000000000000000, 0.0000000000000000000, -1.000000000000000000 ) ) ;
#2752 = CARTESIAN_POINT ( 'NONE',  ( -0.007430588497752565900, 0.09999999999999999200, -0.03646968146563827500 ) ) ;
#2754 = ORIENTED_EDGE ( 'NONE', *, *, #1435, .F. ) ;
#2753 = ORIENTED_EDGE ( 'NONE', *, *, #3636, .T. ) ;
#2755 = DIRECTION ( 'NONE',  ( 0.0000000000000000000, 0.0000000000000000000, 1.000000000000000000 ) ) ;
#2756 = EDGE_CURVE ( 'NONE', #657, #2497, #854, .T. ) ;
#2757 = PLANE ( 'NONE',  #711 ) ;
#2758 = CARTESIAN_POINT ( 'NONE',  ( 0.1182179676972455300, 0.09999999999999999200, -0.1232531754730543100 ) ) ;
#2759 = CARTESIAN_POINT ( 'NONE',  ( 0.03368958753306175400, 0.09500000000000001500, -0.005463054289519501400 ) ) ;
#2760 = CARTESIAN_POINT ( 'NONE',  ( -0.01274614371780029100, 0.09749999999999998900, 0.01371463488399054700 ) ) ;
#2761 = EDGE_LOOP ( 'NONE', ( #7523, #2285, #4325, #837 ) ) ;
#2762 = FACE_OUTER_BOUND ( 'NONE', #7700, .T. ) ;
#2763 = CARTESIAN_POINT ( 'NONE',  ( -0.01875976420161685700, 0.09749999999999976700, -0.03608113559633169300 ) ) ;
#2764 = AXIS2_PLACEMENT_3D ( 'NONE', #868, #5253, #1496 ) ;
#2765 = CARTESIAN_POINT ( 'NONE',  ( 0.03263318210996259800, 0.09749999999999933700, -0.02036851182374572700 ) ) ;
#2766 = CARTESIAN_POINT ( 'NONE',  ( 0.01341660896049646900, 0.09993882641745287200, -0.01092952592255096900 ) ) ;
#2767 = CARTESIAN_POINT ( 'NONE',  ( 0.02293518151984893000, 0.09999999999999999200, 0.02343419020496362700 ) ) ;
#2768 = AXIS2_PLACEMENT_3D ( 'NONE', #2547, #6942, #3174 ) ;
#2769 = ADVANCED_FACE ( 'NONE', ( #5658 ), #5469, .T. ) ;
#2770 = CARTESIAN_POINT ( 'NONE',  ( -0.1441987298107781100, 0.09499999999999998700, -0.05325317547305484500 ) ) ;
#2771 = ORIENTED_EDGE ( 'NONE', *, *, #6418, .T. ) ;
#2772 = VECTOR ( 'NONE', #3724, 39.37007874015748100 ) ;
#2773 = EDGE_LOOP ( 'NONE', ( #3348, #4088, #5108, #3329 ) ) ;
#2774 = CARTESIAN_POINT ( 'NONE',  ( -0.08917964119365691400, 0.09179111000738730800, 0.01776139445966194400 ) ) ;
#2775 = VERTEX_POINT ( 'NONE', #4499 ) ;
#2776 = ORIENTED_EDGE ( 'NONE', *, *, #7375, .F. ) ;
#2777 = CARTESIAN_POINT ( 'NONE',  ( 0.08726750376581564300, 0.08999999999999999700, 0.07925142759119026300 ) ) ;
#2778 = CARTESIAN_POINT ( 'NONE',  ( 0.01902460736342602800, 0.1000000000000008400, 0.06154888435866855100 ) ) ;
#2779 = CARTESIAN_POINT ( 'NONE',  ( 0.05772599255280028200, 0.09499999999999998700, 0.07374263352387977500 ) ) ;
#2780 = LINE ( 'NONE', #2590, #7779 ) ;
#2781 = CC_DESIGN_PERSON_AND_ORGANIZATION_ASSIGNMENT ( #1416, #4710, ( #6785 ) ) ;
#2782 = DIRECTION ( 'NONE',  ( 0.0000000000000000000, 0.0000000000000000000, -1.000000000000000000 ) ) ;
#2783 = AXIS2_PLACEMENT_3D ( 'NONE', #6571, #6597, #2217 ) ;
#2784 = DIRECTION ( 'NONE',  ( 0.0000000000000000000, -1.000000000000000000, 0.0000000000000000000 ) ) ;
#2785 = CARTESIAN_POINT ( 'NONE',  ( 0.0000000000000000000, 0.09999999999999999200, 0.0000000000000000000 ) ) ;
#2786 = FACE_OUTER_BOUND ( 'NONE', #666, .T. ) ;
#2787 = CARTESIAN_POINT ( 'NONE',  ( 0.1068142311439541900, 0.09807273439692058800, 0.04550534197359638200 ) ) ;
#2788 = PLANE ( 'NONE',  #5263 ) ;
#2789 = EDGE_CURVE ( 'NONE', #3086, #2867, #650, .T. ) ;
#2790 = DIRECTION ( 'NONE',  ( 0.0000000000000000000, -1.000000000000000000, 0.0000000000000000000 ) ) ;
#2791 = ADVANCED_FACE ( 'NONE', ( #3992 ), #7146, .F. ) ;
#2792 = CARTESIAN_POINT ( 'NONE',  ( -0.02951574293291780300, 0.09499999999999997300, 0.006685894129877494600 ) ) ;
#2793 = ORIENTED_EDGE ( 'NONE', *, *, #3998, .T. ) ;
#2794 = ORIENTED_EDGE ( 'NONE', *, *, #1781, .T. ) ;
#2795 = EDGE_LOOP ( 'NONE', ( #3155, #7009, #4370, #2088 ) ) ;
#2796 = CARTESIAN_POINT ( 'NONE',  ( -0.007056377434652320200, 0.09999999999999999200, -0.03648092136689420900 ) ) ;
#2797 = AXIS2_PLACEMENT_3D ( 'NONE', #2556, #6952, #3184 ) ;
#2798 = FACE_OUTER_BOUND ( 'NONE', #2392, .T. ) ;
#2799 = CARTESIAN_POINT ( 'NONE',  ( 0.02770937218561659100, 0.09749999999999998900, 0.06090832414698863600 ) ) ;
#2800 = DIRECTION ( 'NONE',  ( 1.000000000000000000, 0.0000000000000000000, -1.224646799147353200E-016 ) ) ;
#2801 = DIRECTION ( 'NONE',  ( 0.0000000000000000000, -1.000000000000000000, 0.0000000000000000000 ) ) ;
#2802 = DIRECTION ( 'NONE',  ( 0.0000000000000000000, 0.0000000000000000000, 1.000000000000000000 ) ) ;
#2803 = EDGE_CURVE ( 'NONE', #3, #7066, #7696, .T. ) ;
#2804 = CARTESIAN_POINT ( 'NONE',  ( -0.09760544403099628800, 0.09000000000000001100, 0.02596927542858536200 ) ) ;
#2805 = DIRECTION ( 'NONE',  ( 0.0000000000000000000, 0.0000000000000000000, -1.000000000000000000 ) ) ;
#2806 = CARTESIAN_POINT ( 'NONE',  ( 0.02464482077520423900, 0.09999999999999999200, 0.05718382959012714700 ) ) ;
#2807 = TOROIDAL_SURFACE ( 'NONE', #2288, 1.474883080221965500, 0.01562500000000000000 ) ;
#2808 = CIRCLE ( 'NONE', #2510, 0.04687500000000002800 ) ;
#2809 = EDGE_CURVE ( 'NONE', #2915, #5164, #6242, .T. ) ;
#2810 = CARTESIAN_POINT ( 'NONE',  ( -0.01556102177864715300, 0.09999999999999999200, 0.01052549986212364000 ) ) ;
#2811 = ADVANCED_FACE ( 'NONE', ( #6944 ), #3600, .T. ) ;
#2812 = LINE ( 'NONE', #369, #2606 ) ;
#2813 = ORIENTED_EDGE ( 'NONE', *, *, #2489, .T. ) ;
#2814 = CYLINDRICAL_SURFACE ( 'NONE', #4665, 0.005000000000000002700 ) ;
#2815 = CARTESIAN_POINT ( 'NONE',  ( 0.1099102540378442100, 0.09499999999999998700, 0.04613620667976135000 ) ) ;
#2816 = CARTESIAN_POINT ( 'NONE',  ( -0.005967360048299232300, 0.09997559924617001300, 0.01219879153741135400 ) ) ;
#2817 = DIRECTION ( 'NONE',  ( 0.0000000000000000000, 0.0000000000000000000, 1.000000000000000000 ) ) ;
#2818 = CARTESIAN_POINT ( 'NONE',  ( 0.0000000000000000000, 1.469344986626658600, 1.483486528324116100 ) ) ;
#2819 = AXIS2_PLACEMENT_3D ( 'NONE', #1972, #6362, #2608 ) ;
#2820 = ORIENTED_EDGE ( 'NONE', *, *, #2225, .F. ) ;
#2821 = DIRECTION ( 'NONE',  ( 0.0000000000000000000, 0.0000000000000000000, -1.000000000000000000 ) ) ;
#2822 = CARTESIAN_POINT ( 'NONE',  ( -0.008949134658307789400, 0.09999316596940906200, -0.05412540635936636400 ) ) ;
#2823 = CARTESIAN_POINT ( 'NONE',  ( 0.0000000000000000000, 4.406249999999999100, 0.0000000000000000000 ) ) ;
#2824 = ORIENTED_EDGE ( 'NONE', *, *, #4454, .T. ) ;
#2825 = CARTESIAN_POINT ( 'NONE',  ( -0.002794568058774068400, 0.09750000000000001700, 0.01425299533373798100 ) ) ;
#2826 = DIRECTION ( 'NONE',  ( -0.0000000000000000000, 1.000000000000000000, -0.0000000000000000000 ) ) ;
#2827 = AXIS2_PLACEMENT_3D ( 'NONE', #7396, #3629, #8017 ) ;
#2828 = DIRECTION ( 'NONE',  ( 0.8660254037844438100, 0.0000000000000000000, -0.4999999999999911700 ) ) ;
#2829 = FACE_OUTER_BOUND ( 'NONE', #7489, .T. ) ;
#2830 = ORIENTED_EDGE ( 'NONE', *, *, #7123, .F. ) ;
#2831 = AXIS2_PLACEMENT_3D ( 'NONE', #3047, #7434, #3673 ) ;
#2832 = EDGE_LOOP ( 'NONE', ( #3626, #7693, #8066 ) ) ;
#2833 = CARTESIAN_POINT ( 'NONE',  ( -0.04999713033420423400, 0.09999999999999999200, 0.02929047989882951200 ) ) ;
#2834 = ADVANCED_FACE ( 'NONE', ( #459 ), #5271, .T. ) ;
#2835 = ORIENTED_EDGE ( 'NONE', *, *, #6900, .T. ) ;
#2836 = CARTESIAN_POINT ( 'NONE',  ( 0.0000000000000000000, 4.500631378214647400, 0.0000000000000000000 ) ) ;
#2837 = ORIENTED_EDGE ( 'NONE', *, *, #5818, .T. ) ;
#2838 = AXIS2_PLACEMENT_3D ( 'NONE', #2191, #6574, #2828 ) ;
#2839 = CARTESIAN_POINT ( 'NONE',  ( 0.003878676470588326300, 0.09499999999999998700, 0.07683823529411763800 ) ) ;
#2840 = DIRECTION ( 'NONE',  ( 0.0000000000000000000, 0.0000000000000000000, 1.000000000000000000 ) ) ;
#2841 = DIRECTION ( 'NONE',  ( 0.0000000000000000000, 0.0000000000000000000, -1.000000000000000000 ) ) ;
#2842 = CARTESIAN_POINT ( 'NONE',  ( 0.1615192378864671000, 0.09499999999999998700, -0.04325317547305411500 ) ) ;
#2843 = ORIENTED_EDGE ( 'NONE', *, *, #7152, .F. ) ;
#2844 = CARTESIAN_POINT ( 'NONE',  ( 0.07523249853693797500, 0.08999999999999999700, 0.07230301408259907900 ) ) ;
#2845 = VERTEX_POINT ( 'NONE', #805 ) ;
#2846 = EDGE_CURVE ( 'NONE', #2456, #247, #4765, .T. ) ;
#2847 = CARTESIAN_POINT ( 'NONE',  ( -0.008959563461920266200, 0.09832739769754968200, -0.05197914726471327500 ) ) ;
#2848 = CARTESIAN_POINT ( 'NONE',  ( 0.03037429694480606500, 0.09749999999999996200, 0.009898330910632243500 ) ) ;
#2849 = DIRECTION ( 'NONE',  ( 0.0000000000000000000, -1.000000000000000000, 0.0000000000000000000 ) ) ;
#2850 = DIRECTION ( 'NONE',  ( 0.0000000000000000000, 0.0000000000000000000, -1.000000000000000000 ) ) ;
#2851 = ADVANCED_FACE ( 'NONE', ( #1248 ), #1925, .F. ) ;
#2852 = CARTESIAN_POINT ( 'NONE',  ( 0.005095305064188752900, 0.09500000000000001500, 0.07681400325562580400 ) ) ;
#2853 = EDGE_CURVE ( 'NONE', #4566, #3858, #261, .T. ) ;
#2854 = EDGE_LOOP ( 'NONE', ( #3671, #3741, #7825, #7194 ) ) ;
#2855 = DIRECTION ( 'NONE',  ( -0.8660254037844418200, 0.0000000000000000000, 0.4999999999999943400 ) ) ;
#2856 = CARTESIAN_POINT ( 'NONE',  ( 0.003882603766798479800, 0.09999999999999999200, 0.07933865290044488100 ) ) ;
#2857 = CARTESIAN_POINT ( 'NONE',  ( 0.0000000000000000000, 3.626014725754069800, 0.0000000000000000000 ) ) ;
#2858 = B_SPLINE_CURVE_WITH_KNOTS ( 'NONE', 3,
 ( #4616, #2130, #3397, #7783, #4022, #265, #4644, #898, #5288, #1527, #5905, #2156, #6543, #2799, #7185, #3425, #7811, #4048, #291, #4673, #928, #5315 ),
 .UNSPECIFIED., .F., .F.,
 ( 4, 3, 3, 3, 3, 3, 3, 4 ),
 ( -6.000000000004209500E-008, -1.323488980084844300E-023, 1.656870672368535600E-005, 3.471050904913639900E-005, 5.917643289244184700E-005, 8.781234075411933100E-005, 0.0001464725650103910200, 0.0002049526163467532000 ),
 .UNSPECIFIED. ) ;
#2859 = CIRCLE ( 'NONE', #3464, 0.04687500000000002800 ) ;
#2860 = CARTESIAN_POINT ( 'NONE',  ( -0.02411100814314778200, 0.09999999999999997800, -0.02512482417354436300 ) ) ;
#2861 = ORIENTED_EDGE ( 'NONE', *, *, #7567, .T. ) ;
#2862 = AXIS2_PLACEMENT_3D ( 'NONE', #1621, #6007, #2258 ) ;
#2863 = VERTEX_POINT ( 'NONE', #3359 ) ;
#2864 = APPROVAL_STATUS ( 'not_yet_approved' ) ;
#2865 = EDGE_CURVE ( 'NONE', #5987, #5097, #2128, .T. ) ;
#2866 = CYLINDRICAL_SURFACE ( 'NONE', #2937, 0.005000000000000005300 ) ;
#2867 = VERTEX_POINT ( 'NONE', #7747 ) ;
#2868 = PLANE ( 'NONE',  #6925 ) ;
#2869 = ORIENTED_EDGE ( 'NONE', *, *, #3201, .T. ) ;
#2870 = CARTESIAN_POINT ( 'NONE',  ( -0.03060836352675594400, 0.09999999999999999200, 0.02358009665874079600 ) ) ;
#2871 = CARTESIAN_POINT ( 'NONE',  ( 0.0000000000000000000, 0.01562500000000000000, 0.0000000000000000000 ) ) ;
#2872 = DIRECTION ( 'NONE',  ( 0.0000000000000000000, -1.000000000000000000, 0.0000000000000000000 ) ) ;
#2873 = ADVANCED_FACE ( 'NONE', ( #3411 ), #6748, .F. ) ;
#2874 = FACE_OUTER_BOUND ( 'NONE', #5432, .T. ) ;
#2875 = AXIS2_PLACEMENT_3D ( 'NONE', #1836, #6229, #1146 ) ;
#2876 = DIRECTION ( 'NONE',  ( 1.000000000000000000, 0.0000000000000000000, -1.224646799147353200E-016 ) ) ;
#2877 = VERTEX_POINT ( 'NONE', #6477 ) ;
#2878 = CARTESIAN_POINT ( 'NONE',  ( -0.08191987298107843200, 0.09792893218813451800, 0.06461696879329324700 ) ) ;
#2879 = DIRECTION ( 'NONE',  ( 0.0000000000000000000, 0.0000000000000000000, -1.000000000000000000 ) ) ;
#2880 = ORIENTED_EDGE ( 'NONE', *, *, #7015, .F. ) ;
#2881 = AXIS2_PLACEMENT_3D ( 'NONE', #6248, #2484, #6876 ) ;
#2882 = CARTESIAN_POINT ( 'NONE',  ( 0.02762550357812044300, 0.09499999999999997300, 0.07060762890458748000 ) ) ;
#2883 = CIRCLE ( 'NONE', #3035, 0.004999999999999998400 ) ;
#2884 = VERTEX_POINT ( 'NONE', #4013 ) ;
#2885 = DIRECTION ( 'NONE',  ( 0.0000000000000000000, 0.0000000000000000000, -1.000000000000000000 ) ) ;
#2886 = CARTESIAN_POINT ( 'NONE',  ( 0.003333241086536259700, 0.09806337467103121200, 0.06392228471473976300 ) ) ;
#2887 = DIRECTION ( 'NONE',  ( 0.0000000000000000000, 0.0000000000000000000, 1.000000000000000000 ) ) ;
#2888 = VECTOR ( 'NONE', #7145, 39.37007874015748100 ) ;
#2889 = ORIENTED_EDGE ( 'NONE', *, *, #109, .T. ) ;
#2890 = EDGE_LOOP ( 'NONE', ( #871, #2476, #2461, #1831 ) ) ;
#2891 = CARTESIAN_POINT ( 'NONE',  ( 0.0000000000000000000, 4.681499030572553000, 0.0000000000000000000 ) ) ;
#2892 = AXIS2_PLACEMENT_3D ( 'NONE', #3001, #7392, #3627 ) ;
#2893 = VECTOR ( 'NONE', #2554, 39.37007874015748100 ) ;
#2894 = DIRECTION ( 'NONE',  ( 1.224646799147345100E-016, 0.0000000000000000000, -1.000000000000000000 ) ) ;
#2895 = ORIENTED_EDGE ( 'NONE', *, *, #4191, .T. ) ;
#2896 = CARTESIAN_POINT ( 'NONE',  ( -0.02447656887197402800, 0.09999999999999996400, 0.04144097434855469700 ) ) ;
#2897 = EDGE_CURVE ( 'NONE', #1089, #5302, #1729, .T. ) ;
#2898 = LINE ( 'NONE', #1430, #6024 ) ;
#2899 = DIRECTION ( 'NONE',  ( 0.0000000000000000000, 0.0000000000000000000, -1.000000000000000000 ) ) ;
#2900 = LOCAL_TIME ( 10, 53, 52.00000000000000000, #4550 ) ;
#2901 = CARTESIAN_POINT ( 'NONE',  ( 0.0000000000000000000, 0.2523140909808909700, 1.330992299768568600 ) ) ;
#2902 = CARTESIAN_POINT ( 'NONE',  ( 0.08625000115137693200, 0.09499999999999998700, 0.06711696679905039500 ) ) ;
#2903 = EDGE_CURVE ( 'NONE', #1971, #2137, #65, .T. ) ;
#2904 = AXIS2_PLACEMENT_3D ( 'NONE', #664, #5050, #1296 ) ;
#2905 = CARTESIAN_POINT ( 'NONE',  ( 0.01278534739710019500, 0.09999999999999999200, -0.01376274540427708700 ) ) ;
#2906 = DIRECTION ( 'NONE',  ( 0.0000000000000000000, -1.000000000000000000, 0.0000000000000000000 ) ) ;
#2907 = DIRECTION ( 'NONE',  ( -0.9998585349462690800, 0.0000000000000000000, 0.01681993148322310700 ) ) ;
#2908 = FACE_BOUND ( 'NONE', #7184, .T. ) ;
#2909 = DIRECTION ( 'NONE',  ( 0.0000000000000000000, 0.0000000000000000000, -1.000000000000000000 ) ) ;
#2910 = EDGE_CURVE ( 'NONE', #247, #1587, #3318, .T. ) ;
#2911 = CARTESIAN_POINT ( 'NONE',  ( -0.08191987298107845900, 0.09499999999999998700, 0.06461696879329324700 ) ) ;
#2912 = CARTESIAN_POINT ( 'NONE',  ( 0.003346207635972162400, 0.09998218300323501200, 0.06176802594786975200 ) ) ;
#2913 = DIRECTION ( 'NONE',  ( -0.4853627795187344700, 7.628646231197362000E-015, -0.8743128571957801100 ) ) ;
#2914 = ADVANCED_FACE ( 'NONE', ( #5060 ), #2788, .F. ) ;
#2915 = VERTEX_POINT ( 'NONE', #5952 ) ;
#2916 = ORIENTED_EDGE ( 'NONE', *, *, #7850, .T. ) ;
#2917 = EDGE_CURVE ( 'NONE', #2466, #4883, #7221, .T. ) ;
#2918 = EDGE_LOOP ( 'NONE', ( #4887, #141, #2744, #4873 ) ) ;
#2919 = CYLINDRICAL_SURFACE ( 'NONE', #2731, 0.004999999999999997500 ) ;
#2920 = CARTESIAN_POINT ( 'NONE',  ( 0.004085230187302949700, 0.09999999999999993600, -0.03303292499288456400 ) ) ;
#2921 = CIRCLE ( 'NONE', #2474, 0.004999999999999993200 ) ;
#2923 = AXIS2_PLACEMENT_3D ( 'NONE', #3805, #48, #4427 ) ;
#2922 = CARTESIAN_POINT ( 'NONE',  ( -0.006487958341564035100, 0.09499999999999995900, -0.03894766212676068600 ) ) ;
#2924 = CARTESIAN_POINT ( 'NONE',  ( -0.008601052003167795500, 0.09749999999999998900, 0.06206419685844467800 ) ) ;
#2925 = CARTESIAN_POINT ( 'NONE',  ( 0.02451544769012931100, 0.1000000000000000100, 0.05719726700075068000 ) ) ;
#2926 = VERTEX_POINT ( 'NONE', #2839 ) ;
#2927 = CARTESIAN_POINT ( 'NONE',  ( -0.002933180653974484000, 0.09999999999999997800, -0.05414353803393293800 ) ) ;
#2928 = CARTESIAN_POINT ( 'NONE',  ( -0.003210647727741810500, 0.09999999999999999200, 0.01428002149230118600 ) ) ;
#2929 = CARTESIAN_POINT ( 'NONE',  ( 0.01195445921053096100, 0.09749999999999897600, -0.02686027445361363600 ) ) ;
#2930 = DIRECTION ( 'NONE',  ( -3.414809992080330700E-015, 0.0000000000000000000, 1.000000000000000000 ) ) ;
#2931 = CYLINDRICAL_SURFACE ( 'NONE', #6729, 0.005000000000000003600 ) ;
#2932 = CARTESIAN_POINT ( 'NONE',  ( -0.01262534475021996600, 0.09999999999999999200, -0.1219405030979454800 ) ) ;
#2933 = ORIENTED_EDGE ( 'NONE', *, *, #1118, .F. ) ;
#2934 = ORIENTED_EDGE ( 'NONE', *, *, #2742, .F. ) ;
#2935 = AXIS2_PLACEMENT_3D ( 'NONE', #3903, #4494, #2005 ) ;
#2936 = CARTESIAN_POINT ( 'NONE',  ( -0.05131605380963490800, 0.09999999999999999200, 0.01596812310589616400 ) ) ;
#2937 = AXIS2_PLACEMENT_3D ( 'NONE', #5983, #4694, #2240 ) ;
#2938 = CARTESIAN_POINT ( 'NONE',  ( 0.1485288568297005200, 0.08999999999999999700, -0.05075317547305418400 ) ) ;
#2939 = CARTESIAN_POINT ( 'NONE',  ( -0.04697233921550787000, 0.09500000000000002900, 0.03219381504889321600 ) ) ;
#2940 = CARTESIAN_POINT ( 'NONE',  ( 0.02920800178812528800, 0.09179111000738730800, -0.08611253200391923200 ) ) ;
#2941 = EDGE_CURVE ( 'NONE', #3045, #6809, #1857, .T. ) ;
#2942 = ORIENTED_EDGE ( 'NONE', *, *, #3471, .F. ) ;
#2943 = ORIENTED_EDGE ( 'NONE', *, *, #210, .F. ) ;
#2944 = EDGE_LOOP ( 'NONE', ( #6277, #5070, #3218, #5797 ) ) ;
#2945 = CARTESIAN_POINT ( 'NONE',  ( -0.04897058823529402300, 0.09499999999999998700, 0.007904411764705876800 ) ) ;
#2947 = AXIS2_PLACEMENT_3D ( 'NONE', #2260, #6645, #2899 ) ;
#2946 = CARTESIAN_POINT ( 'NONE',  ( 0.006695791991765493100, 0.09750000000000000300, -0.03383218125852452400 ) ) ;
#2948 = CARTESIAN_POINT ( 'NONE',  ( 0.003666023518217237800, 0.09999999999999999200, 0.06397997675574318400 ) ) ;
#2950 = ORIENTED_EDGE ( 'NONE', *, *, #429, .F. ) ;
#2949 = ORIENTED_EDGE ( 'NONE', *, *, #2481, .F. ) ;
#2951 =( BOUNDED_CURVE ( )  B_SPLINE_CURVE ( 3, ( #5377, #7276, #377, #4759 ),
 .UNSPECIFIED., .F., .F. ) 
 B_SPLINE_CURVE_WITH_KNOTS ( ( 4, 4 ),
 ( 3.141592653589793100, 4.712388980384689700 ),
 .UNSPECIFIED. ) 
 CURVE ( )  GEOMETRIC_REPRESENTATION_ITEM ( )  RATIONAL_B_SPLINE_CURVE ( ( 1.000000000000000000, 0.8047378541243649400, 0.8047378541243649400, 1.000000000000000000 ) ) 
 REPRESENTATION_ITEM ( '' )  );
#2952 = ADVANCED_FACE ( 'NONE', ( #7022 ), #396, .F. ) ;
#2953 = DIRECTION ( 'NONE',  ( -0.0000000000000000000, 1.000000000000000000, -0.0000000000000000000 ) ) ;
#2954 = CARTESIAN_POINT ( 'NONE',  ( 0.004996605501848353100, 0.09999999999999996400, 0.009450953367042885500 ) ) ;
#2955 = EDGE_CURVE ( 'NONE', #3420, #7005, #5350, .T. ) ;
#2956 = CARTESIAN_POINT ( 'NONE',  ( 0.0008476021751616976800, 0.09999999999999999200, -0.03756925892323322000 ) ) ;
#2957 = CARTESIAN_POINT ( 'NONE',  ( -0.01499999999999999100, 0.09565461545040961100, -0.1132531754930287000 ) ) ;
#2958 = DIRECTION ( 'NONE',  ( 0.0000000000000000000, -1.000000000000000000, 0.0000000000000000000 ) ) ;
#2959 = EDGE_CURVE ( 'NONE', #7638, #8023, #3676, .T. ) ;
#2960 = LINE ( 'NONE', #7756, #6086 ) ;
#2961 = CARTESIAN_POINT ( 'NONE',  ( -0.04482550121277434400, 0.09999999999999999200, 0.04084655809124089500 ) ) ;
#2962 = DIRECTION ( 'NONE',  ( 0.0000000000000000000, 0.0000000000000000000, 1.000000000000000000 ) ) ;
#2963 = CARTESIAN_POINT ( 'NONE',  ( -0.03678051174818433600, 0.09750000000000000300, 0.05761173509117013100 ) ) ;
#2964 = CARTESIAN_POINT ( 'NONE',  ( 0.02631266977646880600, 0.08999999999999999700, -0.09751343179279546600 ) ) ;
#2965 = CARTESIAN_POINT ( 'NONE',  ( 0.005138028014233198200, 0.09999999999999997800, 0.009576880058961300500 ) ) ;
#2966 = ORIENTED_EDGE ( 'NONE', *, *, #4874, .T. ) ;
#2967 = CIRCLE ( 'NONE', #2831, 0.004999999999999997500 ) ;
#2968 = DIRECTION ( 'NONE',  ( 0.0000000000000000000, -1.000000000000000000, 0.0000000000000000000 ) ) ;
#2969 = ORIENTED_EDGE ( 'NONE', *, *, #3376, .F. ) ;
#2970 = ORIENTED_EDGE ( 'NONE', *, *, #5427, .F. ) ;
#2971 =( BOUNDED_SURFACE ( )  B_SPLINE_SURFACE ( 3, 2, ( 
 ( #3377, #5170, #162 ),
 ( #7761, #3999, #241 ),
 ( #4623, #875, #5265 ),
 ( #1503, #5888, #2135 ),
 ( #6520, #2774, #7168 ),
 ( #3405, #7790, #4027 ),
 ( #270, #4650, #904 ),
 ( #5295, #1536, #5912 ),
 ( #2161, #6550, #2804 ),
 ( #7192, #3433, #7819 ) ),
 .UNSPECIFIED., .F., .F., .F. ) 
 B_SPLINE_SURFACE_WITH_KNOTS ( ( 4, 2, 2, 2, 4 ),
 ( 3, 3 ),
 ( 6.283185307179586200, 6.479534848028948500, 6.675884388878310800, 7.068583470577034500, 7.853981633974482800 ),
 ( 0.0000000000000000000, 1.000000000000000000 ),
 .UNSPECIFIED. ) 
 GEOMETRIC_REPRESENTATION_ITEM ( )  RATIONAL_B_SPLINE_SURFACE ( (
 ( 1.000000000000000000, 0.2669335818958153400, 1.000000000000000000),
 ( 1.000000000000000000, 0.2664983059056992800, 1.000000000000000000),
 ( 1.000000000000000000, 0.2908837794727697800, 1.000000000000000000),
 ( 1.000000000000000000, 0.3621149789005762000, 1.000000000000000000),
 ( 1.000000000000000000, 0.4080595304960585300, 1.000000000000000000),
 ( 1.000000000000000000, 0.5496729321926705500, 1.000000000000000000),
 ( 1.000000000000000000, 0.6488088780558977100, 1.000000000000000000),
 ( 1.000000000000000000, 0.8979780439267057700, 1.000000000000000000),
 ( 1.000000000000000000, 1.002561318331190800, 1.000000000000000000),
 ( 1.000000000000000000, 1.000000000000000000, 1.000000000000000000) ) ) 
 REPRESENTATION_ITEM ( '' )  SURFACE ( )  );
#2972 = VERTEX_POINT ( 'NONE', #1704 ) ;
#2973 = CIRCLE ( 'NONE', #6244, 0.001000000000000003100 ) ;
#2974 = CARTESIAN_POINT ( 'NONE',  ( -0.03448752548737205000, 0.09500000000000001500, 0.06067537470116228500 ) ) ;
#2975 = CARTESIAN_POINT ( 'NONE',  ( 0.01520577883502932300, 0.09499999999999997300, -0.01613404390130743900 ) ) ;
#2976 = CARTESIAN_POINT ( 'NONE',  ( 0.0000000000000000000, 3.594344986626658100, 0.0000000000000000000 ) ) ;
#2977 = DIRECTION ( 'NONE',  ( -1.000000000000000000, -0.0000000000000000000, -0.0000000000000000000 ) ) ;
#2978 = CARTESIAN_POINT ( 'NONE',  ( -0.03897114317030119700, 0.09499999999999998700, 0.1590063509461092900 ) ) ;
#2979 = CARTESIAN_POINT ( 'NONE',  ( -0.01197713054951324500, 0.1000036693283850600, -0.09523030602256590800 ) ) ;
#2980 = CARTESIAN_POINT ( 'NONE',  ( 0.01520128323707889100, 0.09749999999999935100, -0.005148787420747074500 ) ) ;
#2981 = CIRCLE ( 'NONE', #239, 0.002500000000000000900 ) ;
#2982 = CARTESIAN_POINT ( 'NONE',  ( -0.007717888967870787000, 0.09999999999999999200, -0.03647661581296640600 ) ) ;
#2983 = DIRECTION ( 'NONE',  ( -0.5000000000000037700, 0.0000000000000000000, 0.8660254037844366000 ) ) ;
#2984 = DIRECTION ( 'NONE',  ( 0.0000000000000000000, 0.0000000000000000000, -1.000000000000000000 ) ) ;
#2985 = AXIS2_PLACEMENT_3D ( 'NONE', #2277, #493, #7988 ) ;
#2986 = FACE_OUTER_BOUND ( 'NONE', #2192, .T. ) ;
#2987 = DIRECTION ( 'NONE',  ( 0.0000000000000000000, -0.9848077530122085800, -0.1736481776669271400 ) ) ;
#2988 = ORIENTED_EDGE ( 'NONE', *, *, #6741, .T. ) ;
#2989 = CARTESIAN_POINT ( 'NONE',  ( -0.03303129433494316600, 0.09750000000000091900, 0.06253098719048040500 ) ) ;
#2990 = ORIENTED_EDGE ( 'NONE', *, *, #3641, .F. ) ;
#2991 = CARTESIAN_POINT ( 'NONE',  ( -0.02125960989664967300, 0.09999999999999999200, 0.008587372849419280800 ) ) ;
#2992 = CARTESIAN_POINT ( 'NONE',  ( -0.01504052099490210500, 0.09500000000000002900, 0.07402531919360730300 ) ) ;
#2993 = CARTESIAN_POINT ( 'NONE',  ( -0.02485739555605811000, 0.09749999999999998900, 0.04731723543051922400 ) ) ;
#2994 = VECTOR ( 'NONE', #6890, 39.37007874015748100 ) ;
#2995 = ADVANCED_FACE ( 'NONE', ( #3872 ), #2203, .T. ) ;
#2996 = DIRECTION ( 'NONE',  ( 0.0000000000000000000, -1.000000000000000000, 0.0000000000000000000 ) ) ;
#2997 = ORIENTED_EDGE ( 'NONE', *, *, #799, .T. ) ;
#2998 = AXIS2_PLACEMENT_3D ( 'NONE', #7628, #3868, #103 ) ;
#2999 = VECTOR ( 'NONE', #4672, 39.37007874015748100 ) ;
#3000 = VECTOR ( 'NONE', #7611, 39.37007874015748100 ) ;
#3001 = CARTESIAN_POINT ( 'NONE',  ( 0.0000000000000000000, 4.515940689107605300, 0.0000000000000000000 ) ) ;
#3002 = DIRECTION ( 'NONE',  ( -0.0000000000000000000, 1.000000000000000000, -0.0000000000000000000 ) ) ;
#3003 = DIRECTION ( 'NONE',  ( 0.0000000000000000000, 0.0000000000000000000, 1.000000000000000000 ) ) ;
#3004 = DIRECTION ( 'NONE',  ( 0.0000000000000000000, 0.0000000000000000000, 1.000000000000000000 ) ) ;
#3005 = EDGE_CURVE ( 'NONE', #1046, #6610, #6820, .T. ) ;
#3006 = CARTESIAN_POINT ( 'NONE',  ( 0.02764580622868972500, 0.09749999999999996200, 0.07056837991234542200 ) ) ;
#3007 = FACE_OUTER_BOUND ( 'NONE', #8037, .T. ) ;
#3008 = ORIENTED_EDGE ( 'NONE', *, *, #4998, .T. ) ;
#3009 = CARTESIAN_POINT ( 'NONE',  ( -0.01486986281895667800, 0.09630874078434205300, -0.1029929011109681600 ) ) ;
#3010 = CARTESIAN_POINT ( 'NONE',  ( 0.0000000000000000000, 0.2523140909808909700, 0.0000000000000000000 ) ) ;
#3011 = FACE_OUTER_BOUND ( 'NONE', #5574, .T. ) ;
#3012 = EDGE_CURVE ( 'NONE', #7795, #2089, #335, .T. ) ;
#3013 = CARTESIAN_POINT ( 'NONE',  ( -0.01999999999999998300, 0.09499999999999998700, -0.09825317547305485700 ) ) ;
#3014 = DIRECTION ( 'NONE',  ( -0.0000000000000000000, 1.000000000000000000, -0.0000000000000000000 ) ) ;
#3015 = CARTESIAN_POINT ( 'NONE',  ( 0.02676159682062589200, 0.09750000000000005900, 0.07206750972901743200 ) ) ;
#3016 = CARTESIAN_POINT ( 'NONE',  ( 0.0000000000000000000, 0.2523140909808909700, 0.0000000000000000000 ) ) ;
#3017 = CARTESIAN_POINT ( 'NONE',  ( -0.004232939634581489600, 0.1000000000000000200, 0.07908015456257093400 ) ) ;
#3018 = EDGE_LOOP ( 'NONE', ( #3311, #5334, #2390 ) ) ;
#3019 = CARTESIAN_POINT ( 'NONE',  ( 0.04330127018922044100, 0.09499999999999998700, 0.1615063509461101000 ) ) ;
#3020 = CARTESIAN_POINT ( 'NONE',  ( 0.0000000000000000000, 1.530235274245928000, -1.490475096019931600 ) ) ;
#3021 = ORIENTED_EDGE ( 'NONE', *, *, #7673, .F. ) ;
#3022 = CARTESIAN_POINT ( 'NONE',  ( -0.1182179676972449200, 0.09499999999999998700, -0.06825317547305484500 ) ) ;
#3024 = EDGE_CURVE ( 'NONE', #768, #923, #5134, .T. ) ;
#3023 = CARTESIAN_POINT ( 'NONE',  ( 0.0000000000000000000, 1.530235274245928000, 0.0000000000000000000 ) ) ;
#3025 = ORIENTED_EDGE ( 'NONE', *, *, #5385, .F. ) ;
#3026 = FACE_OUTER_BOUND ( 'NONE', #6375, .T. ) ;
#3027 = VERTEX_POINT ( 'NONE', #496 ) ;
#3028 = ORIENTED_EDGE ( 'NONE', *, *, #5626, .T. ) ;
#3029 = CARTESIAN_POINT ( 'NONE',  ( 0.1182179676972455000, 0.09499999999999998700, -0.1182531754730543100 ) ) ;
#3030 = DIRECTION ( 'NONE',  ( 0.0000000000000000000, 0.0000000000000000000, -1.000000000000000000 ) ) ;
#3031 = CARTESIAN_POINT ( 'NONE',  ( 0.0000000000000000000, 4.670450487116513100, -1.900536165235168900 ) ) ;
#3032 = CARTESIAN_POINT ( 'NONE',  ( 0.02679364962331934700, 0.09999999999999997800, 0.07195393263022219200 ) ) ;
#3033 = ADVANCED_FACE ( 'NONE', ( #4938 ), #139, .F. ) ;
#3034 = CARTESIAN_POINT ( 'NONE',  ( -0.04887744407320477500, 0.09749999999999998900, 0.001037615168806896200 ) ) ;
#3035 = AXIS2_PLACEMENT_3D ( 'NONE', #6653, #2907, #7297 ) ;
#3036 = CARTESIAN_POINT ( 'NONE',  ( 0.03499999769724550900, 0.09999999999999999200, -0.1296428581747729500 ) ) ;
#3037 = CARTESIAN_POINT ( 'NONE',  ( -0.002034620342105119000, 0.09993893447336064900, 0.02915701739606035200 ) ) ;
#3038 = DIRECTION ( 'NONE',  ( -0.4999999999999922300, 0.0000000000000000000, -0.8660254037844431500 ) ) ;
#3039 = CARTESIAN_POINT ( 'NONE',  ( -0.009999999999999981100, 0.09999999999999999200, -0.09325317547305486700 ) ) ;
#3040 = ORIENTED_EDGE ( 'NONE', *, *, #5950, .F. ) ;
#3041 = CARTESIAN_POINT ( 'NONE',  ( 0.03368562521395211700, 0.09750000000000001700, -0.01333567488098337900 ) ) ;
#3042 = DIRECTION ( 'NONE',  ( 0.0000000000000000000, 0.0000000000000000000, 1.000000000000000000 ) ) ;
#3043 = ORIENTED_EDGE ( 'NONE', *, *, #7223, .T. ) ;
#3044 = DIRECTION ( 'NONE',  ( 4.440892098500629300E-015, 0.0000000000000000000, -1.000000000000000000 ) ) ;
#3045 = VERTEX_POINT ( 'NONE', #6152 ) ;
#3046 = DIRECTION ( 'NONE',  ( 0.0000000000000000000, 0.0000000000000000000, 1.000000000000000000 ) ) ;
#3047 = CARTESIAN_POINT ( 'NONE',  ( -0.01999999999999998300, 0.09499999999999998700, -0.1032531754730548600 ) ) ;
#3048 = DIRECTION ( 'NONE',  ( -0.4853627795187344100, 0.0000000000000000000, -0.8743128571957801100 ) ) ;
#3049 = CARTESIAN_POINT ( 'NONE',  ( 0.0000000000000000000, 1.472389163888868900, 0.0000000000000000000 ) ) ;
#3050 = DIRECTION ( 'NONE',  ( 0.0000000000000000000, 0.0000000000000000000, 1.000000000000000000 ) ) ;
#3051 = VERTEX_POINT ( 'NONE', #2394 ) ;
#3052 = EDGE_CURVE ( 'NONE', #6569, #4792, #3482, .T. ) ;
#3053 = CARTESIAN_POINT ( 'NONE',  ( 0.03516199625355748100, 0.09976807264621270800, -0.009242697497469235300 ) ) ;
#3054 = CARTESIAN_POINT ( 'NONE',  ( 0.02814250465561919300, 0.09467274965458337400, -0.1301573537370108200 ) ) ;
#3055 = CIRCLE ( 'NONE', #3881, 1.707565143007136600 ) ;
#3056 = ORIENTED_EDGE ( 'NONE', *, *, #4061, .F. ) ;
#3058 = AXIS2_PLACEMENT_3D ( 'NONE', #7188, #3429, #7817 ) ;
#3057 = CARTESIAN_POINT ( 'NONE',  ( -0.05111929440219832600, 0.09997515763955788800, 0.007909487348152581200 ) ) ;
#3059 = DIRECTION ( 'NONE',  ( -0.5144957554275223500, 0.0000000000000000000, -0.8574929257125467600 ) ) ;
#3060 = CARTESIAN_POINT ( 'NONE',  ( 0.02193946958721718100, 0.09999999999999999200, 0.07693024288810305900 ) ) ;
#3061 = CARTESIAN_POINT ( 'NONE',  ( -0.02257798379021365400, 0.09750000000000001700, -0.05016958786649739600 ) ) ;
#3062 = ORIENTED_EDGE ( 'NONE', *, *, #1691, .F. ) ;
#3063 = CARTESIAN_POINT ( 'NONE',  ( -0.1067403810567665600, 0.09499999999999998700, 0.06162658773652743300 ) ) ;
#3064 = VECTOR ( 'NONE', #3476, 39.37007874015748900 ) ;
#3065 = ORIENTED_EDGE ( 'NONE', *, *, #6746, .F. ) ;
#3066 = EDGE_CURVE ( 'NONE', #127, #274, #1608, .T. ) ;
#3067 = DIRECTION ( 'NONE',  ( 0.0000000000000000000, -1.000000000000000000, 0.0000000000000000000 ) ) ;
#3068 = VERTEX_POINT ( 'NONE', #8042 ) ;
#3069 = CARTESIAN_POINT ( 'NONE',  ( 0.07008974711353246900, 0.09500000000000001500, 0.07510734785581682500 ) ) ;
#3070 = CARTESIAN_POINT ( 'NONE',  ( 0.02349279633936615700, 0.09500000000000002900, -0.03891282333811150300 ) ) ;
#3071 = CARTESIAN_POINT ( 'NONE',  ( 2.257942535927933200E-016, 4.531250000000000000, 1.843750000000000400 ) ) ;
#3072 = ORIENTED_EDGE ( 'NONE', *, *, #278, .T. ) ;
#3073 = EDGE_CURVE ( 'NONE', #4132, #20, #7100, .T. ) ;
#3074 = CYLINDRICAL_SURFACE ( 'NONE', #2138, 0.005000000000000000100 ) ;
#3075 = ORIENTED_EDGE ( 'NONE', *, *, #6146, .F. ) ;
#3076 = CARTESIAN_POINT ( 'NONE',  ( -0.01999999999999998700, 0.09499999999999998700, -0.1032531754730548600 ) ) ;
#3077 = DIRECTION ( 'NONE',  ( 1.000000000000000000, 0.0000000000000000000, -1.224646799147353200E-016 ) ) ;
#3078 = ADVANCED_FACE ( 'NONE', ( #7896 ), #4543, .F. ) ;
#3079 = B_SPLINE_CURVE_WITH_KNOTS ( 'NONE', 3,
 ( #208, #7730, #3342, #4593, #844, #5228, #1473, #5855, #2104, #6486, #2740, #7138, #3373, #7758 ),
 .UNSPECIFIED., .F., .F.,
 ( 4, 2, 2, 2, 2, 2, 4 ),
 ( 0.0000000000000000000, 0.0002761408359987835700, 0.0005522816719975671400, 0.0008284225079963507000, 0.001104563343995134300, 0.001656845015992701400, 0.002209126687990268500 ),
 .UNSPECIFIED. ) ;
#3080 = ORIENTED_EDGE ( 'NONE', *, *, #7633, .T. ) ;
#3081 = CARTESIAN_POINT ( 'NONE',  ( 0.02553538602941185900, 0.09777929722436590200, 0.05960477941176470200 ) ) ;
#3083 = CARTESIAN_POINT ( 'NONE',  ( -0.04677838247767807100, 0.09999999999999999200, -0.02005365041562639700 ) ) ;
#3082 = TOROIDAL_SURFACE ( 'NONE', #5116, 1.345570251243616700, 0.01562500000000000000 ) ;
#3084 = ORIENTED_EDGE ( 'NONE', *, *, #488, .F. ) ;
#3085 = FACE_OUTER_BOUND ( 'NONE', #4421, .T. ) ;
#3086 = VERTEX_POINT ( 'NONE', #555 ) ;
#3087 = AXIS2_PLACEMENT_3D ( 'NONE', #6753, #2996, #7388 ) ;
#3088 = ORIENTED_EDGE ( 'NONE', *, *, #1540, .F. ) ;
#3089 = CARTESIAN_POINT ( 'NONE',  ( 0.02899833091520790900, 0.09192726540609694200, -0.1267497902465293300 ) ) ;
#3090 = CARTESIAN_POINT ( 'NONE',  ( -0.04901889497243446000, 0.09806342449277831400, 0.007904525872851285100 ) ) ;
#3091 = CARTESIAN_POINT ( 'NONE',  ( 0.03367417537709037300, 0.09749999999999998900, -0.004498763016256051400 ) ) ;
#3092 = CARTESIAN_POINT ( 'NONE',  ( 0.009154119080018483700, 0.09750000000000061400, 0.07665706356245673100 ) ) ;
#3093 = DIRECTION ( 'NONE',  ( -0.0000000000000000000, 1.000000000000000000, -0.0000000000000000000 ) ) ;
#3094 = DIRECTION ( 'NONE',  ( 0.8660254037844364900, 0.0000000000000000000, 0.5000000000000036600 ) ) ;
#3095 = ORIENTED_EDGE ( 'NONE', *, *, #7386, .T. ) ;
#3096 = CARTESIAN_POINT ( 'NONE',  ( 0.001212579377273042300, 0.09750000000000003100, -0.05103970329512112800 ) ) ;
#3097 = LINE ( 'NONE', #4445, #6234 ) ;
#3098 = CARTESIAN_POINT ( 'NONE',  ( -0.1296974998013696900, 0.09290571765945931900, 0.04046374748042509000 ) ) ;
#3099 = ORGANIZATION ( 'UNSPECIFIED', 'UNSPECIFIED', '' ) ;
#3100 = CARTESIAN_POINT ( 'NONE',  ( 0.0000000000000000000, 3.597389163888868900, 1.625005121940030100 ) ) ;
#3101 = CIRCLE ( 'NONE', #5959, 0.03125000000000011100 ) ;
#3102 = CARTESIAN_POINT ( 'NONE',  ( 0.02548838726849309000, 0.09976576267717511500, 0.05819506140607411800 ) ) ;
#3103 = TOROIDAL_SURFACE ( 'NONE', #5760, 1.002319221306503700, 0.01562500000000000000 ) ;
#3104 = CARTESIAN_POINT ( 'NONE',  ( -0.03583628230868708700, 0.09999999999999999200, -0.04590889370630860800 ) ) ;
#3105 = CARTESIAN_POINT ( 'NONE',  ( -0.1122675014630613600, 0.08999999999999999700, 0.03595016139045642500 ) ) ;
#3106 = ORIENTED_EDGE ( 'NONE', *, *, #6216, .F. ) ;
#3107 =( BOUNDED_SURFACE ( )  B_SPLINE_SURFACE ( 3, 2, ( 
 ( #809, #4561, #2069 ),
 ( #6455, #2706, #7106 ),
 ( #3337, #7726, #3967 ),
 ( #203, #4590, #839 ),
 ( #5219, #1469, #5849 ),
 ( #2098, #6485, #2739 ),
 ( #7133, #3367, #7754 ),
 ( #3994, #236, #4615 ),
 ( #867, #5251, #1495 ),
 ( #5879, #2129, #6513 ),
 ( #2765, #7160, #3396 ),
 ( #7782, #4021, #264 ),
 ( #4642, #897, #5287 ),
 ( #1526, #5904, #2155 ) ),
 .UNSPECIFIED., .F., .F., .F. ) 
 B_SPLINE_SURFACE_WITH_KNOTS ( ( 4, 2, 2, 2, 2, 2, 4 ),
 ( 3, 3 ),
 ( 0.006903769224720844900, 0.007134645927952078200, 0.007365522631183310700, 0.007827276037645776500, 0.008289029444108243100, 0.008519906147339474700, 0.008750782850570708000 ),
 ( 0.0000000000000000000, 1.000000000000000000 ),
 .UNSPECIFIED. ) 
 GEOMETRIC_REPRESENTATION_ITEM ( )  RATIONAL_B_SPLINE_SURFACE ( (
 ( 1.000000000000000000, 0.7071067811865475700, 1.000000000000000000),
 ( 1.000000000000000000, 0.7071067811865475700, 1.000000000000000000),
 ( 1.000000000000000000, 0.7071067811865475700, 1.000000000000000000),
 ( 1.000000000000000000, 0.7071067811865475700, 1.000000000000000000),
 ( 1.000000000000000000, 0.7071067811865486800, 1.000000000000000000),
 ( 1.000000000000000000, 0.7071067811865486800, 1.000000000000000000),
 ( 1.000000000000000000, 0.7071067811865475700, 1.000000000000000000),
 ( 1.000000000000000000, 0.7071067811865475700, 1.000000000000000000),
 ( 1.000000000000000000, 0.7071067811865475700, 1.000000000000000000),
 ( 1.000000000000000000, 0.7071067811865475700, 1.000000000000000000),
 ( 1.000000000000000000, 0.7071067811865474600, 1.000000000000000000),
 ( 1.000000000000000000, 0.7071067811865474600, 1.000000000000000000),
 ( 1.000000000000000000, 0.7071067811865469100, 1.000000000000000000),
 ( 1.000000000000000000, 0.7071067811865469100, 1.000000000000000000) ) ) 
 REPRESENTATION_ITEM ( '' )  SURFACE ( )  );
#3108 = FACE_OUTER_BOUND ( 'NONE', #4174, .T. ) ;
#3109 = CARTESIAN_POINT ( 'NONE',  ( 0.009924060487778973600, 0.09499999999999997300, -0.03023099263426746700 ) ) ;
#3110 = CARTESIAN_POINT ( 'NONE',  ( 0.02795053132058618300, 0.09999999999999995000, 0.01426216575309086400 ) ) ;
#3111 = EDGE_CURVE ( 'NONE', #2569, #6158, #3279, .T. ) ;
#3112 = ADVANCED_FACE ( 'NONE', ( #1408 ), #5627, .F. ) ;
#3113 = DIRECTION ( 'NONE',  ( -0.0000000000000000000, 1.000000000000000000, -0.0000000000000000000 ) ) ;
#3114 = CARTESIAN_POINT ( 'NONE',  ( 0.02810764378847642500, 0.09499999999999997300, 0.06210744943166979900 ) ) ;
#3115 = EDGE_CURVE ( 'NONE', #558, #3454, #4162, .T. ) ;
#3116 = LINE ( 'NONE', #5554, #7725 ) ;
#3117 = DIRECTION ( 'NONE',  ( 0.0000000000000000000, -1.000000000000000000, 0.0000000000000000000 ) ) ;
#3118 = CARTESIAN_POINT ( 'NONE',  ( -0.1238813207518053200, 0.09192726540609667800, 0.03975368902996515700 ) ) ;
#3119 = CARTESIAN_POINT ( 'NONE',  ( 0.02818787381895823700, 0.09500000000000002900, 0.06325098118441034600 ) ) ;
#3120 = ORIENTED_EDGE ( 'NONE', *, *, #2107, .F. ) ;
#3121 = VECTOR ( 'NONE', #3519, 39.37007874015748900 ) ;
#3122 = CARTESIAN_POINT ( 'NONE',  ( 0.08575961894323327900, 0.09999999999999999200, 0.03796633369868346300 ) ) ;
#3124 = EDGE_CURVE ( 'NONE', #170, #6002, #7698, .T. ) ;
#3123 = CARTESIAN_POINT ( 'NONE',  ( 0.02385504014297003300, 0.09999999999999999200, -0.08377651823877137200 ) ) ;
#3125 = DIRECTION ( 'NONE',  ( -0.07996745175763343700, 0.0000000000000000000, -0.9967974752472994500 ) ) ;
#3126 = CARTESIAN_POINT ( 'NONE',  ( -0.02052890394328719600, 0.09749999999999998900, -0.05060581126710112000 ) ) ;
#3127 = DIRECTION ( 'NONE',  ( 0.0000000000000000000, 0.0000000000000000000, 1.000000000000000000 ) ) ;
#3128 = VERTEX_POINT ( 'NONE', #85 ) ;
#3129 = CARTESIAN_POINT ( 'NONE',  ( 0.01810420234735909600, 0.09999999999999999200, 0.02579850978309039900 ) ) ;
#3130 = VERTEX_POINT ( 'NONE', #712 ) ;
#3131 = CARTESIAN_POINT ( 'NONE',  ( 0.03368562521395211700, 0.09500000000000001500, -0.01333567488098337900 ) ) ;
#3132 = CARTESIAN_POINT ( 'NONE',  ( -0.07897519132958449900, 0.09946113292395686300, 0.06015704657743212900 ) ) ;
#3133 = AXIS2_PLACEMENT_3D ( 'NONE', #5869, #2122, #6504 ) ;
#3134 = EDGE_LOOP ( 'NONE', ( #5051, #2734, #5331, #2820 ) ) ;
#3135 = DIRECTION ( 'NONE',  ( 0.0000000000000000000, 0.0000000000000000000, -1.000000000000000000 ) ) ;
#3136 = CARTESIAN_POINT ( 'NONE',  ( 0.03242996940009567500, 0.08999999999999999700, -0.1275848751530628300 ) ) ;
#3137 = CARTESIAN_POINT ( 'NONE',  ( 0.01521234978845068000, 0.09500000000000001500, 0.06264244462640966600 ) ) ;
#3139 = ORIENTED_EDGE ( 'NONE', *, *, #1847, .F. ) ;
#3138 = EDGE_LOOP ( 'NONE', ( #467, #4728, #3891, #4395 ) ) ;
#3140 = CARTESIAN_POINT ( 'NONE',  ( 0.02579761007734703000, 0.09750000000000000300, 0.05961444436007784500 ) ) ;
#3141 = CARTESIAN_POINT ( 'NONE',  ( 0.02899999769724551100, 0.09499999999999998700, -0.1356428581747729500 ) ) ;
#3142 = CARTESIAN_POINT ( 'NONE',  ( 0.09278671431038020000, 0.09660427275112359900, 0.03608342916992030000 ) ) ;
#3143 = CARTESIAN_POINT ( 'NONE',  ( 0.02999999769724539000, 0.08999999999999999700, -0.1032531754730547200 ) ) ;
#3144 = CARTESIAN_POINT ( 'NONE',  ( -0.004203205367444711600, 0.09749999999999996200, 0.02717068736409610600 ) ) ;
#3145 = CYLINDRICAL_SURFACE ( 'NONE', #5441, 1.875000000000000700 ) ;
#3146 = CIRCLE ( 'NONE', #7982, 0.005000000000000001800 ) ;
#3147 = EDGE_CURVE ( 'NONE', #4527, #5476, #4347, .T. ) ;
#3148 = CARTESIAN_POINT ( 'NONE',  ( 0.0000000000000000000, 4.390940689107604400, 0.0000000000000000000 ) ) ;
#3149 = DIRECTION ( 'NONE',  ( -0.0000000000000000000, -1.000000000000000000, 0.0000000000000000000 ) ) ;
#3150 = FACE_OUTER_BOUND ( 'NONE', #2679, .T. ) ;
#3151 = EDGE_CURVE ( 'NONE', #111, #7066, #6018, .T. ) ;
#3153 = AXIS2_PLACEMENT_3D ( 'NONE', #6451, #5844, #2092 ) ;
#3152 = DIRECTION ( 'NONE',  ( -0.0000000000000000000, 1.000000000000000000, -0.0000000000000000000 ) ) ;
#3154 = CARTESIAN_POINT ( 'NONE',  ( 0.0001928385876506002700, 0.09749999999999998900, 0.02716155646426816200 ) ) ;
#3155 = ORIENTED_EDGE ( 'NONE', *, *, #4299, .F. ) ;
#3156 = ORIENTED_EDGE ( 'NONE', *, *, #1669, .T. ) ;
#3157 = CARTESIAN_POINT ( 'NONE',  ( 0.001212579377273042300, 0.09500000000000002900, -0.05103970329512112800 ) ) ;
#3158 = CARTESIAN_POINT ( 'NONE',  ( -0.07508974596215625700, 0.09499999999999998700, 0.06644709581221548700 ) ) ;
#3159 = EDGE_LOOP ( 'NONE', ( #4469, #183, #3901, #3561 ) ) ;
#3160 = CARTESIAN_POINT ( 'NONE',  ( 0.05928975021109520600, 0.09197492569165624500, 0.06817455889386592200 ) ) ;
#3161 = CIRCLE ( 'NONE', #4964, 0.6330180021895743800 ) ;
#3162 = CARTESIAN_POINT ( 'NONE',  ( 0.03375000000000009900, 0.09750000000000000300, -0.009242876838235297700 ) ) ;
#3163 = ORIENTED_EDGE ( 'NONE', *, *, #5831, .T. ) ;
#3164 = DIRECTION ( 'NONE',  ( -0.0000000000000000000, 1.000000000000000000, -0.0000000000000000000 ) ) ;
#3165 = LINE ( 'NONE', #5767, #4862 ) ;
#3166 = ORIENTED_EDGE ( 'NONE', *, *, #323, .T. ) ;
#3167 = CARTESIAN_POINT ( 'NONE',  ( -0.01751552532158838100, 0.09749999999999998900, -0.03681137495827659100 ) ) ;
#3168 = EDGE_CURVE ( 'NONE', #5419, #4251, #1218, .T. ) ;
#3169 = CARTESIAN_POINT ( 'NONE',  ( 0.1658493649053892300, 0.09499999999999998700, -0.04075317547305412600 ) ) ;
#3170 = LINE ( 'NONE', #5378, #6314 ) ;
#3171 = DIRECTION ( 'NONE',  ( 0.0000000000000000000, 0.0000000000000000000, 1.000000000000000000 ) ) ;
#3172 = CARTESIAN_POINT ( 'NONE',  ( 0.09691987298107765400, 0.09499999999999998700, 0.03863620667976131600 ) ) ;
#3173 = TOROIDAL_SURFACE ( 'NONE', #4110, 0.03500000000000000300, 0.005000000000000000100 ) ;
#3174 = DIRECTION ( 'NONE',  ( 1.224646799147355400E-016, 0.0000000000000000000, -1.000000000000000000 ) ) ;
#3175 = CARTESIAN_POINT ( 'NONE',  ( -0.007435195991564604200, 0.09947109870789867800, -0.03803325997686929400 ) ) ;
#3176 = VERTEX_POINT ( 'NONE', #1969 ) ;
#3177 = AXIS2_PLACEMENT_3D ( 'NONE', #2823, #7217, #3449 ) ;
#3178 = LINE ( 'NONE', #2526, #2994 ) ;
#3179 = CARTESIAN_POINT ( 'NONE',  ( -0.03107222487032674700, 0.09499999999999997300, -0.04611928123670721400 ) ) ;
#3180 = DIRECTION ( 'NONE',  ( -0.8660254037844386000, -0.0000000000000000000, 0.4999999999999998900 ) ) ;
#3181 = CARTESIAN_POINT ( 'NONE',  ( 0.02684083572150952300, 0.08999999999999999700, -0.09254387769326442900 ) ) ;
#3182 = CARTESIAN_POINT ( 'NONE',  ( -0.0008970669215180968200, 0.09500000000000002900, 0.06385135435603556100 ) ) ;
#3183 = ORIENTED_EDGE ( 'NONE', *, *, #2159, .T. ) ;
#3184 = DIRECTION ( 'NONE',  ( 0.0000000000000000000, 0.0000000000000000000, -1.000000000000000000 ) ) ;
#3185 = CYLINDRICAL_SURFACE ( 'NONE', #7916, 0.004999999999999997500 ) ;
#3186 = CARTESIAN_POINT ( 'NONE',  ( 0.06739929665180850700, 0.09053886747000820800, 0.07079420654071738600 ) ) ;
#3187 = LINE ( 'NONE', #6978, #1522 ) ;
#3188 = LINE ( 'NONE', #2736, #1523 ) ;
#3189 = PRODUCT_DEFINITION ( 'UNKNOWN', '', #5300, #317 ) ;
#3190 = DIRECTION ( 'NONE',  ( -0.0000000000000000000, -1.000000000000000000, 0.0000000000000000000 ) ) ;
#3191 = CARTESIAN_POINT ( 'NONE',  ( -0.007437959558823434600, 0.09500000000000001500, -0.03897058823529413900 ) ) ;
#3192 = CARTESIAN_POINT ( 'NONE',  ( -0.02385867377790484500, 0.09749999999999994800, 0.07004351991491990200 ) ) ;
#3193 = DIRECTION ( 'NONE',  ( 0.0000000000000000000, 0.0000000000000000000, 1.000000000000000000 ) ) ;
#3194 = CARTESIAN_POINT ( 'NONE',  ( -0.09633457221849017800, 0.09868127115101170400, 0.07173532388702408300 ) ) ;
#3195 = DIRECTION ( 'NONE',  ( 0.8660254037844340400, 0.0000000000000000000, 0.5000000000000081000 ) ) ;
#3196 = CIRCLE ( 'NONE', #2337, 1.746397797600258300 ) ;
#3197 = ORIENTED_EDGE ( 'NONE', *, *, #7678, .F. ) ;
#3198 = DIRECTION ( 'NONE',  ( 0.8660254037844384900, 0.0000000000000000000, -0.5000000000000004400 ) ) ;
#3199 = FACE_OUTER_BOUND ( 'NONE', #6349, .T. ) ;
#3200 = CARTESIAN_POINT ( 'NONE',  ( 0.0000000000000000000, 0.06874999999999997800, 0.0000000000000000000 ) ) ;
#3201 = EDGE_CURVE ( 'NONE', #6569, #3045, #2718, .T. ) ;
#3202 = CARTESIAN_POINT ( 'NONE',  ( -0.005799873715279162800, 0.1000000000000000100, 0.06033597540988538300 ) ) ;
#3203 =( BOUNDED_CURVE ( )  B_SPLINE_CURVE ( 3, ( #7413, #4785, #4269, #513 ),
 .UNSPECIFIED., .F., .F. ) 
 B_SPLINE_CURVE_WITH_KNOTS ( ( 4, 4 ),
 ( 1.570796326794898300, 3.141592653589796200 ),
 .UNSPECIFIED. ) 
 CURVE ( )  GEOMETRIC_REPRESENTATION_ITEM ( )  RATIONAL_B_SPLINE_CURVE ( ( 1.000000000000000000, 0.8047378541243646000, 0.8047378541243646000, 1.000000000000000000 ) ) 
 REPRESENTATION_ITEM ( '' )  );
#3204 = CARTESIAN_POINT ( 'NONE',  ( 0.0000000000000000000, 0.01615740896423327100, 0.0000000000000000000 ) ) ;
#3205 = AXIS2_PLACEMENT_3D ( 'NONE', #1849, #8103, #3738 ) ;
#3206 = ORIENTED_EDGE ( 'NONE', *, *, #847, .F. ) ;
#3207 = ORIENTED_EDGE ( 'NONE', *, *, #5998, .T. ) ;
#3208 = CARTESIAN_POINT ( 'NONE',  ( -0.04893083711585517700, 0.09499999999999998700, 0.004973870058996882900 ) ) ;
#3209 = CARTESIAN_POINT ( 'NONE',  ( -0.03058001171835078900, 0.09500000000000001500, 0.004621585411343976300 ) ) ;
#3210 = CARTESIAN_POINT ( 'NONE',  ( -0.08448011310687128500, 0.09499999999999998700, 0.02122918834727648100 ) ) ;
#3211 = CARTESIAN_POINT ( 'NONE',  ( -0.03018804950552027300, 0.09499999999999997300, 0.02780125202122445800 ) ) ;
#3212 = EDGE_CURVE ( 'NONE', #6394, #1068, #2687, .T. ) ;
#3213 = DIRECTION ( 'NONE',  ( -0.0000000000000000000, 1.000000000000000000, -0.0000000000000000000 ) ) ;
#3214 = VECTOR ( 'NONE', #4459, 39.37007874015748100 ) ;
#3215 = DIRECTION ( 'NONE',  ( 0.0000000000000000000, 0.0000000000000000000, -1.000000000000000000 ) ) ;
#3216 = ORIENTED_EDGE ( 'NONE', *, *, #5941, .T. ) ;
#3217 = ORIENTED_EDGE ( 'NONE', *, *, #5366, .T. ) ;
#3218 = ORIENTED_EDGE ( 'NONE', *, *, #2803, .F. ) ;
#3219 = ADVANCED_FACE ( 'NONE', ( #5814 ), #1737, .T. ) ;
#3220 = EDGE_CURVE ( 'NONE', #2845, #1655, #2494, .T. ) ;
#3221 = CARTESIAN_POINT ( 'NONE',  ( -0.07508974596215625700, 0.09499999999999998700, 0.06644709581221548700 ) ) ;
#3222 = CARTESIAN_POINT ( 'NONE',  ( 0.1182179676972454600, 0.08999999999999999700, -0.1132531754730543000 ) ) ;
#3223 = CARTESIAN_POINT ( 'NONE',  ( 0.03031088913245394800, 0.09499999999999998700, 0.1540063509461099800 ) ) ;
#3224 = CARTESIAN_POINT ( 'NONE',  ( -0.09241025404783208300, 0.09565461545040926400, 0.07644709579491747200 ) ) ;
#3225 = CARTESIAN_POINT ( 'NONE',  ( 0.01532556951161646300, 0.09499999999999998700, -0.009105638670589895300 ) ) ;
#3226 = ORIENTED_EDGE ( 'NONE', *, *, #1518, .F. ) ;
#3227 = CARTESIAN_POINT ( 'NONE',  ( 2.313954968040355000E-016, 4.681499030572553000, -1.889487621779129000 ) ) ;
#3228 = ORIENTED_EDGE ( 'NONE', *, *, #6849, .F. ) ;
#3229 = DIRECTION ( 'NONE',  ( 1.000000000000000000, 0.0000000000000000000, 1.224646799147353200E-016 ) ) ;
#3230 = CARTESIAN_POINT ( 'NONE',  ( 0.0000000000000000000, 0.01562500000000000000, 0.0000000000000000000 ) ) ;
#3231 = AXIS2_PLACEMENT_3D ( 'NONE', #6339, #5067, #6976 ) ;
#3232 = CARTESIAN_POINT ( 'NONE',  ( 0.01455208906386936200, 0.09749999999999998900, -0.001344013312341522700 ) ) ;
#3233 = ORIENTED_EDGE ( 'NONE', *, *, #2114, .F. ) ;
#3234 = CARTESIAN_POINT ( 'NONE',  ( 0.003880894185625820500, 0.09976803062287054000, 0.07825020256850717700 ) ) ;
#3235 = CARTESIAN_POINT ( 'NONE',  ( 0.005095305064188752900, 0.09500000000000001500, 0.07681400325562580400 ) ) ;
#3236 = AXIS2_PLACEMENT_3D ( 'NONE', #4, #4382, #632 ) ;
#3237 = DIRECTION ( 'NONE',  ( -0.0000000000000000000, 1.000000000000000000, -0.0000000000000000000 ) ) ;
#3238 = CARTESIAN_POINT ( 'NONE',  ( -0.04897058823529402300, 0.09499999999999998700, 0.007904411764705876800 ) ) ;
#3239 = CARTESIAN_POINT ( 'NONE',  ( -0.02479946689963721100, 0.09499999999999998700, -0.02927826707562335800 ) ) ;
#3240 = DIRECTION ( 'NONE',  ( 0.0000000000000000000, 0.0000000000000000000, -1.000000000000000000 ) ) ;
#3241 = CIRCLE ( 'NONE', #7415, 1.678769737029744700 ) ;
#3242 = CARTESIAN_POINT ( 'NONE',  ( 0.01804464102346342600, 0.09750000000000005900, 0.02298285404504114500 ) ) ;
#3243 = ORIENTED_EDGE ( 'NONE', *, *, #2039, .F. ) ;
#3244 = DIRECTION ( 'NONE',  ( -0.0000000000000000000, 1.000000000000000000, -0.0000000000000000000 ) ) ;
#3245 = DIRECTION ( 'NONE',  ( -0.0000000000000000000, 1.000000000000000000, -0.0000000000000000000 ) ) ;
#3246 = CARTESIAN_POINT ( 'NONE',  ( -0.01633155910273217200, 0.09499999999999997300, -0.05140089842478017000 ) ) ;
#3247 = CARTESIAN_POINT ( 'NONE',  ( 0.006153057481735640900, 0.09500000000000001500, 0.01162333881999059100 ) ) ;
#3248 = FACE_OUTER_BOUND ( 'NONE', #526, .T. ) ;
#3249 = ORIENTED_EDGE ( 'NONE', *, *, #3201, .F. ) ;
#3250 = ORIENTED_EDGE ( 'NONE', *, *, #1474, .T. ) ;
#3251 = ORIENTED_EDGE ( 'NONE', *, *, #4935, .F. ) ;
#3252 = CARTESIAN_POINT ( 'NONE',  ( -0.09627491918774636100, 0.1000000000000000100, 0.07389543504207656000 ) ) ;
#3253 = AXIS2_PLACEMENT_3D ( 'NONE', #1581, #5967, #2221 ) ;
#3254 = DIRECTION ( 'NONE',  ( -1.000000000000000000, 0.0000000000000000000, 0.0000000000000000000 ) ) ;
#3255 = CARTESIAN_POINT ( 'NONE',  ( -0.04330127018922342400, 0.09499999999999998700, 0.1615063509461092700 ) ) ;
#3256 = ADVANCED_FACE ( 'NONE', ( #4152 ), #5629, .T. ) ;
#3257 = LINE ( 'NONE', #1485, #1588 ) ;
#3258 = CARTESIAN_POINT ( 'NONE',  ( 0.006153057481735640900, 0.09500000000000001500, 0.01162333881999059100 ) ) ;
#3259 = FACE_OUTER_BOUND ( 'NONE', #2944, .T. ) ;
#3260 = DIRECTION ( 'NONE',  ( 0.0000000000000000000, 0.0000000000000000000, 1.000000000000000000 ) ) ;
#3261 = EDGE_CURVE ( 'NONE', #1272, #5750, #820, .T. ) ;
#3262 = ORIENTED_EDGE ( 'NONE', *, *, #2472, .T. ) ;
#3263 = DIRECTION ( 'NONE',  ( 4.662936703425656700E-015, -0.0000000000000000000, -1.000000000000000000 ) ) ;
#3264 = CARTESIAN_POINT ( 'NONE',  ( 0.02322796827849013200, 0.09750000000000001700, 0.07381506681144521500 ) ) ;
#3265 = FACE_OUTER_BOUND ( 'NONE', #2750, .T. ) ;
#3266 = EDGE_CURVE ( 'NONE', #1089, #1353, #7504, .T. ) ;
#3267 = ORIENTED_EDGE ( 'NONE', *, *, #4154, .T. ) ;
#3268 = CARTESIAN_POINT ( 'NONE',  ( 0.0000000000000000000, 0.01509259103576671800, 0.0000000000000000000 ) ) ;
#3269 = EDGE_LOOP ( 'NONE', ( #2542, #5795, #4119, #5155 ) ) ;
#3270 = LINE ( 'NONE', #5803, #1599 ) ;
#3271 = DIRECTION ( 'NONE',  ( -3.414809992080330700E-015, 0.0000000000000000000, 1.000000000000000000 ) ) ;
#3272 = ORIENTED_EDGE ( 'NONE', *, *, #1013, .T. ) ;
#3273 = ORIENTED_EDGE ( 'NONE', *, *, #3431, .T. ) ;
#3274 = CARTESIAN_POINT ( 'NONE',  ( 0.03199423058326975700, 0.09499999999999997300, 0.005157845506937422000 ) ) ;
#3275 = DIRECTION ( 'NONE',  ( 0.0000000000000000000, 0.0000000000000000000, -1.000000000000000000 ) ) ;
#3276 = AXIS2_PLACEMENT_3D ( 'NONE', #5955, #3441, #4067 ) ;
#3277 = CARTESIAN_POINT ( 'NONE',  ( 0.07523249853693797500, 0.08999999999999999700, 0.07230301408259907900 ) ) ;
#3278 = CARTESIAN_POINT ( 'NONE',  ( -0.03343600770731847800, 0.09750000000000000300, -0.04443654239734817800 ) ) ;
#3279 = CIRCLE ( 'NONE', #913, 0.005000000000000001800 ) ;
#3280 = EDGE_CURVE ( 'NONE', #3861, #2029, #3963, .T. ) ;
#3281 = DIRECTION ( 'NONE',  ( 0.0000000000000000000, 0.0000000000000000000, -1.000000000000000000 ) ) ;
#3282 = ORIENTED_EDGE ( 'NONE', *, *, #6518, .T. ) ;
#3283 = CARTESIAN_POINT ( 'NONE',  ( -0.02481279839684223300, 0.09499999999999997300, 0.02219158166267296700 ) ) ;
#3284 = CARTESIAN_POINT ( 'NONE',  ( 0.1124102540378442600, 0.09792893218813450400, 0.04180607966083917800 ) ) ;
#3285 = VECTOR ( 'NONE', #2537, 39.37007874015748100 ) ;
#3286 = CARTESIAN_POINT ( 'NONE',  ( 0.03499999769724490600, 0.09999999999999999200, 1.632027738822967200E-016 ) ) ;
#3287 = CARTESIAN_POINT ( 'NONE',  ( 1.227487026096877400E-016, 0.03125000000000000000, 1.002319221306503700 ) ) ;
#3288 = CARTESIAN_POINT ( 'NONE',  ( -0.005973115808823432900, 0.09750000000000000300, 0.01433823529411764500 ) ) ;
#3289 = AXIS2_PLACEMENT_3D ( 'NONE', #4478, #727, #5109 ) ;
#3290 = DIRECTION ( 'NONE',  ( 1.000000000000000000, 0.0000000000000000000, -1.224646799147353200E-016 ) ) ;
#3291 = DIRECTION ( 'NONE',  ( 0.0000000000000000000, -1.000000000000000000, -0.0000000000000000000 ) ) ;
#3292 = AXIS2_PLACEMENT_3D ( 'NONE', #3743, #8131, #4366 ) ;
#3293 = CARTESIAN_POINT ( 'NONE',  ( 0.02802434007536334600, 0.09499999999999997300, 0.06914757613138219900 ) ) ;
#3294 = CYLINDRICAL_SURFACE ( 'NONE', #1758, 1.809375000000000200 ) ;
#3295 = EDGE_LOOP ( 'NONE', ( #3930, #2630, #282, #214 ) ) ;
#3296 = FACE_OUTER_BOUND ( 'NONE', #1116, .T. ) ;
#3297 = CARTESIAN_POINT ( 'NONE',  ( -0.03056867961456198300, 0.09500000000000002900, 0.003015563170029140300 ) ) ;
#3298 = DIRECTION ( 'NONE',  ( 0.8660254037844338200, 0.0000000000000000000, 0.5000000000000083300 ) ) ;
#3299 = CARTESIAN_POINT ( 'NONE',  ( -0.02152686042441181700, 0.09500000000000001500, -0.03378879581931279500 ) ) ;
#3300 = DIRECTION ( 'NONE',  ( 1.000000000000000000, 0.0000000000000000000, 1.224646799147353200E-016 ) ) ;
#3301 = ADVANCED_FACE ( 'NONE', ( #2294 ), #4559, .T. ) ;
#3302 = ORIENTED_EDGE ( 'NONE', *, *, #2417, .F. ) ;
#3303 = FACE_OUTER_BOUND ( 'NONE', #6365, .T. ) ;
#3304 = AXIS2_PLACEMENT_3D ( 'NONE', #1598, #1622, #997 ) ;
#3305 = CARTESIAN_POINT ( 'NONE',  ( -0.04468279611026967200, 0.09499999999999997300, -0.02692995342861333500 ) ) ;
#3306 = CARTESIAN_POINT ( 'NONE',  ( -0.003543658935322833000, 0.09750000000000000300, 0.02718140887206269700 ) ) ;
#3307 = SPHERICAL_SURFACE ( 'NONE', #367, 0.005000000000000000100 ) ;
#3308 = EDGE_CURVE ( 'NONE', #1856, #7683, #3764, .T. ) ;
#3309 = DIRECTION ( 'NONE',  ( 0.0000000000000000000, 0.0000000000000000000, 1.000000000000000000 ) ) ;
#3310 = EDGE_LOOP ( 'NONE', ( #419, #5784, #2306 ) ) ;
#3311 = ORIENTED_EDGE ( 'NONE', *, *, #5838, .F. ) ;
#3312 = CARTESIAN_POINT ( 'NONE',  ( 0.02824079372268716400, 0.09999999999999999200, 0.06428728583161108500 ) ) ;
#3313 = CARTESIAN_POINT ( 'NONE',  ( 0.09691987298107770900, 0.09499999999999998700, 0.03863620667976133000 ) ) ;
#3314 = ORIENTED_EDGE ( 'NONE', *, *, #2268, .F. ) ;
#3315 = EDGE_CURVE ( 'NONE', #2198, #1272, #1257, .T. ) ;
#3316 = CARTESIAN_POINT ( 'NONE',  ( -0.005740318191961323000, 0.09749999999999993400, -0.03892961954018042700 ) ) ;
#3317 = CARTESIAN_POINT ( 'NONE',  ( -0.02309032478324913500, 0.09749999999999998900, 0.02307755662285716800 ) ) ;
#3318 = B_SPLINE_CURVE_WITH_KNOTS ( 'NONE', 3,
 ( #3389, #860, #7179, #3419, #7804, #4043, #285, #4666, #920, #5306, #1548, #5928, #2176, #6562, #2816, #7208, #3440, #7832, #4066 ),
 .UNSPECIFIED., .F., .F.,
 ( 4, 3, 3, 3, 3, 3, 4 ),
 ( 0.0000000000000000000, 2.131536450397915600E-005, 4.263049838660884200E-005, 6.394929851243389500E-005, 8.527599553687017100E-005, 9.248901690327403000E-005, 9.925998565137199600E-005 ),
 .UNSPECIFIED. ) ;
#3319 = TOROIDAL_SURFACE ( 'NONE', #5036, 1.663177721231778900, 0.01562500000000000000 ) ;
#3320 = DIRECTION ( 'NONE',  ( 0.0000000000000000000, 0.0000000000000000000, -1.000000000000000000 ) ) ;
#3321 = CARTESIAN_POINT ( 'NONE',  ( -0.1217403799053890200, 0.09999999999999999200, 0.03564582761723866800 ) ) ;
#3322 = CARTESIAN_POINT ( 'NONE',  ( -0.02729735815321856000, 0.09749999999999998900, -0.02316318537086673200 ) ) ;
#3323 = EDGE_CURVE ( 'NONE', #3335, #6251, #2094, .T. ) ;
#3324 = DIRECTION ( 'NONE',  ( 0.0000000000000000000, -0.9848077530122085800, -0.1736481776669271400 ) ) ;
#3325 = CARTESIAN_POINT ( 'NONE',  ( -0.01794436896982893100, 0.09499999999999998700, 0.05607625131591185300 ) ) ;
#3326 = DIRECTION ( 'NONE',  ( 0.0000000000000000000, 0.0000000000000000000, -1.000000000000000000 ) ) ;
#3327 = EDGE_CURVE ( 'NONE', #2549, #5920, #5437, .T. ) ;
#3328 = VERTEX_POINT ( 'NONE', #2093 ) ;
#3329 = ORIENTED_EDGE ( 'NONE', *, *, #799, .F. ) ;
#3330 = DIRECTION ( 'NONE',  ( -0.8660254037844380400, -2.134256245050211600E-016, 0.5000000000000012200 ) ) ;
#3331 = CARTESIAN_POINT ( 'NONE',  ( -0.02607615446602779000, 0.09749999999999996200, 0.009098648774300078000 ) ) ;
#3332 = CARTESIAN_POINT ( 'NONE',  ( -0.04897058823529402300, 0.09750000000000000300, 0.007904411764705876800 ) ) ;
#3333 = CARTESIAN_POINT ( 'NONE',  ( -0.03058001171835078600, 0.09749999999999998900, 0.004621585411344007600 ) ) ;
#3334 = AXIS2_PLACEMENT_3D ( 'NONE', #2438, #1859, #6197 ) ;
#3336 = ORIENTED_EDGE ( 'NONE', *, *, #4820, .F. ) ;
#3335 = VERTEX_POINT ( 'NONE', #4636 ) ;
#3337 = CARTESIAN_POINT ( 'NONE',  ( -0.003536482489884527600, 0.09749999999999933700, -0.05168490729650530900 ) ) ;
#3338 = DIRECTION ( 'NONE',  ( 0.0000000000000000000, -1.000000000000000000, 0.0000000000000000000 ) ) ;
#3339 = DIRECTION ( 'NONE',  ( 0.5144957554275305700, 0.0000000000000000000, -0.8574929257125417600 ) ) ;
#3340 = CARTESIAN_POINT ( 'NONE',  ( 0.02723154029250571300, 0.09749999999999976700, 0.06019264741992908600 ) ) ;
#3341 = ADVANCED_FACE ( 'NONE', ( #427 ), #7307, .T. ) ;
#3342 = CARTESIAN_POINT ( 'NONE',  ( -0.01619736358906441100, 0.1000000000000000100, -0.05403494779670028900 ) ) ;
#3343 = CARTESIAN_POINT ( 'NONE',  ( -0.004145617906623882600, 0.09999999999999999200, 0.02967195379421908700 ) ) ;
#3344 = CARTESIAN_POINT ( 'NONE',  ( 0.09864832249779871600, 0.09467274965458337400, 0.08945080082639378400 ) ) ;
#3345 = CARTESIAN_POINT ( 'NONE',  ( 0.0000000000000000000, 0.09893518207153306800, 0.0000000000000000000 ) ) ;
#3346 = FACE_OUTER_BOUND ( 'NONE', #5764, .T. ) ;
#3348 = ORIENTED_EDGE ( 'NONE', *, *, #1370, .T. ) ;
#3347 = AXIS2_PLACEMENT_3D ( 'NONE', #2056, #6446, #2694 ) ;
#3349 = CARTESIAN_POINT ( 'NONE',  ( -0.04763139720814564500, 0.09999999999999999200, 0.1640063509461092400 ) ) ;
#3350 = CARTESIAN_POINT ( 'NONE',  ( -0.02869387118385333500, 0.09750000000000000300, 0.03611633826018825800 ) ) ;
#3351 = AXIS2_PLACEMENT_3D ( 'NONE', #5392, #3506, #1627 ) ;
#3352 = EDGE_CURVE ( 'NONE', #3984, #7212, #6911, .T. ) ;
#3353 = UNCERTAINTY_MEASURE_WITH_UNIT (LENGTH_MEASURE( 1.000000000000000100E-005 ), #5949, 'distance_accuracy_value', 'NONE');
#3354 = DIRECTION ( 'NONE',  ( 0.4999999999999922300, 0.0000000000000000000, 0.8660254037844431500 ) ) ;
#3355 = CIRCLE ( 'NONE', #1562, 0.6289739546098475100 ) ;
#3356 = DIRECTION ( 'NONE',  ( 0.0000000000000000000, 0.0000000000000000000, 1.000000000000000000 ) ) ;
#3357 = EDGE_LOOP ( 'NONE', ( #7719, #7111, #2714, #1165 ) ) ;
#3358 = ORIENTED_EDGE ( 'NONE', *, *, #3594, .T. ) ;
#3359 = CARTESIAN_POINT ( 'NONE',  ( 0.09508974596215551100, 0.09499999999999998700, 0.03180607966083910700 ) ) ;
#3360 = ORIENTED_EDGE ( 'NONE', *, *, #1354, .T. ) ;
#3361 = CARTESIAN_POINT ( 'NONE',  ( 0.01475674597700200400, 0.09499999999999997300, 0.02451325771434894100 ) ) ;
#3362 = ADVANCED_FACE ( 'NONE', ( #3568 ), #5233, .T. ) ;
#3363 = CARTESIAN_POINT ( 'NONE',  ( -0.02951574293288234500, 0.09499999999999997300, 0.006685894129902367900 ) ) ;
#3364 = CIRCLE ( 'NONE', #3716, 0.004999999999999997500 ) ;
#3365 = CARTESIAN_POINT ( 'NONE',  ( -0.02401905783975336400, 0.09999999999999996400, -0.02537171135169762800 ) ) ;
#3366 = AXIS2_PLACEMENT_3D ( 'NONE', #4748, #998, #5390 ) ;
#3367 = CARTESIAN_POINT ( 'NONE',  ( 0.01806250979272256900, 0.09999999999999999200, -0.04425919988146159700 ) ) ;
#3368 = LINE ( 'NONE', #550, #6499 ) ;
#3369 = CARTESIAN_POINT ( 'NONE',  ( 0.0000000000000000000, 4.140850980782268200, 0.0000000000000000000 ) ) ;
#3370 = DIRECTION ( 'NONE',  ( 1.000000000000000000, 0.0000000000000000000, 0.0000000000000000000 ) ) ;
#3371 = ORIENTED_EDGE ( 'NONE', *, *, #2897, .F. ) ;
#3372 = ORIENTED_EDGE ( 'NONE', *, *, #6406, .T. ) ;
#3373 = CARTESIAN_POINT ( 'NONE',  ( -0.05137327295142506100, 0.09999999999999999200, 0.0007131559593300650800 ) ) ;
#3374 = TOROIDAL_SURFACE ( 'NONE', #6701, 0.006000000000000000100, 0.005000000000000000100 ) ;
#3375 = CARTESIAN_POINT ( 'NONE',  ( -0.004294883209996919400, 0.09999999999999997800, 0.02966952735528903900 ) ) ;
#3376 = EDGE_CURVE ( 'NONE', #224, #5136, #7117, .T. ) ;
#3377 = CARTESIAN_POINT ( 'NONE',  ( -0.08885167739285004800, 0.09499999999999998700, 0.01880237444968265900 ) ) ;
#3378 = CARTESIAN_POINT ( 'NONE',  ( 0.09526937282023896500, 0.09192726540609684500, 0.08848818636318259200 ) ) ;
#3379 = CARTESIAN_POINT ( 'NONE',  ( 0.006991190436056808300, 0.09999999999999996400, 0.06141015269848474500 ) ) ;
#3380 = DIRECTION ( 'NONE',  ( -0.9998585349462690800, -0.0000000000000000000, 0.01681993148322186200 ) ) ;
#3381 = CIRCLE ( 'NONE', #2862, 0.001000000000000003100 ) ;
#3382 = EDGE_CURVE ( 'NONE', #3456, #125, #1897, .T. ) ;
#3383 = EDGE_LOOP ( 'NONE', ( #5501, #5035, #501, #3775 ) ) ;
#3384 = CARTESIAN_POINT ( 'NONE',  ( -0.007431118811612152100, 0.09999513356262855500, -0.03664973514820621400 ) ) ;
#3385 = CYLINDRICAL_SURFACE ( 'NONE', #2827, 0.004999999999999997500 ) ;
#3386 = ADVANCED_FACE ( 'NONE', ( #231 ), #35, .F. ) ;
#3387 = EDGE_LOOP ( 'NONE', ( #7844, #3095, #667, #3529 ) ) ;
#3388 = CARTESIAN_POINT ( 'NONE',  ( 0.1117403810567663700, 0.09999999999999999200, 0.05296633369868356700 ) ) ;
#3389 = CARTESIAN_POINT ( 'NONE',  ( -0.005973115808823432900, 0.09749999999999998900, 0.01433823529411764500 ) ) ;
#3390 = CARTESIAN_POINT ( 'NONE',  ( 0.03375000000000009900, 0.09499999999999998700, -0.009242876838235297700 ) ) ;
#3391 = VECTOR ( 'NONE', #6377, 39.37007874015748100 ) ;
#3392 = CARTESIAN_POINT ( 'NONE',  ( -0.01606760133291694100, 0.09750000000000001700, 0.01298784762724704500 ) ) ;
#3393 = TOROIDAL_SURFACE ( 'NONE', #6872, 0.006000000000000000100, 0.005000000000000000100 ) ;
#3394 = VECTOR ( 'NONE', #5280, 39.37007874015748100 ) ;
#3395 = CARTESIAN_POINT ( 'NONE',  ( -0.01652051113059221200, 0.1000000000000004900, -0.03727894024168908900 ) ) ;
#3396 = CARTESIAN_POINT ( 'NONE',  ( 0.03508444481476891100, 0.09999999999999999200, -0.02087064567840665700 ) ) ;
#3397 = CARTESIAN_POINT ( 'NONE',  ( 0.02553695976397885000, 0.09749999999999998900, 0.05960483741583933600 ) ) ;
#3398 = CARTESIAN_POINT ( 'NONE',  ( 0.01395581637695590300, 0.09976783542359300700, -0.01093173000519741800 ) ) ;
#3399 = ORIENTED_EDGE ( 'NONE', *, *, #4510, .F. ) ;
#3400 = CARTESIAN_POINT ( 'NONE',  ( 0.02998151532825159300, 0.1000000000000000100, 0.01573369365876392500 ) ) ;
#3401 = CIRCLE ( 'NONE', #1494, 0.03125000000000011100 ) ;
#3402 = EDGE_LOOP ( 'NONE', ( #1190, #5770, #979, #6353 ) ) ;
#3403 = FACE_OUTER_BOUND ( 'NONE', #1984, .T. ) ;
#3404 = AXIS2_PLACEMENT_3D ( 'NONE', #1317, #5704, #1951 ) ;
#3405 = CARTESIAN_POINT ( 'NONE',  ( -0.09028808847789444900, 0.09248190845447362700, 0.02008967137117363000 ) ) ;
#3406 = AXIS2_PLACEMENT_3D ( 'NONE', #7393, #3628, #8015 ) ;
#3407 = CARTESIAN_POINT ( 'NONE',  ( 0.02183430714888392700, 0.09749999999999978100, 0.06055668110240932500 ) ) ;
#3408 = DIRECTION ( 'NONE',  ( 0.5000000000000083300, 0.0000000000000000000, -0.8660254037844338200 ) ) ;
#3409 = ADVANCED_FACE ( 'NONE', ( #6708 ), #4832, .F. ) ;
#3410 = CARTESIAN_POINT ( 'NONE',  ( -0.02951574293292860300, 0.09750000000000003100, 0.006685894129869919900 ) ) ;
#3411 = FACE_OUTER_BOUND ( 'NONE', #2275, .T. ) ;
#3412 = EDGE_LOOP ( 'NONE', ( #6039, #3755, #1048, #5968 ) ) ;
#3413 = VERTEX_POINT ( 'NONE', #4717 ) ;
#3414 = CARTESIAN_POINT ( 'NONE',  ( 0.0000000000000000000, 0.1140277731073001300, -0.6330180021895744900 ) ) ;
#3415 = DIRECTION ( 'NONE',  ( 0.0000000000000000000, -0.0000000000000000000, -1.000000000000000000 ) ) ;
#3416 = CARTESIAN_POINT ( 'NONE',  ( 0.1122760561615688100, 0.09807273439692065800, 0.04404185037092638700 ) ) ;
#3417 = LINE ( 'NONE', #143, #3801 ) ;
#3418 = AXIS2_PLACEMENT_3D ( 'NONE', #2405, #6801, #3046 ) ;
#3419 = CARTESIAN_POINT ( 'NONE',  ( -0.005972736760411527300, 0.09832727469910898500, 0.01419733738387365900 ) ) ;
#3420 = VERTEX_POINT ( 'NONE', #973 ) ;
#3421 = ORIENTED_EDGE ( 'NONE', *, *, #7419, .F. ) ;
#3422 = ORIENTED_EDGE ( 'NONE', *, *, #4406, .F. ) ;
#3423 = CARTESIAN_POINT ( 'NONE',  ( -0.007131428522359145900, 0.09749999999999998900, -0.03897979457981119000 ) ) ;
#3424 = EDGE_CURVE ( 'NONE', #1286, #7436, #1700, .T. ) ;
#3425 = CARTESIAN_POINT ( 'NONE',  ( 0.02796363750549245000, 0.09749999999999998900, 0.06160968268252548000 ) ) ;
#3426 = CARTESIAN_POINT ( 'NONE',  ( 0.06070917262131711500, 0.09499999999999998700, 0.06754662256622691300 ) ) ;
#3427 = DIRECTION ( 'NONE',  ( 0.0000000000000000000, 0.0000000000000000000, -1.000000000000000000 ) ) ;
#3428 = ADVANCED_FACE ( 'NONE', ( #5032 ), #3173, .T. ) ;
#3429 = DIRECTION ( 'NONE',  ( 0.0000000000000000000, -1.000000000000000000, -0.0000000000000000000 ) ) ;
#3430 = ORIENTED_EDGE ( 'NONE', *, *, #6112, .T. ) ;
#3431 = EDGE_CURVE ( 'NONE', #3051, #4566, #3381, .T. ) ;
#3432 = VERTEX_POINT ( 'NONE', #2235 ) ;
#3433 = CARTESIAN_POINT ( 'NONE',  ( -0.1002324962341835100, 0.08999999999999999700, 0.02900174788186523500 ) ) ;
#3434 = CARTESIAN_POINT ( 'NONE',  ( 0.003882603766798479800, 0.09999999999999999200, 0.07933865290044488100 ) ) ;
#3435 = CARTESIAN_POINT ( 'NONE',  ( 0.02584442575130352000, 0.09999999999999999200, 0.05957268082155491700 ) ) ;
#3436 = CARTESIAN_POINT ( 'NONE',  ( -0.01416051848578641000, 0.09999999999999914500, 0.01343852448795326700 ) ) ;
#3437 = ORIENTED_EDGE ( 'NONE', *, *, #4098, .F. ) ;
#3438 = AXIS2_PLACEMENT_3D ( 'NONE', #2001, #6391, #2631 ) ;
#3439 = EDGE_CURVE ( 'NONE', #823, #5376, #1508, .T. ) ;
#3440 = CARTESIAN_POINT ( 'NONE',  ( -0.005966865885874301000, 0.09999525279350730800, 0.01201512042636121800 ) ) ;
#3441 = DIRECTION ( 'NONE',  ( 0.4999999999999922300, 0.0000000000000000000, 0.8660254037844431500 ) ) ;
#3442 = ADVANCED_FACE ( 'NONE', ( #7987 ), #1302, .T. ) ;
#3443 = DIRECTION ( 'NONE',  ( 0.0000000000000000000, 0.0000000000000000000, 1.000000000000000000 ) ) ;
#3444 = VECTOR ( 'NONE', #480, 39.37007874015748100 ) ;
#3445 = CARTESIAN_POINT ( 'NONE',  ( 0.09941987298107769800, 0.09499999999999998700, 0.03430607966083913000 ) ) ;
#3446 = EDGE_LOOP ( 'NONE', ( #1289, #7653, #5255, #6501 ) ) ;
#3447 = AXIS2_PLACEMENT_3D ( 'NONE', #1138, #4285, #4912 ) ;
#3448 = CARTESIAN_POINT ( 'NONE',  ( -0.008950023910692167200, 0.09996963560185642700, -0.05394239725417088900 ) ) ;
#3449 = DIRECTION ( 'NONE',  ( 0.0000000000000000000, 0.0000000000000000000, -1.000000000000000000 ) ) ;
#3450 = CARTESIAN_POINT ( 'NONE',  ( -0.1182179676972449400, 0.09999999999999999200, -0.1232531754730548100 ) ) ;
#3451 = CARTESIAN_POINT ( 'NONE',  ( 0.001908743884487588300, 0.09750000000000007300, 0.01342569403924748700 ) ) ;
#3452 = AXIS2_PLACEMENT_3D ( 'NONE', #7271, #3481, #5370 ) ;
#3453 = FACE_OUTER_BOUND ( 'NONE', #6392, .T. ) ;
#3454 = VERTEX_POINT ( 'NONE', #4771 ) ;
#3455 = DIRECTION ( 'NONE',  ( 0.0000000000000000000, 0.0000000000000000000, 1.000000000000000000 ) ) ;
#3456 = VERTEX_POINT ( 'NONE', #1027 ) ;
#3457 = ORIENTED_EDGE ( 'NONE', *, *, #405, .F. ) ;
#3458 = DIRECTION ( 'NONE',  ( -0.4999999999999915100, 1.280553747030102200E-015, -0.8660254037844437000 ) ) ;
#3459 = CARTESIAN_POINT ( 'NONE',  ( -0.04715560960058317500, 0.09999999999999999200, 0.04178001390958021400 ) ) ;
#3460 = CARTESIAN_POINT ( 'NONE',  ( -0.1267067277212660700, 0.08999999999999999700, 0.03570726023209713100 ) ) ;
#3461 = VECTOR ( 'NONE', #2729, 39.37007874015748100 ) ;
#3462 = B_SPLINE_CURVE_WITH_KNOTS ( 'NONE', 3,
 ( #8078, #4939, #6324, #2563, #6958, #3192, #7588, #3821, #68, #4447, #689, #5077, #1319, #5706, #1954, #6343 ),
 .UNSPECIFIED., .F., .F.,
 ( 4, 2, 2, 2, 2, 2, 2, 4 ),
 ( 0.0000000000000000000, 0.0003157278092141068800, 0.0006314556184282138600, 0.0009471834276423208500, 0.001262911236856427900, 0.001894366855284642600, 0.002210094664498749500, 0.002525822473712857200 ),
 .UNSPECIFIED. ) ;
#3463 = TOROIDAL_SURFACE ( 'NONE', #34, 0.02499999999999999800, 0.005000000000000000100 ) ;
#3464 = AXIS2_PLACEMENT_3D ( 'NONE', #6341, #2588, #6984 ) ;
#3465 = ORIENTED_EDGE ( 'NONE', *, *, #3904, .T. ) ;
#3466 = ADVANCED_FACE ( 'NONE', ( #2986 ), #6115, .T. ) ;
#3467 = ORIENTED_EDGE ( 'NONE', *, *, #946, .F. ) ;
#3468 = DIRECTION ( 'NONE',  ( 0.0000000000000000000, 0.0000000000000000000, 1.000000000000000000 ) ) ;
#3469 = CARTESIAN_POINT ( 'NONE',  ( 0.0000000000000000000, 4.470012756430420200, 0.0000000000000000000 ) ) ;
#3470 = ORIENTED_EDGE ( 'NONE', *, *, #2756, .T. ) ;
#3471 = EDGE_CURVE ( 'NONE', #4744, #773, #7947, .T. ) ;
#3472 = CARTESIAN_POINT ( 'NONE',  ( 0.08625000115137697300, 0.09207106781186544200, 0.06711696679905039500 ) ) ;
#3473 = TOROIDAL_SURFACE ( 'NONE', #5741, 1.663177721231778900, 0.01562500000000000000 ) ;
#3474 = ORIENTED_EDGE ( 'NONE', *, *, #4208, .F. ) ;
#3475 = VERTEX_POINT ( 'NONE', #6669 ) ;
#3476 = DIRECTION ( 'NONE',  ( -0.5144957554275305700, 0.0000000000000000000, 0.8574929257125417600 ) ) ;
#3477 = AXIS2_PLACEMENT_3D ( 'NONE', #2713, #2801, #5292 ) ;
#3478 = CARTESIAN_POINT ( 'NONE',  ( -0.008960248161764612600, 0.09777977046190314300, -0.05183823529411765700 ) ) ;
#3479 = CARTESIAN_POINT ( 'NONE',  ( 0.02649437405591967600, 0.09749999999999998900, 0.01618425379437440600 ) ) ;
#3480 = CARTESIAN_POINT ( 'NONE',  ( 0.09229714439907341100, 0.1000000000000000100, 0.03835873620593156100 ) ) ;
#3481 = DIRECTION ( 'NONE',  ( 0.8660254037844431500, 0.0000000000000000000, -0.4999999999999923900 ) ) ;
#3482 = LINE ( 'NONE', #8018, #8091 ) ;
#3483 = CARTESIAN_POINT ( 'NONE',  ( 0.007551591729831901400, 0.09499999999999997300, 0.07676508049206264000 ) ) ;
#3484 = DIRECTION ( 'NONE',  ( 1.000000000000000000, 0.0000000000000000000, -1.224646799147353200E-016 ) ) ;
#3485 = EDGE_CURVE ( 'NONE', #5954, #3051, #6508, .T. ) ;
#3486 = EDGE_LOOP ( 'NONE', ( #3025, #895, #6915, #2373 ) ) ;
#3487 = DIRECTION ( 'NONE',  ( -0.0000000000000000000, 1.000000000000000000, -0.0000000000000000000 ) ) ;
#3488 = CARTESIAN_POINT ( 'NONE',  ( -0.1012499988486224700, 0.09500000000000001500, 0.04113620867400524100 ) ) ;
#3489 = CARTESIAN_POINT ( 'NONE',  ( 0.03499999769724534300, 0.09999999999999999200, -0.09325317547305471400 ) ) ;
#3490 = VECTOR ( 'NONE', #3094, 39.37007874015748900 ) ;
#3491 = ADVANCED_FACE ( 'NONE', ( #6319 ), #7595, .F. ) ;
#3492 = LENGTH_MEASURE_WITH_UNIT ( LENGTH_MEASURE( 0.02539999999999999900 ), #1566 );
#3493 = ORIENTED_EDGE ( 'NONE', *, *, #3471, .T. ) ;
#3494 = EDGE_CURVE ( 'NONE', #7933, #6866, #1114, .T. ) ;
#3495 = CARTESIAN_POINT ( 'NONE',  ( -0.01782419557648572100, 0.09999999999999997800, -0.03385907797199747700 ) ) ;
#3496 = PERSON_AND_ORGANIZATION_ROLE ( 'creator' ) ;
#3497 = CONICAL_SURFACE ( 'NONE', #7810, 1.626868068670313400, 0.06498818447873883100 ) ;
#3498 = EDGE_LOOP ( 'NONE', ( #7191, #7369, #4332, #4019 ) ) ;
#3499 = TOROIDAL_SURFACE ( 'NONE', #3679, 1.362242299768568600, 0.03125000000000000000 ) ;
#3500 = CARTESIAN_POINT ( 'NONE',  ( -0.03022543080141733300, 0.09749999999999998900, 0.02835336836798234600 ) ) ;
#3501 = DIRECTION ( 'NONE',  ( 0.0000000000000000000, 0.0000000000000000000, -1.000000000000000000 ) ) ;
#3502 = CARTESIAN_POINT ( 'NONE',  ( 0.08625000115137693200, 0.09499999999999998700, 0.06711696679905039500 ) ) ;
#3503 = AXIS2_PLACEMENT_3D ( 'NONE', #4216, #463, #4841 ) ;
#3504 = VERTEX_POINT ( 'NONE', #3572 ) ;
#3505 = CARTESIAN_POINT ( 'NONE',  ( 0.0000000000000000000, 1.469344986626658600, 0.0000000000000000000 ) ) ;
#3506 = DIRECTION ( 'NONE',  ( 0.0000000000000000000, -1.000000000000000000, 0.0000000000000000000 ) ) ;
#3507 = FACE_OUTER_BOUND ( 'NONE', #6329, .T. ) ;
#3508 = CARTESIAN_POINT ( 'NONE',  ( 0.01537455968134293800, 0.09749999999999998900, -0.01071558030784072100 ) ) ;
#3509 = CARTESIAN_POINT ( 'NONE',  ( 0.0000000000000000000, 0.3105199513585676900, 0.0000000000000000000 ) ) ;
#3510 = CARTESIAN_POINT ( 'NONE',  ( 0.02802434007536334600, 0.09499999999999997300, 0.06914757613138219900 ) ) ;
#3511 = CYLINDRICAL_SURFACE ( 'NONE', #6413, 0.004999999999999997500 ) ;
#3512 = ORIENTED_EDGE ( 'NONE', *, *, #7370, .T. ) ;
#3513 = CARTESIAN_POINT ( 'NONE',  ( 0.003334355765646450100, 0.09859134747133580000, 0.06373707888322910400 ) ) ;
#3514 = CARTESIAN_POINT ( 'NONE',  ( 0.02999999769724531800, 0.09499999999999998700, -0.08325317547305469100 ) ) ;
#3515 = FACE_OUTER_BOUND ( 'NONE', #882, .T. ) ;
#3516 = CARTESIAN_POINT ( 'NONE',  ( -0.02476454314000711700, 0.09999999999999995000, 0.04684591560898854200 ) ) ;
#3517 = CARTESIAN_POINT ( 'NONE',  ( 0.0000000000000000000, 4.470012756430420200, 0.0000000000000000000 ) ) ;
#3518 = ADVANCED_FACE ( 'NONE', ( #7793 ), #6476, .F. ) ;
#3519 = DIRECTION ( 'NONE',  ( 0.8660254037844339300, -0.0000000000000000000, 0.5000000000000079900 ) ) ;
#3521 = ORIENTED_EDGE ( 'NONE', *, *, #7781, .F. ) ;
#3520 = CARTESIAN_POINT ( 'NONE',  ( 0.08916547709879964200, 0.09999999999999999200, 0.06206721432986938400 ) ) ;
#3522 = ORIENTED_EDGE ( 'NONE', *, *, #4940, .F. ) ;
#3523 = EDGE_CURVE ( 'NONE', #4251, #5294, #5917, .T. ) ;
#3524 = CARTESIAN_POINT ( 'NONE',  ( 0.01494584361617567000, 0.1000000000000006600, -0.01723076447187174900 ) ) ;
#3525 = CARTESIAN_POINT ( 'NONE',  ( 0.0000000000000000000, 4.725693204396712600, 0.0000000000000000000 ) ) ;
#3526 = DIRECTION ( 'NONE',  ( 0.0000000000000000000, -1.000000000000000000, 0.0000000000000000000 ) ) ;
#3527 = EDGE_CURVE ( 'NONE', #7496, #903, #4245, .T. ) ;
#3529 = ORIENTED_EDGE ( 'NONE', *, *, #2865, .F. ) ;
#3528 = ORIENTED_EDGE ( 'NONE', *, *, #5151, .T. ) ;
#3530 = CARTESIAN_POINT ( 'NONE',  ( 0.0000000000000000000, 0.2523140909808909700, 0.0000000000000000000 ) ) ;
#3531 = CARTESIAN_POINT ( 'NONE',  ( 0.003347402580967414600, 0.1000000000000068200, 0.06156953221544689300 ) ) ;
#3532 = CARTESIAN_POINT ( 'NONE',  ( 0.02999999769724530700, 0.09499999999999998700, -0.08686349277133648100 ) ) ;
#3533 = CARTESIAN_POINT ( 'NONE',  ( 0.009846909475360050800, 0.1000000000000000100, -0.02581988417760046000 ) ) ;
#3534 = EDGE_CURVE ( 'NONE', #1272, #5609, #5014, .T. ) ;
#3535 = VECTOR ( 'NONE', #4321, 39.37007874015748100 ) ;
#3536 = ORIENTED_EDGE ( 'NONE', *, *, #6622, .F. ) ;
#3537 = CARTESIAN_POINT ( 'NONE',  ( -0.004643016908547847000, 0.09499999999999997300, -0.03890313868114533800 ) ) ;
#3538 = CARTESIAN_POINT ( 'NONE',  ( -0.007678490331521985700, 0.09999999999999999200, 0.05972918964116919600 ) ) ;
#3539 =( BOUNDED_CURVE ( )  B_SPLINE_CURVE ( 3, ( #6865, #1843, #2469, #3105 ),
 .UNSPECIFIED., .F., .T. ) 
 B_SPLINE_CURVE_WITH_KNOTS ( ( 4, 4 ),
 ( 0.0000000000000000000, 1.570796326794896600 ),
 .UNSPECIFIED. ) 
 CURVE ( )  GEOMETRIC_REPRESENTATION_ITEM ( )  RATIONAL_B_SPLINE_CURVE ( ( 1.000000000000000000, 0.8047378541243649400, 0.8047378541243649400, 1.000000000000000000 ) ) 
 REPRESENTATION_ITEM ( '' )  );
#3540 = CARTESIAN_POINT ( 'NONE',  ( -0.1272740074471990200, 0.09499999999999998700, 0.03884066896809778400 ) ) ;
#3541 = DIRECTION ( 'NONE',  ( 0.5144957554275305700, 0.0000000000000000000, -0.8574929257125418800 ) ) ;
#3542 = CARTESIAN_POINT ( 'NONE',  ( -0.008948098376569669400, 0.09999999999999999200, -0.05433867426506740900 ) ) ;
#3543 = CARTESIAN_POINT ( 'NONE',  ( -2.140361393226168200E-005, 0.09749999999999998900, 0.01389481296300482500 ) ) ;
#3544 = VECTOR ( 'NONE', #2686, 39.37007874015748100 ) ;
#3545 = AXIS2_PLACEMENT_3D ( 'NONE', #4118, #368, #4752 ) ;
#3546 = CARTESIAN_POINT ( 'NONE',  ( 0.009726061420494753000, 0.09999999999999999200, -0.02571653153020696600 ) ) ;
#3547 = EDGE_LOOP ( 'NONE', ( #3522, #4001, #1936, #7879 ) ) ;
#3548 = ORIENTED_EDGE ( 'NONE', *, *, #98, .F. ) ;
#3549 = DIRECTION ( 'NONE',  ( -0.0000000000000000000, 1.000000000000000000, -0.0000000000000000000 ) ) ;
#3550 = CARTESIAN_POINT ( 'NONE',  ( -0.01395732672562350000, 0.09868127115101109300, -0.1192958487474308600 ) ) ;
#3551 = DIRECTION ( 'NONE',  ( -1.000000000000000000, 0.0000000000000000000, 0.0000000000000000000 ) ) ;
#3552 = AXIS2_PLACEMENT_3D ( 'NONE', #7125, #195, #3356 ) ;
#3553 = CARTESIAN_POINT ( 'NONE',  ( 0.02814250477153276700, 0.09499999999999998700, -0.08634899701590897900 ) ) ;
#3554 = CIRCLE ( 'NONE', #1187, 1.800000000000006500 ) ;
#3555 = CARTESIAN_POINT ( 'NONE',  ( -0.04881739107410623700, 0.09749999999999998900, 0.01585061537034191900 ) ) ;
#3556 = DIRECTION ( 'NONE',  ( -0.0000000000000000000, 1.000000000000000000, -0.0000000000000000000 ) ) ;
#3557 = CARTESIAN_POINT ( 'NONE',  ( -0.04540441047684673500, 0.09499999999999995900, 0.03874263491240909100 ) ) ;
#3558 = CARTESIAN_POINT ( 'NONE',  ( 0.02774587847783035000, 0.09248190845447364100, -0.08823661396658033500 ) ) ;
#3559 = CIRCLE ( 'NONE', #3918, 0.002499999999999998800 ) ;
#3560 = ADVANCED_FACE ( 'NONE', ( #4637 ), #2583, .F. ) ;
#3561 = ORIENTED_EDGE ( 'NONE', *, *, #738, .F. ) ;
#3562 = ORIENTED_EDGE ( 'NONE', *, *, #3111, .F. ) ;
#3563 = ORIENTED_EDGE ( 'NONE', *, *, #3308, .F. ) ;
#3565 = DIRECTION ( 'NONE',  ( 0.0000000000000000000, 0.0000000000000000000, 1.000000000000000000 ) ) ;
#3564 = CIRCLE ( 'NONE', #5446, 1.361162267041582600 ) ;
#3566 =( BOUNDED_CURVE ( )  B_SPLINE_CURVE ( 3, ( #6317, #1922, #2555, #6950 ),
 .UNSPECIFIED., .F., .F. ) 
 B_SPLINE_CURVE_WITH_KNOTS ( ( 4, 4 ),
 ( 3.141592653589796200, 4.712388980384689700 ),
 .UNSPECIFIED. ) 
 CURVE ( )  GEOMETRIC_REPRESENTATION_ITEM ( )  RATIONAL_B_SPLINE_CURVE ( ( 1.000000000000000000, 0.8047378541243658300, 0.8047378541243658300, 1.000000000000000000 ) ) 
 REPRESENTATION_ITEM ( '' )  );
#3567 = AXIS2_PLACEMENT_3D ( 'NONE', #7225, #3458, #7845 ) ;
#3568 = FACE_OUTER_BOUND ( 'NONE', #5994, .T. ) ;
#3569 = EDGE_LOOP ( 'NONE', ( #6991, #8019, #6737, #4002, #6628 ) ) ;
#3570 = CARTESIAN_POINT ( 'NONE',  ( 0.008399149229159588700, 0.09750000000000003100, -0.03212620899251901500 ) ) ;
#3571 = EDGE_CURVE ( 'NONE', #4278, #447, #3566, .T. ) ;
#3572 = CARTESIAN_POINT ( 'NONE',  ( 0.03625031421966173200, 0.09999999999999999200, -0.009242559267797868100 ) ) ;
#3573 = CIRCLE ( 'NONE', #1136, 0.001000000000000003100 ) ;
#3574 = CARTESIAN_POINT ( 'NONE',  ( 0.06062507296390100300, 0.09999999999999999200, 0.06254732989149557100 ) ) ;
#3575 = CARTESIAN_POINT ( 'NONE',  ( 0.009066755269318651700, 0.1000000000000005900, 0.009580342844152605800 ) ) ;
#3576 = EDGE_CURVE ( 'NONE', #3697, #3456, #7406, .T. ) ;
#3577 = AXIS2_PLACEMENT_3D ( 'NONE', #5871, #2123, #6506 ) ;
#3578 = ORIENTED_EDGE ( 'NONE', *, *, #4112, .F. ) ;
#3579 = CARTESIAN_POINT ( 'NONE',  ( -0.0008719841135040672700, 0.09749999999999996200, -0.03815166146569148900 ) ) ;
#3580 = CARTESIAN_POINT ( 'NONE',  ( 0.0000000000000000000, 3.654220548491862200, 0.0000000000000000000 ) ) ;
#3581 = CARTESIAN_POINT ( 'NONE',  ( -0.01999999998002651200, 0.09565461545040961100, -0.1182531754730548500 ) ) ;
#3582 = CIRCLE ( 'NONE', #5792, 0.04687500000000002800 ) ;
#3583 = CIRCLE ( 'NONE', #3926, 0.03125000000000011100 ) ;
#3584 = CIRCLE ( 'NONE', #6887, 1.875000000000000700 ) ;
#3585 = CARTESIAN_POINT ( 'NONE',  ( -0.04419560247319024400, 0.09999999999999999200, 0.04962054085368172000 ) ) ;
#3586 = ORIENTED_EDGE ( 'NONE', *, *, #1274, .T. ) ;
#3587 = CARTESIAN_POINT ( 'NONE',  ( 0.0000000000000000000, 4.714644660940672700, 0.0000000000000000000 ) ) ;
#3588 = CARTESIAN_POINT ( 'NONE',  ( -0.03448752548737205000, 0.09750000000000001700, 0.06067537470116228500 ) ) ;
#3589 = CARTESIAN_POINT ( 'NONE',  ( 0.02499999769724536500, 0.08999999999999999700, -0.1013047619644636000 ) ) ;
#3590 = VERTEX_POINT ( 'NONE', #5675 ) ;
#3591 = ORIENTED_EDGE ( 'NONE', *, *, #5385, .T. ) ;
#3592 = CARTESIAN_POINT ( 'NONE',  ( -0.0002916363521586650900, 0.1000000000000000100, 0.01139386267921298000 ) ) ;
#3593 = TOROIDAL_SURFACE ( 'NONE', #6285, 1.483486528324116100, 0.04687499999999999300 ) ;
#3594 = EDGE_CURVE ( 'NONE', #6099, #1863, #716, .T. ) ;
#3595 = ORIENTED_EDGE ( 'NONE', *, *, #902, .F. ) ;
#3596 = VECTOR ( 'NONE', #5428, 39.37007874015748100 ) ;
#3597 = DIRECTION ( 'NONE',  ( -0.0000000000000000000, 1.000000000000000000, -0.0000000000000000000 ) ) ;
#3598 = DIRECTION ( 'NONE',  ( 0.0000000000000000000, 0.0000000000000000000, 1.000000000000000000 ) ) ;
#3599 = CARTESIAN_POINT ( 'NONE',  ( -0.02911814019858773700, 0.09499999999999998700, 0.06610324365160143200 ) ) ;
#3600 = CYLINDRICAL_SURFACE ( 'NONE', #2743, 1.875000000000000700 ) ;
#3602 = AXIS2_PLACEMENT_3D ( 'NONE', #840, #5851, #5880 ) ;
#3601 = CARTESIAN_POINT ( 'NONE',  ( 0.01531350311580289800, 0.09499999999999998700, -0.01267571254290554400 ) ) ;
#3603 = CARTESIAN_POINT ( 'NONE',  ( 0.02999999769724536300, 0.09499999999999998700, -0.09825317547305455200 ) ) ;
#3604 = ADVANCED_FACE ( 'NONE', ( #2389 ), #2196, .F. ) ;
#3605 = DIRECTION ( 'NONE',  ( 0.8660254037844418200, 0.0000000000000000000, -0.4999999999999943400 ) ) ;
#3606 = AXIS2_PLACEMENT_3D ( 'NONE', #4457, #700, #5086 ) ;
#3607 = CARTESIAN_POINT ( 'NONE',  ( -0.01521986977581738000, 0.09946113292395654400, -0.09586311036096378800 ) ) ;
#3608 = CARTESIAN_POINT ( 'NONE',  ( 0.01270730572085818300, 0.09999999999999999200, -0.005410074449171428300 ) ) ;
#3609 = CARTESIAN_POINT ( 'NONE',  ( 0.0000000000000000000, 0.1156249999999999800, 0.0000000000000000000 ) ) ;
#3610 = SPHERICAL_SURFACE ( 'NONE', #5721, 0.002500000000000000100 ) ;
#3611 = VERTEX_POINT ( 'NONE', #3843 ) ;
#3612 = CARTESIAN_POINT ( 'NONE',  ( -0.08972599025004590600, 0.09499999999999998700, 0.01831701167016399500 ) ) ;
#3613 = EDGE_LOOP ( 'NONE', ( #2190, #7407, #2658, #5834 ) ) ;
#3614 = ORIENTED_EDGE ( 'NONE', *, *, #6424, .F. ) ;
#3615 = APPROVAL ( #1592, 'UNSPECIFIED' ) ;
#3616 = CARTESIAN_POINT ( 'NONE',  ( -0.02690693716970085600, 0.09999999999999809000, 0.06802326005158747200 ) ) ;
#3617 = CARTESIAN_POINT ( 'NONE',  ( -0.02808007395006620700, 0.09999999999999999200, 0.004639224989132493700 ) ) ;
#3618 = CARTESIAN_POINT ( 'NONE',  ( -0.01077074296696966700, 0.09499999999999998700, 0.07528513453794095900 ) ) ;
#3619 = CARTESIAN_POINT ( 'NONE',  ( -0.01535032786515395200, 0.09750000000000003100, 0.05863537163732391400 ) ) ;
#3620 = AXIS2_PLACEMENT_3D ( 'NONE', #5986, #2849, #2879 ) ;
#3621 = DIRECTION ( 'NONE',  ( 0.0000000000000000000, -1.000000000000000000, 0.0000000000000000000 ) ) ;
#3622 = ORIENTED_EDGE ( 'NONE', *, *, #3704, .F. ) ;
#3623 = DIRECTION ( 'NONE',  ( 0.0000000000000000000, 0.0000000000000000000, -1.000000000000000000 ) ) ;
#3624 = VERTEX_POINT ( 'NONE', #713 ) ;
#3625 = EDGE_CURVE ( 'NONE', #3841, #3590, #3862, .T. ) ;
#3626 = ORIENTED_EDGE ( 'NONE', *, *, #8004, .T. ) ;
#3627 = DIRECTION ( 'NONE',  ( 0.0000000000000000000, 0.0000000000000000000, -1.000000000000000000 ) ) ;
#3628 = DIRECTION ( 'NONE',  ( -0.0000000000000000000, 1.000000000000000000, -0.0000000000000000000 ) ) ;
#3629 = DIRECTION ( 'NONE',  ( 1.000000000000000000, 0.0000000000000000000, -3.308348408967440500E-016 ) ) ;
#3630 = DIRECTION ( 'NONE',  ( 0.0000000000000000000, -1.000000000000000000, 0.0000000000000000000 ) ) ;
#3631 = EDGE_LOOP ( 'NONE', ( #5518, #3586, #3521, #756 ) ) ;
#3632 = CARTESIAN_POINT ( 'NONE',  ( 0.02994586663067615200, 0.09999999999999996400, 0.07156696384580423000 ) ) ;
#3633 = TOROIDAL_SURFACE ( 'NONE', #1198, 1.843750000000000400, 0.03125000000000000000 ) ;
#3634 = CARTESIAN_POINT ( 'NONE',  ( 1.647848301213395300E-016, 0.3125494028667080100, 1.345570251243616700 ) ) ;
#3635 = CARTESIAN_POINT ( 'NONE',  ( -0.01500028819638484800, 0.09497276369696829000, -0.09825346366865375700 ) ) ;
#3636 = EDGE_CURVE ( 'NONE', #5016, #7005, #5528, .T. ) ;
#3637 = DIRECTION ( 'NONE',  ( -0.0000000000000000000, 1.000000000000000000, -0.0000000000000000000 ) ) ;
#3638 = CARTESIAN_POINT ( 'NONE',  ( 0.03375000000000009900, 0.09750000000000000300, -0.009242876838235297700 ) ) ;
#3639 = CARTESIAN_POINT ( 'NONE',  ( 0.02460074091918373900, 0.09749999999999993400, 0.07334374952708981600 ) ) ;
#3640 = CARTESIAN_POINT ( 'NONE',  ( 0.1182179676972452500, 0.09499999999999998700, -0.06825317547305430300 ) ) ;
#3641 = EDGE_CURVE ( 'NONE', #4625, #1160, #4057, .T. ) ;
#3642 = CARTESIAN_POINT ( 'NONE',  ( -0.003954664952020969100, 0.09749999999999906000, 0.07658826737037972800 ) ) ;
#3643 = VERTEX_POINT ( 'NONE', #4490 ) ;
#3644 = CARTESIAN_POINT ( 'NONE',  ( -0.03058001171835078600, 0.1000000000000000200, 0.004621585411343969400 ) ) ;
#3645 = ADVANCED_FACE ( 'NONE', ( #3669 ), #5340, .T. ) ;
#3646 = DIRECTION ( 'NONE',  ( 0.0000000000000000000, 0.0000000000000000000, -1.000000000000000000 ) ) ;
#3647 = DIRECTION ( 'NONE',  ( 0.0000000000000000000, 0.0000000000000000000, 1.000000000000000000 ) ) ;
#3648 = FACE_OUTER_BOUND ( 'NONE', #7153, .T. ) ;
#3649 = ORIENTED_EDGE ( 'NONE', *, *, #5631, .T. ) ;
#3650 = EDGE_LOOP ( 'NONE', ( #1291, #6252, #5618, #816 ) ) ;
#3651 = ORIENTED_EDGE ( 'NONE', *, *, #6261, .T. ) ;
#3652 = AXIS2_PLACEMENT_3D ( 'NONE', #3899, #142, #4518 ) ;
#3653 = CARTESIAN_POINT ( 'NONE',  ( 0.1182179676972455000, 0.08999999999999999700, -0.1132531754730543000 ) ) ;
#3654 = DIRECTION ( 'NONE',  ( -1.000000000000000000, 0.0000000000000000000, -4.440892098500624600E-015 ) ) ;
#3655 = LINE ( 'NONE', #1459, #6799 ) ;
#3656 = CIRCLE ( 'NONE', #7351, 0.005000000000000004400 ) ;
#3657 = CARTESIAN_POINT ( 'NONE',  ( -0.005973115808823432900, 0.09499999999999998700, 0.01433823529411764500 ) ) ;
#3658 = CARTESIAN_POINT ( 'NONE',  ( 0.02571253306868257300, 0.09499999999999998700, -0.08068069669591711200 ) ) ;
#3659 = CARTESIAN_POINT ( 'NONE',  ( 0.02606628425383385200, 0.09749999999999998900, 0.07263059329193630200 ) ) ;
#3660 = ORIENTED_EDGE ( 'NONE', *, *, #1157, .F. ) ;
#3661 = CARTESIAN_POINT ( 'NONE',  ( 0.0000000000000000000, 3.594344986626658100, 1.671781169333928800 ) ) ;
#3662 = CARTESIAN_POINT ( 'NONE',  ( -0.002035593878033524800, 0.09976803572596822100, 0.02861785237609377300 ) ) ;
#3663 = LINE ( 'NONE', #759, #6806 ) ;
#3664 = ORIENTED_EDGE ( 'NONE', *, *, #5024, .F. ) ;
#3665 = AXIS2_PLACEMENT_3D ( 'NONE', #6919, #3152, #7551 ) ;
#3666 = CARTESIAN_POINT ( 'NONE',  ( 0.03315642902462933400, 0.09749999999999996200, -0.01737404956601009200 ) ) ;
#3667 = EDGE_LOOP ( 'NONE', ( #7544, #1340, #7380, #5234 ) ) ;
#3668 = CARTESIAN_POINT ( 'NONE',  ( 0.0000000000000000000, 0.3125494028667080100, 0.0000000000000000000 ) ) ;
#3669 = FACE_OUTER_BOUND ( 'NONE', #1516, .T. ) ;
#3670 = CARTESIAN_POINT ( 'NONE',  ( 0.0000000000000000000, 4.345012756430420200, 0.0000000000000000000 ) ) ;
#3671 = ORIENTED_EDGE ( 'NONE', *, *, #4273, .T. ) ;
#3672 = VERTEX_POINT ( 'NONE', #3238 ) ;
#3673 = DIRECTION ( 'NONE',  ( 0.0000000000000000000, 0.0000000000000000000, -1.000000000000000000 ) ) ;
#3674 =( BOUNDED_CURVE ( )  B_SPLINE_CURVE ( 3, ( #17, #5187, #5815, #2064 ),
 .UNSPECIFIED., .F., .F. ) 
 B_SPLINE_CURVE_WITH_KNOTS ( ( 4, 4 ),
 ( 0.0000000000000000000, 1.570796326794892600 ),
 .UNSPECIFIED. ) 
 CURVE ( )  GEOMETRIC_REPRESENTATION_ITEM ( )  RATIONAL_B_SPLINE_CURVE ( ( 1.000000000000000000, 0.8047378541243658300, 0.8047378541243658300, 1.000000000000000000 ) ) 
 REPRESENTATION_ITEM ( '' )  );
#3675 = CARTESIAN_POINT ( 'NONE',  ( 0.0000000000000000000, 0.2468875854287995400, 0.0000000000000000000 ) ) ;
#3676 = LINE ( 'NONE', #2232, #1999 ) ;
#3677 = DIRECTION ( 'NONE',  ( 0.0000000000000000000, 0.0000000000000000000, 1.000000000000000000 ) ) ;
#3678 = CARTESIAN_POINT ( 'NONE',  ( -0.1242403799053890400, 0.09999999999999999200, 0.03131570059831646800 ) ) ;
#3679 = AXIS2_PLACEMENT_3D ( 'NONE', #7224, #297, #3455 ) ;
#3680 = LINE ( 'NONE', #7559, #3285 ) ;
#3681 = CARTESIAN_POINT ( 'NONE',  ( 0.03468747368953017900, 0.09947139962351107800, -0.009242757767629264700 ) ) ;
#3682 = CARTESIAN_POINT ( 'NONE',  ( 0.02980611665031890000, 0.09290571765945807000, -0.1325532033755265300 ) ) ;
#3683 = CARTESIAN_POINT ( 'NONE',  ( -0.05098705101863787400, 0.09995365666192011800, 0.007909174968386794100 ) ) ;
#3684 = CARTESIAN_POINT ( 'NONE',  ( 0.03375663235347558400, 0.09999999999999999200, -0.009657842829332442800 ) ) ;
#3685 = EDGE_CURVE ( 'NONE', #1663, #4192, #524, .T. ) ;
#3686 = CARTESIAN_POINT ( 'NONE',  ( 0.01867475671334593500, 0.1000000000000009200, 0.07518389194233705800 ) ) ;
#3687 = ADVANCED_FACE ( 'NONE', ( #1989 ), #329, .T. ) ;
#3688 = CARTESIAN_POINT ( 'NONE',  ( -0.01241864643159490200, 0.09750000000000000300, -0.05178808849226049900 ) ) ;
#3689 = FACE_OUTER_BOUND ( 'NONE', #4891, .T. ) ;
#3690 = DIRECTION ( 'NONE',  ( -0.5000000000000002200, 0.0000000000000000000, -0.8660254037844386000 ) ) ;
#3691 = DIRECTION ( 'NONE',  ( -0.0000000000000000000, 1.000000000000000000, -0.0000000000000000000 ) ) ;
#3692 = CIRCLE ( 'NONE', #1150, 1.330992299768568600 ) ;
#3693 = EDGE_CURVE ( 'NONE', #1385, #6473, #6810, .T. ) ;
#3694 = CARTESIAN_POINT ( 'NONE',  ( 0.0000000000000000000, 4.345012756430420200, 0.0000000000000000000 ) ) ;
#3695 = CARTESIAN_POINT ( 'NONE',  ( 0.02064661237343000700, 0.09499999999999998700, -0.04171024164587808900 ) ) ;
#3696 = DIRECTION ( 'NONE',  ( -1.224646799147355900E-016, 0.0000000000000000000, -1.000000000000000000 ) ) ;
#3697 = VERTEX_POINT ( 'NONE', #2025 ) ;
#3698 = DIRECTION ( 'NONE',  ( 0.8660254037844429300, 0.0000000000000000000, -0.4999999999999923900 ) ) ;
#3699 = CYLINDRICAL_SURFACE ( 'NONE', #3304, 0.005000000000000001800 ) ;
#3700 = CARTESIAN_POINT ( 'NONE',  ( -0.02700776482922262800, 0.09499999999999997300, 0.02113942037942371400 ) ) ;
#3701 = AXIS2_PLACEMENT_3D ( 'NONE', #7234, #7856, #308 ) ;
#3702 = EDGE_LOOP ( 'NONE', ( #863, #3465, #950, #1457 ) ) ;
#3704 = EDGE_CURVE ( 'NONE', #1815, #2915, #1802, .T. ) ;
#3703 = DIRECTION ( 'NONE',  ( -0.5000000000000036600, -0.0000000000000000000, 0.8660254037844364900 ) ) ;
#3705 = CARTESIAN_POINT ( 'NONE',  ( -0.04515765732275390400, 0.09749999999999677000, -0.02687558452062408000 ) ) ;
#3706 = FACE_OUTER_BOUND ( 'NONE', #3357, .T. ) ;
#3707 = VERTEX_POINT ( 'NONE', #7690 ) ;
#3708 = VERTEX_POINT ( 'NONE', #5152 ) ;
#3709 = CARTESIAN_POINT ( 'NONE',  ( 0.03062483062265339300, 0.09999999999999996400, 0.06215702571474292200 ) ) ;
#3710 = CARTESIAN_POINT ( 'NONE',  ( 0.02751295578180654200, 0.09192726540609692800, -0.1271612153404145800 ) ) ;
#3711 =( BOUNDED_CURVE ( )  B_SPLINE_CURVE ( 3, ( #1799, #5552, #1191, #5577 ),
 .UNSPECIFIED., .F., .F. ) 
 B_SPLINE_CURVE_WITH_KNOTS ( ( 4, 4 ),
 ( 3.141592653589793100, 4.712388980384690600 ),
 .UNSPECIFIED. ) 
 CURVE ( )  GEOMETRIC_REPRESENTATION_ITEM ( )  RATIONAL_B_SPLINE_CURVE ( ( 1.000000000000000000, 0.8047378541243648300, 0.8047378541243648300, 1.000000000000000000 ) ) 
 REPRESENTATION_ITEM ( '' )  );
#3712 = CARTESIAN_POINT ( 'NONE',  ( -0.04897058823529402300, 0.09750000000000000300, 0.007904411764705876800 ) ) ;
#3713 = CARTESIAN_POINT ( 'NONE',  ( 0.03617261498073516500, 0.09999999999999999200, -0.004381156478014452400 ) ) ;
#3714 = CARTESIAN_POINT ( 'NONE',  ( 0.009364074499985684800, 0.1000000000000000200, 0.07914971001703440000 ) ) ;
#3715 = LINE ( 'NONE', #2236, #1848 ) ;
#3716 = AXIS2_PLACEMENT_3D ( 'NONE', #3770, #15, #4392 ) ;
#3717 = CARTESIAN_POINT ( 'NONE',  ( -0.1658493649053890400, 0.09499999999999998700, -0.04075317547305484800 ) ) ;
#3718 = ORIENTED_EDGE ( 'NONE', *, *, #6518, .F. ) ;
#3719 = CARTESIAN_POINT ( 'NONE',  ( -0.003751259975673205300, 0.09749999999999996200, -0.05171206436861078300 ) ) ;
#3720 = DIRECTION ( 'NONE',  ( 0.0000000000000000000, -1.000000000000000000, 0.0000000000000000000 ) ) ;
#3721 = CARTESIAN_POINT ( 'NONE',  ( -0.1267940511621922000, 0.09370359062126552800, 0.03874822124707495000 ) ) ;
#3722 = ORIENTED_EDGE ( 'NONE', *, *, #7007, .F. ) ;
#3723 = ORIENTED_EDGE ( 'NONE', *, *, #2310, .F. ) ;
#3724 = DIRECTION ( 'NONE',  ( -0.0000000000000000000, 1.000000000000000000, -0.0000000000000000000 ) ) ;
#3725 = ADVANCED_FACE ( 'NONE', ( #6608 ), #3473, .F. ) ;
#3726 = AXIS2_PLACEMENT_3D ( 'NONE', #3148, #7548, #3786 ) ;
#3727 = CARTESIAN_POINT ( 'NONE',  ( 0.02547040463655617100, 0.09993770481103013400, 0.05765567612153178800 ) ) ;
#3728 = CARTESIAN_POINT ( 'NONE',  ( -0.03146380319148924000, 0.09999999999999996400, -0.04602649974292094500 ) ) ;
#3730 = VERTEX_POINT ( 'NONE', #2052 ) ;
#3729 = ORIENTED_EDGE ( 'NONE', *, *, #4609, .T. ) ;
#3731 = EDGE_CURVE ( 'NONE', #274, #4103, #3270, .T. ) ;
#3732 = FACE_OUTER_BOUND ( 'NONE', #6934, .T. ) ;
#3733 = EDGE_CURVE ( 'NONE', #1955, #1683, #4929, .T. ) ;
#3735 = AXIS2_PLACEMENT_3D ( 'NONE', #16, #4314, #1168 ) ;
#3734 = CARTESIAN_POINT ( 'NONE',  ( 0.01238232859508215700, 0.09500000000000001500, -0.02594778570782069900 ) ) ;
#3736 = CARTESIAN_POINT ( 'NONE',  ( 0.02644863153312749700, 0.09749999999999996200, 0.01623571333511782100 ) ) ;
#3737 = CARTESIAN_POINT ( 'NONE',  ( 0.03375000000000009900, 0.09499999999999998700, -0.009242876838235297700 ) ) ;
#3738 = DIRECTION ( 'NONE',  ( 0.0000000000000000000, 0.0000000000000000000, 1.000000000000000000 ) ) ;
#3739 = CARTESIAN_POINT ( 'NONE',  ( 0.02744761656400166600, 0.09500000000000001500, 0.06047808937355282600 ) ) ;
#3740 = TOROIDAL_SURFACE ( 'NONE', #2498, 1.806250000000000400, 0.04687499999999999300 ) ;
#3741 = ORIENTED_EDGE ( 'NONE', *, *, #6258, .F. ) ;
#3742 = EDGE_CURVE ( 'NONE', #5226, #1169, #5125, .T. ) ;
#3743 = CARTESIAN_POINT ( 'NONE',  ( -0.07941987298107848500, 0.09499999999999998700, 0.06894709581221547500 ) ) ;
#3744 = CARTESIAN_POINT ( 'NONE',  ( -0.1204786096325538300, 0.09045466218700082300, 0.03807646931646492500 ) ) ;
#3745 = EDGE_CURVE ( 'NONE', #7212, #1004, #921, .T. ) ;
#3746 = CARTESIAN_POINT ( 'NONE',  ( 0.02810764378847642500, 0.09499999999999997300, 0.06210744943166979900 ) ) ;
#3747 = FACE_OUTER_BOUND ( 'NONE', #240, .T. ) ;
#3748 = ORIENTED_EDGE ( 'NONE', *, *, #3439, .F. ) ;
#3749 = EDGE_LOOP ( 'NONE', ( #5324, #5184, #7349, #3614 ) ) ;
#3750 = CARTESIAN_POINT ( 'NONE',  ( 0.0000000000000000000, 0.2824317469239011600, 0.0000000000000000000 ) ) ;
#3751 = DIRECTION ( 'NONE',  ( 0.0000000000000000000, -1.000000000000000000, 0.0000000000000000000 ) ) ;
#3753 = CARTESIAN_POINT ( 'NONE',  ( -0.02110730171669431700, 0.09999999999999999200, -0.05303994339800662000 ) ) ;
#3752 = CYLINDRICAL_SURFACE ( 'NONE', #346, 0.005000000000000001800 ) ;
#3754 = CIRCLE ( 'NONE', #3087, 1.353906275506064200 ) ;
#3755 = ORIENTED_EDGE ( 'NONE', *, *, #6994, .T. ) ;
#3756 = AXIS2_PLACEMENT_3D ( 'NONE', #299, #4683, #935 ) ;
#3757 = VERTEX_POINT ( 'NONE', #7741 ) ;
#3758 = CARTESIAN_POINT ( 'NONE',  ( -0.08972599025004590600, 0.09499999999999998700, 0.01831701167016399500 ) ) ;
#3759 = CARTESIAN_POINT ( 'NONE',  ( 0.0000000000000000000, 4.156250000000000000, 0.0000000000000000000 ) ) ;
#3760 = CARTESIAN_POINT ( 'NONE',  ( 0.01475315797122445800, 0.09999999999999999200, 0.02452782132222144200 ) ) ;
#3761 = CARTESIAN_POINT ( 'NONE',  ( 0.03240268750317244100, 0.09500000000000002900, -0.02135735674762916100 ) ) ;
#3762 = ADVANCED_FACE ( 'NONE', ( #3085 ), #6222, .T. ) ;
#3763 = CARTESIAN_POINT ( 'NONE',  ( -0.07764252347199719600, 0.09660427275112361300, 0.06231393714151783200 ) ) ;
#3764 = CIRCLE ( 'NONE', #5947, 0.005000000000000001800 ) ;
#3765 = DIRECTION ( 'NONE',  ( 0.4999999999999922300, 0.0000000000000000000, 0.8660254037844431500 ) ) ;
#3766 = AXIS2_PLACEMENT_3D ( 'NONE', #5836, #2087, #6475 ) ;
#3767 = CARTESIAN_POINT ( 'NONE',  ( 0.01178254397294185700, 0.09499999999999997300, 0.06335476476162385500 ) ) ;
#3768 = ORIENTED_EDGE ( 'NONE', *, *, #1176, .T. ) ;
#3769 = DIRECTION ( 'NONE',  ( 0.0000000000000000000, -1.000000000000000000, 0.0000000000000000000 ) ) ;
#3770 = CARTESIAN_POINT ( 'NONE',  ( 0.03499999769724530800, 0.09499999999999998700, -0.08686349277133648100 ) ) ;
#3771 = FACE_OUTER_BOUND ( 'NONE', #7990, .T. ) ;
#3772 = EDGE_CURVE ( 'NONE', #638, #7683, #7888, .T. ) ;
#3773 = COORDINATED_UNIVERSAL_TIME_OFFSET ( 8, 0, .BEHIND. ) ;
#3774 = CARTESIAN_POINT ( 'NONE',  ( 0.02553538602941185900, 0.09750000000000000300, 0.05960477941176470200 ) ) ;
#3775 = ORIENTED_EDGE ( 'NONE', *, *, #3315, .T. ) ;
#3776 = DIRECTION ( 'NONE',  ( 0.0000000000000000000, 0.0000000000000000000, 1.000000000000000000 ) ) ;
#3777 = EDGE_CURVE ( 'NONE', #5107, #5011, #6408, .T. ) ;
#3778 = CARTESIAN_POINT ( 'NONE',  ( 0.09391215798714056000, 0.09751809353930864000, 0.03258358687625964600 ) ) ;
#3779 = CIRCLE ( 'NONE', #3289, 0.005000000000000000100 ) ;
#3780 = CARTESIAN_POINT ( 'NONE',  ( -0.01064749567145619400, 0.09750000000000003100, 0.02653293685160989400 ) ) ;
#3781 = FACE_OUTER_BOUND ( 'NONE', #5699, .T. ) ;
#3782 = FACE_BOUND ( 'NONE', #3569, .T. ) ;
#3783 = ORIENTED_EDGE ( 'NONE', *, *, #7152, .T. ) ;
#3784 = AXIS2_PLACEMENT_3D ( 'NONE', #7858, #1600, #341 ) ;
#3785 = ORIENTED_EDGE ( 'NONE', *, *, #6470, .F. ) ;
#3786 = DIRECTION ( 'NONE',  ( 0.0000000000000000000, 0.0000000000000000000, -1.000000000000000000 ) ) ;
#3787 = CARTESIAN_POINT ( 'NONE',  ( 2.157855579105805900E-016, 4.125451961564676800, 1.749045595200492600 ) ) ;
#3788 = ORIENTED_EDGE ( 'NONE', *, *, #314, .F. ) ;
#3789 = LINE ( 'NONE', #1041, #3596 ) ;
#3790 = CARTESIAN_POINT ( 'NONE',  ( 0.09864832260714907800, 0.09500000000000001500, 0.08945080102337305000 ) ) ;
#3791 = CARTESIAN_POINT ( 'NONE',  ( 0.0002229401512866215000, 0.09999999999999999200, 0.02966145178597605700 ) ) ;
#3792 = EDGE_CURVE ( 'NONE', #5026, #823, #8083, .T. ) ;
#3793 = CARTESIAN_POINT ( 'NONE',  ( -0.007186751891697545600, 0.09499999999999998700, -0.05179527807137430900 ) ) ;
#3794 = CARTESIAN_POINT ( 'NONE',  ( -0.08191987298107845900, 0.09499999999999998700, 0.06461696879329324700 ) ) ;
#3795 = CARTESIAN_POINT ( 'NONE',  ( 0.06145093746922563500, 0.09338892003002501100, 0.06778955067031501600 ) ) ;
#3796 = EDGE_CURVE ( 'NONE', #3413, #1912, #1399, .T. ) ;
#3797 = CARTESIAN_POINT ( 'NONE',  ( 0.0000000000000000000, 4.345012756430420200, 0.0000000000000000000 ) ) ;
#3798 = CARTESIAN_POINT ( 'NONE',  ( -0.1017403810567672900, 0.09999999999999999200, 0.07028684177437089000 ) ) ;
#3799 = CARTESIAN_POINT ( 'NONE',  ( -0.01524048833587610500, 0.09750000000000001700, -0.03780074729070909800 ) ) ;
#3800 = DIRECTION ( 'NONE',  ( 0.8660254037844361500, 0.0000000000000000000, 0.5000000000000043300 ) ) ;
#3801 = VECTOR ( 'NONE', #4519, 39.37007874015748900 ) ;
#3802 = VERTEX_POINT ( 'NONE', #1511 ) ;
#3803 = EDGE_LOOP ( 'NONE', ( #6021, #283, #4797, #2234 ) ) ;
#3804 = ORIENTED_EDGE ( 'NONE', *, *, #5514, .T. ) ;
#3805 = CARTESIAN_POINT ( 'NONE',  ( 0.0000000000000000000, 4.470012756430420200, 1.856250000000000200 ) ) ;
#3806 =( BOUNDED_SURFACE ( )  B_SPLINE_SURFACE ( 3, 2, ( 
 ( #1783, #7422, #6179 ),
 ( #2414, #6814, #3054 ),
 ( #7444, #3682, #8069 ),
 ( #4301, #552, #4933 ),
 ( #1180, #5568, #1817 ),
 ( #6205, #2443, #6839 ),
 ( #3089, #7466, #3710 ),
 ( #8098, #4328, #577 ),
 ( #4958, #1210, #5591 ),
 ( #1844, #6237, #2470 ) ),
 .UNSPECIFIED., .F., .F., .F. ) 
 B_SPLINE_SURFACE_WITH_KNOTS ( ( 4, 2, 2, 2, 4 ),
 ( 3, 3 ),
 ( 6.283185307179586200, 6.479534848028948500, 6.675884388878310800, 7.068583470577034500, 7.853981633974482800 ),
 ( 0.0000000000000000000, 1.000000000000000000 ),
 .UNSPECIFIED. ) 
 GEOMETRIC_REPRESENTATION_ITEM ( )  RATIONAL_B_SPLINE_SURFACE ( (
 ( 1.000000000000000000, 0.2669335818958130100, 1.000000000000000000),
 ( 1.000000000000000000, 0.2664983059057621800, 1.000000000000000000),
 ( 1.000000000000000000, 0.2908837794727217000, 1.000000000000000000),
 ( 1.000000000000000000, 0.3621149789006306000, 1.000000000000000000),
 ( 1.000000000000000000, 0.4080595304960165600, 1.000000000000000000),
 ( 1.000000000000000000, 0.5496729321927532600, 1.000000000000000000),
 ( 1.000000000000000000, 0.6488088780557494900, 1.000000000000000000),
 ( 1.000000000000000000, 0.8979780439270311800, 1.000000000000000000),
 ( 1.000000000000000000, 1.002561318330946500, 1.000000000000000000),
 ( 1.000000000000000000, 1.000000000000000000, 1.000000000000000000) ) ) 
 REPRESENTATION_ITEM ( '' )  SURFACE ( )  );
#3807 = CARTESIAN_POINT ( 'NONE',  ( -0.007436344779880994100, 0.09906130130669262000, -0.03842291084977800300 ) ) ;
#3808 = CARTESIAN_POINT ( 'NONE',  ( -0.03558869767902065500, 0.09499999999999998700, -0.04253770914006181600 ) ) ;
#3809 = CARTESIAN_POINT ( 'NONE',  ( 0.02553538602941185900, 0.09499999999999998700, 0.05960477941176470200 ) ) ;
#3810 = VERTEX_POINT ( 'NONE', #3349 ) ;
#3812 = AXIS2_PLACEMENT_3D ( 'NONE', #662, #3190, #7587 ) ;
#3811 = CARTESIAN_POINT ( 'NONE',  ( 0.02499999769724537600, 0.08999999999999999700, -0.1013047619644635900 ) ) ;
#3813 = CARTESIAN_POINT ( 'NONE',  ( -0.008661626042810542000, 0.09500000000000001500, 0.06201516382251139700 ) ) ;
#3814 = ORIENTED_EDGE ( 'NONE', *, *, #6837, .F. ) ;
#3815 = B_SPLINE_CURVE_WITH_KNOTS ( 'NONE', 3,
 ( #6914, #3144, #7547, #3780, #24, #4401, #649, #5034 ),
 .UNSPECIFIED., .F., .F.,
 ( 4, 2, 2, 4 ),
 ( 0.0000000000000000000, 0.0001649930971557676400, 0.0003299861943115352800, 0.0006599723886230705600 ),
 .UNSPECIFIED. ) ;
#3816 = DIRECTION ( 'NONE',  ( 0.0000000000000000000, -1.000000000000000000, 0.0000000000000000000 ) ) ;
#3817 = AXIS2_PLACEMENT_3D ( 'NONE', #6259, #2502, #6888 ) ;
#3818 = ORIENTED_EDGE ( 'NONE', *, *, #1893, .T. ) ;
#3819 = CARTESIAN_POINT ( 'NONE',  ( 0.07134675180561748900, 0.09000128434744222900, 0.07129678034377567900 ) ) ;
#3820 = EDGE_LOOP ( 'NONE', ( #4217, #6781, #2990, #1778 ) ) ;
#3821 = CARTESIAN_POINT ( 'NONE',  ( -0.03339918591309699900, 0.09750000000000007300, 0.06212738415540289300 ) ) ;
#3822 = VERTEX_POINT ( 'NONE', #5270 ) ;
#3823 = CARTESIAN_POINT ( 'NONE',  ( -0.09281589772900994400, 0.09807273439692068600, 0.06975116666956839000 ) ) ;
#3824 = CARTESIAN_POINT ( 'NONE',  ( -0.08808012701892289900, 0.09499999999999998700, 0.07394709581221535500 ) ) ;
#3825 = DIRECTION ( 'NONE',  ( 0.0000000000000000000, 0.0000000000000000000, -1.000000000000000000 ) ) ;
#3826 = AXIS2_PLACEMENT_3D ( 'NONE', #485, #6138, #1747 ) ;
#3827 = CARTESIAN_POINT ( 'NONE',  ( -0.01413605790860771200, 0.1000000000000000500, 0.05639900706795831400 ) ) ;
#3828 = DIRECTION ( 'NONE',  ( -0.0000000000000000000, 1.000000000000000000, -0.0000000000000000000 ) ) ;
#3829 = ADVANCED_FACE ( 'NONE', ( #6008 ), #2109, .F. ) ;
#3830 = LINE ( 'NONE', #1633, #5310 ) ;
#3831 = DIRECTION ( 'NONE',  ( 0.0000000000000000000, 0.0000000000000000000, -1.000000000000000000 ) ) ;
#3832 = ORIENTED_EDGE ( 'NONE', *, *, #7113, .T. ) ;
#3833 = EDGE_CURVE ( 'NONE', #4595, #7891, #4341, .T. ) ;
#3834 = CARTESIAN_POINT ( 'NONE',  ( 0.003882431870731206300, 0.09999999999999997800, 0.07922921069610250300 ) ) ;
#3835 = CARTESIAN_POINT ( 'NONE',  ( 0.02249516526600280800, 0.09500000000000001500, 0.06030615991478740400 ) ) ;
#3836 = LINE ( 'NONE', #2619, #5105 ) ;
#3837 = EDGE_CURVE ( 'NONE', #5578, #4985, #646, .T. ) ;
#3839 = ORIENTED_EDGE ( 'NONE', *, *, #6791, .T. ) ;
#3838 = DIRECTION ( 'NONE',  ( -0.8743128571957716800, 0.0000000000000000000, -0.4853627795187492300 ) ) ;
#3840 = CARTESIAN_POINT ( 'NONE',  ( -0.03060836352511143300, 0.09500000000000001500, 0.02358009667923973200 ) ) ;
#3841 = VERTEX_POINT ( 'NONE', #967 ) ;
#3842 = ORIENTED_EDGE ( 'NONE', *, *, #7260, .T. ) ;
#3843 = CARTESIAN_POINT ( 'NONE',  ( -0.1571891108675446700, 0.08999999999999999700, -0.04575317547305484500 ) ) ;
#3844 = DIRECTION ( 'NONE',  ( 0.5000000000000037700, 0.0000000000000000000, -0.8660254037844366000 ) ) ;
#3845 = DIRECTION ( 'NONE',  ( 0.0000000000000000000, -1.000000000000000000, 0.0000000000000000000 ) ) ;
#3846 = CIRCLE ( 'NONE', #1450, 1.667479445282778800 ) ;
#3847 = CARTESIAN_POINT ( 'NONE',  ( -0.0004380314105093113500, 0.09499999999999998700, 0.02717409079833341100 ) ) ;
#3848 = LINE ( 'NONE', #5335, #7200 ) ;
#3849 = CARTESIAN_POINT ( 'NONE',  ( -0.01655462462958596400, 0.09750000000000000300, -0.03737564011121703700 ) ) ;
#3850 = CARTESIAN_POINT ( 'NONE',  ( 1.665044947851018600E-016, -0.002713252776045736600, 1.359612378859184300 ) ) ;
#3851 = LOCAL_TIME ( 10, 53, 52.00000000000000000, #5515 ) ;
#3852 = AXIS2_PLACEMENT_3D ( 'NONE', #6417, #2659, #7064 ) ;
#3853 = CARTESIAN_POINT ( 'NONE',  ( -0.09491025403784510200, 0.09499999999999998700, 0.07211696879329317100 ) ) ;
#3854 = ORIENTED_EDGE ( 'NONE', *, *, #3012, .T. ) ;
#3855 = CARTESIAN_POINT ( 'NONE',  ( 0.0000000000000000000, 0.3115346771126377700, 0.0000000000000000000 ) ) ;
#3856 = EDGE_CURVE ( 'NONE', #5115, #5164, #1017, .T. ) ;
#3857 = LINE ( 'NONE', #6355, #519 ) ;
#3858 = VERTEX_POINT ( 'NONE', #5356 ) ;
#3859 = CARTESIAN_POINT ( 'NONE',  ( -0.09833452290119983100, 0.09999999999999999200, 0.04618596114318628700 ) ) ;
#3860 = B_SPLINE_SURFACE_WITH_KNOTS ( 'NONE', 3, 1, ( 
 ( #2015, #126 ),
 ( #2645, #7049 ),
 ( #3283, #7672 ),
 ( #3914, #156 ),
 ( #4533, #778 ),
 ( #5163, #1411 ),
 ( #5785, #2037 ),
 ( #6430, #2672 ),
 ( #7076, #3306 ),
 ( #7701, #3939 ) ),
 .UNSPECIFIED., .F., .F., .F.,
 ( 4, 1, 1, 1, 1, 1, 1, 4 ),
 ( 2, 2 ),
 ( 0.1450457619305777200, 0.2072866611028033000, 0.3236058920087901400, 0.4461630207964517000, 0.5760452486174048000, 0.7096477133190323100, 0.8511433509658687900, 1.000000000000000000 ),
 ( 0.0000000000000000000, 1.000000000000000000 ),
 .UNSPECIFIED. ) ;
#3861 = VERTEX_POINT ( 'NONE', #6636 ) ;
#3862 = CIRCLE ( 'NONE', #2819, 0.01562499999999991800 ) ;
#3863 = DIRECTION ( 'NONE',  ( 0.0000000000000000000, 0.0000000000000000000, -1.000000000000000000 ) ) ;
#3864 = DIRECTION ( 'NONE',  ( 0.5000000000000036600, 0.0000000000000000000, -0.8660254037844364900 ) ) ;
#3865 = ORIENTED_EDGE ( 'NONE', *, *, #3731, .F. ) ;
#3866 = ORIENTED_EDGE ( 'NONE', *, *, #1797, .T. ) ;
#3867 = CARTESIAN_POINT ( 'NONE',  ( 0.01374697929836477300, 0.09750000000000001700, 0.001760471466115232800 ) ) ;
#3868 = DIRECTION ( 'NONE',  ( 1.000000000000000000, 0.0000000000000000000, 1.224646799147353200E-016 ) ) ;
#3869 = AXIS2_PLACEMENT_3D ( 'NONE', #1659, #6047, #2292 ) ;
#3870 = CARTESIAN_POINT ( 'NONE',  ( 0.003880148878333736400, 0.09947134645637598100, 0.07777568285424085700 ) ) ;
#3871 = CARTESIAN_POINT ( 'NONE',  ( 0.007551591729831901400, 0.09499999999999997300, 0.07676508049206264000 ) ) ;
#3872 = FACE_OUTER_BOUND ( 'NONE', #1133, .T. ) ;
#3873 = DIRECTION ( 'NONE',  ( 0.0000000000000000000, -1.000000000000000000, 0.0000000000000000000 ) ) ;
#3874 = CARTESIAN_POINT ( 'NONE',  ( -0.02152686042441181700, 0.09500000000000001500, -0.03378879581931279500 ) ) ;
#3875 = CIRCLE ( 'NONE', #6920, 1.825000000000000000 ) ;
#3876 = CIRCLE ( 'NONE', #7558, 0.03125000000000011100 ) ;
#3877 = ADVANCED_FACE ( 'NONE', ( #5805 ), #5617, .F. ) ;
#3878 = CARTESIAN_POINT ( 'NONE',  ( 0.02100029730019890500, 0.09749999999999998900, 0.02118967537710086600 ) ) ;
#3879 = CARTESIAN_POINT ( 'NONE',  ( 0.01499999769724542200, 0.09499999999999998700, -0.1082531754730547800 ) ) ;
#3880 = DIRECTION ( 'NONE',  ( 0.4999999999999922300, 0.0000000000000000000, 0.8660254037844431500 ) ) ;
#3881 = AXIS2_PLACEMENT_3D ( 'NONE', #93, #4471, #721 ) ;
#3882 = CARTESIAN_POINT ( 'NONE',  ( -0.01971184012837464200, 0.09500000000000002900, -0.05080248455011453900 ) ) ;
#3883 = TOROIDAL_SURFACE ( 'NONE', #6541, 1.362242299768568600, 0.04687499999999999300 ) ;
#3884 = CARTESIAN_POINT ( 'NONE',  ( 0.001970181275707542400, 0.09500000000000001500, 0.01338547956099083600 ) ) ;
#3885 = VECTOR ( 'NONE', #817, 39.37007874015748900 ) ;
#3886 = B_SPLINE_SURFACE_WITH_KNOTS ( 'NONE', 3, 1, ( 
 ( #6873, #7506 ),
 ( #1851, #4364 ),
 ( #611, #4991 ),
 ( #1247, #5632 ),
 ( #1871, #6270 ),
 ( #2511, #6901 ),
 ( #3137, #7533 ),
 ( #3767, #13 ),
 ( #4390, #639 ),
 ( #5020, #1275 ),
 ( #5657, #1899 ) ),
 .UNSPECIFIED., .F., .F., .F.,
 ( 4, 1, 1, 1, 1, 1, 1, 1, 4 ),
 ( 2, 2 ),
 ( 0.0000000000000000000, 0.05605442366987123400, 0.1311363403441909200, 0.2249622054739559300, 0.3351356481890018800, 0.4662186493268697900, 0.6197092505780140700, 0.7966315002107979800, 1.000000000000000000 ),
 ( 0.0000000000000000000, 1.000000000000000000 ),
 .UNSPECIFIED. ) ;
#3887 = EDGE_CURVE ( 'NONE', #4132, #1385, #2675, .T. ) ;
#3888 = CARTESIAN_POINT ( 'NONE',  ( -0.01999999999999998300, 0.09499999999999998700, -0.09825317547305485700 ) ) ;
#3889 = CARTESIAN_POINT ( 'NONE',  ( 0.0000000000000000000, 0.01562500000000000000, 0.0000000000000000000 ) ) ;
#3890 = CARTESIAN_POINT ( 'NONE',  ( 0.004173208577578841800, 0.09499999999999997300, 0.01262055539393858900 ) ) ;
#3891 = ORIENTED_EDGE ( 'NONE', *, *, #7172, .F. ) ;
#3892 = CIRCLE ( 'NONE', #3726, 1.796875000000000200 ) ;
#3893 = AXIS2_PLACEMENT_3D ( 'NONE', #6573, #2826, #7222 ) ;
#3894 = ORIENTED_EDGE ( 'NONE', *, *, #828, .F. ) ;
#3895 = CARTESIAN_POINT ( 'NONE',  ( 0.09393423309215752400, 0.09000000000000001100, 0.08522608222005512200 ) ) ;
#3896 = CARTESIAN_POINT ( 'NONE',  ( 0.02500850670410879900, 0.09750000000000003100, 0.07312060296586504700 ) ) ;
#3897 = CARTESIAN_POINT ( 'NONE',  ( 0.08741025518922114500, 0.09500000000000001500, 0.08510734785581698700 ) ) ;
#3898 = EDGE_CURVE ( 'NONE', #4985, #4331, #7346, .T. ) ;
#3899 = CARTESIAN_POINT ( 'NONE',  ( 0.0000000000000000000, 4.531250000000000000, 0.0000000000000000000 ) ) ;
#3900 = CIRCLE ( 'NONE', #3058, 0.03000000000000000600 ) ;
#3901 = ORIENTED_EDGE ( 'NONE', *, *, #3527, .T. ) ;
#3902 = EDGE_LOOP ( 'NONE', ( #1698, #706, #5248, #381 ) ) ;
#3903 = CARTESIAN_POINT ( 'NONE',  ( 0.03897114317029827500, 0.09499999999999998700, 0.1590063509461100400 ) ) ;
#3904 = EDGE_CURVE ( 'NONE', #7361, #2313, #2485, .T. ) ;
#3905 = ORIENTED_EDGE ( 'NONE', *, *, #786, .T. ) ;
#3906 = CARTESIAN_POINT ( 'NONE',  ( 0.03280096046253159300, 0.09500000000000001500, 0.001765943238659780400 ) ) ;
#3907 = CARTESIAN_POINT ( 'NONE',  ( -0.09825961779185590800, 0.09999999999999999200, 0.01631570059831648600 ) ) ;
#3908 = CARTESIAN_POINT ( 'NONE',  ( 0.01928746232580813600, 0.08999999999999999700, -0.1108256542501924200 ) ) ;
#3909 = FACE_OUTER_BOUND ( 'NONE', #5610, .T. ) ;
#3910 = CARTESIAN_POINT ( 'NONE',  ( 0.06022599255280033200, 0.09207106781186545600, 0.06941250650495758800 ) ) ;
#3911 = CARTESIAN_POINT ( 'NONE',  ( -0.03558869767902065500, 0.09750000000000000300, -0.04253770914006181600 ) ) ;
#3912 = CARTESIAN_POINT ( 'NONE',  ( 0.09062156543735584700, 0.09499999999999998700, 0.06469015290145671600 ) ) ;
#3913 = ORIENTED_EDGE ( 'NONE', *, *, #8099, .T. ) ;
#3914 = CARTESIAN_POINT ( 'NONE',  ( -0.02201349888728297200, 0.09499999999999998700, 0.02338826301484229000 ) ) ;
#3915 = VERTEX_POINT ( 'NONE', #6688 ) ;
#3916 = CARTESIAN_POINT ( 'NONE',  ( 0.02999999769724546000, 0.09500000000000001500, -0.1182531754730547200 ) ) ;
#3917 = DIRECTION ( 'NONE',  ( -1.224646799147345100E-016, 0.0000000000000000000, -1.000000000000000000 ) ) ;
#3918 = AXIS2_PLACEMENT_3D ( 'NONE', #6145, #2387, #6778 ) ;
#3919 = ADVANCED_FACE ( 'NONE', ( #1206 ), #7301, .F. ) ;
#3920 = CARTESIAN_POINT ( 'NONE',  ( 0.0000000000000000000, 0.0000000000000000000, 1.775000000000000100 ) ) ;
#3921 = EDGE_LOOP ( 'NONE', ( #361, #3591, #4732, #6811 ) ) ;
#3922 = ORIENTED_EDGE ( 'NONE', *, *, #73, .F. ) ;
#3923 = CARTESIAN_POINT ( 'NONE',  ( -0.02811636984076164000, 0.09999999999999999200, 0.02338017804780076500 ) ) ;
#3924 =( BOUNDED_SURFACE ( )  B_SPLINE_SURFACE ( 3, 2, ( 
 ( #4915, #7456, #5580 ),
 ( #1830, #6223, #2457 ),
 ( #6858, #3098, #7482 ),
 ( #3721, #8111, #4343 ),
 ( #588, #4971, #1226 ),
 ( #5606, #1853, #6250 ),
 ( #2486, #6878, #3118 ),
 ( #7511, #3744, #8133 ),
 ( #4368, #615, #4997 ),
 ( #1252, #5637, #1874 ) ),
 .UNSPECIFIED., .F., .F., .F. ) 
 B_SPLINE_SURFACE_WITH_KNOTS ( ( 4, 2, 2, 2, 4 ),
 ( 3, 3 ),
 ( 6.283185307179586200, 6.479534848028948500, 6.675884388878310800, 7.068583470577034500, 7.853981633974482800 ),
 ( 0.0000000000000000000, 1.000000000000000000 ),
 .UNSPECIFIED. ) 
 GEOMETRIC_REPRESENTATION_ITEM ( )  RATIONAL_B_SPLINE_SURFACE ( (
 ( 1.000000000000000000, 0.2669335818958121800, 1.000000000000000000),
 ( 1.000000000000000000, 0.2664983059056413900, 1.000000000000000000),
 ( 1.000000000000000000, 0.2908837794728396700, 1.000000000000000000),
 ( 1.000000000000000000, 0.3621149789005093100, 1.000000000000000000),
 ( 1.000000000000000000, 0.4080595304960605900, 1.000000000000000000),
 ( 1.000000000000000000, 0.5496729321926622200, 1.000000000000000000),
 ( 1.000000000000000000, 0.6488088780558657300, 1.000000000000000000),
 ( 1.000000000000000000, 0.8979780439267708300, 1.000000000000000000),
 ( 1.000000000000000000, 1.002561318331140100, 1.000000000000000000),
 ( 1.000000000000000000, 1.000000000000000000, 1.000000000000000000) ) ) 
 REPRESENTATION_ITEM ( '' )  SURFACE ( )  );
#3925 = CARTESIAN_POINT ( 'NONE',  ( 0.02813101548417972300, 0.09500000000000002900, 0.06828101884254134100 ) ) ;
#3926 = AXIS2_PLACEMENT_3D ( 'NONE', #6214, #2453, #6847 ) ;
#3927 = CARTESIAN_POINT ( 'NONE',  ( -0.03052986163123744300, 0.09500000000000002900, -0.0004692181518641643400 ) ) ;
#3928 = DIRECTION ( 'NONE',  ( 0.8660254037844386000, 0.0000000000000000000, -0.4999999999999998900 ) ) ;
#3929 = CARTESIAN_POINT ( 'NONE',  ( 0.001893700777237831300, 0.09750000000000001700, 0.06393001929664572600 ) ) ;
#3930 = ORIENTED_EDGE ( 'NONE', *, *, #7429, .F. ) ;
#3931 = AXIS2_PLACEMENT_3D ( 'NONE', #3200, #7566, #3825 ) ;
#3932 = CARTESIAN_POINT ( 'NONE',  ( 0.0000000000000000000, 0.01509259103576671800, 0.0000000000000000000 ) ) ;
#3933 = CYLINDRICAL_SURFACE ( 'NONE', #7254, 0.004999999999999998400 ) ;
#3934 = DIRECTION ( 'NONE',  ( -0.0000000000000000000, 1.000000000000000000, -0.0000000000000000000 ) ) ;
#3935 = DIRECTION ( 'NONE',  ( -0.0000000000000000000, 1.000000000000000000, -0.0000000000000000000 ) ) ;
#3936 = CARTESIAN_POINT ( 'NONE',  ( -0.04599673851403716900, 0.09500000000000004300, -0.02251510265160273900 ) ) ;
#3937 = LINE ( 'NONE', #7462, #5406 ) ;
#3938 = ORIENTED_EDGE ( 'NONE', *, *, #5892, .T. ) ;
#3939 = CARTESIAN_POINT ( 'NONE',  ( -0.002038143382352846900, 0.09750000000000000300, 0.02720588235294116700 ) ) ;
#3940 = AXIS2_PLACEMENT_3D ( 'NONE', #6328, #2566, #6963 ) ;
#3941 = CARTESIAN_POINT ( 'NONE',  ( 0.03062700056034975800, 0.09999999999999999200, 0.06218195813096551900 ) ) ;
#3942 = CARTESIAN_POINT ( 'NONE',  ( -0.01499999999999998900, 0.09499999999999998700, -0.1132531754730548600 ) ) ;
#3943 = CIRCLE ( 'NONE', #8030, 1.809375000000000200 ) ;
#3944 = EDGE_CURVE ( 'NONE', #5107, #4527, #2281, .T. ) ;
#3945 = CARTESIAN_POINT ( 'NONE',  ( -0.01899169606609598200, 0.09999999999999803500, 0.02459138889316071400 ) ) ;
#3946 = VERTEX_POINT ( 'NONE', #2302 ) ;
#3947 = ORIENTED_EDGE ( 'NONE', *, *, #6, .T. ) ;
#3948 = CARTESIAN_POINT ( 'NONE',  ( 0.09727400974995320500, 0.09499999999999998700, 0.09080218920667612600 ) ) ;
#3949 = TOROIDAL_SURFACE ( 'NONE', #7654, 1.671781169333928800, 0.04687499999999999300 ) ;
#3950 = EDGE_CURVE ( 'NONE', #6158, #87, #3953, .T. ) ;
#3951 = CARTESIAN_POINT ( 'NONE',  ( -0.02614301511516619100, 0.09750000000000001700, -0.02642289057495416900 ) ) ;
#3952 = CARTESIAN_POINT ( 'NONE',  ( -0.02042554274457940600, 0.09499999999999998700, 0.05342116848811089700 ) ) ;
#3953 = CIRCLE ( 'NONE', #2648, 0.006000000000000001000 ) ;
#3954 = CARTESIAN_POINT ( 'NONE',  ( -0.1615192378864668500, 0.09499999999999998700, -0.04325317547305485000 ) ) ;
#3955 = VERTEX_POINT ( 'NONE', #1075 ) ;
#3956 = VERTEX_POINT ( 'NONE', #437 ) ;
#3957 = ADVANCED_FACE ( 'NONE', ( #2085 ), #5431, .F. ) ;
#3958 =( BOUNDED_CURVE ( )  B_SPLINE_CURVE ( 3, ( #3811, #3181, #4436, #679 ),
 .UNSPECIFIED., .F., .F. ) 
 B_SPLINE_CURVE_WITH_KNOTS ( ( 4, 4 ),
 ( 4.712388980384689700, 6.283185307179586200 ),
 .UNSPECIFIED. ) 
 CURVE ( )  GEOMETRIC_REPRESENTATION_ITEM ( )  RATIONAL_B_SPLINE_CURVE ( ( 1.000000000000000000, 0.8047378541243649400, 0.8047378541243649400, 1.000000000000000000 ) ) 
 REPRESENTATION_ITEM ( '' )  );
#3959 = DIRECTION ( 'NONE',  ( 0.0000000000000000000, 0.0000000000000000000, -1.000000000000000000 ) ) ;
#3960 = CIRCLE ( 'NONE', #6433, 1.330992299768568600 ) ;
#3961 = CARTESIAN_POINT ( 'NONE',  ( -0.01631422364281508900, 0.09750000000000003100, 0.01291250208681553800 ) ) ;
#3962 = CARTESIAN_POINT ( 'NONE',  ( -0.002038143382352846900, 0.09499999999999998700, 0.02720588235294116700 ) ) ;
#3963 = LINE ( 'NONE', #1323, #621 ) ;
#3964 = EDGE_CURVE ( 'NONE', #3708, #5097, #3754, .T. ) ;
#3965 = ORIENTED_EDGE ( 'NONE', *, *, #7906, .T. ) ;
#3966 = CARTESIAN_POINT ( 'NONE',  ( -0.03054892813001559500, 0.09999999999999237300, 0.0002158897579180004500 ) ) ;
#3967 = CARTESIAN_POINT ( 'NONE',  ( -0.003323257013689098500, 0.09999999999999999200, -0.05418002296465251900 ) ) ;
#3968 = FACE_OUTER_BOUND ( 'NONE', #5796, .T. ) ;
#3969 = CARTESIAN_POINT ( 'NONE',  ( 0.0000000000000000000, 1.531250000000000200, -1.474883080221965500 ) ) ;
#3970 = CARTESIAN_POINT ( 'NONE',  ( 0.03499999769724530800, 0.09999999999999999200, -0.08686349277133650900 ) ) ;
#3971 = CARTESIAN_POINT ( 'NONE',  ( 0.02650923599888243800, 0.1000000000000004200, 0.05970259080032729700 ) ) ;
#3972 = DATE_AND_TIME ( #5638, #7316 ) ;
#3973 = AXIS2_PLACEMENT_3D ( 'NONE', #6129, #2375, #6769 ) ;
#3974 = DIRECTION ( 'NONE',  ( -0.0000000000000000000, 1.000000000000000000, -0.0000000000000000000 ) ) ;
#3975 = CARTESIAN_POINT ( 'NONE',  ( -0.004137286089344862700, 0.09749999999999998900, 0.02717175894000172600 ) ) ;
#3976 = CARTESIAN_POINT ( 'NONE',  ( 0.09989138315105093600, 0.09290571765945832000, 0.09208945589510206300 ) ) ;
#3977 = DIRECTION ( 'NONE',  ( 0.0000000000000000000, 0.0000000000000000000, -1.000000000000000000 ) ) ;
#3978 = CYLINDRICAL_SURFACE ( 'NONE', #2875, 0.004999999999999993200 ) ;
#3979 = ADVANCED_FACE ( 'NONE', ( #7107 ), #416, .F. ) ;
#3980 = CYLINDRICAL_SURFACE ( 'NONE', #2673, 0.004999999999999997500 ) ;
#3981 = ORIENTED_EDGE ( 'NONE', *, *, #5872, .F. ) ;
#3982 = DIRECTION ( 'NONE',  ( -0.9998585349462693100, 0.0000000000000000000, 0.01681993148322186500 ) ) ;
#3983 = CARTESIAN_POINT ( 'NONE',  ( -0.02953084743426301700, 0.09749999999999998900, 0.03199181101734423200 ) ) ;
#3984 = VERTEX_POINT ( 'NONE', #4243 ) ;
#3985 = VERTEX_POINT ( 'NONE', #489 ) ;
#3986 = CIRCLE ( 'NONE', #6085, 0.005000000000000002700 ) ;
#3987 = CARTESIAN_POINT ( 'NONE',  ( 1.658056986644258300E-016, 0.2824317469239011600, -1.353906275506262300 ) ) ;
#3988 = CARTESIAN_POINT ( 'NONE',  ( -0.1268749270360984000, 0.09499999999999998700, 0.04570584558155983000 ) ) ;
#3989 = CARTESIAN_POINT ( 'NONE',  ( 0.02100029730019890500, 0.09499999999999997300, 0.02118967537710086600 ) ) ;
#3990 = CARTESIAN_POINT ( 'NONE',  ( -0.005973115808823432900, 0.09499999999999998700, 0.01433823529411764500 ) ) ;
#3991 = CARTESIAN_POINT ( 'NONE',  ( -0.02635745873486495700, 0.09749999999999808800, -0.02628109744808400400 ) ) ;
#3992 = FACE_OUTER_BOUND ( 'NONE', #1531, .T. ) ;
#3993 = EDGE_CURVE ( 'NONE', #6824, #6689, #3559, .T. ) ;
#3994 = CARTESIAN_POINT ( 'NONE',  ( 0.02616360614668980900, 0.09749999999999998900, -0.03622774949536378800 ) ) ;
#3995 = DIRECTION ( 'NONE',  ( 0.0000000000000000000, 0.0000000000000000000, -1.000000000000000000 ) ) ;
#3996 = CARTESIAN_POINT ( 'NONE',  ( -0.1013340985060386300, 0.09499999999999998700, 0.04613550134873659100 ) ) ;
#3997 = ADVANCED_FACE ( 'NONE', ( #5220 ), #6698, .T. ) ;
#3998 = EDGE_CURVE ( 'NONE', #3128, #6011, #220, .T. ) ;
#3999 = CARTESIAN_POINT ( 'NONE',  ( -0.08709955231464601400, 0.09373890141636771800, 0.01564601937657801600 ) ) ;
#4000 = FACE_OUTER_BOUND ( 'NONE', #4954, .T. ) ;
#4001 = ORIENTED_EDGE ( 'NONE', *, *, #3733, .F. ) ;
#4002 = ORIENTED_EDGE ( 'NONE', *, *, #4979, .T. ) ;
#4003 = ORIENTED_EDGE ( 'NONE', *, *, #5934, .F. ) ;
#4004 = CARTESIAN_POINT ( 'NONE',  ( 0.09636836496999881500, 0.09192726540609694200, 0.08740752631045016500 ) ) ;
#4005 = CARTESIAN_POINT ( 'NONE',  ( 0.01121200576696724000, 0.09999999999999913100, 0.06345328171583263000 ) ) ;
#4006 = DIRECTION ( 'NONE',  ( -0.0000000000000000000, 1.000000000000000000, -0.0000000000000000000 ) ) ;
#4007 = CARTESIAN_POINT ( 'NONE',  ( -0.007431659740212211200, 0.09997523776874679700, -0.03683336150979321000 ) ) ;
#4008 = AXIS2_PLACEMENT_3D ( 'NONE', #6089, #2338, #6730 ) ;
#4009 = EDGE_CURVE ( 'NONE', #3822, #8122, #614, .T. ) ;
#4010 = DIRECTION ( 'NONE',  ( 0.0000000000000000000, -1.000000000000000000, 0.0000000000000000000 ) ) ;
#4011 = ORIENTED_EDGE ( 'NONE', *, *, #3576, .T. ) ;
#4012 = ORIENTED_EDGE ( 'NONE', *, *, #6216, .T. ) ;
#4013 = CARTESIAN_POINT ( 'NONE',  ( 0.03897114317029826800, 0.08999999999999999700, 0.1590063509461100400 ) ) ;
#4014 = CARTESIAN_POINT ( 'NONE',  ( 0.0000000000000000000, 0.03125000000000000000, 0.0000000000000000000 ) ) ;
#4015 = ADVANCED_FACE ( 'NONE', ( #6903 ), #4821, .T. ) ;
#4016 = CARTESIAN_POINT ( 'NONE',  ( -0.01926979413773164900, 0.09749999999999996200, 0.01193047250095300200 ) ) ;
#4017 = ORIENTED_EDGE ( 'NONE', *, *, #59, .T. ) ;
#4018 = CARTESIAN_POINT ( 'NONE',  ( -0.01449336390127721300, 0.09999999999999996400, -0.03538980991605661400 ) ) ;
#4020 = EDGE_LOOP ( 'NONE', ( #6176, #6193, #2988, #6200 ) ) ;
#4019 = ORIENTED_EDGE ( 'NONE', *, *, #684, .T. ) ;
#4021 = CARTESIAN_POINT ( 'NONE',  ( 0.03356367826421891700, 0.1000000000000013100, -0.01461868183123488600 ) ) ;
#4022 = CARTESIAN_POINT ( 'NONE',  ( 0.02575503616956786500, 0.09749999999999998900, 0.05961287561935461200 ) ) ;
#4023 = CARTESIAN_POINT ( 'NONE',  ( 0.01443032215650005500, 0.09947109955978129800, -0.01093366937173139400 ) ) ;
#4024 = CARTESIAN_POINT ( 'NONE',  ( 0.03350925784717673900, 0.09999999999999999200, 0.008729310269191159500 ) ) ;
#4025 = AXIS2_PLACEMENT_3D ( 'NONE', #623, #6309, #7570 ) ;
#4026 = CARTESIAN_POINT ( 'NONE',  ( 0.0000000000000000000, 0.2523140909808909700, 0.0000000000000000000 ) ) ;
#4027 = CARTESIAN_POINT ( 'NONE',  ( -0.09148894472797629300, 0.09248190845447361300, 0.01890884639547053500 ) ) ;
#4028 = CARTESIAN_POINT ( 'NONE',  ( 0.0000000000000000000, 1.531250000000000200, 0.0000000000000000000 ) ) ;
#4029 = CARTESIAN_POINT ( 'NONE',  ( 0.02096933393971747400, 0.09999999999999999200, 0.05821083585864224300 ) ) ;
#4031 = CIRCLE ( 'NONE', #2356, 0.01562499999999991800 ) ;
#4030 = CC_DESIGN_APPROVAL ( #3615, ( #3189 ) ) ;
#4032 = CARTESIAN_POINT ( 'NONE',  ( -0.02808007395014320800, 0.1000000000000000500, 0.004639224989078484900 ) ) ;
#4033 = EDGE_LOOP ( 'NONE', ( #2869, #7464, #4274, #8029 ) ) ;
#4034 = AXIS2_PLACEMENT_3D ( 'NONE', #6132, #2378, #6770 ) ;
#4035 = CARTESIAN_POINT ( 'NONE',  ( -0.08808012701892289900, 0.09499999999999998700, 0.07394709581221538300 ) ) ;
#4036 = ADVANCED_FACE ( 'NONE', ( #27 ), #5870, .F. ) ;
#4037 = CARTESIAN_POINT ( 'NONE',  ( 0.07008974711353246900, 0.09499999999999998700, 0.07510734785581682500 ) ) ;
#4038 = CIRCLE ( 'NONE', #2663, 0.006000000000000001000 ) ;
#4039 = EDGE_LOOP ( 'NONE', ( #5859, #1822, #5692, #1900 ) ) ;
#4040 = CARTESIAN_POINT ( 'NONE',  ( 0.1098185064572772500, 0.09589636361097762800, 0.04579380004761301300 ) ) ;
#4041 = VERTEX_POINT ( 'NONE', #3678 ) ;
#4042 = VERTEX_POINT ( 'NONE', #137 ) ;
#4043 = CARTESIAN_POINT ( 'NONE',  ( -0.005972112521388706400, 0.09884284032901663500, 0.01396529848877069300 ) ) ;
#4044 = EDGE_CURVE ( 'NONE', #447, #1993, #3368, .T. ) ;
#4045 = DIRECTION ( 'NONE',  ( 0.0000000000000000000, 0.0000000000000000000, -1.000000000000000000 ) ) ;
#4046 = LINE ( 'NONE', #7643, #703 ) ;
#4047 = AXIS2_PLACEMENT_3D ( 'NONE', #63, #4438, #682 ) ;
#4048 = CARTESIAN_POINT ( 'NONE',  ( 0.02818151850137233500, 0.09749999999999998900, 0.06310719179240127700 ) ) ;
#4049 = ORIENTED_EDGE ( 'NONE', *, *, #5322, .F. ) ;
#4050 = CARTESIAN_POINT ( 'NONE',  ( 0.0000000000000000000, 4.125451961564676800, -1.749045595200492600 ) ) ;
#4051 = CARTESIAN_POINT ( 'NONE',  ( -0.1242403799053890400, 0.09999999999999999200, 0.03131570059831646800 ) ) ;
#4052 = VECTOR ( 'NONE', #7598, 39.37007874015748100 ) ;
#4053 = VERTEX_POINT ( 'NONE', #5146 ) ;
#4054 = CARTESIAN_POINT ( 'NONE',  ( 1.629995459601351700E-016, 0.2523140909808909700, -1.330992299768568600 ) ) ;
#4055 = EDGE_CURVE ( 'NONE', #3, #6955, #3165, .T. ) ;
#4056 = CARTESIAN_POINT ( 'NONE',  ( -0.1182179676972449200, 0.09499999999999998700, -0.06825317547305484500 ) ) ;
#4057 = LINE ( 'NONE', #86, #7010 ) ;
#4058 = ADVANCED_FACE ( 'NONE', ( #1696 ), #1886, .T. ) ;
#4059 = ORIENTED_EDGE ( 'NONE', *, *, #581, .F. ) ;
#4060 = ORIENTED_EDGE ( 'NONE', *, *, #6269, .T. ) ;
#4061 = EDGE_CURVE ( 'NONE', #7736, #1410, #3960, .T. ) ;
#4062 =( BOUNDED_CURVE ( )  B_SPLINE_CURVE ( 3, ( #1329, #3252, #4503, #753 ),
 .UNSPECIFIED., .F., .F. ) 
 B_SPLINE_CURVE_WITH_KNOTS ( ( 4, 4 ),
 ( 1.570796326794898300, 3.141592653589793100 ),
 .UNSPECIFIED. ) 
 CURVE ( )  GEOMETRIC_REPRESENTATION_ITEM ( )  RATIONAL_B_SPLINE_CURVE ( ( 1.000000000000000000, 0.8047378541243654900, 0.8047378541243654900, 1.000000000000000000 ) ) 
 REPRESENTATION_ITEM ( '' )  );
#4063 = CARTESIAN_POINT ( 'NONE',  ( -0.01004096704567919100, 0.09750000000000040600, 0.01415094694034885200 ) ) ;
#4064 = CIRCLE ( 'NONE', #140, 0.04687500000000002800 ) ;
#4065 = CARTESIAN_POINT ( 'NONE',  ( 0.0000000000000000000, 0.0000000000000000000, 0.0000000000000000000 ) ) ;
#4066 = CARTESIAN_POINT ( 'NONE',  ( -0.005966387401548816000, 0.09999999999999999200, 0.01183727953019232800 ) ) ;
#4067 = DIRECTION ( 'NONE',  ( 0.8660254037844429300, 0.0000000000000000000, -0.4999999999999923900 ) ) ;
#4069 = CARTESIAN_POINT ( 'NONE',  ( 0.003332950367647150900, 0.09499999999999998700, 0.06397058823529411200 ) ) ;
#4068 = LINE ( 'NONE', #7479, #3490 ) ;
#4070 = DIRECTION ( 'NONE',  ( -0.4999999999999922300, -0.0000000000000000000, -0.8660254037844431500 ) ) ;
#4071 = FACE_OUTER_BOUND ( 'NONE', #1878, .T. ) ;
#4072 = AXIS2_PLACEMENT_3D ( 'NONE', #5122, #740, #5747 ) ;
#4073 = CARTESIAN_POINT ( 'NONE',  ( -0.008950767622985928600, 0.09993892154726773100, -0.05378934045749020300 ) ) ;
#4074 = DIRECTION ( 'NONE',  ( 0.0000000000000000000, 0.0000000000000000000, 1.000000000000000000 ) ) ;
#4075 = CARTESIAN_POINT ( 'NONE',  ( 0.0000000000000000000, 4.096683374637209800, 0.0000000000000000000 ) ) ;
#4076 = CARTESIAN_POINT ( 'NONE',  ( 0.009067755697900341900, 0.09750000000000001700, 0.009867317567322191400 ) ) ;
#4077 = ADVANCED_FACE ( 'NONE', ( #4844 ), #4411, .F. ) ;
#4078 = FACE_OUTER_BOUND ( 'NONE', #3902, .T. ) ;
#4079 = CARTESIAN_POINT ( 'NONE',  ( 0.0000000000000000000, 0.03125000000000000000, -1.002319221306503700 ) ) ;
#4080 = LINE ( 'NONE', #6414, #3885 ) ;
#4081 = AXIS2_PLACEMENT_3D ( 'NONE', #3759, #5624, #5009 ) ;
#4082 = CARTESIAN_POINT ( 'NONE',  ( 0.0000000000000000000, 0.0000000000000000000, 0.0000000000000000000 ) ) ;
#4083 = CARTESIAN_POINT ( 'NONE',  ( 0.0000000000000000000, 4.681499030572553000, 0.0000000000000000000 ) ) ;
#4084 = CARTESIAN_POINT ( 'NONE',  ( -0.04227633908630435600, 0.09999999999999997800, 0.05360128547905646700 ) ) ;
#4085 = DIRECTION ( 'NONE',  ( 0.5000000000000083300, 0.0000000000000000000, -0.8660254037844338200 ) ) ;
#4086 = ORIENTED_EDGE ( 'NONE', *, *, #4940, .T. ) ;
#4087 = CARTESIAN_POINT ( 'NONE',  ( -0.02808007395006620700, 0.09999999999999999200, 0.004639224989132493700 ) ) ;
#4088 = ORIENTED_EDGE ( 'NONE', *, *, #2439, .F. ) ;
#4089 = DIRECTION ( 'NONE',  ( 1.000000000000000000, 0.0000000000000000000, 0.0000000000000000000 ) ) ;
#4090 = CIRCLE ( 'NONE', #1787, 0.03437499999999982200 ) ;
#4091 = AXIS2_PLACEMENT_3D ( 'NONE', #7245, #3484, #7871 ) ;
#4092 = DIRECTION ( 'NONE',  ( 0.0000000000000000000, 0.0000000000000000000, 1.000000000000000000 ) ) ;
#4093 = VERTEX_POINT ( 'NONE', #2746 ) ;
#4094 = ORIENTED_EDGE ( 'NONE', *, *, #6721, .T. ) ;
#4095 = CARTESIAN_POINT ( 'NONE',  ( 0.1182179676972452500, 0.09499999999999998700, -0.06825317547305430300 ) ) ;
#4096 = DIRECTION ( 'NONE',  ( 0.0000000000000000000, 0.0000000000000000000, -1.000000000000000000 ) ) ;
#4097 = ADVANCED_FACE ( 'NONE', ( #5435 ), #2971, .T. ) ;
#4098 = EDGE_CURVE ( 'NONE', #3027, #7770, #2090, .T. ) ;
#4099 = CARTESIAN_POINT ( 'NONE',  ( 0.0000000000000000000, 1.531250000000000200, 0.0000000000000000000 ) ) ;
#4100 = CARTESIAN_POINT ( 'NONE',  ( 0.01700133566759215800, 0.09749999999999998900, 0.02382799901885107600 ) ) ;
#4101 = CARTESIAN_POINT ( 'NONE',  ( 0.08575961894323327900, 0.09999999999999999200, 0.03796633369868346300 ) ) ;
#4102 = CARTESIAN_POINT ( 'NONE',  ( 0.01120277416202268400, 0.09500000000000001500, 0.07643554121842451000 ) ) ;
#4103 = VERTEX_POINT ( 'NONE', #6489 ) ;
#4104 = EDGE_CURVE ( 'NONE', #5569, #6445, #6908, .T. ) ;
#4105 = DIRECTION ( 'NONE',  ( 0.0000000000000000000, -1.000000000000000000, 0.0000000000000000000 ) ) ;
#4106 = ORIENTED_EDGE ( 'NONE', *, *, #8044, .T. ) ;
#4107 = VERTEX_POINT ( 'NONE', #933 ) ;
#4108 = CARTESIAN_POINT ( 'NONE',  ( -0.01174469877966508900, 0.1000000000000000100, -0.03622452874242818700 ) ) ;
#4109 = ORIENTED_EDGE ( 'NONE', *, *, #643, .F. ) ;
#4110 = AXIS2_PLACEMENT_3D ( 'NONE', #4095, #1597, #7886 ) ;
#4111 = SECURITY_CLASSIFICATION_LEVEL ( 'unclassified' ) ;
#4112 = EDGE_CURVE ( 'NONE', #7066, #2419, #619, .T. ) ;
#4113 = DIRECTION ( 'NONE',  ( 0.0000000000000000000, -1.000000000000000000, 0.0000000000000000000 ) ) ;
#4114 = CARTESIAN_POINT ( 'NONE',  ( -0.02774594393744324700, 0.09999999999999999200, 0.02799752869111783700 ) ) ;
#4115 = EDGE_LOOP ( 'NONE', ( #2066, #4474, #5507, #5394 ) ) ;
#4116 = CIRCLE ( 'NONE', #7664, 0.005000000000000001800 ) ;
#4117 = CARTESIAN_POINT ( 'NONE',  ( -0.006178922683348249400, 0.09749999999999998900, 0.01434339783217664100 ) ) ;
#4118 = CARTESIAN_POINT ( 'NONE',  ( 0.0000000000000000000, 4.406249999999999100, -1.793750000000000000 ) ) ;
#4119 = ORIENTED_EDGE ( 'NONE', *, *, #6668, .F. ) ;
#4120 = DIRECTION ( 'NONE',  ( 0.0000000000000000000, 0.0000000000000000000, 1.000000000000000000 ) ) ;
#4121 = AXIS2_PLACEMENT_3D ( 'NONE', #8082, #3720, #613 ) ;
#4122 = CARTESIAN_POINT ( 'NONE',  ( 0.02822561069636300700, 0.09499999999999998700, 0.06726613502736764100 ) ) ;
#4123 = LINE ( 'NONE', #7517, #5202 ) ;
#4124 = ORIENTED_EDGE ( 'NONE', *, *, #2578, .T. ) ;
#4125 = DIRECTION ( 'NONE',  ( -0.0000000000000000000, 1.000000000000000000, -0.0000000000000000000 ) ) ;
#4126 = ORIENTED_EDGE ( 'NONE', *, *, #3523, .T. ) ;
#4127 = DIRECTION ( 'NONE',  ( 2.126576849575732500E-017, -0.9848077530122085800, 0.1736481776669271400 ) ) ;
#4128 = CARTESIAN_POINT ( 'NONE',  ( 0.003336246868483658000, 0.09906144348682327500, 0.06342287094752988000 ) ) ;
#4129 = CARTESIAN_POINT ( 'NONE',  ( 2.039439319014667000E-016, 3.640773746656663900, -1.665328583257314800 ) ) ;
#4130 = ADVANCED_FACE ( 'NONE', ( #5229 ), #421, .T. ) ;
#4131 = CIRCLE ( 'NONE', #3817, 0.04687500000000002800 ) ;
#4132 = VERTEX_POINT ( 'NONE', #2108 ) ;
#4133 = ORIENTED_EDGE ( 'NONE', *, *, #1535, .T. ) ;
#4134 = ORIENTED_EDGE ( 'NONE', *, *, #2382, .F. ) ;
#4135 = FACE_OUTER_BOUND ( 'NONE', #4680, .T. ) ;
#4136 = DIRECTION ( 'NONE',  ( 0.5000000000000106600, 0.0000000000000000000, -0.8660254037844327100 ) ) ;
#4137 = CARTESIAN_POINT ( 'NONE',  ( -0.02363519046265743700, 0.09750000000000050300, 0.04897074372870017400 ) ) ;
#4138 = EDGE_CURVE ( 'NONE', #5954, #2867, #1504, .T. ) ;
#4139 = B_SPLINE_CURVE_WITH_KNOTS ( 'NONE', 3,
 ( #7535, #7508, #6902, #14, #4391, #640, #5021, #1276, #5659, #1901, #6296, #2538, #6931, #3162 ),
 .UNSPECIFIED., .F., .F.,
 ( 4, 2, 2, 2, 2, 2, 4 ),
 ( 0.0000000000000000000, 0.0002159372655053132900, 0.0004318745310106265900, 0.0008637490620212533900, 0.001295623593031879500, 0.001511560858537192400, 0.001727498124042505300 ),
 .UNSPECIFIED. ) ;
#4140 = DIRECTION ( 'NONE',  ( 0.0000000000000000000, 0.0000000000000000000, 1.000000000000000000 ) ) ;
#4141 = VECTOR ( 'NONE', #1670, 39.37007874015748900 ) ;
#4142 = DIRECTION ( 'NONE',  ( 0.0000000000000000000, -1.000000000000000000, 0.0000000000000000000 ) ) ;
#4143 = EDGE_LOOP ( 'NONE', ( #980, #6734, #1499, #517 ) ) ;
#4144 = ORIENTED_EDGE ( 'NONE', *, *, #1269, .T. ) ;
#4145 = EDGE_LOOP ( 'NONE', ( #1915, #3084, #5126, #6886 ) ) ;
#4146 = CARTESIAN_POINT ( 'NONE',  ( 0.03600406562154304800, 0.09999999999999996400, -0.01526660632532526500 ) ) ;
#4147 = EDGE_CURVE ( 'NONE', #4491, #1169, #1892, .T. ) ;
#4148 = CARTESIAN_POINT ( 'NONE',  ( 0.01462921787474745800, 0.09749999999999996200, -0.01888549641653020100 ) ) ;
#4149 = DIRECTION ( 'NONE',  ( -0.5144957554275305700, -0.0000000000000000000, 0.8574929257125417600 ) ) ;
#4150 = DIRECTION ( 'NONE',  ( 0.0000000000000000000, 0.0000000000000000000, 1.000000000000000000 ) ) ;
#4151 = CARTESIAN_POINT ( 'NONE',  ( 0.02553538602941185900, 0.09499999999999998700, 0.05960477941176470200 ) ) ;
#4152 = FACE_OUTER_BOUND ( 'NONE', #5633, .T. ) ;
#4153 = CARTESIAN_POINT ( 'NONE',  ( 0.02192374190937081100, 0.09999999999999992200, 0.07693423215762441900 ) ) ;
#4154 = EDGE_CURVE ( 'NONE', #1353, #1089, #3564, .T. ) ;
#4155 = VERTEX_POINT ( 'NONE', #276 ) ;
#4156 = CARTESIAN_POINT ( 'NONE',  ( -0.04897058823529402300, 0.09750000000000000300, 0.007904411764705876800 ) ) ;
#4157 = CARTESIAN_POINT ( 'NONE',  ( 0.02999992590910373700, 0.09373890141636769000, -0.08325343465102308400 ) ) ;
#4158 = FACE_BOUND ( 'NONE', #1238, .T. ) ;
#4159 = PERSON_AND_ORGANIZATION ( #62, #3099 ) ;
#4160 = EDGE_CURVE ( 'NONE', #4053, #2884, #227, .T. ) ;
#4161 = CARTESIAN_POINT ( 'NONE',  ( 0.01214690885803974800, 0.09999999999999999200, -0.01852627399609590000 ) ) ;
#4162 = B_SPLINE_CURVE_WITH_KNOTS ( 'NONE', 3,
 ( #8073, #1921, #3182, #7579, #3813, #61, #4437, #680, #5066, #1311, #5698, #1945, #6338, #2580, #6975, #3211, #7608, #3840 ),
 .UNSPECIFIED., .F., .F.,
 ( 4, 1, 1, 1, 1, 1, 1, 1, 1, 1, 1, 1, 1, 1, 1, 4 ),
 ( 0.0000000000000000000, 0.06804912699146076200, 0.1319502237845342200, 0.1931343601376314700, 0.2518957485710526800, 0.3095731943867956500, 0.3665327657132466100, 0.4232540416421715600, 0.4811498995146227300, 0.5400421112382116600, 0.6004209692569962800, 0.6627746101205634900, 0.7277395243444057000, 0.7943746159090467900, 0.8617783107915049100, 0.9284054503342257200 ),
 .UNSPECIFIED. ) ;
#4163 = FACE_OUTER_BOUND ( 'NONE', #3310, .T. ) ;
#4164 = FACE_OUTER_BOUND ( 'NONE', #4424, .T. ) ;
#4165 = CARTESIAN_POINT ( 'NONE',  ( 0.0000000000000000000, 0.3125494028667080100, -1.345570251243616700 ) ) ;
#4166 = CARTESIAN_POINT ( 'NONE',  ( -0.001981941620031963400, 0.09499999999999998700, -0.03842550030447854800 ) ) ;
#4167 = CARTESIAN_POINT ( 'NONE',  ( -0.006164421330112511800, 0.1000000000000000200, 0.06284176887518599900 ) ) ;
#4168 = CARTESIAN_POINT ( 'NONE',  ( 0.02177858492235544600, 0.09999999999999992200, 0.05789268553251128400 ) ) ;
#4169 = ADVANCED_FACE ( 'NONE', ( #6705 ), #3374, .F. ) ;
#4170 = EDGE_LOOP ( 'NONE', ( #2364, #7441, #5697, #4676 ) ) ;
#4171 = CARTESIAN_POINT ( 'NONE',  ( 0.02999999769724537300, 0.09207106781186547000, -0.09825317547305470500 ) ) ;
#4172 = ORIENTED_EDGE ( 'NONE', *, *, #2865, .T. ) ;
#4173 = AXIS2_PLACEMENT_3D ( 'NONE', #7765, #4629, #7792 ) ;
#4174 = EDGE_LOOP ( 'NONE', ( #121, #5743, #6276, #6399 ) ) ;
#4175 = ORIENTED_EDGE ( 'NONE', *, *, #4791, .T. ) ;
#4176 = DIRECTION ( 'NONE',  ( -0.5000000000000083300, 0.0000000000000000000, 0.8660254037844338200 ) ) ;
#4177 = CARTESIAN_POINT ( 'NONE',  ( -0.0004834202695768235100, 0.09999999999999999200, 0.01143244300898784200 ) ) ;
#4178 = CARTESIAN_POINT ( 'NONE',  ( 0.01116847667659989400, 0.09999999999999999200, -0.02832740252158351400 ) ) ;
#4179 = CARTESIAN_POINT ( 'NONE',  ( -0.01399833341494475000, 0.09807273439692068600, -0.1152565086431655400 ) ) ;
#4180 = CARTESIAN_POINT ( 'NONE',  ( 0.0000000000000000000, 4.406249999999999100, 0.0000000000000000000 ) ) ;
#4181 = CARTESIAN_POINT ( 'NONE',  ( 0.1080801270189220300, 0.09499999999999998700, 0.03930607966083914100 ) ) ;
#4182 = AXIS2_PLACEMENT_3D ( 'NONE', #1400, #6422, #7092 ) ;
#4183 = CARTESIAN_POINT ( 'NONE',  ( -0.04813227425869538700, 0.09999999999999999200, 0.02431763598124907900 ) ) ;
#4184 = CIRCLE ( 'NONE', #2904, 0.05499999999999999300 ) ;
#4185 = DIRECTION ( 'NONE',  ( 0.0000000000000000000, 0.0000000000000000000, -1.000000000000000000 ) ) ;
#4186 = CARTESIAN_POINT ( 'NONE',  ( -0.04375385589587582600, 0.09500000000000001500, 0.04377856487351286500 ) ) ;
#4187 = CARTESIAN_POINT ( 'NONE',  ( 0.02936893102925324000, 0.09248190845447362700, -0.08868617349759321000 ) ) ;
#4188 = EDGE_CURVE ( 'NONE', #3985, #3086, #5028, .T. ) ;
#4189 = FACE_OUTER_BOUND ( 'NONE', #5312, .T. ) ;
#4190 = ORIENTED_EDGE ( 'NONE', *, *, #2000, .F. ) ;
#4191 = EDGE_CURVE ( 'NONE', #923, #6100, #46, .T. ) ;
#4192 = VERTEX_POINT ( 'NONE', #5354 ) ;
#4193 = ORIENTED_EDGE ( 'NONE', *, *, #6630, .F. ) ;
#4194 = CARTESIAN_POINT ( 'NONE',  ( -0.04882224408901339500, 0.09499999999999998700, 0.01601510724238835700 ) ) ;
#4196 = AXIS2_PLACEMENT_3D ( 'NONE', #392, #4772, #1029 ) ;
#4195 = CARTESIAN_POINT ( 'NONE',  ( 0.009924060487778973600, 0.09749999999999998900, -0.03023099263426746700 ) ) ;
#4197 = CARTESIAN_POINT ( 'NONE',  ( -0.1398686027918559200, 0.09999999999999999200, -0.05575317547305483300 ) ) ;
#4199 = ORIENTED_EDGE ( 'NONE', *, *, #1642, .T. ) ;
#4198 = CARTESIAN_POINT ( 'NONE',  ( 0.01026748599611164600, 0.09749999999999998900, 0.008305908198538542200 ) ) ;
#4200 = ORIENTED_EDGE ( 'NONE', *, *, #6357, .T. ) ;
#4201 = EDGE_CURVE ( 'NONE', #990, #4423, #30, .T. ) ;
#4202 = CARTESIAN_POINT ( 'NONE',  ( -0.001582353020972649300, 0.09999999999999996400, -0.03574612722666883200 ) ) ;
#4203 = DIRECTION ( 'NONE',  ( 0.0000000000000000000, 0.0000000000000000000, -1.000000000000000000 ) ) ;
#4204 = CARTESIAN_POINT ( 'NONE',  ( -0.01499999999999999300, 0.09500000000000000100, -0.1182531754730548500 ) ) ;
#4205 = DIRECTION ( 'NONE',  ( -0.0000000000000000000, 1.000000000000000000, -0.0000000000000000000 ) ) ;
#4206 = CARTESIAN_POINT ( 'NONE',  ( 0.0000000000000000000, 3.597389163888868900, 0.0000000000000000000 ) ) ;
#4207 = ORIENTED_EDGE ( 'NONE', *, *, #4061, .T. ) ;
#4208 = EDGE_CURVE ( 'NONE', #3624, #5664, #3170, .T. ) ;
#4209 = CARTESIAN_POINT ( 'NONE',  ( -0.04191059515405259900, 0.09749999999999998900, 0.04859437242914525800 ) ) ;
#4211 = ORIENTED_EDGE ( 'NONE', *, *, #3904, .F. ) ;
#4210 = VERTEX_POINT ( 'NONE', #1612 ) ;
#4212 = DIRECTION ( 'NONE',  ( -0.8660254037844361500, 0.0000000000000000000, -0.5000000000000043300 ) ) ;
#4213 = CARTESIAN_POINT ( 'NONE',  ( -0.03191673652394067000, 0.09750000000000000300, 0.06348832867389876700 ) ) ;
#4214 = ADVANCED_FACE ( 'NONE', ( #1501 ), #4434, .F. ) ;
#4215 = CARTESIAN_POINT ( 'NONE',  ( -0.004539081500619849800, 0.1000000000000000100, 0.01180144084086288100 ) ) ;
#4216 = CARTESIAN_POINT ( 'NONE',  ( 0.1182179676972452500, 0.09499999999999998700, -0.06825317547305430300 ) ) ;
#4217 = ORIENTED_EDGE ( 'NONE', *, *, #7063, .T. ) ;
#4218 = VECTOR ( 'NONE', #7218, 39.37007874015748100 ) ;
#4219 = CARTESIAN_POINT ( 'NONE',  ( -0.02266429572437409300, 0.09499999999999997300, 0.07059903120079572000 ) ) ;
#4220 = VERTEX_POINT ( 'NONE', #379 ) ;
#4221 = CARTESIAN_POINT ( 'NONE',  ( 0.01536764705882362100, 0.09499999999999998700, -0.01093750000000000300 ) ) ;
#4222 = DIRECTION ( 'NONE',  ( 0.0000000000000000000, 0.0000000000000000000, 1.000000000000000000 ) ) ;
#4223 = CARTESIAN_POINT ( 'NONE',  ( 0.02822521560492610400, 0.09749999999999998900, 0.06731270363657147800 ) ) ;
#4224 = CARTESIAN_POINT ( 'NONE',  ( 0.0000000000000000000, 0.0000000000000000000, 0.0000000000000000000 ) ) ;
#4225 = CARTESIAN_POINT ( 'NONE',  ( -0.01260993488790863700, 0.09946113292395680800, -0.09847304524887269500 ) ) ;
#4226 = CARTESIAN_POINT ( 'NONE',  ( 0.01530656585338608300, 0.09999999999999999200, -0.008278307494226861200 ) ) ;
#4227 = CYLINDRICAL_SURFACE ( 'NONE', #986, 0.004999999999999998400 ) ;
#4229 = EDGE_LOOP ( 'NONE', ( #766, #6559, #4813, #522 ) ) ;
#4228 = AXIS2_PLACEMENT_3D ( 'NONE', #4552, #800, #5182 ) ;
#4230 = DIRECTION ( 'NONE',  ( -0.0000000000000000000, 1.000000000000000000, -0.0000000000000000000 ) ) ;
#4231 = ORIENTED_EDGE ( 'NONE', *, *, #1847, .T. ) ;
#4232 = VERTEX_POINT ( 'NONE', #1016 ) ;
#4233 = DIRECTION ( 'NONE',  ( 0.0000000000000000000, 0.0000000000000000000, -1.000000000000000000 ) ) ;
#4234 = DIRECTION ( 'NONE',  ( 0.0000000000000000000, 0.0000000000000000000, 1.000000000000000000 ) ) ;
#4235 = AXIS2_PLACEMENT_3D ( 'NONE', #8016, #3002, #4249 ) ;
#4236 = DIRECTION ( 'NONE',  ( 0.0000000000000000000, 1.000000000000000000, 0.0000000000000000000 ) ) ;
#4237 = VECTOR ( 'NONE', #4473, 39.37007874015748900 ) ;
#4238 = CARTESIAN_POINT ( 'NONE',  ( -0.02474951813219444800, 0.09999999999999996400, 0.07242907314753545300 ) ) ;
#4239 = CARTESIAN_POINT ( 'NONE',  ( 0.02823529411764715000, 0.09499999999999998700, 0.06612477022058822800 ) ) ;
#4240 = CARTESIAN_POINT ( 'NONE',  ( -0.006177993072238962800, 0.09499999999999998700, 0.07620276422027494300 ) ) ;
#4241 = CARTESIAN_POINT ( 'NONE',  ( -0.006431100592692243700, 0.09750000000000001700, 0.06276065032000094400 ) ) ;
#4243 = CARTESIAN_POINT ( 'NONE',  ( 1.653273178848926600E-016, 0.2468875854287995400, 1.331467057486937400 ) ) ;
#4242 = FACE_OUTER_BOUND ( 'NONE', #2430, .T. ) ;
#4244 = AXIS2_PLACEMENT_3D ( 'NONE', #1170, #5558, #1807 ) ;
#4245 = CIRCLE ( 'NONE', #7600, 0.01562499999999991800 ) ;
#4246 = ORIENTED_EDGE ( 'NONE', *, *, #6026, .T. ) ;
#4247 = EDGE_LOOP ( 'NONE', ( #3788, #5040, #302, #5891 ) ) ;
#4248 = ORIENTED_EDGE ( 'NONE', *, *, #5328, .F. ) ;
#4249 = DIRECTION ( 'NONE',  ( 0.0000000000000000000, 0.0000000000000000000, 1.000000000000000000 ) ) ;
#4250 = CARTESIAN_POINT ( 'NONE',  ( 0.0000000000000000000, 1.472389163888868900, 1.436710480930217400 ) ) ;
#4251 = VERTEX_POINT ( 'NONE', #4129 ) ;
#4252 = CARTESIAN_POINT ( 'NONE',  ( -1.263479697069721800E-015, 0.09499999999999998700, 0.1365063509461096900 ) ) ;
#4253 = EDGE_CURVE ( 'NONE', #7638, #7550, #4633, .T. ) ;
#4254 = CARTESIAN_POINT ( 'NONE',  ( 0.02727906357939431000, 0.09999999999999995000, 0.07126107191688026100 ) ) ;
#4255 = FACE_OUTER_BOUND ( 'NONE', #2146, .T. ) ;
#4256 = ADVANCED_FACE ( 'NONE', ( #6113 ), #6743, .T. ) ;
#4257 = DIRECTION ( 'NONE',  ( -1.224646799147355900E-016, 0.0000000000000000000, -1.000000000000000000 ) ) ;
#4258 = CARTESIAN_POINT ( 'NONE',  ( -0.01999999999999998300, 0.09499999999999998700, -0.09825317547305485700 ) ) ;
#4259 = CARTESIAN_POINT ( 'NONE',  ( -0.002033827729247078700, 0.09999999999999999200, 0.02959598334997896200 ) ) ;
#4260 = EDGE_CURVE ( 'NONE', #7830, #2533, #5278, .T. ) ;
#4261 = CARTESIAN_POINT ( 'NONE',  ( 0.03499999769724545400, 0.09499999999999998700, -0.1182531754730546900 ) ) ;
#4262 = DIRECTION ( 'NONE',  ( -1.000000000000000000, -0.0000000000000000000, -0.0000000000000000000 ) ) ;
#4263 = CARTESIAN_POINT ( 'NONE',  ( 0.02106762086592003600, 0.09750000000000003100, 0.07457391248134702400 ) ) ;
#4264 = LINE ( 'NONE', #7430, #540 ) ;
#4265 = DIRECTION ( 'NONE',  ( -1.707404996040164400E-015, 0.0000000000000000000, -1.000000000000000000 ) ) ;
#4266 = TOROIDAL_SURFACE ( 'NONE', #4182, 1.483486528324116100, 0.03125000000000000000 ) ;
#4267 = CARTESIAN_POINT ( 'NONE',  ( 0.0001827981242401481400, 0.09999999999999999200, 0.07677623694337681900 ) ) ;
#4268 = DIRECTION ( 'NONE',  ( 0.0000000000000000000, -1.000000000000000000, 0.0000000000000000000 ) ) ;
#4269 = CARTESIAN_POINT ( 'NONE',  ( -0.1000897448107780600, 0.09207106781186547000, 0.02314582761723866400 ) ) ;
#4270 = DIRECTION ( 'NONE',  ( 0.0000000000000000000, -0.0000000000000000000, -1.000000000000000000 ) ) ;
#4271 = LINE ( 'NONE', #5421, #736 ) ;
#4273 = EDGE_CURVE ( 'NONE', #7830, #1655, #2981, .T. ) ;
#4272 = CARTESIAN_POINT ( 'NONE',  ( 0.0000000000000000000, 4.125000000000000000, 0.0000000000000000000 ) ) ;
#4274 = ORIENTED_EDGE ( 'NONE', *, *, #1054, .F. ) ;
#4275 = CIRCLE ( 'NONE', #7207, 0.04687500000000002800 ) ;
#4276 = CARTESIAN_POINT ( 'NONE',  ( 0.03625031421966173200, 0.09999999999999999200, -0.009242559267797868100 ) ) ;
#4277 = DIRECTION ( 'NONE',  ( -1.000000000000000000, -0.0000000000000000000, -0.0000000000000000000 ) ) ;
#4278 = VERTEX_POINT ( 'NONE', #6109 ) ;
#4279 = DIRECTION ( 'NONE',  ( -0.0000000000000000000, 1.000000000000000000, -0.0000000000000000000 ) ) ;
#4280 = CARTESIAN_POINT ( 'NONE',  ( 0.02730163990564720200, 0.09999999999999999200, 0.07489589659780110400 ) ) ;
#4281 = ORIENTED_EDGE ( 'NONE', *, *, #5576, .F. ) ;
#4282 = AXIS2_PLACEMENT_3D ( 'NONE', #1607, #3526, #7919 ) ;
#4283 = DIRECTION ( 'NONE',  ( 0.0000000000000000000, 0.0000000000000000000, 1.000000000000000000 ) ) ;
#4284 = CARTESIAN_POINT ( 'NONE',  ( -0.002036450688209167200, 0.09947135291256710400, 0.02814333257457473200 ) ) ;
#4285 = DIRECTION ( 'NONE',  ( 0.0000000000000000000, -1.000000000000000000, 0.0000000000000000000 ) ) ;
#4286 = CIRCLE ( 'NONE', #952, 0.005000000000000001800 ) ;
#4287 = CARTESIAN_POINT ( 'NONE',  ( 0.03240268750317244100, 0.09750000000000003100, -0.02135735674762916100 ) ) ;
#4288 = CARTESIAN_POINT ( 'NONE',  ( 0.0000000000000000000, 3.640773746656663900, 0.0000000000000000000 ) ) ;
#4289 = ORIENTED_EDGE ( 'NONE', *, *, #7957, .F. ) ;
#4290 = ORIENTED_EDGE ( 'NONE', *, *, #7231, .T. ) ;
#4291 = CARTESIAN_POINT ( 'NONE',  ( 0.0000000000000000000, 0.2523140909808909700, 1.362242299768568600 ) ) ;
#4292 = CARTESIAN_POINT ( 'NONE',  ( -0.03058001171835078600, 0.09749999999999998900, 0.004621585411343969400 ) ) ;
#4293 = ADVANCED_FACE ( 'NONE', ( #2786 ), #1298, .T. ) ;
#4294 = AXIS2_PLACEMENT_3D ( 'NONE', #7017, #3244, #7642 ) ;
#4295 = DIRECTION ( 'NONE',  ( 0.0000000000000000000, 0.0000000000000000000, -1.000000000000000000 ) ) ;
#4296 = ORIENTED_EDGE ( 'NONE', *, *, #4055, .F. ) ;
#4297 = CARTESIAN_POINT ( 'NONE',  ( -0.04897815264984317600, 0.09749999999999998900, 0.008462077375851277300 ) ) ;
#4298 = ORIENTED_EDGE ( 'NONE', *, *, #3212, .T. ) ;
#4299 = EDGE_CURVE ( 'NONE', #4155, #1004, #7984, .T. ) ;
#4300 = CARTESIAN_POINT ( 'NONE',  ( 0.03429777421210306000, 0.09906158435129255900, -0.009242807264221429900 ) ) ;
#4301 = CARTESIAN_POINT ( 'NONE',  ( 0.02984008162966982100, 0.09370359062126554200, -0.1291809799787395900 ) ) ;
#4302 =( BOUNDED_CURVE ( )  B_SPLINE_CURVE ( 3, ( #5761, #2016, #7675, #3916 ),
 .UNSPECIFIED., .F., .F. ) 
 B_SPLINE_CURVE_WITH_KNOTS ( ( 4, 4 ),
 ( 4.712388980384689700, 6.283185307179582700 ),
 .UNSPECIFIED. ) 
 CURVE ( )  GEOMETRIC_REPRESENTATION_ITEM ( )  RATIONAL_B_SPLINE_CURVE ( ( 1.000000000000000000, 0.8047378541243658300, 0.8047378541243658300, 1.000000000000000000 ) ) 
 REPRESENTATION_ITEM ( '' )  );
#4304 = AXIS2_PLACEMENT_3D ( 'NONE', #4079, #321, #4701 ) ;
#4303 = CARTESIAN_POINT ( 'NONE',  ( -0.05064873588218371500, 0.09987749947843711800, 0.007908375814583239900 ) ) ;
#4305 = ORIENTED_EDGE ( 'NONE', *, *, #1220, .T. ) ;
#4306 = CARTESIAN_POINT ( 'NONE',  ( 0.01729469098132636200, 0.09749999999999998900, 0.07546958267511635900 ) ) ;
#4307 = CARTESIAN_POINT ( 'NONE',  ( 0.0000000000000000000, 0.03125000000000000000, 0.0000000000000000000 ) ) ;
#4308 = CARTESIAN_POINT ( 'NONE',  ( -0.03060836352512651100, 0.09749999999999998900, 0.02358009667905182000 ) ) ;
#4309 = VERTEX_POINT ( 'NONE', #4377 ) ;
#4310 = EDGE_CURVE ( 'NONE', #4210, #2845, #3815, .T. ) ;
#4311 = CARTESIAN_POINT ( 'NONE',  ( 0.1080801270189220600, 0.09499999999999998700, 0.03930607966083916900 ) ) ;
#4312 = CARTESIAN_POINT ( 'NONE',  ( 0.01748495230898865900, 0.09499999999999997300, -0.04425433818320212400 ) ) ;
#4313 = CARTESIAN_POINT ( 'NONE',  ( 0.02792892988538000700, 0.09000000000000001100, -0.1236610886170989700 ) ) ;
#4314 = DIRECTION ( 'NONE',  ( 0.0000000000000000000, -1.000000000000000000, 0.0000000000000000000 ) ) ;
#4315 = EDGE_CURVE ( 'NONE', #3707, #4042, #7592, .T. ) ;
#4316 = VECTOR ( 'NONE', #1405, 39.37007874015748100 ) ;
#4317 = DIRECTION ( 'NONE',  ( -1.000000000000000000, 0.0000000000000000000, 0.0000000000000000000 ) ) ;
#4318 = CARTESIAN_POINT ( 'NONE',  ( -0.02481279836796600900, 0.09499999999999997300, 0.02219158167501734900 ) ) ;
#4319 = VERTEX_POINT ( 'NONE', #1909 ) ;
#4320 = CARTESIAN_POINT ( 'NONE',  ( 2.093421016289949900E-016, 4.126014725754069800, -1.709407984202033800 ) ) ;
#4321 = DIRECTION ( 'NONE',  ( -1.000000000000000000, 0.0000000000000000000, -4.440892098500624600E-015 ) ) ;
#4322 = FACE_OUTER_BOUND ( 'NONE', #7247, .T. ) ;
#4323 = CARTESIAN_POINT ( 'NONE',  ( -0.04758216835402944600, 0.09999999999999996400, -0.02760310444848637300 ) ) ;
#4324 = ORIENTED_EDGE ( 'NONE', *, *, #2632, .F. ) ;
#4325 = ORIENTED_EDGE ( 'NONE', *, *, #3261, .F. ) ;
#4326 = AXIS2_PLACEMENT_3D ( 'NONE', #6114, #2968, #3623 ) ;
#4327 = CARTESIAN_POINT ( 'NONE',  ( 0.02974244324068204800, 0.09999999999999996400, 0.05930711981126788500 ) ) ;
#4328 = CARTESIAN_POINT ( 'NONE',  ( 0.02726411510180058400, 0.09045466218700094800, -0.1233757712126521400 ) ) ;
#4329 = LINE ( 'NONE', #3029, #7485 ) ;
#4330 = CARTESIAN_POINT ( 'NONE',  ( 0.03325719103300087100, 0.1000000000000023400, 0.0005881556463583784200 ) ) ;
#4331 = VERTEX_POINT ( 'NONE', #5644 ) ;
#4332 = ORIENTED_EDGE ( 'NONE', *, *, #4201, .T. ) ;
#4333 = CARTESIAN_POINT ( 'NONE',  ( 0.006469045574466598100, 0.09999999999999999200, 0.07678664196139177400 ) ) ;
#4334 = ADVANCED_FACE ( 'NONE', ( #4242 ), #7403, .F. ) ;
#4335 = ORIENTED_EDGE ( 'NONE', *, *, #109, .F. ) ;
#4336 = DIRECTION ( 'NONE',  ( -0.8660254037844380400, 0.0000000000000000000, 0.5000000000000010000 ) ) ;
#4337 = TOROIDAL_SURFACE ( 'NONE', #5547, 1.793750000000000000, 0.03125000000000000000 ) ;
#4338 = AXIS2_PLACEMENT_3D ( 'NONE', #3717, #8106, #4336 ) ;
#4339 = CARTESIAN_POINT ( 'NONE',  ( -0.007186751891697545600, 0.09750000000000000300, -0.05179527807137430900 ) ) ;
#4340 = AXIS2_PLACEMENT_3D ( 'NONE', #2179, #6567, #2821 ) ;
#4341 = LINE ( 'NONE', #7851, #4534 ) ;
#4342 = EDGE_CURVE ( 'NONE', #5226, #3861, #2358, .T. ) ;
#4343 = CARTESIAN_POINT ( 'NONE',  ( -0.1263263247449730700, 0.09370359062126554200, 0.04055442822139878500 ) ) ;
#4344 = EDGE_LOOP ( 'NONE', ( #3548, #1759, #2710, #814 ) ) ;
#4345 = ORIENTED_EDGE ( 'NONE', *, *, #6913, .F. ) ;
#4346 = CARTESIAN_POINT ( 'NONE',  ( -0.005966387401548816000, 0.09999999999999999200, 0.01183727953019232800 ) ) ;
#4347 = CIRCLE ( 'NONE', #7384, 1.749045595200492600 ) ;
#4348 = CARTESIAN_POINT ( 'NONE',  ( 0.02546181700842340200, 0.09998565901569593500, 0.05739809201147760800 ) ) ;
#4349 = CARTESIAN_POINT ( 'NONE',  ( -0.02697690892430719100, 0.09749999999999996200, -0.04836194562179613200 ) ) ;
#4350 = ORIENTED_EDGE ( 'NONE', *, *, #6784, .T. ) ;
#4351 = AXIS2_PLACEMENT_3D ( 'NONE', #6937, #43, #4420 ) ;
#4352 = FACE_OUTER_BOUND ( 'NONE', #1559, .T. ) ;
#4353 = PERSON_AND_ORGANIZATION ( #62, #3099 ) ;
#4354 = DIRECTION ( 'NONE',  ( -0.0000000000000000000, 1.000000000000000000, -0.0000000000000000000 ) ) ;
#4355 = CARTESIAN_POINT ( 'NONE',  ( 0.01431411108210551800, 0.09500000000000002900, -0.02036608458170647800 ) ) ;
#4356 = CARTESIAN_POINT ( 'NONE',  ( 0.02840255299117982700, 0.09999999999999996400, 0.01781238952524294800 ) ) ;
#4357 = EDGE_CURVE ( 'NONE', #5680, #1288, #5909, .T. ) ;
#4358 = CARTESIAN_POINT ( 'NONE',  ( 0.0000000000000000000, 3.640773746656663900, 0.0000000000000000000 ) ) ;
#4359 = CARTESIAN_POINT ( 'NONE',  ( -0.01499999999999998900, 0.09499999999999998700, -0.1132531754730548400 ) ) ;
#4360 = CIRCLE ( 'NONE', #2020, 1.353906275506064200 ) ;
#4361 = CARTESIAN_POINT ( 'NONE',  ( 0.02628434788824203200, 0.09500000000000001500, 0.05963238434621334600 ) ) ;
#4362 = CIRCLE ( 'NONE', #995, 0.04687500000000002800 ) ;
#4363 = EDGE_CURVE ( 'NONE', #125, #3730, #917, .T. ) ;
#4364 = CARTESIAN_POINT ( 'NONE',  ( 0.02511137530135172300, 0.09749999999999998900, 0.05964881953230728700 ) ) ;
#4365 = DIRECTION ( 'NONE',  ( -0.0000000000000000000, 1.000000000000000000, -0.0000000000000000000 ) ) ;
#4366 = DIRECTION ( 'NONE',  ( -0.8660254037844429300, 3.414809992080324800E-015, 0.4999999999999923900 ) ) ;
#4367 = ORIENTED_EDGE ( 'NONE', *, *, #2528, .T. ) ;
#4368 = CARTESIAN_POINT ( 'NONE',  ( -0.1162072257454714900, 0.08999999999999998300, 0.03670901910884653100 ) ) ;
#4369 = ORIENTED_EDGE ( 'NONE', *, *, #5978, .F. ) ;
#4370 = ORIENTED_EDGE ( 'NONE', *, *, #2154, .F. ) ;
#4371 = CARTESIAN_POINT ( 'NONE',  ( 0.02785616576131907900, 0.09500000000000001500, 0.06118073340234491500 ) ) ;
#4372 = ORIENTED_EDGE ( 'NONE', *, *, #3052, .T. ) ;
#4373 = LINE ( 'NONE', #4652, #5842 ) ;
#4374 = ADVANCED_FACE ( 'NONE', ( #2386 ), #2189, .F. ) ;
#4375 = DIRECTION ( 'NONE',  ( 0.0000000000000000000, 0.0000000000000000000, -1.000000000000000000 ) ) ;
#4376 = EDGE_CURVE ( 'NONE', #7849, #224, #5711, .T. ) ;
#4377 = CARTESIAN_POINT ( 'NONE',  ( 0.09941987298107768400, 0.08999999999999999700, 0.03430607966083912300 ) ) ;
#4378 = CARTESIAN_POINT ( 'NONE',  ( -0.01547672109788033600, 0.09999999999999999200, -0.05159963929030149400 ) ) ;
#4379 = DIRECTION ( 'NONE',  ( 0.0000000000000000000, -1.000000000000000000, 0.0000000000000000000 ) ) ;
#4380 = CARTESIAN_POINT ( 'NONE',  ( 0.0000000000000000000, 3.655235274245932000, -1.678769737029744700 ) ) ;
#4381 = ORIENTED_EDGE ( 'NONE', *, *, #5154, .F. ) ;
#4382 = DIRECTION ( 'NONE',  ( 0.0000000000000000000, -1.000000000000000000, 0.0000000000000000000 ) ) ;
#4383 = CARTESIAN_POINT ( 'NONE',  ( 0.01008198891510286200, 0.09749999999999998900, 0.02599150586052496200 ) ) ;
#4384 = CARTESIAN_POINT ( 'NONE',  ( 0.02985526180998687700, 0.09499999999999994600, -0.02898904598637807100 ) ) ;
#4385 = CIRCLE ( 'NONE', #7992, 0.01562499999999991800 ) ;
#4386 = CARTESIAN_POINT ( 'NONE',  ( -0.07517429297482879100, 0.09751809353930859800, 0.06503852110295103800 ) ) ;
#4387 = ORIENTED_EDGE ( 'NONE', *, *, #2159, .F. ) ;
#4388 = EDGE_LOOP ( 'NONE', ( #1392, #1644, #1074, #7681 ) ) ;
#4389 = AXIS2_PLACEMENT_3D ( 'NONE', #4713, #970, #5361 ) ;
#4390 = CARTESIAN_POINT ( 'NONE',  ( 0.007763053898022244000, 0.09500000000000001500, 0.06389906657390172200 ) ) ;
#4391 = CARTESIAN_POINT ( 'NONE',  ( 0.005143772531080947000, 0.09750000000000001700, -0.05017521964978721700 ) ) ;
#4392 = DIRECTION ( 'NONE',  ( -1.000000000000000000, 0.0000000000000000000, -3.414809992080330700E-015 ) ) ;
#4393 =( BOUNDED_SURFACE ( )  B_SPLINE_SURFACE ( 3, 2, ( 
 ( #3948, #819, #6467 ),
 ( #2720, #7115, #3344 ),
 ( #7738, #3976, #217 ),
 ( #4598, #849, #5231 ),
 ( #1475, #5861, #2110 ),
 ( #6494, #2747, #7141 ),
 ( #3378, #7763, #4004 ),
 ( #242, #4627, #877 ),
 ( #5266, #1505, #5889 ),
 ( #2140, #6521, #2777 ) ),
 .UNSPECIFIED., .F., .F., .F. ) 
 B_SPLINE_SURFACE_WITH_KNOTS ( ( 4, 2, 2, 2, 4 ),
 ( 3, 3 ),
 ( 6.283185307179586200, 6.479534848028948500, 6.675884388878310800, 7.068583470577034500, 7.853981633974482800 ),
 ( 0.0000000000000000000, 1.000000000000000000 ),
 .UNSPECIFIED. ) 
 GEOMETRIC_REPRESENTATION_ITEM ( )  RATIONAL_B_SPLINE_SURFACE ( (
 ( 1.000000000000000000, 0.2669335818958097900, 1.000000000000000000),
 ( 1.000000000000000000, 0.2664983059057222100, 1.000000000000000000),
 ( 1.000000000000000000, 0.2908837794727510100, 1.000000000000000000),
 ( 1.000000000000000000, 0.3621149789005849700, 1.000000000000000000),
 ( 1.000000000000000000, 0.4080595304960350500, 1.000000000000000000),
 ( 1.000000000000000000, 0.5496729321927235100, 1.000000000000000000),
 ( 1.000000000000000000, 0.6488088780557947900, 1.000000000000000000),
 ( 1.000000000000000000, 0.8979780439269367000, 1.000000000000000000),
 ( 1.000000000000000000, 1.002561318331017100, 1.000000000000000000),
 ( 1.000000000000000000, 1.000000000000000000, 1.000000000000000000) ) ) 
 REPRESENTATION_ITEM ( '' )  SURFACE ( )  );
#4394 = CARTESIAN_POINT ( 'NONE',  ( 0.1080801270189220600, 0.08999999999999999700, 0.03930607966083916200 ) ) ;
#4395 = ORIENTED_EDGE ( 'NONE', *, *, #1370, .F. ) ;
#4396 = ORIENTED_EDGE ( 'NONE', *, *, #7861, .T. ) ;
#4397 = DIRECTION ( 'NONE',  ( 0.0000000000000000000, 0.0000000000000000000, -1.000000000000000000 ) ) ;
#4398 = CARTESIAN_POINT ( 'NONE',  ( 0.09551129827181340000, 0.09751809353930862600, 0.03855165966708886500 ) ) ;
#4399 = CARTESIAN_POINT ( 'NONE',  ( 2.092626798078335900E-016, 3.654220548491862200, -1.694361752827711300 ) ) ;
#4400 = EDGE_LOOP ( 'NONE', ( #6217, #131, #1870, #4281 ) ) ;
#4401 = CARTESIAN_POINT ( 'NONE',  ( -0.01906205323265894700, 0.09750000000000001700, 0.02456583270686083000 ) ) ;
#4403 = EDGE_LOOP ( 'NONE', ( #4106, #7507, #5082, #7953 ) ) ;
#4402 = EDGE_LOOP ( 'NONE', ( #2348, #8085, #6793, #1336 ) ) ;
#4404 = EDGE_CURVE ( 'NONE', #2089, #1754, #709, .T. ) ;
#4405 = DIRECTION ( 'NONE',  ( -0.0000000000000000000, 1.000000000000000000, -0.0000000000000000000 ) ) ;
#4406 = EDGE_CURVE ( 'NONE', #6809, #2884, #3857, .T. ) ;
#4408 = AXIS2_PLACEMENT_3D ( 'NONE', #7126, #1488, #7150 ) ;
#4407 = CARTESIAN_POINT ( 'NONE',  ( 0.0000000000000000000, 4.094653923129069300, 0.0000000000000000000 ) ) ;
#4409 = CARTESIAN_POINT ( 'NONE',  ( -0.002457629075544241200, 0.09999999999999999200, 0.02721421683362560500 ) ) ;
#4410 = CARTESIAN_POINT ( 'NONE',  ( 0.07441987413245464100, 0.08999999999999999700, 0.07760734785581686900 ) ) ;
#4411 =( BOUNDED_SURFACE ( )  B_SPLINE_SURFACE ( 3, 2, ( 
 ( #3923, #4540, #6437 ),
 ( #2684, #7084, #3317 ),
 ( #7708, #3945, #186 ),
 ( #4571, #818, #5198 ),
 ( #1447, #5826, #2075 ),
 ( #6466, #2717, #7114 ),
 ( #3343, #7734, #3975 ),
 ( #213, #4597, #848 ) ),
 .UNSPECIFIED., .F., .F., .F. ) 
 B_SPLINE_SURFACE_WITH_KNOTS ( ( 4, 2, 2, 4 ),
 ( 3, 3 ),
 ( 0.0000000000000000000, 0.0003456132939109803400, 0.0005184199408664704500, 0.0006912265878219606700 ),
 ( 0.0000000000000000000, 1.000000000000000000 ),
 .UNSPECIFIED. ) 
 GEOMETRIC_REPRESENTATION_ITEM ( )  RATIONAL_B_SPLINE_SURFACE ( (
 ( 1.000000000000000000, 0.7071067811865475700, 1.000000000000000000),
 ( 1.000000000000000000, 0.7071067811865475700, 1.000000000000000000),
 ( 1.000000000000000000, 0.7071067811865476800, 1.000000000000000000),
 ( 1.000000000000000000, 0.7071067811865476800, 1.000000000000000000),
 ( 1.000000000000000000, 0.7071067811865475700, 1.000000000000000000),
 ( 1.000000000000000000, 0.7071067811865475700, 1.000000000000000000),
 ( 1.000000000000000000, 0.7071067811865475700, 1.000000000000000000),
 ( 1.000000000000000000, 0.7071067811865475700, 1.000000000000000000) ) ) 
 REPRESENTATION_ITEM ( '' )  SURFACE ( )  );
#4412 = ORIENTED_EDGE ( 'NONE', *, *, #4982, .T. ) ;
#4413 = CARTESIAN_POINT ( 'NONE',  ( 0.06099243535616605300, 0.09338892003002499700, 0.06956013638850935800 ) ) ;
#4414 = CIRCLE ( 'NONE', #250, 0.01562499999999991800 ) ;
#4415 = DIRECTION ( 'NONE',  ( 0.0000000000000000000, 0.0000000000000000000, 1.000000000000000000 ) ) ;
#4416 = DIRECTION ( 'NONE',  ( 0.0000000000000000000, 0.0000000000000000000, -1.000000000000000000 ) ) ;
#4417 = DIRECTION ( 'NONE',  ( 4.268512490100412900E-016, 0.0000000000000000000, 1.000000000000000000 ) ) ;
#4418 = CARTESIAN_POINT ( 'NONE',  ( -0.01279372346576762200, 0.09750000000000003100, -0.03847907399801647100 ) ) ;
#4419 = EDGE_CURVE ( 'NONE', #8012, #3328, #7204, .T. ) ;
#4420 = DIRECTION ( 'NONE',  ( 0.0000000000000000000, -0.0000000000000000000, -1.000000000000000000 ) ) ;
#4421 = EDGE_LOOP ( 'NONE', ( #3216, #7835, #5588, #4296 ) ) ;
#4422 = LINE ( 'NONE', #2406, #2772 ) ;
#4423 = VERTEX_POINT ( 'NONE', #7028 ) ;
#4424 = EDGE_LOOP ( 'NONE', ( #7630, #504, #383, #4190 ) ) ;
#4425 = ORIENTED_EDGE ( 'NONE', *, *, #2382, .T. ) ;
#4426 = DIRECTION ( 'NONE',  ( 1.000000000000000000, 0.0000000000000000000, 1.224646799147353200E-016 ) ) ;
#4427 = DIRECTION ( 'NONE',  ( 0.0000000000000000000, 0.0000000000000000000, 1.000000000000000000 ) ) ;
#4428 = CARTESIAN_POINT ( 'NONE',  ( 0.02814250477153296100, 0.09207106781186545600, -0.1301573539302004500 ) ) ;
#4429 = CIRCLE ( 'NONE', #7085, 0.002500000000000000100 ) ;
#4430 = CARTESIAN_POINT ( 'NONE',  ( -0.007437271104340488100, 0.09859124755174852900, -0.03873709189875729200 ) ) ;
#4431 = AXIS2_PLACEMENT_3D ( 'NONE', #2265, #2906, #1006 ) ;
#4432 = CARTESIAN_POINT ( 'NONE',  ( -0.03930905096460433200, 0.09499999999999998700, -0.03811397629755151900 ) ) ;
#4433 = CARTESIAN_POINT ( 'NONE',  ( 0.0000000000000000000, 1.515773746656664800, 0.0000000000000000000 ) ) ;
#4434 = CONICAL_SURFACE ( 'NONE', #6288, 1.626868068670313400, 0.06498818447873883100 ) ;
#4435 = B_SPLINE_SURFACE_WITH_KNOTS ( 'NONE', 3, 1, ( 
 ( #2574, #1940 ),
 ( #5719, #1962 ),
 ( #6356, #2602 ),
 ( #6998, #3232 ),
 ( #7626, #3867 ),
 ( #100, #4484 ),
 ( #731, #5111 ),
 ( #1358, #5742 ),
 ( #1995, #6382 ),
 ( #2625, #7031 ),
 ( #3258, #7651 ),
 ( #3890, #135 ),
 ( #4507, #760 ),
 ( #5144, #1387 ),
 ( #5762, #2019 ),
 ( #6412, #2650 ),
 ( #7057, #3288 ) ),
 .UNSPECIFIED., .F., .F., .F.,
 ( 4, 1, 1, 1, 1, 1, 1, 1, 1, 1, 1, 1, 1, 1, 4 ),
 ( 2, 2 ),
 ( 0.0000000000000000000, 0.1441035435634658600, 0.2761786009736232300, 0.3377831700329926300, 0.3964407745023275100, 0.4523926041510087900, 0.5067378252617947800, 0.5606897102899925900, 0.6140754195253761400, 0.6700931912472054600, 0.7273890993988850800, 0.7881722683900420600, 0.8532470378085262900, 0.9238234350602584400, 1.000000000000000000 ),
 ( 0.0000000000000000000, 1.000000000000000000 ),
 .UNSPECIFIED. ) ;
#4436 = CARTESIAN_POINT ( 'NONE',  ( 0.02814250477153275700, 0.09207106781186547000, -0.08634899701590896500 ) ) ;
#4437 = CARTESIAN_POINT ( 'NONE',  ( -0.01513399205415392000, 0.09500000000000002900, 0.05837624446982417300 ) ) ;
#4438 = DIRECTION ( 'NONE',  ( 0.0000000000000000000, -1.000000000000000000, 0.0000000000000000000 ) ) ;
#4439 = VECTOR ( 'NONE', #7961, 39.37007874015748100 ) ;
#4440 = ORIENTED_EDGE ( 'NONE', *, *, #3151, .T. ) ;
#4441 = CARTESIAN_POINT ( 'NONE',  ( 0.07523249853693797500, 0.08999999999999999700, 0.07230301408259909300 ) ) ;
#4442 = VERTEX_POINT ( 'NONE', #3255 ) ;
#4443 = ADVANCED_FACE ( 'NONE', ( #7004 ), #1109, .T. ) ;
#4444 = CC_DESIGN_PERSON_AND_ORGANIZATION_ASSIGNMENT ( #4353, #2228, ( #3189 ) ) ;
#4445 = CARTESIAN_POINT ( 'NONE',  ( 0.0000000000000000000, 4.126014725754069800, 1.709407984202033800 ) ) ;
#4446 = ORIENTED_EDGE ( 'NONE', *, *, #3266, .T. ) ;
#4447 = CARTESIAN_POINT ( 'NONE',  ( -0.04251533752042462000, 0.09750000000000001700, 0.04837585070856766100 ) ) ;
#4448 = CARTESIAN_POINT ( 'NONE',  ( -0.1182179676972449200, 0.08999999999999999700, -0.06825317547305484500 ) ) ;
#4449 = TOROIDAL_SURFACE ( 'NONE', #7869, 0.05499999999999999300, 0.005000000000000000100 ) ;
#4450 = AXIS2_PLACEMENT_3D ( 'NONE', #3525, #7918, #4150 ) ;
#4451 = CARTESIAN_POINT ( 'NONE',  ( -0.09427938933168011900, 0.09807273439692061600, 0.07521299168718327500 ) ) ;
#4452 = CARTESIAN_POINT ( 'NONE',  ( -0.02811636983700825700, 0.09749999999999998900, 0.02338017804965773800 ) ) ;
#4453 = DIRECTION ( 'NONE',  ( 0.4999999999999911700, 0.0000000000000000000, 0.8660254037844438100 ) ) ;
#4454 = EDGE_CURVE ( 'NONE', #5107, #3432, #3663, .T. ) ;
#4455 = VECTOR ( 'NONE', #5314, 39.37007874015748100 ) ;
#4456 = CARTESIAN_POINT ( 'NONE',  ( -0.02286094093576355000, 0.09999999999999997800, 0.04565751566326207300 ) ) ;
#4457 = CARTESIAN_POINT ( 'NONE',  ( 0.0000000000000000000, 3.597389163888868900, 0.0000000000000000000 ) ) ;
#4458 = CIRCLE ( 'NONE', #2081, 0.004999999999999997500 ) ;
#4459 = DIRECTION ( 'NONE',  ( -0.0000000000000000000, 1.000000000000000000, -0.0000000000000000000 ) ) ;
#4460 = CARTESIAN_POINT ( 'NONE',  ( 0.003348001655159083900, 0.09999999999999999200, 0.06147001928931390000 ) ) ;
#4461 = CARTESIAN_POINT ( 'NONE',  ( 0.01809251526529155600, 0.09499999999999998700, 0.06182016250858177900 ) ) ;
#4462 = FACE_OUTER_BOUND ( 'NONE', #6474, .T. ) ;
#4463 = ORIENTED_EDGE ( 'NONE', *, *, #5766, .F. ) ;
#4464 = CIRCLE ( 'NONE', #5508, 1.506067111817897700 ) ;
#4465 = EDGE_CURVE ( 'NONE', #3335, #5763, #1983, .T. ) ;
#4466 = CARTESIAN_POINT ( 'NONE',  ( -0.03058001171835078900, 0.09500000000000001500, 0.004621585411343976300 ) ) ;
#4467 = DIRECTION ( 'NONE',  ( -1.000000000000000000, -0.0000000000000000000, -0.0000000000000000000 ) ) ;
#4468 = EDGE_CURVE ( 'NONE', #1004, #4155, #5119, .T. ) ;
#4469 = ORIENTED_EDGE ( 'NONE', *, *, #116, .F. ) ;
#4470 = CARTESIAN_POINT ( 'NONE',  ( 0.002646720075756709900, 0.09499999999999998700, 0.02711280193414599600 ) ) ;
#4471 = DIRECTION ( 'NONE',  ( 0.0000000000000000000, -1.000000000000000000, 0.0000000000000000000 ) ) ;
#4472 = CARTESIAN_POINT ( 'NONE',  ( -0.02391111463305786000, 0.09750000000000001700, -0.03171083987476194800 ) ) ;
#4473 = DIRECTION ( 'NONE',  ( 2.126576849575732500E-017, -0.9848077530122085800, 0.1736481776669271400 ) ) ;
#4474 = ORIENTED_EDGE ( 'NONE', *, *, #535, .F. ) ;
#4475 = DIRECTION ( 'NONE',  ( 0.0000000000000000000, 0.0000000000000000000, 1.000000000000000000 ) ) ;
#4476 = CARTESIAN_POINT ( 'NONE',  ( 0.003332950367647150900, 0.09750000000000000300, 0.06397058823529411200 ) ) ;
#4477 = CIRCLE ( 'NONE', #102, 1.479184804273083700 ) ;
#4478 = CARTESIAN_POINT ( 'NONE',  ( 0.04763139720814259200, 0.09499999999999998700, 0.1640063509461101300 ) ) ;
#4479 = ORIENTED_EDGE ( 'NONE', *, *, #1860, .F. ) ;
#4480 = ORIENTED_EDGE ( 'NONE', *, *, #4622, .F. ) ;
#4481 = DIRECTION ( 'NONE',  ( -0.0000000000000000000, 1.000000000000000000, -0.0000000000000000000 ) ) ;
#4482 = AXIS2_PLACEMENT_3D ( 'NONE', #2661, #7065, #3298 ) ;
#4483 = ADVANCED_FACE ( 'NONE', ( #1795 ), #907, .F. ) ;
#4484 = CARTESIAN_POINT ( 'NONE',  ( 0.01298467318558446100, 0.09750000000000000300, 0.003871501846406336400 ) ) ;
#4485 = CARTESIAN_POINT ( 'NONE',  ( 0.0000000000000000000, 4.750000000000000000, 0.0000000000000000000 ) ) ;
#4486 = CARTESIAN_POINT ( 'NONE',  ( 0.003879536808233248400, 0.09906153433277070700, 0.07738599214238343900 ) ) ;
#4487 = CARTESIAN_POINT ( 'NONE',  ( 0.01120277416202268400, 0.09500000000000001500, 0.07643554121842451000 ) ) ;
#4488 = AXIS2_PLACEMENT_3D ( 'NONE', #5673, #1920, #6315 ) ;
#4489 = CARTESIAN_POINT ( 'NONE',  ( 0.06072599255280034000, 0.09499999999999998700, 0.06854648110117317300 ) ) ;
#4490 = CARTESIAN_POINT ( 'NONE',  ( -0.09272599025004590900, 0.09999999999999999200, 0.01312085924745736400 ) ) ;
#4491 = VERTEX_POINT ( 'NONE', #7055 ) ;
#4492 = CARTESIAN_POINT ( 'NONE',  ( -0.01751552532158838100, 0.09499999999999997300, -0.03681137495827659100 ) ) ;
#4493 = VERTEX_POINT ( 'NONE', #7757 ) ;
#4494 = DIRECTION ( 'NONE',  ( 0.5000000000000078800, 0.0000000000000000000, -0.8660254037844341600 ) ) ;
#4495 = CARTESIAN_POINT ( 'NONE',  ( 0.02364997226021795700, 0.09749999999999998900, 0.01915327133383778300 ) ) ;
#4496 = CARTESIAN_POINT ( 'NONE',  ( 0.0000000000000000000, 0.0000000000000000000, 0.0000000000000000000 ) ) ;
#4497 = ORIENTED_EDGE ( 'NONE', *, *, #7942, .F. ) ;
#4498 = DIRECTION ( 'NONE',  ( -0.0000000000000000000, 1.000000000000000000, -0.0000000000000000000 ) ) ;
#4499 = CARTESIAN_POINT ( 'NONE',  ( 1.778557604011879500E-016, 1.471374438134798600, -1.452302496728183700 ) ) ;
#4500 = CARTESIAN_POINT ( 'NONE',  ( -0.02287212705457327900, 0.09499999999999995900, -0.04997953224127826800 ) ) ;
#4501 = CARTESIAN_POINT ( 'NONE',  ( -0.003141610124922970400, 0.09499999999999998700, 0.01426720872665651800 ) ) ;
#4502 = ORIENTED_EDGE ( 'NONE', *, *, #1310, .F. ) ;
#4503 = CARTESIAN_POINT ( 'NONE',  ( -0.09241025403784515500, 0.09792893218813451800, 0.07644709581221535700 ) ) ;
#4504 = AXIS2_PLACEMENT_3D ( 'NONE', #4733, #984, #5373 ) ;
#4505 = DIRECTION ( 'NONE',  ( -0.0000000000000000000, 1.000000000000000000, 0.0000000000000000000 ) ) ;
#4506 = DIRECTION ( 'NONE',  ( 0.0000000000000000000, 0.0000000000000000000, -1.000000000000000000 ) ) ;
#4507 = CARTESIAN_POINT ( 'NONE',  ( 0.001970181275707542400, 0.09500000000000001500, 0.01338547956099083600 ) ) ;
#4508 = VERTEX_POINT ( 'NONE', #157 ) ;
#4509 = CARTESIAN_POINT ( 'NONE',  ( 0.01536764705882362100, 0.09750000000000000300, -0.01093750000000000300 ) ) ;
#4510 = EDGE_CURVE ( 'NONE', #918, #3504, #7593, .T. ) ;
#4511 = B_SPLINE_CURVE_WITH_KNOTS ( 'NONE', 3,
 ( #2752, #6498, #3384, #7769, #4007, #249, #7460, #6311, #2548, #6943, #3175, #7572, #3807, #51, #4430, #674, #5059, #1306, #5691 ),
 .UNSPECIFIED., .F., .F.,
 ( 4, 3, 3, 3, 3, 3, 4 ),
 ( -6.855100299467160800E-006, 8.470329472543003400E-022, 7.219181185030577100E-006, 2.881757162197828900E-005, 5.040835960873154900E-005, 7.199561787271434100E-005, 9.358309817260868900E-005 ),
 .UNSPECIFIED. ) ;
#4512 = ORIENTED_EDGE ( 'NONE', *, *, #7223, .F. ) ;
#4513 = CARTESIAN_POINT ( 'NONE',  ( 0.09864832260714907800, 0.09500000000000001500, 0.08945080102337305000 ) ) ;
#4514 = CARTESIAN_POINT ( 'NONE',  ( 0.02619065349492519900, 0.09749999999999998900, 0.07249751350216295000 ) ) ;
#4515 = EDGE_CURVE ( 'NONE', #1796, #7581, #6600, .T. ) ;
#4516 = ORIENTED_EDGE ( 'NONE', *, *, #4560, .T. ) ;
#4517 = ORIENTED_EDGE ( 'NONE', *, *, #4055, .T. ) ;
#4518 = DIRECTION ( 'NONE',  ( 0.0000000000000000000, 0.0000000000000000000, 1.000000000000000000 ) ) ;
#4519 = DIRECTION ( 'NONE',  ( 7.953156139100103900E-018, 0.9978890110698350700, -0.06494244826048947700 ) ) ;
#4520 = DIRECTION ( 'NONE',  ( 1.000000000000000000, 0.0000000000000000000, 1.224646799147353200E-016 ) ) ;
#4521 = ADVANCED_FACE ( 'NONE', ( #3265 ), #322, .F. ) ;
#4522 = CARTESIAN_POINT ( 'NONE',  ( 0.03332362811563176900, 0.09499999999999995900, -0.001781722112014721000 ) ) ;
#4523 = FACE_OUTER_BOUND ( 'NONE', #1045, .T. ) ;
#4524 = DIRECTION ( 'NONE',  ( 1.000000000000000000, 0.0000000000000000000, -1.224646799147353200E-016 ) ) ;
#4525 = ORIENTED_EDGE ( 'NONE', *, *, #2000, .T. ) ;
#4526 = AXIS2_PLACEMENT_3D ( 'NONE', #3517, #7910, #4140 ) ;
#4527 = VERTEX_POINT ( 'NONE', #4050 ) ;
#4528 = CARTESIAN_POINT ( 'NONE',  ( -0.03755325510341017000, 0.09750000000000000300, -0.04043219685899016000 ) ) ;
#4529 = EDGE_CURVE ( 'NONE', #7005, #5016, #4924, .T. ) ;
#4530 = CARTESIAN_POINT ( 'NONE',  ( 0.01090537407644894200, 0.09749999999999996200, 0.06349500119571062400 ) ) ;
#4531 = CIRCLE ( 'NONE', #5964, 1.859375000000000700 ) ;
#4532 = ORIENTED_EDGE ( 'NONE', *, *, #3424, .F. ) ;
#4533 = CARTESIAN_POINT ( 'NONE',  ( -0.01849544380025683300, 0.09500000000000001500, 0.02462512583131449400 ) ) ;
#4534 = VECTOR ( 'NONE', #7173, 39.37007874015748100 ) ;
#4535 = CARTESIAN_POINT ( 'NONE',  ( 0.03073445784852601700, 0.09999999999999999200, 0.06622147656881220700 ) ) ;
#4536 = ORIENTED_EDGE ( 'NONE', *, *, #1996, .F. ) ;
#4537 = EDGE_LOOP ( 'NONE', ( #4712, #7997, #215, #94 ) ) ;
#4538 = CARTESIAN_POINT ( 'NONE',  ( -0.08075961894323387100, 0.09999999999999999200, 0.04662658773652670500 ) ) ;
#4539 = CARTESIAN_POINT ( 'NONE',  ( 0.01487025866583924700, 0.09750000000000001700, -0.01769564728754492700 ) ) ;
#4540 = CARTESIAN_POINT ( 'NONE',  ( -0.02700776483281893900, 0.09999999999999999200, 0.02113942037764444900 ) ) ;
#4541 = DIRECTION ( 'NONE',  ( 0.5144957554275223500, 0.0000000000000000000, 0.8574929257125467600 ) ) ;
#4542 = CARTESIAN_POINT ( 'NONE',  ( 0.02822561069636300700, 0.09499999999999998700, 0.06726613502736764100 ) ) ;
#4543 = CYLINDRICAL_SURFACE ( 'NONE', #1321, 0.004999999999999997500 ) ;
#4544 = CARTESIAN_POINT ( 'NONE',  ( -0.03025598016220720800, 0.09500000000000001500, -0.005649749105166490900 ) ) ;
#4545 = ORIENTED_EDGE ( 'NONE', *, *, #5178, .T. ) ;
#4546 = DIRECTION ( 'NONE',  ( 0.0000000000000000000, -1.000000000000000000, 0.0000000000000000000 ) ) ;
#4547 = CARTESIAN_POINT ( 'NONE',  ( -0.0008970669215180968200, 0.09750000000000003100, 0.06385135435603556100 ) ) ;
#4548 = FACE_OUTER_BOUND ( 'NONE', #3383, .T. ) ;
#4549 = CARTESIAN_POINT ( 'NONE',  ( 0.1182179676972455000, 0.09499999999999998700, -0.1132531754730543000 ) ) ;
#4550 = COORDINATED_UNIVERSAL_TIME_OFFSET ( 8, 0, .BEHIND. ) ;
#4551 =( BOUNDED_CURVE ( )  B_SPLINE_CURVE ( 3, ( #1383, #1988, #3284, #7674 ),
 .UNSPECIFIED., .F., .F. ) 
 B_SPLINE_CURVE_WITH_KNOTS ( ( 4, 4 ),
 ( 1.570796326794896600, 3.141592653589793100 ),
 .UNSPECIFIED. ) 
 CURVE ( )  GEOMETRIC_REPRESENTATION_ITEM ( )  RATIONAL_B_SPLINE_CURVE ( ( 1.000000000000000000, 0.8047378541243649400, 0.8047378541243649400, 1.000000000000000000 ) ) 
 REPRESENTATION_ITEM ( '' )  );
#4552 = CARTESIAN_POINT ( 'NONE',  ( 0.06072599255280034000, 0.09999999999999999200, 0.06854648110117317300 ) ) ;
#4553 = DIRECTION ( 'NONE',  ( -0.0000000000000000000, 1.000000000000000000, -0.0000000000000000000 ) ) ;
#4554 = CARTESIAN_POINT ( 'NONE',  ( 0.0000000000000000000, 1.469344986626658600, 0.0000000000000000000 ) ) ;
#4555 = CARTESIAN_POINT ( 'NONE',  ( -0.04729207208899215800, 0.09499999999999997300, -0.01656222521476435900 ) ) ;
#4556 = CIRCLE ( 'NONE', #6384, 0.03000000000000000600 ) ;
#4557 = CARTESIAN_POINT ( 'NONE',  ( -0.1658493649053890400, 0.09999999999999999200, -0.04075317547305484800 ) ) ;
#4558 = CIRCLE ( 'NONE', #6202, 0.006000000000000001000 ) ;
#4559 = B_SPLINE_SURFACE_WITH_KNOTS ( 'NONE', 3, 1, ( 
 ( #724, #1350 ),
 ( #1981, #6372 ),
 ( #2617, #7021 ),
 ( #3246, #7646 ),
 ( #3882, #122 ),
 ( #4500, #750 ),
 ( #5133, #1378 ),
 ( #5757, #2010 ),
 ( #6403, #2642 ),
 ( #7047, #3278 ),
 ( #7667, #3911 ),
 ( #151, #4528 ),
 ( #776, #5161 ),
 ( #1407, #5779 ),
 ( #2035, #6427 ),
 ( #2669, #7073 ),
 ( #3305, #7697 ),
 ( #3936, #176 ),
 ( #4555, #806 ),
 ( #5186, #1434 ),
 ( #5813, #2063 ),
 ( #6452, #2700 ),
 ( #7103, #3332 ) ),
 .UNSPECIFIED., .F., .F., .F.,
 ( 4, 1, 1, 1, 1, 1, 1, 1, 1, 1, 1, 1, 1, 1, 1, 1, 1, 1, 1, 1, 4 ),
 ( 2, 2 ),
 ( 0.0000000000000000000, 0.04640818290780109700, 0.09058724170542525900, 0.1320461325829041000, 0.1713852211974023500, 0.2093489726436371100, 0.2455478224183486900, 0.2814988301077783700, 0.3162453934314500300, 0.3510898444400724600, 0.3858853860287460000, 0.4209733615233251000, 0.4568718847260646600, 0.4938437863708168800, 0.5322677599110063900, 0.5716609250234128100, 0.6128179714307361300, 0.6999784837095822700, 0.7932530820683889600, 0.8932466212994777400, 1.000000000000000000 ),
 ( 0.0000000000000000000, 1.000000000000000000 ),
 .UNSPECIFIED. ) ;
#4560 = EDGE_CURVE ( 'NONE', #247, #6002, #6131, .T. ) ;
#4561 = CARTESIAN_POINT ( 'NONE',  ( -0.009439637521434141400, 0.09999999999999999200, -0.05184984695400759300 ) ) ;
#4562 = VERTEX_POINT ( 'NONE', #7813 ) ;
#4563 = ORIENTED_EDGE ( 'NONE', *, *, #3796, .T. ) ;
#4564 = CARTESIAN_POINT ( 'NONE',  ( 0.02813376806410424600, 0.09749999999999998900, 0.06237289043790888300 ) ) ;
#4565 = ADVANCED_FACE ( 'NONE', ( #6404 ), #124, .T. ) ;
#4566 = VERTEX_POINT ( 'NONE', #6572 ) ;
#4567 = CARTESIAN_POINT ( 'NONE',  ( 0.1571891108675448900, 0.08999999999999999700, -0.04575317547305413800 ) ) ;
#4568 = FACE_OUTER_BOUND ( 'NONE', #2284, .T. ) ;
#4569 = EDGE_CURVE ( 'NONE', #1796, #2653, #1594, .T. ) ;
#4570 = DIRECTION ( 'NONE',  ( 0.0000000000000000000, 0.0000000000000000000, -1.000000000000000000 ) ) ;
#4571 = CARTESIAN_POINT ( 'NONE',  ( -0.01315431215550480300, 0.09999999999999999200, 0.02859324763027022700 ) ) ;
#4572 = CARTESIAN_POINT ( 'NONE',  ( 0.0000000000000000000, 0.3105199513585676900, 1.376754282839549100 ) ) ;
#4573 = B_SPLINE_SURFACE_WITH_KNOTS ( 'NONE', 3, 1, ( 
 ( #6359, #2605 ),
 ( #3235, #7632 ),
 ( #3871, #105 ),
 ( #4487, #735 ),
 ( #5118, #1364 ),
 ( #5746, #1998 ),
 ( #6388, #2629 ),
 ( #7034, #3264 ),
 ( #7656, #3896 ),
 ( #138, #4514 ),
 ( #765, #5148 ),
 ( #1393, #5768 ),
 ( #2023, #6415 ),
 ( #2655, #7062 ),
 ( #3293, #7685 ),
 ( #3925, #163 ),
 ( #4542, #791 ),
 ( #5173, #1421 ),
 ( #5800, #2049 ) ),
 .UNSPECIFIED., .F., .F., .F.,
 ( 4, 1, 1, 1, 1, 1, 1, 1, 1, 1, 1, 1, 1, 1, 1, 1, 4 ),
 ( 2, 2 ),
 ( 0.0000000000000000000, 0.1222996202217020200, 0.2469142414899123100, 0.3683357881547269500, 0.4800866882521578900, 0.5802341842688519800, 0.6657678633308924400, 0.7313671237255758900, 0.7723163189686085300, 0.7995742738217425100, 0.8238669745477550400, 0.8475416356599451100, 0.8718914733540873400, 0.8975744927978919200, 0.9257516058658794600, 0.9595630455704234900, 1.000000000000000000 ),
 ( 0.0000000000000000000, 1.000000000000000000 ),
 .UNSPECIFIED. ) ;
#4574 = CARTESIAN_POINT ( 'NONE',  ( -0.02479946689963721100, 0.09750000000000000300, -0.02927826707562335800 ) ) ;
#4575 = EDGE_CURVE ( 'NONE', #5364, #5712, #8079, .T. ) ;
#4576 = CARTESIAN_POINT ( 'NONE',  ( 0.0000000000000000000, 0.2441743326527538400, 0.0000000000000000000 ) ) ;
#4577 = CIRCLE ( 'NONE', #1631, 1.944730339059328500 ) ;
#4578 = CARTESIAN_POINT ( 'NONE',  ( -0.02265338015933160800, 0.09499999999999998700, 0.05049752222449155300 ) ) ;
#4579 = EDGE_CURVE ( 'NONE', #5531, #5987, #7881, .T. ) ;
#4580 = EDGE_LOOP ( 'NONE', ( #7526, #4298, #1222, #6965 ) ) ;
#4581 = CARTESIAN_POINT ( 'NONE',  ( 1.926776150605016800E-016, 1.529220548491857700, -1.506067111817897700 ) ) ;
#4582 = CARTESIAN_POINT ( 'NONE',  ( -0.01999999999999999000, 0.09499999999999998700, -0.1132531754730548600 ) ) ;
#4583 = CIRCLE ( 'NONE', #6312, 1.889487621779129000 ) ;
#4584 = CARTESIAN_POINT ( 'NONE',  ( -0.01016119881275471700, 0.09750000000000003100, 0.01413529518814988400 ) ) ;
#4585 = ORIENTED_EDGE ( 'NONE', *, *, #4363, .T. ) ;
#4586 = ADVANCED_FACE ( 'NONE', ( #4731 ), #1202, .F. ) ;
#4587 = CARTESIAN_POINT ( 'NONE',  ( 0.0000000000000000000, 4.531250000000000000, 0.0000000000000000000 ) ) ;
#4588 = CARTESIAN_POINT ( 'NONE',  ( -0.02789814128021527600, 0.09999999999999999200, -0.004061225746188871900 ) ) ;
#4589 = AXIS2_PLACEMENT_3D ( 'NONE', #1990, #6378, #2624 ) ;
#4590 = CARTESIAN_POINT ( 'NONE',  ( 0.002165672053447660800, 0.1000000000000013100, -0.05086246999654459000 ) ) ;
#4591 = DIRECTION ( 'NONE',  ( 0.0000000000000000000, 0.0000000000000000000, 1.000000000000000000 ) ) ;
#4592 = CARTESIAN_POINT ( 'NONE',  ( 0.02639848586326713400, 0.09999999999999999200, 0.05713489367095037100 ) ) ;
#4593 = CARTESIAN_POINT ( 'NONE',  ( -0.02321833027046451400, 0.09999999999999997800, -0.05259219289534964500 ) ) ;
#4594 = ORIENTED_EDGE ( 'NONE', *, *, #7528, .F. ) ;
#4595 = VERTEX_POINT ( 'NONE', #1010 ) ;
#4596 = CARTESIAN_POINT ( 'NONE',  ( -0.02811636983700826000, 0.09999999999999999200, 0.02338017804965773400 ) ) ;
#4597 = CARTESIAN_POINT ( 'NONE',  ( -0.001830205976597229800, 0.09999999999999999200, 0.02720926255855487700 ) ) ;
#4598 = CARTESIAN_POINT ( 'NONE',  ( 0.09695396953252216600, 0.09370359062126552800, 0.09043275873166567400 ) ) ;
#4599 = ORIENTED_EDGE ( 'NONE', *, *, #7167, .F. ) ;
#4600 = AXIS2_PLACEMENT_3D ( 'NONE', #3932, #5208, #3326 ) ;
#4601 = CARTESIAN_POINT ( 'NONE',  ( -0.03018804950552027300, 0.09749999999999998900, 0.02780125202122445800 ) ) ;
#4603 = EDGE_LOOP ( 'NONE', ( #4367, #7970, #7852 ) ) ;
#4602 = ORIENTED_EDGE ( 'NONE', *, *, #6444, .T. ) ;
#4604 = EDGE_CURVE ( 'NONE', #111, #7770, #2883, .T. ) ;
#4605 = CARTESIAN_POINT ( 'NONE',  ( -0.01999999999999999000, 0.09499999999999998700, -0.1132531754730548600 ) ) ;
#4606 = ADVANCED_FACE ( 'NONE', ( #6215 ), #6017, .T. ) ;
#4607 = CARTESIAN_POINT ( 'NONE',  ( 1.647848301213395300E-016, 0.3125494028667080100, 1.345570251243616700 ) ) ;
#4608 = DIRECTION ( 'NONE',  ( 0.01681993148323164200, 0.0000000000000000000, -0.9998585349462689700 ) ) ;
#4609 = EDGE_CURVE ( 'NONE', #5081, #3707, #7686, .T. ) ;
#4610 = CARTESIAN_POINT ( 'NONE',  ( 0.02591859141750287000, 0.09500000000000002900, 0.01679040498847365900 ) ) ;
#4611 = CARTESIAN_POINT ( 'NONE',  ( -0.1019198718297002600, 0.08999999999999999700, 0.02997595463616085600 ) ) ;
#4612 = VECTOR ( 'NONE', #3339, 39.37007874015748900 ) ;
#4613 = CARTESIAN_POINT ( 'NONE',  ( -0.02459080796102146700, 0.1000000000000018900, -0.03084473417962857800 ) ) ;
#4614 = AXIS2_PLACEMENT_3D ( 'NONE', #2978, #7372, #3605 ) ;
#4615 = CARTESIAN_POINT ( 'NONE',  ( 0.02820220532042581900, 0.09999999999999999200, -0.03772704271700148800 ) ) ;
#4616 = CARTESIAN_POINT ( 'NONE',  ( 0.02553538602941185900, 0.09750000000000000300, 0.05960477941176470200 ) ) ;
#4617 = CARTESIAN_POINT ( 'NONE',  ( 0.01304698035486015700, 0.09999512408067191800, -0.01092801483643753900 ) ) ;
#4618 = CARTESIAN_POINT ( 'NONE',  ( -0.002033628562705709700, 0.09999999999999999200, 0.02970628604055313200 ) ) ;
#4619 = CARTESIAN_POINT ( 'NONE',  ( 0.0000000000000000000, 4.750000000000000000, 0.0000000000000000000 ) ) ;
#4620 = CIRCLE ( 'NONE', #7039, 0.03125000000000011100 ) ;
#4621 = DIRECTION ( 'NONE',  ( 0.5000000000000078800, 0.0000000000000000000, -0.8660254037844341600 ) ) ;
#4622 = EDGE_CURVE ( 'NONE', #5476, #1099, #6004, .T. ) ;
#4623 = CARTESIAN_POINT ( 'NONE',  ( -0.08892504071950638200, 0.09434550615857316400, 0.01886812191260491700 ) ) ;
#4624 = EDGE_LOOP ( 'NONE', ( #7854, #3008, #6756, #891, #6582, #7796, #4908, #6519, #6894, #5088, #6038 ) ) ;
#4625 = VERTEX_POINT ( 'NONE', #4151 ) ;
#4626 = VERTEX_POINT ( 'NONE', #5423 ) ;
#4627 = CARTESIAN_POINT ( 'NONE',  ( 0.09321449453075327000, 0.09045466218700093400, 0.08529930189618804800 ) ) ;
#4628 = CARTESIAN_POINT ( 'NONE',  ( 0.01317591869899868900, 0.09749999999999957300, 0.06309850278809164800 ) ) ;
#4629 = DIRECTION ( 'NONE',  ( -0.0000000000000000000, 1.000000000000000000, -0.0000000000000000000 ) ) ;
#4630 = ADVANCED_FACE ( 'NONE', ( #2671 ), #4337, .T. ) ;
#4631 = FACE_OUTER_BOUND ( 'NONE', #1025, .T. ) ;
#4632 = EDGE_CURVE ( 'NONE', #8122, #1449, #1012, .T. ) ;
#4633 = CIRCLE ( 'NONE', #7964, 0.005000000000000007900 ) ;
#4634 = CARTESIAN_POINT ( 'NONE',  ( 0.1117403810567663600, 0.09999999999999999200, 0.05296633369868356000 ) ) ;
#4635 = CARTESIAN_POINT ( 'NONE',  ( -0.01499999999999998400, 0.09499999999999998700, -0.09825317547305485700 ) ) ;
#4636 = CARTESIAN_POINT ( 'NONE',  ( 1.227487026096877400E-016, 0.01562500000000000000, 1.002319221306503700 ) ) ;
#4637 = FACE_OUTER_BOUND ( 'NONE', #6964, .T. ) ;
#4638 = CARTESIAN_POINT ( 'NONE',  ( -0.02237666775908250500, 0.09749999999999998900, 0.01071000541450990700 ) ) ;
#4639 = ORIENTED_EDGE ( 'NONE', *, *, #4253, .F. ) ;
#4640 = ORIENTED_EDGE ( 'NONE', *, *, #1933, .T. ) ;
#4641 = CARTESIAN_POINT ( 'NONE',  ( -0.01533413860854144200, 0.09749999999999996200, -0.03774958300929814200 ) ) ;
#4642 = CARTESIAN_POINT ( 'NONE',  ( 0.03370883413783486200, 0.09749999999999998900, -0.01186010588770058600 ) ) ;
#4643 = FACE_OUTER_BOUND ( 'NONE', #7058, .T. ) ;
#4644 = CARTESIAN_POINT ( 'NONE',  ( 0.02618749672039573000, 0.09749999999999998900, 0.05966261447987224200 ) ) ;
#4645 = CARTESIAN_POINT ( 'NONE',  ( 0.01481997160527941100, 0.09906130208654488600, -0.01093526180004946400 ) ) ;
#4646 = CARTESIAN_POINT ( 'NONE',  ( 0.03616672488689311900, 0.1000000000000000200, -0.004012631392920781000 ) ) ;
#4647 = ADVANCED_FACE ( 'NONE', ( #5801 ), #807, .F. ) ;
#4648 = ORIENTED_EDGE ( 'NONE', *, *, #5643, .F. ) ;
#4649 = DIRECTION ( 'NONE',  ( 0.0000000000000000000, 0.0000000000000000000, 1.000000000000000000 ) ) ;
#4650 = CARTESIAN_POINT ( 'NONE',  ( -0.09135948583384558000, 0.09112599222619020800, 0.01997821754033933500 ) ) ;
#4651 = AXIS2_PLACEMENT_3D ( 'NONE', #8040, #4277, #527 ) ;
#4652 = CARTESIAN_POINT ( 'NONE',  ( 0.04182136307699431400, 0.09999999999999999200, -0.02321655556046202700 ) ) ;
#4653 = CARTESIAN_POINT ( 'NONE',  ( 0.02275201124444436300, 0.09999999999999957500, 0.06020239975410210400 ) ) ;
#4654 = CARTESIAN_POINT ( 'NONE',  ( -0.1174102528864668600, 0.09207106781186547000, 0.03314582761723865200 ) ) ;
#4655 = FACE_OUTER_BOUND ( 'NONE', #107, .T. ) ;
#4656 = FACE_OUTER_BOUND ( 'NONE', #6857, .T. ) ;
#4657 = B_SPLINE_CURVE_WITH_KNOTS ( 'NONE', 3,
 ( #7874, #5996, #2886, #7277, #3513, #7900, #4128, #378, #4760, #1015, #5403, #1639, #6023, #2271, #6657, #2912, #7299, #3531, #7926 ),
 .UNSPECIFIED., .F., .F.,
 ( 4, 3, 3, 3, 3, 3, 4 ),
 ( 0.0000000000000000000, 2.131758571744678900E-005, 4.263502451292138400E-005, 6.395479914523053100E-005, 8.527960416003545700E-005, 9.167797147817402500E-005, 9.926099386766570600E-005 ),
 .UNSPECIFIED. ) ;
#4658 = CARTESIAN_POINT ( 'NONE',  ( -0.02599635491239222400, 0.09999999999999198400, 0.009154664662621474900 ) ) ;
#4659 = DIRECTION ( 'NONE',  ( 0.0000000000000000000, 0.0000000000000000000, -1.000000000000000000 ) ) ;
#4660 = FACE_OUTER_BOUND ( 'NONE', #3134, .T. ) ;
#4661 = ORIENTED_EDGE ( 'NONE', *, *, #8112, .F. ) ;
#4662 = VECTOR ( 'NONE', #8034, 39.37007874015748100 ) ;
#4663 = CARTESIAN_POINT ( 'NONE',  ( 0.1057404626379214500, 0.09630874078434206700, 0.04387904596556522300 ) ) ;
#4664 = B_SPLINE_CURVE_WITH_KNOTS ( 'NONE', 3,
 ( #7377, #4858, #6133, #2379, #6771, #3015, #7405, #3639, #8028, #4263, #507, #4888, #1140, #5527 ),
 .UNSPECIFIED., .F., .F.,
 ( 4, 2, 2, 2, 2, 2, 4 ),
 ( 0.0000000000000000000, 9.470471457177618700E-005, 0.0001420570718576642300, 0.0001894094291435522900, 0.0002841141437153280700, 0.0003788188582871038300, 0.0007576377165742067900 ),
 .UNSPECIFIED. ) ;
#4665 = AXIS2_PLACEMENT_3D ( 'NONE', #1772, #4892, #6171 ) ;
#4666 = CARTESIAN_POINT ( 'NONE',  ( -0.005971172286248278000, 0.09927975570212922700, 0.01361580098666703000 ) ) ;
#4667 = CARTESIAN_POINT ( 'NONE',  ( 0.0000000000000000000, 4.094653923129069300, 0.0000000000000000000 ) ) ;
#4668 = ADVANCED_FACE ( 'NONE', ( #4135 ), #3082, .F. ) ;
#4669 = DIRECTION ( 'NONE',  ( 0.0000000000000000000, 0.0000000000000000000, 1.000000000000000000 ) ) ;
#4670 = ORIENTED_EDGE ( 'NONE', *, *, #2536, .F. ) ;
#4671 = EDGE_CURVE ( 'NONE', #1638, #5772, #4531, .T. ) ;
#4672 = DIRECTION ( 'NONE',  ( 4.268512490100412400E-016, -0.0000000000000000000, 1.000000000000000000 ) ) ;
#4673 = CARTESIAN_POINT ( 'NONE',  ( 0.02824569118520260700, 0.09749999999999998900, 0.06461550162583229500 ) ) ;
#4674 = EDGE_LOOP ( 'NONE', ( #1914, #4823, #3854, #6726 ) ) ;
#4675 = CARTESIAN_POINT ( 'NONE',  ( 2.196710195970564700E-016, 4.406249999999999100, 1.793750000000000000 ) ) ;
#4676 = ORIENTED_EDGE ( 'NONE', *, *, #7302, .F. ) ;
#4677 = EDGE_CURVE ( 'NONE', #5164, #7933, #2480, .T. ) ;
#4678 = CARTESIAN_POINT ( 'NONE',  ( 0.0000000000000000000, 1.472389163888868900, 0.0000000000000000000 ) ) ;
#4679 = CIRCLE ( 'NONE', #7839, 0.05000000000000001000 ) ;
#4680 = EDGE_LOOP ( 'NONE', ( #3267, #5342, #7089, #1337 ) ) ;
#4681 = ORIENTED_EDGE ( 'NONE', *, *, #4044, .T. ) ;
#4682 = DIRECTION ( 'NONE',  ( -0.4853627795187343000, -0.0000000000000000000, -0.8743128571957800000 ) ) ;
#4683 = DIRECTION ( 'NONE',  ( -0.0000000000000000000, 1.000000000000000000, -0.0000000000000000000 ) ) ;
#4684 = CARTESIAN_POINT ( 'NONE',  ( -0.009726459442127664100, 0.09999999999999999200, 0.01166822512757562300 ) ) ;
#4685 = CARTESIAN_POINT ( 'NONE',  ( 0.1080801270189220600, 0.09499999999999998700, 0.03930607966083916900 ) ) ;
#4686 = ADVANCED_FACE ( 'NONE', ( #7298 ), #3949, .T. ) ;
#4687 = EDGE_CURVE ( 'NONE', #6824, #5183, #4664, .T. ) ;
#4688 = ORIENTED_EDGE ( 'NONE', *, *, #8044, .F. ) ;
#4689 = ORIENTED_EDGE ( 'NONE', *, *, #4677, .F. ) ;
#4690 = CARTESIAN_POINT ( 'NONE',  ( 0.0000000000000000000, 0.1156249999999999900, 0.0000000000000000000 ) ) ;
#4691 = CARTESIAN_POINT ( 'NONE',  ( 0.1182179676972452500, 0.09999999999999999200, -0.06825317547305430300 ) ) ;
#4692 = CARTESIAN_POINT ( 'NONE',  ( 0.1080801270189220600, 0.09499999999999998700, 0.03930607966083916900 ) ) ;
#4693 = ORIENTED_EDGE ( 'NONE', *, *, #1905, .F. ) ;
#4694 = DIRECTION ( 'NONE',  ( 0.8660254037844387100, 0.0000000000000000000, -0.4999999999999999400 ) ) ;
#4695 = ORIENTED_EDGE ( 'NONE', *, *, #7781, .T. ) ;
#4696 = CARTESIAN_POINT ( 'NONE',  ( -0.008953387458790739900, 0.09976801175365870900, -0.05325017540732927100 ) ) ;
#4697 = CARTESIAN_POINT ( 'NONE',  ( 0.0000000000000000000, 3.596374438134798600, 1.640597137737996400 ) ) ;
#4698 = DIRECTION ( 'NONE',  ( 0.0000000000000000000, 0.0000000000000000000, 1.000000000000000000 ) ) ;
#4699 = CARTESIAN_POINT ( 'NONE',  ( 0.01387764016874523800, 0.09750000000000000300, 0.001684985202067103500 ) ) ;
#4700 = AXIS2_PLACEMENT_3D ( 'NONE', #7323, #3551, #7949 ) ;
#4701 = DIRECTION ( 'NONE',  ( 0.0000000000000000000, 0.0000000000000000000, 1.000000000000000000 ) ) ;
#4702 = EDGE_LOOP ( 'NONE', ( #1120, #8065, #7746, #408 ) ) ;
#4703 = CARTESIAN_POINT ( 'NONE',  ( 0.02999999769724537000, 0.09500000000000001500, -0.09825317547305474600 ) ) ;
#4704 = CARTESIAN_POINT ( 'NONE',  ( -0.03495215509828968100, 0.09999999999999997800, 0.06414547753865187900 ) ) ;
#4705 = DIRECTION ( 'NONE',  ( 0.0000000000000000000, 0.0000000000000000000, -1.000000000000000000 ) ) ;
#4706 = ADVANCED_FACE ( 'NONE', ( #5615 ), #3752, .T. ) ;
#4707 = FACE_OUTER_BOUND ( 'NONE', #3387, .T. ) ;
#4708 = ORIENTED_EDGE ( 'NONE', *, *, #7432, .F. ) ;
#4709 = AXIS2_PLACEMENT_3D ( 'NONE', #66, #5705, #5098 ) ;
#4710 = PERSON_AND_ORGANIZATION_ROLE ( 'design_owner' ) ;
#4711 = LINE ( 'NONE', #7238, #3064 ) ;
#4712 = ORIENTED_EDGE ( 'NONE', *, *, #7432, .T. ) ;
#4713 = CARTESIAN_POINT ( 'NONE',  ( -0.1182179676972449200, 0.09499999999999998700, -0.09325317547305482500 ) ) ;
#4714 = ORIENTED_EDGE ( 'NONE', *, *, #2086, .F. ) ;
#4715 = CARTESIAN_POINT ( 'NONE',  ( 0.08741025518922114500, 0.09500000000000001500, 0.08510734785581698700 ) ) ;
#4716 = EDGE_CURVE ( 'NONE', #5294, #4251, #7104, .T. ) ;
#4717 = CARTESIAN_POINT ( 'NONE',  ( 0.0000000000000000000, 4.515940689107605300, 1.846875000000001800 ) ) ;
#4718 = CARTESIAN_POINT ( 'NONE',  ( 0.02899999769724551100, 0.09499999999999998700, -0.1306428581747729500 ) ) ;
#4719 = CARTESIAN_POINT ( 'NONE',  ( 0.09941987298107769800, 0.09499999999999998700, 0.03430607966083913700 ) ) ;
#4720 = ORIENTED_EDGE ( 'NONE', *, *, #7470, .T. ) ;
#4721 = CARTESIAN_POINT ( 'NONE',  ( 0.06070917262131711500, 0.09499999999999998700, 0.06754662256622691300 ) ) ;
#4722 = CIRCLE ( 'NONE', #3406, 1.506067111817897700 ) ;
#4723 = AXIS2_PLACEMENT_3D ( 'NONE', #6075, #2322, #6709 ) ;
#4724 = DIRECTION ( 'NONE',  ( 0.0000000000000000000, 0.0000000000000000000, -1.000000000000000000 ) ) ;
#4725 = ORIENTED_EDGE ( 'NONE', *, *, #2594, .F. ) ;
#4726 = CARTESIAN_POINT ( 'NONE',  ( 0.007698093558923726300, 0.09750000000000003100, 0.02649745576724829900 ) ) ;
#4727 = CARTESIAN_POINT ( 'NONE',  ( 0.09691987298107770900, 0.09499999999999998700, 0.03863620667976133000 ) ) ;
#4728 = ORIENTED_EDGE ( 'NONE', *, *, #4783, .T. ) ;
#4729 = ADVANCED_FACE ( 'NONE', ( #610 ), #5425, .F. ) ;
#4730 = CARTESIAN_POINT ( 'NONE',  ( 0.01798591815588714700, 0.09500000000000001500, 0.07532707214332382000 ) ) ;
#4731 = FACE_OUTER_BOUND ( 'NONE', #3498, .T. ) ;
#4732 = ORIENTED_EDGE ( 'NONE', *, *, #136, .T. ) ;
#4733 = CARTESIAN_POINT ( 'NONE',  ( 0.0000000000000000000, 4.094653923129069300, 1.754341190401034200 ) ) ;
#4734 = EDGE_CURVE ( 'NONE', #4192, #3413, #2080, .T. ) ;
#4735 = CARTESIAN_POINT ( 'NONE',  ( -0.1041654747960450800, 0.08999999999999999700, 0.03608645620482419500 ) ) ;
#4736 = DIRECTION ( 'NONE',  ( -0.8660254037844431500, 0.0000000000000000000, 0.4999999999999923400 ) ) ;
#4737 = VECTOR ( 'NONE', #3324, 39.37007874015748900 ) ;
#4738 = ORIENTED_EDGE ( 'NONE', *, *, #2263, .F. ) ;
#4739 = ORIENTED_EDGE ( 'NONE', *, *, #4677, .T. ) ;
#4740 = EDGE_CURVE ( 'NONE', #448, #3861, #37, .T. ) ;
#4741 = CARTESIAN_POINT ( 'NONE',  ( -0.007430588497752565900, 0.09999999999999999200, -0.03646968146563827500 ) ) ;
#4742 = DATE_TIME_ROLE ( 'classification_date' ) ;
#4743 = VECTOR ( 'NONE', #6783, 39.37007874015748100 ) ;
#4744 = VERTEX_POINT ( 'NONE', #2428 ) ;
#4745 = CARTESIAN_POINT ( 'NONE',  ( -0.02951349660916387600, 0.09999999999999495400, 0.03300448433821704500 ) ) ;
#4746 = CIRCLE ( 'NONE', #6337, 0.03125000000000011100 ) ;
#4747 = ADVANCED_FACE ( 'NONE', ( #6899 ), #5217, .T. ) ;
#4748 = CARTESIAN_POINT ( 'NONE',  ( 0.03499999769724550900, 0.09499999999999998700, -0.1296428581747729500 ) ) ;
#4749 = SHAPE_DEFINITION_REPRESENTATION ( #5789, #1891 ) ;
#4750 = AXIS2_PLACEMENT_3D ( 'NONE', #2411, #6807, #3050 ) ;
#4751 = DIRECTION ( 'NONE',  ( 1.000000000000000000, -0.0000000000000000000, 6.829619984160661400E-015 ) ) ;
#4752 = DIRECTION ( 'NONE',  ( 0.0000000000000000000, 0.0000000000000000000, 1.000000000000000000 ) ) ;
#4753 = CARTESIAN_POINT ( 'NONE',  ( 1.638280685623146500E-016, 0.03125000000000000000, 1.337757700231430900 ) ) ;
#4754 = SPHERICAL_SURFACE ( 'NONE', #5543, 0.005000000000000000100 ) ;
#4755 = CARTESIAN_POINT ( 'NONE',  ( 0.02823529411764715000, 0.09499999999999998700, 0.06612477022058822800 ) ) ;
#4756 = FACE_OUTER_BOUND ( 'NONE', #2795, .T. ) ;
#4757 = AXIS2_PLACEMENT_3D ( 'NONE', #1708, #4903, #533 ) ;
#4758 = CARTESIAN_POINT ( 'NONE',  ( -0.03060836352512651100, 0.09500000000000001500, 0.02358009667905182000 ) ) ;
#4759 = CARTESIAN_POINT ( 'NONE',  ( 0.009169045802400124400, 0.09999999999999999200, -0.1082531754730548200 ) ) ;
#4760 = CARTESIAN_POINT ( 'NONE',  ( 0.003338592169268849000, 0.09947124988072841800, 0.06303320186877328600 ) ) ;
#4761 = EDGE_CURVE ( 'NONE', #5712, #5364, #3554, .T. ) ;
#4762 = ORIENTED_EDGE ( 'NONE', *, *, #6161, .T. ) ;
#4763 = CIRCLE ( 'NONE', #7516, 0.03500000000000000300 ) ;
#4764 = CARTESIAN_POINT ( 'NONE',  ( 0.02598076211353175400, 0.09499999999999998700, 0.1515063509461099500 ) ) ;
#4765 = B_SPLINE_CURVE_WITH_KNOTS ( 'NONE', 3,
 ( #7102, #3331, #7722, #3961, #197, #4584, #833, #5213 ),
 .UNSPECIFIED., .F., .F.,
 ( 4, 2, 2, 4 ),
 ( 0.0000000000000000000, 0.0003186529297477426100, 0.0004779793946216139400, 0.0006373058594954852100 ),
 .UNSPECIFIED. ) ;
#4766 = CARTESIAN_POINT ( 'NONE',  ( -0.1182179676972449200, 0.09499999999999998700, -0.06825317547305484500 ) ) ;
#4767 = FACE_OUTER_BOUND ( 'NONE', #7070, .T. ) ;
#4769 = AXIS2_PLACEMENT_3D ( 'NONE', #3824, #74, #4453 ) ;
#4768 = CARTESIAN_POINT ( 'NONE',  ( -0.007437959558823433800, 0.09499999999999998700, -0.03897058823529412500 ) ) ;
#4770 = CARTESIAN_POINT ( 'NONE',  ( -0.02146491348842148600, 0.1000000000000000200, 0.04771162575332318200 ) ) ;
#4771 = CARTESIAN_POINT ( 'NONE',  ( -0.03060836352511143300, 0.09500000000000001500, 0.02358009667923973200 ) ) ;
#4772 = DIRECTION ( 'NONE',  ( -0.0000000000000000000, 1.000000000000000000, -0.0000000000000000000 ) ) ;
#4773 = EDGE_LOOP ( 'NONE', ( #4739, #6587, #6153, #3197 ) ) ;
#4774 = ORIENTED_EDGE ( 'NONE', *, *, #4579, .T. ) ;
#4775 = CARTESIAN_POINT ( 'NONE',  ( 0.03431050127845664000, 0.09999999999999999200, -0.02402943930964332500 ) ) ;
#4776 = CARTESIAN_POINT ( 'NONE',  ( 1.732297664851871900E-016, 0.3105199513585676900, -1.376754282839549100 ) ) ;
#4777 = EDGE_CURVE ( 'NONE', #1046, #6001, #410, .T. ) ;
#4778 = CARTESIAN_POINT ( 'NONE',  ( 0.01218144768990376600, 0.09999999999999996400, -0.01836878607536707200 ) ) ;
#4779 = CARTESIAN_POINT ( 'NONE',  ( 0.1182179676972454800, 0.09499999999999998700, -0.1132531754730543000 ) ) ;
#4780 = CARTESIAN_POINT ( 'NONE',  ( -0.009999999999999993300, 0.09999999999999999200, -0.1232531754730548500 ) ) ;
#4781 = DIRECTION ( 'NONE',  ( -0.0000000000000000000, 1.000000000000000000, -0.0000000000000000000 ) ) ;
#4782 = CARTESIAN_POINT ( 'NONE',  ( 0.02587706510044502200, 0.09999999999999999200, 0.07547044498258653800 ) ) ;
#4783 = EDGE_CURVE ( 'NONE', #5664, #7308, #218, .T. ) ;
#4784 = CARTESIAN_POINT ( 'NONE',  ( 0.02899999769724551100, 0.09999999999999999200, -0.1296428581747729500 ) ) ;
#4785 = CARTESIAN_POINT ( 'NONE',  ( -0.1008478082428810700, 0.09000000000000001100, 0.02597495886120715000 ) ) ;
#4786 = CARTESIAN_POINT ( 'NONE',  ( 0.02812224746173588500, 0.09434550615857317800, -0.08644540525196059400 ) ) ;
#4787 = ADVANCED_FACE ( 'NONE', ( #1883 ), #5018, .F. ) ;
#4788 = ORIENTED_EDGE ( 'NONE', *, *, #5887, .F. ) ;
#4789 = CARTESIAN_POINT ( 'NONE',  ( 0.01277134554520268000, 0.09999999999999996400, -0.01400134574467443300 ) ) ;
#4790 = ORIENTED_EDGE ( 'NONE', *, *, #5473, .F. ) ;
#4791 = EDGE_CURVE ( 'NONE', #5531, #5433, #6692, .T. ) ;
#4792 = VERTEX_POINT ( 'NONE', #5635 ) ;
#4793 = DIRECTION ( 'NONE',  ( 0.0000000000000000000, 0.0000000000000000000, 1.000000000000000000 ) ) ;
#4794 = CARTESIAN_POINT ( 'NONE',  ( 0.0004839020087597784100, 0.09499999999999998700, -0.03768746931087808800 ) ) ;
#4795 = CARTESIAN_POINT ( 'NONE',  ( -0.001231119733545123900, 0.09750000000000000300, 0.06381632184092056500 ) ) ;
#4797 = ORIENTED_EDGE ( 'NONE', *, *, #3745, .T. ) ;
#4796 = ORIENTED_EDGE ( 'NONE', *, *, #5461, .F. ) ;
#4798 = CARTESIAN_POINT ( 'NONE',  ( 0.01822451044528028100, 0.09999999999999996400, 0.05917824155140778000 ) ) ;
#4799 =( BOUNDED_SURFACE ( )  B_SPLINE_SURFACE ( 3, 2, ( 
 ( #9, #636, #5630 ),
 ( #5017, #1273, #5656 ),
 ( #1898, #6293, #2535 ),
 ( #6927, #3160, #7557 ),
 ( #3795, #36, #4413 ),
 ( #660, #5044, #1293 ),
 ( #5677, #1924, #6320 ),
 ( #2559, #6956, #3186 ),
 ( #7583, #3819, #64 ),
 ( #4441, #683, #5074 ) ),
 .UNSPECIFIED., .F., .F., .F. ) 
 B_SPLINE_SURFACE_WITH_KNOTS ( ( 4, 2, 2, 2, 4 ),
 ( 3, 3 ),
 ( 6.283185307179586200, 6.479534848028948500, 6.675884388878310800, 7.068583470577034500, 7.853981633974482800 ),
 ( 0.0000000000000000000, 1.000000000000000000 ),
 .UNSPECIFIED. ) 
 GEOMETRIC_REPRESENTATION_ITEM ( )  RATIONAL_B_SPLINE_SURFACE ( (
 ( 1.000000000000000000, 0.2669335818958136800, 1.000000000000000000),
 ( 1.000000000000000000, 0.2664983059056867900, 1.000000000000000000),
 ( 1.000000000000000000, 0.2908837794727878700, 1.000000000000000000),
 ( 1.000000000000000000, 0.3621149789005757600, 1.000000000000000000),
 ( 1.000000000000000000, 0.4080595304961209800, 1.000000000000000000),
 ( 1.000000000000000000, 0.5496729321925478700, 1.000000000000000000),
 ( 1.000000000000000000, 0.6488088780558860500, 1.000000000000000000),
 ( 1.000000000000000000, 0.8979780439267305300, 1.000000000000000000),
 ( 1.000000000000000000, 1.002561318331172100, 1.000000000000000000),
 ( 1.000000000000000000, 1.000000000000000000, 1.000000000000000000) ) ) 
 REPRESENTATION_ITEM ( '' )  SURFACE ( )  );
#4800 = CARTESIAN_POINT ( 'NONE',  ( 0.001591661028391143000, 0.09999999999999939500, 0.01351798103853342800 ) ) ;
#4801 = AXIS2_PLACEMENT_3D ( 'NONE', #1111, #4230, #1738 ) ;
#4802 = CARTESIAN_POINT ( 'NONE',  ( 0.008212450051519274600, 0.09749999999999998900, -0.03267816880560295300 ) ) ;
#4803 = CARTESIAN_POINT ( 'NONE',  ( 1.780839055762103000E-016, 1.500000000000000200, -1.454165443458467000 ) ) ;
#4804 = CARTESIAN_POINT ( 'NONE',  ( -0.01799666682988955800, 0.09807273439692081000, -0.1192548420581102000 ) ) ;
#4805 = DIRECTION ( 'NONE',  ( 0.0000000000000000000, 0.0000000000000000000, -1.000000000000000000 ) ) ;
#4806 = DIRECTION ( 'NONE',  ( 0.0000000000000000000, 0.0000000000000000000, -1.000000000000000000 ) ) ;
#4807 = FACE_OUTER_BOUND ( 'NONE', #6772, .T. ) ;
#4808 = VECTOR ( 'NONE', #7801, 39.37007874015748900 ) ;
#4809 = CARTESIAN_POINT ( 'NONE',  ( -0.05005583976519839600, 0.1000000000000000200, 0.02892562130696009500 ) ) ;
#4810 = CARTESIAN_POINT ( 'NONE',  ( -0.04232510442745769700, 0.09500000000000001500, 0.04742775584386784600 ) ) ;
#4811 = CARTESIAN_POINT ( 'NONE',  ( 0.02837809900465799000, 0.09112599222619029200, -0.08910874437896378100 ) ) ;
#4812 = VECTOR ( 'NONE', #7116, 39.37007874015748900 ) ;
#4813 = ORIENTED_EDGE ( 'NONE', *, *, #4191, .F. ) ;
#4814 = EDGE_LOOP ( 'NONE', ( #5303, #749, #3457, #8136 ) ) ;
#4815 = AXIS2_PLACEMENT_3D ( 'NONE', #4028, #5296, #2805 ) ;
#4816 = ORIENTED_EDGE ( 'NONE', *, *, #4104, .T. ) ;
#4817 = FACE_OUTER_BOUND ( 'NONE', #4993, .T. ) ;
#4818 = CARTESIAN_POINT ( 'NONE',  ( -0.04697233921550787000, 0.09500000000000002900, 0.03219381504889321600 ) ) ;
#4819 = CARTESIAN_POINT ( 'NONE',  ( 0.01123960777086434200, 0.09750000000000000300, -0.02814820890515898700 ) ) ;
#4820 = EDGE_CURVE ( 'NONE', #768, #87, #3364, .T. ) ;
#4821 = CONICAL_SURFACE ( 'NONE', #6010, 1.944730339059328500, 0.7853981633974422800 ) ;
#4822 = ADVANCED_FACE ( 'NONE', ( #4817 ), #1873, .T. ) ;
#4823 = ORIENTED_EDGE ( 'NONE', *, *, #7629, .F. ) ;
#4824 = CARTESIAN_POINT ( 'NONE',  ( -0.009999999999999981100, 0.09999999999999999200, -0.09325317547305486700 ) ) ;
#4825 = CARTESIAN_POINT ( 'NONE',  ( 0.008353929530807314300, 0.09999999999999999200, 0.006677008716673927600 ) ) ;
#4826 = VECTOR ( 'NONE', #4736, 39.37007874015748100 ) ;
#4827 = EDGE_CURVE ( 'NONE', #5012, #8122, #3161, .T. ) ;
#4828 = AXIS2_PLACEMENT_3D ( 'NONE', #3469, #7855, #4092 ) ;
#4829 = CARTESIAN_POINT ( 'NONE',  ( -0.004319415096964107800, 0.09999999999999995000, -0.03887241674890552800 ) ) ;
#4830 = CARTESIAN_POINT ( 'NONE',  ( 0.08924038220814328700, 0.09999999999999999200, 0.09193747487473921700 ) ) ;
#4831 = CARTESIAN_POINT ( 'NONE',  ( 0.0000000000000000000, 3.594344986626658100, 0.0000000000000000000 ) ) ;
#4832 = CYLINDRICAL_SURFACE ( 'NONE', #3701, 0.005000000000000005300 ) ;
#4833 = DIRECTION ( 'NONE',  ( 0.0000000000000000000, 0.0000000000000000000, 1.000000000000000000 ) ) ;
#4834 = CARTESIAN_POINT ( 'NONE',  ( -0.04008293705189196900, 0.1000000000000018800, 0.05239148011503893400 ) ) ;
#4835 = ORIENTED_EDGE ( 'NONE', *, *, #5262, .F. ) ;
#4836 = CARTESIAN_POINT ( 'NONE',  ( -0.009900335647490337100, 0.1000000000000000100, 0.01164491288361375000 ) ) ;
#4837 = CARTESIAN_POINT ( 'NONE',  ( -0.02911814019858773700, 0.09750000000000000300, 0.06610324365160143200 ) ) ;
#4838 = VECTOR ( 'NONE', #8100, 39.37007874015748900 ) ;
#4839 = CARTESIAN_POINT ( 'NONE',  ( 0.09100592196602913500, 0.09499999999999998700, 0.08598566275702290700 ) ) ;
#4840 = EDGE_CURVE ( 'NONE', #5609, #2238, #6496, .T. ) ;
#4841 = DIRECTION ( 'NONE',  ( 0.0000000000000000000, 0.0000000000000000000, -1.000000000000000000 ) ) ;
#4842 = ORIENTED_EDGE ( 'NONE', *, *, #258, .F. ) ;
#4843 = FACE_OUTER_BOUND ( 'NONE', #5120, .T. ) ;
#4844 = FACE_OUTER_BOUND ( 'NONE', #1326, .T. ) ;
#4845 = CARTESIAN_POINT ( 'NONE',  ( -0.01504052099490210500, 0.09500000000000002900, 0.07402531919360730300 ) ) ;
#4846 = AXIS2_PLACEMENT_3D ( 'NONE', #6570, #7841, #4074 ) ;
#4847 = DIRECTION ( 'NONE',  ( 0.0000000000000000000, 0.7071067811865516800, 0.7071067811865431300 ) ) ;
#4848 = CARTESIAN_POINT ( 'NONE',  ( 0.03072481961019512400, 0.09999999999999999200, 0.06736998361442125800 ) ) ;
#4849 = DIRECTION ( 'NONE',  ( 0.0000000000000000000, -1.000000000000000000, 0.0000000000000000000 ) ) ;
#4850 = ORIENTED_EDGE ( 'NONE', *, *, #2683, .T. ) ;
#4851 = AXIS2_PLACEMENT_3D ( 'NONE', #5715, #3828, #1960 ) ;
#4852 = CIRCLE ( 'NONE', #235, 0.03125000000000011100 ) ;
#4853 = EDGE_LOOP ( 'NONE', ( #1711, #5420, #288, #2916 ) ) ;
#4854 = CARTESIAN_POINT ( 'NONE',  ( -0.01514419083838327100, 0.09660427275112358500, -0.09839736631143790300 ) ) ;
#4855 = CARTESIAN_POINT ( 'NONE',  ( 0.01537238158756723900, 0.09749999999999998900, -0.01114361943171768500 ) ) ;
#4856 = LINE ( 'NONE', #3019, #4662 ) ;
#4857 = CARTESIAN_POINT ( 'NONE',  ( 0.0000000000000000000, 4.126014725754069800, 0.0000000000000000000 ) ) ;
#4858 = CARTESIAN_POINT ( 'NONE',  ( 0.02822470796663792400, 0.09749999999999998900, 0.06737253790998701300 ) ) ;
#4859 = DIRECTION ( 'NONE',  ( 1.000000000000000000, 0.0000000000000000000, 0.0000000000000000000 ) ) ;
#4860 = CC_DESIGN_DATE_AND_TIME_ASSIGNMENT ( #5822, #6613, ( #3189 ) ) ;
#4861 = CARTESIAN_POINT ( 'NONE',  ( -0.02349837471350194100, 0.09750000000000184900, 0.07025483753290713600 ) ) ;
#4862 = VECTOR ( 'NONE', #2652, 39.37007874015748900 ) ;
#4863 = EDGE_LOOP ( 'NONE', ( #6532, #5478, #4412, #6983 ) ) ;
#4864 = CARTESIAN_POINT ( 'NONE',  ( 1.666943013452629300E-016, 0.3115346771126377700, 1.361162267041582800 ) ) ;
#4865 = CARTESIAN_POINT ( 'NONE',  ( -0.001256910816043320600, 0.09500000000000004300, 0.07675208582921989900 ) ) ;
#4866 = CARTESIAN_POINT ( 'NONE',  ( 0.0008606188228990159200, 0.09749999999999998900, 0.06390089923386886600 ) ) ;
#4867 = ADVANCED_FACE ( 'NONE', ( #1690 ), #1294, .F. ) ;
#4868 = EDGE_LOOP ( 'NONE', ( #400, #2824, #3842, #3723 ) ) ;
#4869 = AXIS2_PLACEMENT_3D ( 'NONE', #371, #7270, #7894 ) ;
#4870 = PLANE ( 'NONE',  #7652 ) ;
#4871 = CARTESIAN_POINT ( 'NONE',  ( -0.07160898269724491600, 0.09499999999999998700, 0.01247595463616086300 ) ) ;
#4872 = CYLINDRICAL_SURFACE ( 'NONE', #7000, 0.005000000000000001800 ) ;
#4873 = ORIENTED_EDGE ( 'NONE', *, *, #3485, .F. ) ;
#4874 = EDGE_CURVE ( 'NONE', #2569, #768, #2973, .T. ) ;
#4875 = ORIENTED_EDGE ( 'NONE', *, *, #7492, .T. ) ;
#4876 = ORIENTED_EDGE ( 'NONE', *, *, #4884, .F. ) ;
#4877 = CARTESIAN_POINT ( 'NONE',  ( 0.01286675258378361600, 0.09999999999999999200, -0.01092727796459965800 ) ) ;
#4878 = DIRECTION ( 'NONE',  ( 4.662936703425656700E-015, -0.0000000000000000000, -1.000000000000000000 ) ) ;
#4879 = CARTESIAN_POINT ( 'NONE',  ( 0.02713478050532631300, 0.09749999999999980900, 0.07150448499545410100 ) ) ;
#4880 = CARTESIAN_POINT ( 'NONE',  ( -0.01926979413773164900, 0.09499999999999995900, 0.01193047250095300200 ) ) ;
#4881 = CARTESIAN_POINT ( 'NONE',  ( -0.01499999999999998400, 0.09499999999999998700, -0.1032531754730548600 ) ) ;
#4883 = VERTEX_POINT ( 'NONE', #5049 ) ;
#4882 = DIRECTION ( 'NONE',  ( -0.0000000000000000000, 1.000000000000000000, -0.0000000000000000000 ) ) ;
#4884 = EDGE_CURVE ( 'NONE', #7174, #969, #6310, .T. ) ;
#4885 = CARTESIAN_POINT ( 'NONE',  ( -0.1398686027918558900, 0.09499999999999998700, -0.05575317547305486100 ) ) ;
#4886 = CARTESIAN_POINT ( 'NONE',  ( -0.01999999999999998300, 0.09792893218813450400, -0.09825317547305484300 ) ) ;
#4887 = ORIENTED_EDGE ( 'NONE', *, *, #4138, .T. ) ;
#4888 = CARTESIAN_POINT ( 'NONE',  ( 0.01382536142722499100, 0.09749999999999992000, 0.07624024881732746600 ) ) ;
#4889 = EDGE_CURVE ( 'NONE', #8023, #111, #1492, .T. ) ;
#4890 = CARTESIAN_POINT ( 'NONE',  ( 0.004502455843923536800, 0.09999999999999999200, 0.07934905091761014500 ) ) ;
#4891 = EDGE_LOOP ( 'NONE', ( #4463, #77, #7597, #1572 ) ) ;
#4892 = DIRECTION ( 'NONE',  ( 0.8660254037844366000, 0.0000000000000000000, 0.5000000000000036600 ) ) ;
#4893 = CARTESIAN_POINT ( 'NONE',  ( 0.0000000000000000000, 0.2523140909808909700, 1.362242299768568600 ) ) ;
#4894 = AXIS2_PLACEMENT_3D ( 'NONE', #2633, #1368, #767 ) ;
#4895 = CARTESIAN_POINT ( 'NONE',  ( 0.03613255550747372000, 0.1000000000000003700, -0.009242574224592332500 ) ) ;
#4896 = B_SPLINE_CURVE_WITH_KNOTS ( 'NONE', 3,
 ( #8025, #4259, #1763, #6160, #2398, #6789, #3037, #7427, #3662, #8049, #4284, #534, #4904, #1161, #5549, #1794, #6185, #2422, #6822 ),
 .UNSPECIFIED., .F., .F.,
 ( 4, 3, 3, 3, 3, 3, 4 ),
 ( -8.405078723355571100E-006, -1.694065894508600700E-021, 5.653034588480976200E-006, 2.726223739490781300E-005, 4.886805423060036400E-005, 7.047229865594453800E-005, 9.207664197917076900E-005 ),
 .UNSPECIFIED. ) ;
#4897 = FACE_OUTER_BOUND ( 'NONE', #2761, .T. ) ;
#4898 = ORIENTED_EDGE ( 'NONE', *, *, #6913, .T. ) ;
#4899 = CARTESIAN_POINT ( 'NONE',  ( 0.07008974711353246900, 0.09500000000000001500, 0.07510734785581682500 ) ) ;
#4900 = CARTESIAN_POINT ( 'NONE',  ( 0.02497729951418569200, 0.09999999999999999200, 0.07313648802735291100 ) ) ;
#4901 = ADVANCED_FACE ( 'NONE', ( #4631 ), #7584, .T. ) ;
#4902 = CARTESIAN_POINT ( 'NONE',  ( -0.04688640734624947200, 0.09750000000000000300, -0.01943860225477995000 ) ) ;
#4903 = DIRECTION ( 'NONE',  ( -4.662936703425656700E-015, 0.0000000000000000000, 1.000000000000000000 ) ) ;
#4904 = CARTESIAN_POINT ( 'NONE',  ( -0.002037154329439897900, 0.09906154040654169300, 0.02775364101086723000 ) ) ;
#4905 = VECTOR ( 'NONE', #2705, 39.37007874015748100 ) ;
#4906 = CARTESIAN_POINT ( 'NONE',  ( -0.005973115808823432900, 0.09499999999999998700, 0.01433823529411764500 ) ) ;
#4908 = ORIENTED_EDGE ( 'NONE', *, *, #2359, .T. ) ;
#4907 = AXIS2_PLACEMENT_3D ( 'NONE', #3210, #7606, #3838 ) ;
#4909 = DIRECTION ( 'NONE',  ( -0.0000000000000000000, 1.000000000000000000, -0.0000000000000000000 ) ) ;
#4910 = EDGE_LOOP ( 'NONE', ( #7408, #5898 ) ) ;
#4911 = ORIENTED_EDGE ( 'NONE', *, *, #8063, .T. ) ;
#4912 = DIRECTION ( 'NONE',  ( 0.0000000000000000000, 0.0000000000000000000, -1.000000000000000000 ) ) ;
#4913 = CARTESIAN_POINT ( 'NONE',  ( 0.03128156438129883100, 0.09750000000000001700, -0.02523889961003360600 ) ) ;
#4914 = DIRECTION ( 'NONE',  ( 0.0000000000000000000, 0.0000000000000000000, -1.000000000000000000 ) ) ;
#4915 = CARTESIAN_POINT ( 'NONE',  ( -0.1272740074471990200, 0.09499999999999998700, 0.03884066896809777000 ) ) ;
#4916 = CYLINDRICAL_SURFACE ( 'NONE', #3552, 1.809375000000000200 ) ;
#4917 = DIRECTION ( 'NONE',  ( 0.0000000000000000000, 0.0000000000000000000, 1.000000000000000000 ) ) ;
#4918 = FACE_OUTER_BOUND ( 'NONE', #6659, .T. ) ;
#4919 = CARTESIAN_POINT ( 'NONE',  ( 0.05450069932811230800, 0.09999999999999999200, -0.03270041959686701600 ) ) ;
#4920 = DIRECTION ( 'NONE',  ( 1.000000000000000000, 0.0000000000000000000, 1.224646799147353200E-016 ) ) ;
#4921 = ORIENTED_EDGE ( 'NONE', *, *, #2374, .F. ) ;
#4922 = CARTESIAN_POINT ( 'NONE',  ( -0.01585786437626904300, 0.09999999999999999200, -0.1203242432849203200 ) ) ;
#4923 = DIRECTION ( 'NONE',  ( -0.0000000000000000000, 1.000000000000000000, -0.0000000000000000000 ) ) ;
#4925 = CARTESIAN_POINT ( 'NONE',  ( -0.04887979032020048400, 0.09749999999999998900, 0.001210585761078639900 ) ) ;
#4924 = CIRCLE ( 'NONE', #7814, 1.759375000000000100 ) ;
#4926 = ORIENTED_EDGE ( 'NONE', *, *, #6298, .F. ) ;
#4927 = AXIS2_PLACEMENT_3D ( 'NONE', #4082, #4105, #6603 ) ;
#4928 = ORIENTED_EDGE ( 'NONE', *, *, #828, .T. ) ;
#4929 = CIRCLE ( 'NONE', #5343, 1.316079436346121700 ) ;
#4930 = ORIENTED_EDGE ( 'NONE', *, *, #202, .F. ) ;
#4931 = ORIENTED_EDGE ( 'NONE', *, *, #4515, .F. ) ;
#4932 = CARTESIAN_POINT ( 'NONE',  ( 0.03398352965869579800, 0.09859144646804400600, -0.009242847177117092000 ) ) ;
#4933 = CARTESIAN_POINT ( 'NONE',  ( 0.02804199729680320600, 0.09370359062126554200, -0.1296790205065686800 ) ) ;
#4934 = CARTESIAN_POINT ( 'NONE',  ( -0.05014530494368930200, 0.09961972592832234200, 0.007907186631168098800 ) ) ;
#4935 = EDGE_CURVE ( 'NONE', #3045, #5671, #2780, .T. ) ;
#4936 = CARTESIAN_POINT ( 'NONE',  ( 0.01780492230635134100, 0.09999999999999999200, 0.07791754261003779000 ) ) ;
#4937 = DIRECTION ( 'NONE',  ( 0.0000000000000000000, 0.0000000000000000000, -1.000000000000000000 ) ) ;
#4938 = FACE_OUTER_BOUND ( 'NONE', #4039, .T. ) ;
#4939 = CARTESIAN_POINT ( 'NONE',  ( -0.0002650478559106664200, 0.09750000000000000300, 0.07676872432809031500 ) ) ;
#4940 = EDGE_CURVE ( 'NONE', #1683, #6156, #1102, .T. ) ;
#4941 = CARTESIAN_POINT ( 'NONE',  ( 0.0000000000000000000, 0.2468875854287995400, -1.331467057486937400 ) ) ;
#4942 = ORIENTED_EDGE ( 'NONE', *, *, #3147, .F. ) ;
#4943 = CARTESIAN_POINT ( 'NONE',  ( 0.01393956859797776200, 0.09500000000000001500, -0.04647128971233253900 ) ) ;
#4944 = FACE_OUTER_BOUND ( 'NONE', #3138, .T. ) ;
#4945 = DIRECTION ( 'NONE',  ( 0.5000000000000004400, 0.0000000000000000000, 0.8660254037844383700 ) ) ;
#4946 = DIRECTION ( 'NONE',  ( -3.414809992080330700E-015, 0.0000000000000000000, 1.000000000000000000 ) ) ;
#4947 = CARTESIAN_POINT ( 'NONE',  ( -0.01849544380025683300, 0.09500000000000001500, 0.02462512583131449400 ) ) ;
#4948 = AXIS2_PLACEMENT_3D ( 'NONE', #4358, #607, #4986 ) ;
#4949 = ADVANCED_FACE ( 'NONE', ( #5902 ), #5702, .T. ) ;
#4950 = CARTESIAN_POINT ( 'NONE',  ( 1.668265672074706700E-016, 0.2523140909808909700, -1.362242299768568600 ) ) ;
#4951 = CIRCLE ( 'NONE', #495, 0.01562499999999991800 ) ;
#4953 = EDGE_CURVE ( 'NONE', #7119, #2727, #2573, .T. ) ;
#4952 = CARTESIAN_POINT ( 'NONE',  ( 0.02553069650875527300, 0.09832598722354601900, 0.05946411822031096700 ) ) ;
#4954 = EDGE_LOOP ( 'NONE', ( #3785, #5027, #4049 ) ) ;
#4955 = CIRCLE ( 'NONE', #3253, 1.723157158805103100 ) ;
#4956 = CARTESIAN_POINT ( 'NONE',  ( -0.04063222355368685500, 0.1000000000000031600, -0.03626879866683582100 ) ) ;
#4957 = CARTESIAN_POINT ( 'NONE',  ( 0.02747704324358913800, 0.09999999999999999200, 0.05732762850371199400 ) ) ;
#4958 = CARTESIAN_POINT ( 'NONE',  ( 0.02631266977646827200, 0.08999999999999999700, -0.1189929191533141300 ) ) ;
#4959 = ORIENTED_EDGE ( 'NONE', *, *, #164, .T. ) ;
#4960 = TOROIDAL_SURFACE ( 'NONE', #196, 0.006000000000000000100, 0.005000000000000000100 ) ;
#4961 = CARTESIAN_POINT ( 'NONE',  ( -0.004643016908547847000, 0.09499999999999997300, -0.03890313868114533800 ) ) ;
#4962 = CARTESIAN_POINT ( 'NONE',  ( 0.03120578065250420600, 0.09749999999999946200, 0.007737980222891723500 ) ) ;
#4963 = CARTESIAN_POINT ( 'NONE',  ( 0.003630411893926365700, 0.09749999999999998900, 0.07684318007086338200 ) ) ;
#4964 = AXIS2_PLACEMENT_3D ( 'NONE', #6932, #3164, #7562 ) ;
#4965 = CARTESIAN_POINT ( 'NONE',  ( 0.1117403810567663600, 0.09999999999999999200, 0.05296633369868356000 ) ) ;
#4966 = CARTESIAN_POINT ( 'NONE',  ( -1.263479697069721800E-015, 0.08999999999999999700, 0.1365063509461096900 ) ) ;
#4967 = VECTOR ( 'NONE', #2987, 39.37007874015748900 ) ;
#4968 = CARTESIAN_POINT ( 'NONE',  ( -0.008960248161764612600, 0.09750000000000000300, -0.05183823529411765700 ) ) ;
#4969 = DIRECTION ( 'NONE',  ( -0.0000000000000000000, 1.000000000000000000, -0.0000000000000000000 ) ) ;
#4970 = ORIENTED_EDGE ( 'NONE', *, *, #2489, .F. ) ;
#4971 = CARTESIAN_POINT ( 'NONE',  ( -0.1275283605944680400, 0.09179111000738726700, 0.03990203792879776900 ) ) ;
#4972 = ORIENTED_EDGE ( 'NONE', *, *, #7327, .F. ) ;
#4973 = CARTESIAN_POINT ( 'NONE',  ( 0.0000000000000000000, 0.001064817928466515300, 0.0000000000000000000 ) ) ;
#4974 = CARTESIAN_POINT ( 'NONE',  ( -0.01292893218813451000, 0.1000000000000000100, -0.09911103984932391500 ) ) ;
#4975 = CIRCLE ( 'NONE', #2947, 1.337757700231430900 ) ;
#4976 = CARTESIAN_POINT ( 'NONE',  ( 0.09427675832117019000, 0.08999999999999999700, 0.09187761492096674400 ) ) ;
#4977 = CARTESIAN_POINT ( 'NONE',  ( 0.02545560892310837900, 0.09999812862252366300, 0.05721188179064748400 ) ) ;
#4978 = CARTESIAN_POINT ( 'NONE',  ( -0.02801032800460057800, 0.09999999999999996400, -0.05064243005076860000 ) ) ;
#4979 = EDGE_CURVE ( 'NONE', #5485, #1755, #4429, .T. ) ;
#4980 = DIRECTION ( 'NONE',  ( 7.953156139100003700E-018, 0.9978890110698353000, -0.06494244826048865800 ) ) ;
#4981 = ORIENTED_EDGE ( 'NONE', *, *, #7477, .F. ) ;
#4982 = EDGE_CURVE ( 'NONE', #642, #4442, #4046, .T. ) ;
#4983 = CARTESIAN_POINT ( 'NONE',  ( 0.01531350311580289800, 0.09499999999999998700, -0.01267571254290554400 ) ) ;
#4984 = CARTESIAN_POINT ( 'NONE',  ( 0.02309813865038638400, 0.09999999999999995000, 0.01968143543642020300 ) ) ;
#4985 = VERTEX_POINT ( 'NONE', #5130 ) ;
#4986 = DIRECTION ( 'NONE',  ( 0.0000000000000000000, 0.0000000000000000000, -1.000000000000000000 ) ) ;
#4987 = ADVANCED_FACE ( 'NONE', ( #2381 ), #7199, .F. ) ;
#4988 = CARTESIAN_POINT ( 'NONE',  ( -0.07575961894323396400, 0.09999999999999999200, 0.05528684177437110500 ) ) ;
#4989 = CARTESIAN_POINT ( 'NONE',  ( 0.02553538602941185900, 0.09499999999999998700, 0.05960477941176470200 ) ) ;
#4990 = EDGE_CURVE ( 'NONE', #6967, #5081, #5510, .T. ) ;
#4991 = CARTESIAN_POINT ( 'NONE',  ( 0.02411942477355835000, 0.09750000000000000300, 0.05975184905001824200 ) ) ;
#4992 = CARTESIAN_POINT ( 'NONE',  ( 0.0000000000000000000, 0.3125494028667080100, 0.0000000000000000000 ) ) ;
#4994 = ORIENTED_EDGE ( 'NONE', *, *, #7147, .F. ) ;
#4993 = EDGE_LOOP ( 'NONE', ( #4144, #4517, #985, #5939, #1550, #3043, #1373, #5720, #1381, #2997, #3358 ) ) ;
#4995 = DIRECTION ( 'NONE',  ( 0.0000000000000000000, 0.9978890110698353000, 0.06494244826048918600 ) ) ;
#4996 = B_SPLINE_CURVE_WITH_KNOTS ( 'NONE', 3,
 ( #7465, #1128, #8014, #3709, #8097, #4327, #576, #4957, #1209, #5590 ),
 .UNSPECIFIED., .F., .F.,
 ( 4, 2, 2, 2, 4 ),
 ( 1.300489502795731700E-012, 7.604567546478327600E-005, 0.0001520913496290770500, 0.0002281370237933708100, 0.0003041826979576646000 ),
 .UNSPECIFIED. ) ;
#4997 = CARTESIAN_POINT ( 'NONE',  ( -0.1160803743484353900, 0.08999999999999999700, 0.03719887785873472000 ) ) ;
#4998 = EDGE_CURVE ( 'NONE', #586, #3068, #7394, .T. ) ;
#4999 = CARTESIAN_POINT ( 'NONE',  ( 0.02744761656400166600, 0.09500000000000001500, 0.06047808937355282600 ) ) ;
#5000 = CARTESIAN_POINT ( 'NONE',  ( 0.0000000000000000000, 1.531250000000000200, 0.0000000000000000000 ) ) ;
#5001 = CARTESIAN_POINT ( 'NONE',  ( 0.08820909894203460300, 0.09999999999999999200, 0.03634905463885618900 ) ) ;
#5002 = CARTESIAN_POINT ( 'NONE',  ( -0.1267908273786822700, 0.09207106781186549800, 0.04070655290682848700 ) ) ;
#5003 = VECTOR ( 'NONE', #6912, 39.37007874015748100 ) ;
#5004 = CARTESIAN_POINT ( 'NONE',  ( -0.01203910655116852300, 0.09749999999999998900, -0.05179359182348370500 ) ) ;
#5005 = ORIENTED_EDGE ( 'NONE', *, *, #5262, .T. ) ;
#5006 = AXIS2_PLACEMENT_3D ( 'NONE', #3230, #7623, #3863 ) ;
#5007 = CARTESIAN_POINT ( 'NONE',  ( 0.0000000000000000000, 3.596374438134798600, 0.0000000000000000000 ) ) ;
#5008 = VECTOR ( 'NONE', #7709, 39.37007874015748900 ) ;
#5009 = DIRECTION ( 'NONE',  ( 0.0000000000000000000, 0.0000000000000000000, -1.000000000000000000 ) ) ;
#5010 = CARTESIAN_POINT ( 'NONE',  ( 0.01067136056818374100, 0.09999999999999999200, 0.02842668835848525400 ) ) ;
#5011 = VERTEX_POINT ( 'NONE', #5160 ) ;
#5012 = VERTEX_POINT ( 'NONE', #5776 ) ;
#5013 = CARTESIAN_POINT ( 'NONE',  ( 0.02595483068899795400, 0.09499999999999997300, -0.03583736725369033500 ) ) ;
#5014 = B_SPLINE_CURVE_WITH_KNOTS ( 'NONE', 3,
 ( #3737, #8125, #3131, #7530, #3761, #7, #4384, #634, #5013, #1270, #5654, #1895, #6291, #2529, #6923, #3157, #7554, #3793, #33 ),
 .UNSPECIFIED., .F., .F.,
 ( 4, 1, 1, 1, 1, 1, 1, 1, 1, 1, 1, 1, 1, 1, 1, 1, 4 ),
 ( 0.0000000000000000000, 0.06041499494517964900, 0.1199606212953486800, 0.1793323476604655200, 0.2390692761492911600, 0.2978783390267562000, 0.3560365980493775400, 0.4131930663213624300, 0.4711548130574401100, 0.5293743461412249200, 0.5888525716526538100, 0.6497656764029118300, 0.7133998201585688400, 0.7795221126008633500, 0.8485464507372212400, 0.9218154746768282300, 1.000000000000000000 ),
 .UNSPECIFIED. ) ;
#5015 = CARTESIAN_POINT ( 'NONE',  ( -0.08114236576565785100, 0.09751809353930862600, 0.06343938081827829600 ) ) ;
#5016 = VERTEX_POINT ( 'NONE', #2032 ) ;
#5017 = CARTESIAN_POINT ( 'NONE',  ( 0.06070917284658117900, 0.09467274965458337400, 0.06754662256243743100 ) ) ;
#5018 = TOROIDAL_SURFACE ( 'NONE', #4121, 1.743749999999999900, 0.01562500000000000000 ) ;
#5019 = AXIS2_PLACEMENT_3D ( 'NONE', #4605, #856, #5237 ) ;
#5020 = CARTESIAN_POINT ( 'NONE',  ( 0.004876562518231332100, 0.09499999999999998700, 0.06394566743947109600 ) ) ;
#5021 = CARTESIAN_POINT ( 'NONE',  ( 0.01807889340943184800, 0.09750000000000003100, -0.04424506863477022800 ) ) ;
#5022 = DIRECTION ( 'NONE',  ( -0.4999999999999919000, 0.0000000000000000000, -0.8660254037844431500 ) ) ;
#5023 = AXIS2_PLACEMENT_3D ( 'NONE', #3023, #7417, #3647 ) ;
#5024 = EDGE_CURVE ( 'NONE', #6069, #3590, #2178, .T. ) ;
#5025 = CARTESIAN_POINT ( 'NONE',  ( 0.01499999769724540700, 0.09207106781186547000, -0.1082531754730548200 ) ) ;
#5026 = VERTEX_POINT ( 'NONE', #7663 ) ;
#5027 = ORIENTED_EDGE ( 'NONE', *, *, #6672, .F. ) ;
#5028 = LINE ( 'NONE', #3460, #6503 ) ;
#5029 = CARTESIAN_POINT ( 'NONE',  ( 0.0000000000000000000, 4.750000000000000000, 1.859375000000000700 ) ) ;
#5030 = EDGE_CURVE ( 'NONE', #7404, #3757, #3846, .T. ) ;
#5031 = CARTESIAN_POINT ( 'NONE',  ( 0.09281490991116662900, 0.09504702702197519200, 0.03607587418145914000 ) ) ;
#5032 = FACE_OUTER_BOUND ( 'NONE', #1946, .T. ) ;
#5033 = CARTESIAN_POINT ( 'NONE',  ( -0.1122675014630613600, 0.08999999999999999700, 0.03595016139045642500 ) ) ;
#5034 = CARTESIAN_POINT ( 'NONE',  ( -0.02700776482922262800, 0.09749999999999998900, 0.02113942037942371000 ) ) ;
#5035 = ORIENTED_EDGE ( 'NONE', *, *, #6465, .T. ) ;
#5036 = AXIS2_PLACEMENT_3D ( 'NONE', #1624, #4142, #1650 ) ;
#5037 = CIRCLE ( 'NONE', #2399, 1.316079436346121700 ) ;
#5038 = CARTESIAN_POINT ( 'NONE',  ( -0.01023459646927649600, 0.09500000000000001500, -0.05181975723373019600 ) ) ;
#5039 = DIRECTION ( 'NONE',  ( -0.0000000000000000000, 1.000000000000000000, -0.0000000000000000000 ) ) ;
#5040 = ORIENTED_EDGE ( 'NONE', *, *, #2222, .T. ) ;
#5041 = EDGE_CURVE ( 'NONE', #597, #3643, #5327, .T. ) ;
#5042 = DIRECTION ( 'NONE',  ( 0.0000000000000000000, 0.0000000000000000000, -1.000000000000000000 ) ) ;
#5043 = FACE_OUTER_BOUND ( 'NONE', #7777, .T. ) ;
#5044 = CARTESIAN_POINT ( 'NONE',  ( 0.06172770079998660100, 0.09137320342436076900, 0.06880587851033821700 ) ) ;
#5045 = CYLINDRICAL_SURFACE ( 'NONE', #6454, 0.004999999999999993200 ) ;
#5046 = EDGE_CURVE ( 'NONE', #5809, #7891, #6997, .T. ) ;
#5047 = PLANE ( 'NONE',  #3812 ) ;
#5048 = CARTESIAN_POINT ( 'NONE',  ( -0.01499999999999998900, 0.09792893218813450400, -0.1132531754730548600 ) ) ;
#5049 = CARTESIAN_POINT ( 'NONE',  ( 2.215845302207242300E-016, 4.470012756430420200, -1.809375000000000200 ) ) ;
#5050 = DIRECTION ( 'NONE',  ( -0.0000000000000000000, 1.000000000000000000, -0.0000000000000000000 ) ) ;
#5051 = ORIENTED_EDGE ( 'NONE', *, *, #1950, .T. ) ;
#5052 = CARTESIAN_POINT ( 'NONE',  ( -0.01017074373708037500, 0.09749999999999996200, -0.03888851187224133500 ) ) ;
#5053 = LINE ( 'NONE', #3286, #56 ) ;
#5054 = EDGE_LOOP ( 'NONE', ( #1428, #1684, #8043, #841 ) ) ;
#5055 = VECTOR ( 'NONE', #4268, 39.37007874015748100 ) ;
#5056 = CARTESIAN_POINT ( 'NONE',  ( 0.02792892988537985400, 0.08999999999999999700, -0.09284526232901048300 ) ) ;
#5057 = CARTESIAN_POINT ( 'NONE',  ( 0.1055801270189220100, 0.09792893218813450400, 0.04363620667976134100 ) ) ;
#5058 = CARTESIAN_POINT ( 'NONE',  ( 7.677946752979464500E-017, 0.1156249999999999800, 0.6208858594503941000 ) ) ;
#5059 = CARTESIAN_POINT ( 'NONE',  ( -0.007437817142547578100, 0.09806332390529758100, -0.03892228657372400600 ) ) ;
#5060 = FACE_OUTER_BOUND ( 'NONE', #2151, .T. ) ;
#5061 = ORIENTED_EDGE ( 'NONE', *, *, #7123, .T. ) ;
#5062 = ORIENTED_EDGE ( 'NONE', *, *, #4404, .F. ) ;
#5063 = CARTESIAN_POINT ( 'NONE',  ( -0.04229914833125225000, 0.09499999999999997300, -0.03288922600126495400 ) ) ;
#5064 = DIRECTION ( 'NONE',  ( 0.0000000000000000000, 0.0000000000000000000, -1.000000000000000000 ) ) ;
#5065 = AXIS2_PLACEMENT_3D ( 'NONE', #2060, #6448, #2697 ) ;
#5066 = CARTESIAN_POINT ( 'NONE',  ( -0.02042554274457940600, 0.09499999999999998700, 0.05342116848811089700 ) ) ;
#5067 = DIRECTION ( 'NONE',  ( -0.0000000000000000000, 1.000000000000000000, -0.0000000000000000000 ) ) ;
#5068 = TOROIDAL_SURFACE ( 'NONE', #6151, 0.006000000000000000100, 0.005000000000000000100 ) ;
#5069 = DIRECTION ( 'NONE',  ( 1.000000000000000000, 0.0000000000000000000, 0.0000000000000000000 ) ) ;
#5070 = ORIENTED_EDGE ( 'NONE', *, *, #6, .F. ) ;
#5071 = ORIENTED_EDGE ( 'NONE', *, *, #4604, .F. ) ;
#5072 = AXIS2_PLACEMENT_3D ( 'NONE', #6759, #1129, #491 ) ;
#5073 = ORIENTED_EDGE ( 'NONE', *, *, #3833, .F. ) ;
#5074 = CARTESIAN_POINT ( 'NONE',  ( 0.07523249853693797500, 0.08999999999999999700, 0.07230301408259909300 ) ) ;
#5075 = DIRECTION ( 'NONE',  ( 0.0000000000000000000, 0.9978890110698353000, 0.06494244826048865800 ) ) ;
#5076 = DIRECTION ( 'NONE',  ( 0.0000000000000000000, -1.000000000000000000, 0.0000000000000000000 ) ) ;
#5077 = CARTESIAN_POINT ( 'NONE',  ( -0.04758976624086182200, 0.09750000000000003100, 0.02846577778157755700 ) ) ;
#5078 = DIRECTION ( 'NONE',  ( 0.0000000000000000000, 0.0000000000000000000, -1.000000000000000000 ) ) ;
#5079 = CARTESIAN_POINT ( 'NONE',  ( -0.09456784740569644500, 0.09589636361097790600, 0.07220871637386036500 ) ) ;
#5080 = DIRECTION ( 'NONE',  ( 0.4434420031142505300, 0.0000000000000000000, -0.8963030680936113800 ) ) ;
#5081 = VERTEX_POINT ( 'NONE', #2699 ) ;
#5082 = ORIENTED_EDGE ( 'NONE', *, *, #6316, .F. ) ;
#5083 = AXIS2_PLACEMENT_3D ( 'NONE', #3076, #5533, #1335 ) ;
#5084 = CARTESIAN_POINT ( 'NONE',  ( 0.0000000000000000000, 4.714644660940672700, 1.944730339059328500 ) ) ;
#5085 = CARTESIAN_POINT ( 'NONE',  ( -0.02705250482778877300, 0.1000000000000000100, 0.03249364530030197200 ) ) ;
#5086 = DIRECTION ( 'NONE',  ( 0.0000000000000000000, 0.0000000000000000000, 1.000000000000000000 ) ) ;
#5087 = DIRECTION ( 'NONE',  ( 1.000000000000000000, 0.0000000000000000000, 1.224646799147353200E-016 ) ) ;
#5088 = ORIENTED_EDGE ( 'NONE', *, *, #3005, .T. ) ;
#5089 = EDGE_CURVE ( 'NONE', #6646, #4220, #3655, .T. ) ;
#5090 = CARTESIAN_POINT ( 'NONE',  ( 0.003882603766798479800, 0.09999999999999999200, 0.07933865290044488100 ) ) ;
#5091 = CARTESIAN_POINT ( 'NONE',  ( 0.01178254397294185700, 0.09499999999999997300, 0.06335476476162385500 ) ) ;
#5092 = EDGE_CURVE ( 'NONE', #4107, #6267, #311, .T. ) ;
#5093 = CARTESIAN_POINT ( 'NONE',  ( -0.03052986163123741100, 0.09500000000000001500, -0.0004692181518646713700 ) ) ;
#5094 = ADVANCED_FACE ( 'NONE', ( #115 ), #4916, .F. ) ;
#5095 = TOROIDAL_SURFACE ( 'NONE', #1774, 1.345570251243616700, 0.03125000000000000000 ) ;
#5096 = CARTESIAN_POINT ( 'NONE',  ( 0.007075360878136811700, 0.09499999999999998700, 0.02661195167276141400 ) ) ;
#5097 = VERTEX_POINT ( 'NONE', #3987 ) ;
#5098 = DIRECTION ( 'NONE',  ( 0.0000000000000000000, 0.0000000000000000000, -1.000000000000000000 ) ) ;
#5099 = CARTESIAN_POINT ( 'NONE',  ( -0.02873400239124187700, 0.09750000000000000300, -0.01847520175590123400 ) ) ;
#5100 = DIRECTION ( 'NONE',  ( -0.5000000000000078800, 0.0000000000000000000, 0.8660254037844341600 ) ) ;
#5101 = AXIS2_PLACEMENT_3D ( 'NONE', #4452, #692, #5080 ) ;
#5102 = DIRECTION ( 'NONE',  ( -4.662936703425656700E-015, 0.0000000000000000000, 1.000000000000000000 ) ) ;
#5103 = EDGE_CURVE ( 'NONE', #5097, #1410, #1784, .T. ) ;
#5104 = CARTESIAN_POINT ( 'NONE',  ( 0.01455208906386936200, 0.09499999999999997300, -0.001344013312341522700 ) ) ;
#5105 = VECTOR ( 'NONE', #178, 39.37007874015748100 ) ;
#5106 = ORIENTED_EDGE ( 'NONE', *, *, #3685, .T. ) ;
#5107 = VERTEX_POINT ( 'NONE', #5240 ) ;
#5108 = ORIENTED_EDGE ( 'NONE', *, *, #5215, .F. ) ;
#5109 = DIRECTION ( 'NONE',  ( 0.8660254037844338200, 0.0000000000000000000, 0.5000000000000083300 ) ) ;
#5110 = CARTESIAN_POINT ( 'NONE',  ( 0.0000000000000000000, 4.725693204396712600, 0.0000000000000000000 ) ) ;
#5111 = CARTESIAN_POINT ( 'NONE',  ( 0.01199079830203067300, 0.09750000000000007300, 0.005779380319523964300 ) ) ;
#5112 = FACE_OUTER_BOUND ( 'NONE', #6766, .T. ) ;
#5113 = DIRECTION ( 'NONE',  ( -0.0000000000000000000, 1.000000000000000000, -0.0000000000000000000 ) ) ;
#5114 = B_SPLINE_CURVE_WITH_KNOTS ( 'NONE', 3,
 ( #4476, #7668, #153, #4530, #777, #5162, #1409, #5781, #2036, #6428, #2670, #7075 ),
 .UNSPECIFIED., .F., .F.,
 ( 4, 2, 2, 2, 2, 4 ),
 ( 0.0000000000000000000, 0.0001445250796786614600, 0.0002890501593573229200, 0.0004335752390359843700, 0.0005058377788753151300, 0.0005781003187146458300 ),
 .UNSPECIFIED. ) ;
#5115 = VERTEX_POINT ( 'NONE', #228 ) ;
#5116 = AXIS2_PLACEMENT_3D ( 'NONE', #7974, #2958, #1066 ) ;
#5117 = CARTESIAN_POINT ( 'NONE',  ( 0.003879043255958644000, 0.09859141131583180900, 0.07707175895725514000 ) ) ;
#5118 = CARTESIAN_POINT ( 'NONE',  ( 0.01473347117807056800, 0.09499999999999995900, 0.07597210256335172600 ) ) ;
#5119 = CIRCLE ( 'NONE', #6547, 1.368532942513062800 ) ;
#5120 = EDGE_LOOP ( 'NONE', ( #994, #7329, #2444, #7834 ) ) ;
#5121 = DIRECTION ( 'NONE',  ( 0.0000000000000000000, 0.0000000000000000000, 1.000000000000000000 ) ) ;
#5122 = CARTESIAN_POINT ( 'NONE',  ( 0.0000000000000000000, 4.470012756430420200, 0.0000000000000000000 ) ) ;
#5123 = CARTESIAN_POINT ( 'NONE',  ( -0.01279372346576762200, 0.09500000000000002900, -0.03847907399801647100 ) ) ;
#5124 = ORIENTED_EDGE ( 'NONE', *, *, #4820, .T. ) ;
#5125 = CIRCLE ( 'NONE', #6177, 0.005000000000000001800 ) ;
#5126 = ORIENTED_EDGE ( 'NONE', *, *, #6892, .T. ) ;
#5127 = ORIENTED_EDGE ( 'NONE', *, *, #2955, .F. ) ;
#5128 = CARTESIAN_POINT ( 'NONE',  ( 0.02591859141750287000, 0.09750000000000003100, 0.01679040498847365900 ) ) ;
#5129 = DIRECTION ( 'NONE',  ( 0.0000000000000000000, 0.0000000000000000000, -1.000000000000000000 ) ) ;
#5130 = CARTESIAN_POINT ( 'NONE',  ( -0.007430588497752565900, 0.09999999999999999200, -0.03646968146563827500 ) ) ;
#5131 = AXIS2_PLACEMENT_3D ( 'NONE', #4496, #745, #5129 ) ;
#5132 = CARTESIAN_POINT ( 'NONE',  ( 0.0000000000000000000, 4.094653923129069300, 0.0000000000000000000 ) ) ;
#5133 = CARTESIAN_POINT ( 'NONE',  ( -0.02578982245958679300, 0.09499999999999998700, -0.04887457452220445700 ) ) ;
#5134 = LINE ( 'NONE', #3603, #6614 ) ;
#5135 = CARTESIAN_POINT ( 'NONE',  ( -0.005973115808823432900, 0.09499999999999998700, 0.01433823529411764500 ) ) ;
#5136 = VERTEX_POINT ( 'NONE', #2758 ) ;
#5137 = EDGE_CURVE ( 'NONE', #1591, #4309, #3257, .T. ) ;
#5138 = DIRECTION ( 'NONE',  ( -4.268512490100412900E-016, 0.0000000000000000000, -1.000000000000000000 ) ) ;
#5139 = FACE_OUTER_BOUND ( 'NONE', #4624, .T. ) ;
#5140 = DIRECTION ( 'NONE',  ( -0.0000000000000000000, 1.000000000000000000, 0.0000000000000000000 ) ) ;
#5141 = CARTESIAN_POINT ( 'NONE',  ( 0.02823458082921439000, 0.09999999999999999200, 0.06619667962711346700 ) ) ;
#5142 = ORIENTED_EDGE ( 'NONE', *, *, #2702, .F. ) ;
#5143 = ADVANCED_FACE ( 'NONE', ( #6593 ), #6725, .T. ) ;
#5144 = CARTESIAN_POINT ( 'NONE',  ( -0.0004600600896609105700, 0.09499999999999998700, 0.01397429987681226400 ) ) ;
#5145 = CARTESIAN_POINT ( 'NONE',  ( 0.01531472314078112500, 0.09750000000000003100, -0.01263654541540239900 ) ) ;
#5146 = CARTESIAN_POINT ( 'NONE',  ( 0.04330127018922042700, 0.09499999999999998700, 0.1615063509461101000 ) ) ;
#5147 = CARTESIAN_POINT ( 'NONE',  ( 0.08726750376581571300, 0.08999999999999999700, 0.07925142759119033200 ) ) ;
#5148 = CARTESIAN_POINT ( 'NONE',  ( 0.02689708627179778600, 0.09749999999999998900, 0.07188805762962752200 ) ) ;
#5149 = CIRCLE ( 'NONE', #80, 0.6208858594503941000 ) ;
#5150 = CIRCLE ( 'NONE', #4091, 0.01562499999999991800 ) ;
#5151 = EDGE_CURVE ( 'NONE', #20, #6473, #3848, .T. ) ;
#5152 = CARTESIAN_POINT ( 'NONE',  ( 0.0000000000000000000, 0.2824317469239011600, 1.353906275506262300 ) ) ;
#5153 = DIRECTION ( 'NONE',  ( 0.0000000000000000000, -1.000000000000000000, 0.0000000000000000000 ) ) ;
#5154 = EDGE_CURVE ( 'NONE', #431, #7581, #5512, .T. ) ;
#5155 = ORIENTED_EDGE ( 'NONE', *, *, #3594, .F. ) ;
#5156 =( BOUNDED_CURVE ( )  B_SPLINE_CURVE ( 3, ( #2425, #6188, #6825, #3069 ),
 .UNSPECIFIED., .F., .F. ) 
 B_SPLINE_CURVE_WITH_KNOTS ( ( 4, 4 ),
 ( 1.570796326794899200, 3.141592653589796200 ),
 .UNSPECIFIED. ) 
 CURVE ( )  GEOMETRIC_REPRESENTATION_ITEM ( )  RATIONAL_B_SPLINE_CURVE ( ( 1.000000000000000000, 0.8047378541243649400, 0.8047378541243649400, 1.000000000000000000 ) ) 
 REPRESENTATION_ITEM ( '' )  );
#5157 = CARTESIAN_POINT ( 'NONE',  ( 0.03368958753306175400, 0.09500000000000001500, -0.005463054289519501400 ) ) ;
#5158 = CIRCLE ( 'NONE', #6662, 1.749045595200492600 ) ;
#5159 = DIRECTION ( 'NONE',  ( -0.8660254037844431500, 0.0000000000000000000, 0.4999999999999923900 ) ) ;
#5160 = CARTESIAN_POINT ( 'NONE',  ( 0.0000000000000000000, 4.156250000000000000, 1.775000000000000100 ) ) ;
#5161 = CARTESIAN_POINT ( 'NONE',  ( -0.03930905096460433200, 0.09750000000000000300, -0.03811397629755151900 ) ) ;
#5162 = CARTESIAN_POINT ( 'NONE',  ( 0.01647233872887031100, 0.09750000000000003100, 0.06231431853619531100 ) ) ;
#5163 = CARTESIAN_POINT ( 'NONE',  ( -0.01473601707424073000, 0.09499999999999997300, 0.02567900939449241400 ) ) ;
#5164 = VERTEX_POINT ( 'NONE', #2204 ) ;
#5165 = ORIENTED_EDGE ( 'NONE', *, *, #5514, .F. ) ;
#5166 = DIRECTION ( 'NONE',  ( 4.662936703425656700E-015, -0.0000000000000000000, -1.000000000000000000 ) ) ;
#5167 = DIRECTION ( 'NONE',  ( -0.0000000000000000000, 1.000000000000000000, -0.0000000000000000000 ) ) ;
#5168 = AXIS2_PLACEMENT_3D ( 'NONE', #4893, #1148, #5538 ) ;
#5169 = CARTESIAN_POINT ( 'NONE',  ( 0.01324888164400526800, 0.09750000000000000300, -0.02423636858766460600 ) ) ;
#5170 = CARTESIAN_POINT ( 'NONE',  ( -0.08709936375401147700, 0.09499999999999998700, 0.01564582761723862200 ) ) ;
#5171 = CIRCLE ( 'NONE', #3366, 0.004999999999999997500 ) ;
#5172 = DIRECTION ( 'NONE',  ( -0.0000000000000000000, 1.000000000000000000, 0.0000000000000000000 ) ) ;
#5173 = CARTESIAN_POINT ( 'NONE',  ( 0.02823187983613609900, 0.09499999999999998700, 0.06652720450933809200 ) ) ;
#5174 = AXIS2_PLACEMENT_3D ( 'NONE', #3063, #3690, #6821 ) ;
#5175 = CARTESIAN_POINT ( 'NONE',  ( -0.02981996966422978400, 0.09500000000000001500, -0.01076125305141222400 ) ) ;
#5176 = DIRECTION ( 'NONE',  ( 8.659560562354879900E-017, 0.7071067811865516800, -0.7071067811865431300 ) ) ;
#5177 = CARTESIAN_POINT ( 'NONE',  ( -0.004930241057361191500, 0.09750000000000001700, 0.06314145539158853800 ) ) ;
#5178 = EDGE_CURVE ( 'NONE', #8012, #3946, #6999, .T. ) ;
#5179 = DIRECTION ( 'NONE',  ( -3.414809992080330700E-015, 0.0000000000000000000, 1.000000000000000000 ) ) ;
#5180 = ADVANCED_FACE ( 'NONE', ( #512 ), #5329, .F. ) ;
#5181 = CARTESIAN_POINT ( 'NONE',  ( -0.009378383604012444800, 0.09500000000000001500, 0.01423448018786884600 ) ) ;
#5182 = DIRECTION ( 'NONE',  ( 0.0000000000000000000, 0.0000000000000000000, -1.000000000000000000 ) ) ;
#5183 = VERTEX_POINT ( 'NONE', #337 ) ;
#5184 = ORIENTED_EDGE ( 'NONE', *, *, #669, .F. ) ;
#5185 = DIRECTION ( 'NONE',  ( -0.0000000000000000000, 1.000000000000000000, -0.0000000000000000000 ) ) ;
#5186 = CARTESIAN_POINT ( 'NONE',  ( -0.04829688803537646900, 0.09499999999999997300, -0.008923741929030604800 ) ) ;
#5187 = CARTESIAN_POINT ( 'NONE',  ( 0.09727400974995321900, 0.09207106781186547000, 0.09080218920667609800 ) ) ;
#5188 = CARTESIAN_POINT ( 'NONE',  ( 0.0000000000000000000, 4.125000000000000000, 1.725000000000000100 ) ) ;
#5189 = AXIS2_PLACEMENT_3D ( 'NONE', #5710, #1957, #6348 ) ;
#5191 = ORIENTED_EDGE ( 'NONE', *, *, #177, .T. ) ;
#5190 = EDGE_LOOP ( 'NONE', ( #5759, #4350, #6768, #3139 ) ) ;
#5192 = CARTESIAN_POINT ( 'NONE',  ( -0.1182179676972449400, 0.09499999999999998700, -0.1132531754730548200 ) ) ;
#5193 = DIRECTION ( 'NONE',  ( 1.000000000000000000, 0.0000000000000000000, 1.224646799147353200E-016 ) ) ;
#5194 = CARTESIAN_POINT ( 'NONE',  ( 0.02803964450618670300, 0.1000000000000004400, 0.06171932461504683900 ) ) ;
#5195 = DIRECTION ( 'NONE',  ( -0.5000000000000031100, 1.478656101119249400E-015, 0.8660254037844370400 ) ) ;
#5196 = CARTESIAN_POINT ( 'NONE',  ( 1.990057321181912300E-016, 3.597389163888868900, -1.625005121940030100 ) ) ;
#5197 = EDGE_CURVE ( 'NONE', #7795, #861, #2180, .T. ) ;
#5198 = CARTESIAN_POINT ( 'NONE',  ( -0.01264990668151520800, 0.09750000000000047500, 0.02614292032782478100 ) ) ;
#5199 = DIRECTION ( 'NONE',  ( 0.0000000000000000000, 0.0000000000000000000, -1.000000000000000000 ) ) ;
#5200 = CARTESIAN_POINT ( 'NONE',  ( -0.02808007395006620700, 0.09749999999999998900, 0.004639224989132493700 ) ) ;
#5201 = ADVANCED_FACE ( 'NONE', ( #5112 ), #2868, .T. ) ;
#5202 = VECTOR ( 'NONE', #622, 39.37007874015748100 ) ;
#5203 = EDGE_CURVE ( 'NONE', #2497, #2775, #1977, .T. ) ;
#5204 = ORIENTED_EDGE ( 'NONE', *, *, #1636, .T. ) ;
#5205 = CARTESIAN_POINT ( 'NONE',  ( -0.02323395257227612100, 0.09750000000000000300, -0.03170501751779101300 ) ) ;
#5206 = DIRECTION ( 'NONE',  ( 0.0000000000000000000, 0.0000000000000000000, -1.000000000000000000 ) ) ;
#5207 = CARTESIAN_POINT ( 'NONE',  ( -0.02452133493983423000, 0.09500000000000001500, 0.04724518869800793000 ) ) ;
#5208 = DIRECTION ( 'NONE',  ( 0.0000000000000000000, -1.000000000000000000, 0.0000000000000000000 ) ) ;
#5209 = FACE_OUTER_BOUND ( 'NONE', #1779, .T. ) ;
#5210 = DIRECTION ( 'NONE',  ( 0.0000000000000000000, 0.0000000000000000000, 1.000000000000000000 ) ) ;
#5211 = ORIENTED_EDGE ( 'NONE', *, *, #3431, .F. ) ;
#5212 = ORIENTED_EDGE ( 'NONE', *, *, #4604, .T. ) ;
#5213 = CARTESIAN_POINT ( 'NONE',  ( -0.005973115808823432900, 0.09749999999999998900, 0.01433823529411764500 ) ) ;
#5214 = CARTESIAN_POINT ( 'NONE',  ( 0.1571891108675448900, 0.09499999999999998700, -0.04575317547305415200 ) ) ;
#5215 = EDGE_CURVE ( 'NONE', #6099, #1385, #3656, .T. ) ;
#5216 = DIRECTION ( 'NONE',  ( 0.0000000000000000000, 0.0000000000000000000, -1.000000000000000000 ) ) ;
#5217 = TOROIDAL_SURFACE ( 'NONE', #2452, 1.743749999999999900, 0.03125000000000000000 ) ;
#5218 = CARTESIAN_POINT ( 'NONE',  ( -0.03039716247101774800, 0.09749999999999998900, -0.004186009957505014600 ) ) ;
#5219 = CARTESIAN_POINT ( 'NONE',  ( 0.005006234533357128500, 0.09749999999999998900, -0.05021484544737032200 ) ) ;
#5220 = FACE_OUTER_BOUND ( 'NONE', #7165, .T. ) ;
#5221 = CARTESIAN_POINT ( 'NONE',  ( 0.1182179676972455200, 0.09499999999999998700, -0.1182531754730543100 ) ) ;
#5222 = CARTESIAN_POINT ( 'NONE',  ( -0.1297740074471990000, 0.09499999999999998700, 0.03451054194917558400 ) ) ;
#5223 = ORIENTED_EDGE ( 'NONE', *, *, #3066, .T. ) ;
#5224 = CARTESIAN_POINT ( 'NONE',  ( 0.02625965267881830500, 0.09749999999999998900, 0.05963147414013368600 ) ) ;
#5225 = ORIENTED_EDGE ( 'NONE', *, *, #3571, .F. ) ;
#5226 = VERTEX_POINT ( 'NONE', #6005 ) ;
#5227 = ADVANCED_FACE ( 'NONE', ( #1785 ), #3463, .F. ) ;
#5228 = CARTESIAN_POINT ( 'NONE',  ( -0.03303500348966275500, 0.09999999999999997800, -0.04799446022608262800 ) ) ;
#5229 = FACE_OUTER_BOUND ( 'NONE', #2257, .T. ) ;
#5230 = CARTESIAN_POINT ( 'NONE',  ( -0.02406746915579479500, 0.1000000000000000200, 0.02538335386418115800 ) ) ;
#5231 = CARTESIAN_POINT ( 'NONE',  ( 0.09828432744816960300, 0.09370359062126554200, 0.08912459228517090300 ) ) ;
#5232 = CARTESIAN_POINT ( 'NONE',  ( 0.003196538138020129300, 0.09749999999999998900, 0.06397279053806881300 ) ) ;
#5233 = TOROIDAL_SURFACE ( 'NONE', #1590, 1.754341190401034200, 0.04687499999999999300 ) ;
#5234 = ORIENTED_EDGE ( 'NONE', *, *, #164, .F. ) ;
#5235 = CARTESIAN_POINT ( 'NONE',  ( -0.03049576428471325500, 0.09750000000000000300, 0.02498365070115128600 ) ) ;
#5236 = LINE ( 'NONE', #1647, #434 ) ;
#5237 = DIRECTION ( 'NONE',  ( -1.000000000000000000, 0.0000000000000000000, 0.0000000000000000000 ) ) ;
#5238 = DIRECTION ( 'NONE',  ( -1.224646799147345100E-016, 0.0000000000000000000, -1.000000000000000000 ) ) ;
#5239 = ORIENTED_EDGE ( 'NONE', *, *, #6784, .F. ) ;
#5240 = CARTESIAN_POINT ( 'NONE',  ( 2.173748068486551900E-016, 4.156250000000000000, -1.775000000000000100 ) ) ;
#5241 = AXIS2_PLACEMENT_3D ( 'NONE', #4056, #7196, #5199 ) ;
#5242 = CARTESIAN_POINT ( 'NONE',  ( 0.02959535134222760600, 0.09500000000000001500, 0.01142127460031111200 ) ) ;
#5243 = LINE ( 'NONE', #5084, #6722 ) ;
#5244 = ADVANCED_FACE ( 'NONE', ( #6800 ), #6396, .F. ) ;
#5245 = CARTESIAN_POINT ( 'NONE',  ( -0.007104802124776051800, 0.09499999999999998700, 0.01430375394315961900 ) ) ;
#5246 = CYLINDRICAL_SURFACE ( 'NONE', #4757, 0.004999999999999997500 ) ;
#5247 = FACE_OUTER_BOUND ( 'NONE', #6175, .T. ) ;
#5248 = ORIENTED_EDGE ( 'NONE', *, *, #2578, .F. ) ;
#5249 = CARTESIAN_POINT ( 'NONE',  ( -0.01832182193420802900, 0.09999999999999999200, -0.03332286896714641000 ) ) ;
#5250 = EDGE_CURVE ( 'NONE', #1353, #7305, #8070, .T. ) ;
#5251 = CARTESIAN_POINT ( 'NONE',  ( 0.02911707145900110900, 0.1000000000000052500, -0.03128507051123880600 ) ) ;
#5252 =( BOUNDED_SURFACE ( )  B_SPLINE_SURFACE ( 3, 2, ( 
 ( #373, #7922, #1662 ),
 ( #6050, #2296, #6680 ),
 ( #2936, #7328, #3555 ),
 ( #7951, #4183, #430 ),
 ( #4809, #1070, #5456 ),
 ( #1692, #6077, #2323 ),
 ( #6711, #2961, #7354 ),
 ( #3585, #7978, #4209 ),
 ( #458, #4834, #1090 ),
 ( #5482, #1719, #6106 ),
 ( #2351, #6747, #2989 ),
 ( #7379, #3616, #8005 ),
 ( #4238, #483, #4861 ),
 ( #1119, #5500, #1746 ),
 ( #6137, #2383, #6773 ),
 ( #3017, #7410, #3642 ),
 ( #8033, #4267, #511 ),
 ( #4890, #1143, #5532 ) ),
 .UNSPECIFIED., .F., .F., .F. ) 
 B_SPLINE_SURFACE_WITH_KNOTS ( ( 4, 2, 2, 2, 2, 2, 2, 2, 4 ),
 ( 3, 3 ),
 ( 0.01002254317932756300, 0.01035313876018928300, 0.01068373434105100200, 0.01101432992191272100, 0.01134492550277444100, 0.01167552108363616000, 0.01200611666449787900, 0.01233671224535959900, 0.01266730782622131800 ),
 ( 0.0000000000000000000, 1.000000000000000000 ),
 .UNSPECIFIED. ) 
 GEOMETRIC_REPRESENTATION_ITEM ( )  RATIONAL_B_SPLINE_SURFACE ( (
 ( 1.000000000000000000, 0.7071067811865475700, 1.000000000000000000),
 ( 1.000000000000000000, 0.7071067811865475700, 1.000000000000000000),
 ( 1.000000000000000000, 0.7071067811865475700, 1.000000000000000000),
 ( 1.000000000000000000, 0.7071067811865475700, 1.000000000000000000),
 ( 1.000000000000000000, 0.7071067811865452400, 1.000000000000000000),
 ( 1.000000000000000000, 0.7071067811865452400, 1.000000000000000000),
 ( 1.000000000000000000, 0.7071067811865475700, 1.000000000000000000),
 ( 1.000000000000000000, 0.7071067811865475700, 1.000000000000000000),
 ( 1.000000000000000000, 0.7071067811865475700, 1.000000000000000000),
 ( 1.000000000000000000, 0.7071067811865475700, 1.000000000000000000),
 ( 1.000000000000000000, 0.7071067811865475700, 1.000000000000000000),
 ( 1.000000000000000000, 0.7071067811865475700, 1.000000000000000000),
 ( 1.000000000000000000, 0.7071067811865499000, 1.000000000000000000),
 ( 1.000000000000000000, 0.7071067811865499000, 1.000000000000000000),
 ( 1.000000000000000000, 0.7071067811865451300, 1.000000000000000000),
 ( 1.000000000000000000, 0.7071067811865451300, 1.000000000000000000),
 ( 1.000000000000000000, 0.7071067811865475700, 1.000000000000000000),
 ( 1.000000000000000000, 0.7071067811865475700, 1.000000000000000000) ) ) 
 REPRESENTATION_ITEM ( '' )  SURFACE ( )  );
#5253 = DIRECTION ( 'NONE',  ( 0.0000000000000000000, -1.000000000000000000, 0.0000000000000000000 ) ) ;
#5254 = CARTESIAN_POINT ( 'NONE',  ( 0.01295680099066041600, 0.1000000000000100700, -0.01092764612397408200 ) ) ;
#5255 = ORIENTED_EDGE ( 'NONE', *, *, #1474, .F. ) ;
#5256 = ORIENTED_EDGE ( 'NONE', *, *, #5887, .T. ) ;
#5257 = CARTESIAN_POINT ( 'NONE',  ( 0.0005728482913803215000, 0.1000000000000000100, 0.02965449969516065600 ) ) ;
#5258 = CIRCLE ( 'NONE', #4589, 0.005999999999999998400 ) ;
#5259 = EDGE_LOOP ( 'NONE', ( #7753, #169, #7752, #1077 ) ) ;
#5260 = DIRECTION ( 'NONE',  ( -0.5000000000000001100, 0.0000000000000000000, -0.8660254037844384900 ) ) ;
#5261 = CIRCLE ( 'NONE', #7362, 0.6289739546098475100 ) ;
#5262 = EDGE_CURVE ( 'NONE', #1971, #4232, #1589, .T. ) ;
#5263 = AXIS2_PLACEMENT_3D ( 'NONE', #4690, #945, #5336 ) ;
#5264 = CARTESIAN_POINT ( 'NONE',  ( 0.0000000000000000000, 0.2523140909808909700, 0.0000000000000000000 ) ) ;
#5265 = CARTESIAN_POINT ( 'NONE',  ( -0.09029049444587194900, 0.09434550615857317800, 0.01752544508251039100 ) ) ;
#5266 = CARTESIAN_POINT ( 'NONE',  ( 0.08989455596900099200, 0.08999999999999998300, 0.08228390004447169700 ) ) ;
#5267 = CARTESIAN_POINT ( 'NONE',  ( 0.01269401643921619900, 0.09999999999999999200, 0.06064274563596355700 ) ) ;
#5268 = DIRECTION ( 'NONE',  ( 0.0000000000000000000, -1.000000000000000000, 0.0000000000000000000 ) ) ;
#5269 = B_SPLINE_CURVE_WITH_KNOTS ( 'NONE', 3,
 ( #2945, #6693, #4194, #443, #4818, #1078, #5468, #1701, #6087, #2335, #6727, #2974, #7365, #3599, #7989, #4219, #468, #4845, #1103, #5488, #1728, #6120, #2363 ),
 .UNSPECIFIED., .F., .F.,
 ( 4, 1, 1, 1, 1, 1, 1, 1, 1, 1, 1, 1, 1, 1, 1, 1, 1, 1, 1, 1, 4 ),
 ( 0.0000000000000000000, 0.08172654615089412800, 0.1645624834719872100, 0.2474942768684366700, 0.3285833466405268000, 0.3686674295495946900, 0.4083477951256574400, 0.4474963489993645800, 0.4867785307853145200, 0.5257322929899257400, 0.5643406160318272800, 0.6028272479767055000, 0.6412963071191404300, 0.6804880165523032900, 0.7207351825641897800, 0.7620803884059533800, 0.8049993658852603300, 0.8498877548404228900, 0.8970397470095566900, 0.9470594859150864900, 1.000000000000000000 ),
 .UNSPECIFIED. ) ;
#5270 = CARTESIAN_POINT ( 'NONE',  ( 0.0000000000000000000, 0.1156249999999999800, -0.6208858594503941000 ) ) ;
#5271 = TOROIDAL_SURFACE ( 'NONE', #7943, 1.483486528324116100, 0.04687499999999999300 ) ;
#5272 = DIRECTION ( 'NONE',  ( -1.000000000000000000, 0.0000000000000000000, 0.0000000000000000000 ) ) ;
#5273 = ADVANCED_FACE ( 'NONE', ( #3259 ), #3074, .T. ) ;
#5274 = EDGE_CURVE ( 'NONE', #3672, #2926, #5269, .T. ) ;
#5275 = CARTESIAN_POINT ( 'NONE',  ( 0.1182179676972454100, 0.09499999999999998700, -0.09825317547305433000 ) ) ;
#5276 = CARTESIAN_POINT ( 'NONE',  ( 0.0000000000000000000, 3.625297493313865500, 0.0000000000000000000 ) ) ;
#5277 = CARTESIAN_POINT ( 'NONE',  ( 0.1110167010490476200, 0.1000036693283850300, 0.05026552314145126000 ) ) ;
#5278 = B_SPLINE_CURVE_WITH_KNOTS ( 'NONE', 3,
 ( #7901, #1093, #2355, #6752, #2993, #7383, #3619, #8008, #4241, #487, #4866, #1123 ),
 .UNSPECIFIED., .F., .F.,
 ( 4, 2, 2, 2, 2, 4 ),
 ( 0.0000000000000000000, 0.0003715371783626868900, 0.0007430743567253737800, 0.001114611535088060600, 0.001300380124269404100, 0.001486148713450747600 ),
 .UNSPECIFIED. ) ;
#5279 = FACE_OUTER_BOUND ( 'NONE', #6116, .T. ) ;
#5280 = DIRECTION ( 'NONE',  ( -4.268512490100412400E-016, 0.0000000000000000000, -1.000000000000000000 ) ) ;
#5281 = ORIENTED_EDGE ( 'NONE', *, *, #2263, .T. ) ;
#5282 = ORIENTED_EDGE ( 'NONE', *, *, #3115, .T. ) ;
#5283 = ORIENTED_EDGE ( 'NONE', *, *, #4827, .F. ) ;
#5284 = DIRECTION ( 'NONE',  ( -0.0000000000000000000, 1.000000000000000000, -0.0000000000000000000 ) ) ;
#5285 = CARTESIAN_POINT ( 'NONE',  ( -0.02531229835205328600, 0.09750000000000003100, 0.009268627409267343700 ) ) ;
#5286 = CARTESIAN_POINT ( 'NONE',  ( -0.01171624354102375600, 0.09999999999999995000, -0.03878439171226669100 ) ) ;
#5287 = CARTESIAN_POINT ( 'NONE',  ( 0.03620887817470273800, 0.09999999999999999200, -0.01187696590614404100 ) ) ;
#5288 = CARTESIAN_POINT ( 'NONE',  ( 0.02664366012259089200, 0.09749999999999998900, 0.05979964383459561400 ) ) ;
#5289 = CARTESIAN_POINT ( 'NONE',  ( 0.01513415156546117300, 0.09859124809936498100, -0.01093654577418377000 ) ) ;
#5290 = CARTESIAN_POINT ( 'NONE',  ( -0.004383521448927143300, 0.09749999999999996200, 0.01429836130351224400 ) ) ;
#5291 = AXIS2_PLACEMENT_3D ( 'NONE', #5110, #1356, #5740 ) ;
#5292 = DIRECTION ( 'NONE',  ( 0.0000000000000000000, 0.0000000000000000000, -1.000000000000000000 ) ) ;
#5293 = ORIENTED_EDGE ( 'NONE', *, *, #5089, .T. ) ;
#5294 = VERTEX_POINT ( 'NONE', #7959 ) ;
#5295 = CARTESIAN_POINT ( 'NONE',  ( -0.09429185610806163600, 0.09053886747000837500, 0.02367780696713378900 ) ) ;
#5296 = DIRECTION ( 'NONE',  ( 0.0000000000000000000, -1.000000000000000000, 0.0000000000000000000 ) ) ;
#5297 = CARTESIAN_POINT ( 'NONE',  ( 0.02425942742127295800, 0.09750000000000018400, 0.05974536167006028200 ) ) ;
#5298 = ADVANCED_FACE ( 'NONE', ( #4918 ), #7876, .T. ) ;
#5299 = ORIENTED_EDGE ( 'NONE', *, *, #7717, .F. ) ;
#5300 = PRODUCT_DEFINITION_FORMATION_WITH_SPECIFIED_SOURCE ( 'ANY', '', #6785, .NOT_KNOWN. ) ;
#5301 = CARTESIAN_POINT ( 'NONE',  ( -0.02220582059993036700, 0.09749999999999998900, 0.01091617387564463400 ) ) ;
#5302 = VERTEX_POINT ( 'NONE', #4250 ) ;
#5303 = ORIENTED_EDGE ( 'NONE', *, *, #7647, .T. ) ;
#5304 = DIRECTION ( 'NONE',  ( 0.0000000000000000000, 0.0000000000000000000, 1.000000000000000000 ) ) ;
#5305 = CARTESIAN_POINT ( 'NONE',  ( 0.1123928189615611600, 0.09630874078434210900, 0.04209655246088193900 ) ) ;
#5306 = CARTESIAN_POINT ( 'NONE',  ( -0.005969956028064550900, 0.09961941830938278500, 0.01316370747406213700 ) ) ;
#5307 = EDGE_CURVE ( 'NONE', #1305, #3432, #1388, .T. ) ;
#5308 = DIRECTION ( 'NONE',  ( -0.0000000000000000000, 1.000000000000000000, -0.0000000000000000000 ) ) ;
#5309 = CARTESIAN_POINT ( 'NONE',  ( 2.196710195970564700E-016, 4.406249999999999100, 1.793750000000000000 ) ) ;
#5310 = VECTOR ( 'NONE', #1035, 39.37007874015748100 ) ;
#5311 = CARTESIAN_POINT ( 'NONE',  ( 0.0000000000000000000, 1.531250000000000200, 0.0000000000000000000 ) ) ;
#5312 = EDGE_LOOP ( 'NONE', ( #6774, #7718, #5808, #6201 ) ) ;
#5313 = AXIS2_PLACEMENT_3D ( 'NONE', #3204, #7601, #3831 ) ;
#5314 = DIRECTION ( 'NONE',  ( -0.0000000000000000000, 1.000000000000000000, -0.0000000000000000000 ) ) ;
#5315 = CARTESIAN_POINT ( 'NONE',  ( 0.02823529411764715000, 0.09749999999999998900, 0.06612477022058822800 ) ) ;
#5316 = DIRECTION ( 'NONE',  ( -1.224646799147355900E-016, 0.0000000000000000000, -1.000000000000000000 ) ) ;
#5317 = ADVANCED_FACE ( 'NONE', ( #6594 ), #118, .T. ) ;
#5318 = CARTESIAN_POINT ( 'NONE',  ( -0.1182179676972449400, 0.09499999999999998700, -0.1182531754730548300 ) ) ;
#5319 = LINE ( 'NONE', #5933, #4905 ) ;
#5320 = ORIENTED_EDGE ( 'NONE', *, *, #5668, .F. ) ;
#5321 = DIRECTION ( 'NONE',  ( 0.0000000000000000000, 0.0000000000000000000, 1.000000000000000000 ) ) ;
#5322 = EDGE_CURVE ( 'NONE', #990, #7308, #6206, .T. ) ;
#5323 = EDGE_LOOP ( 'NONE', ( #5212, #3437, #4369, #2488 ) ) ;
#5324 = ORIENTED_EDGE ( 'NONE', *, *, #6146, .T. ) ;
#5325 = DIRECTION ( 'NONE',  ( -0.0000000000000000000, 1.000000000000000000, -0.0000000000000000000 ) ) ;
#5326 = DIRECTION ( 'NONE',  ( 0.0000000000000000000, -1.000000000000000000, 0.0000000000000000000 ) ) ;
#5327 = CIRCLE ( 'NONE', #1868, 0.005000000000000001800 ) ;
#5328 = EDGE_CURVE ( 'NONE', #2972, #7361, #4722, .T. ) ;
#5329 = TOROIDAL_SURFACE ( 'NONE', #6074, 1.362242299768568600, 0.03125000000000000000 ) ;
#5330 = CARTESIAN_POINT ( 'NONE',  ( -0.007788978562340922300, 0.09999999999999999200, 0.01428290777092240500 ) ) ;
#5331 = ORIENTED_EDGE ( 'NONE', *, *, #5780, .F. ) ;
#5332 = DIRECTION ( 'NONE',  ( 0.5000000000000046600, 0.0000000000000000000, -0.8660254037844359300 ) ) ;
#5333 = VECTOR ( 'NONE', #6379, 39.37007874015748100 ) ;
#5334 = ORIENTED_EDGE ( 'NONE', *, *, #684, .F. ) ;
#5335 = CARTESIAN_POINT ( 'NONE',  ( 0.08075961894323302500, 0.09999999999999999200, 0.04662658773652815500 ) ) ;
#5336 = DIRECTION ( 'NONE',  ( 0.0000000000000000000, -0.0000000000000000000, -1.000000000000000000 ) ) ;
#5337 = EDGE_LOOP ( 'NONE', ( #7072, #2732, #7154, #4921 ) ) ;
#5338 = DIRECTION ( 'NONE',  ( 0.0000000000000000000, 0.0000000000000000000, -1.000000000000000000 ) ) ;
#5339 = DIRECTION ( 'NONE',  ( -0.8660254037844369300, 0.0000000000000000000, -0.5000000000000030000 ) ) ;
#5340 = TOROIDAL_SURFACE ( 'NONE', #4072, 1.856250000000000200, 0.04687499999999999300 ) ;
#5341 = ADVANCED_FACE ( 'NONE', ( #4523 ), #1195, .F. ) ;
#5342 = ORIENTED_EDGE ( 'NONE', *, *, #2039, .T. ) ;
#5343 = AXIS2_PLACEMENT_3D ( 'NONE', #4576, #824, #5206 ) ;
#5344 = ORIENTED_EDGE ( 'NONE', *, *, #7678, .T. ) ;
#5345 = CARTESIAN_POINT ( 'NONE',  ( 0.1398686027918561700, 0.09999999999999999200, -0.05575317547305420200 ) ) ;
#5346 = CARTESIAN_POINT ( 'NONE',  ( -0.008955693149647683800, 0.09947132258432939100, -0.05277566172819075200 ) ) ;
#5347 = CIRCLE ( 'NONE', #1396, 0.03125000000000011100 ) ;
#5348 = DIRECTION ( 'NONE',  ( -0.8660254037844386000, -0.0000000000000000000, 0.4999999999999998900 ) ) ;
#5349 = CARTESIAN_POINT ( 'NONE',  ( 0.01529440598441934700, 0.09749999999999996200, -0.007748923173858358700 ) ) ;
#5350 = CIRCLE ( 'NONE', #4008, 0.04687500000000002800 ) ;
#5351 = CARTESIAN_POINT ( 'NONE',  ( -0.01499999999999998000, 0.09499999999999998700, -0.09325317547305486700 ) ) ;
#5352 = AXIS2_PLACEMENT_3D ( 'NONE', #4407, #1287, #2552 ) ;
#5353 = CARTESIAN_POINT ( 'NONE',  ( -0.02496840674167478300, 0.09999999999999997800, 0.07229687922589368700 ) ) ;
#5354 = CARTESIAN_POINT ( 'NONE',  ( 2.277077642164610600E-016, 4.531250000000000000, 1.859375000000000400 ) ) ;
#5355 = FACE_OUTER_BOUND ( 'NONE', #438, .T. ) ;
#5356 = CARTESIAN_POINT ( 'NONE',  ( -0.1268749270360984000, 0.09999999999999999200, 0.04570584558155983000 ) ) ;
#5357 = APPLICATION_PROTOCOL_DEFINITION ( 'international standard', 'config_control_design', 1994, #968 ) ;
#5358 = ADVANCED_FACE ( 'NONE', ( #2874 ), #1001, .F. ) ;
#5359 = FACE_OUTER_BOUND ( 'NONE', #4247, .T. ) ;
#5360 = CIRCLE ( 'NONE', #726, 0.005000000000000007900 ) ;
#5361 = DIRECTION ( 'NONE',  ( 0.0000000000000000000, 0.0000000000000000000, -1.000000000000000000 ) ) ;
#5362 = AXIS2_PLACEMENT_3D ( 'NONE', #1014, #5400, #1635 ) ;
#5363 = DIRECTION ( 'NONE',  ( 0.5000000000000046600, 0.0000000000000000000, -0.8660254037844359300 ) ) ;
#5364 = VERTEX_POINT ( 'NONE', #6148 ) ;
#5365 = CIRCLE ( 'NONE', #2892, 1.846875000000000500 ) ;
#5366 = EDGE_CURVE ( 'NONE', #1004, #3915, #7677, .T. ) ;
#5367 = CARTESIAN_POINT ( 'NONE',  ( 0.01537455968134294000, 0.09999999999999999200, -0.01071558030784072100 ) ) ;
#5368 = CARTESIAN_POINT ( 'NONE',  ( 0.0004038380477578255900, 0.09749999999999996200, 0.02715736425711250800 ) ) ;
#5369 = ORIENTED_EDGE ( 'NONE', *, *, #2910, .T. ) ;
#5370 = DIRECTION ( 'NONE',  ( -0.4999999999999922800, 0.0000000000000000000, -0.8660254037844431500 ) ) ;
#5371 = CARTESIAN_POINT ( 'NONE',  ( 0.02322796827849013200, 0.09500000000000001500, 0.07381506681144521500 ) ) ;
#5372 = EDGE_CURVE ( 'NONE', #6390, #1992, #4329, .T. ) ;
#5373 = DIRECTION ( 'NONE',  ( 0.0000000000000000000, 0.0000000000000000000, 1.000000000000000000 ) ) ;
#5374 = CIRCLE ( 'NONE', #3893, 1.775000000000000100 ) ;
#5375 = ORIENTED_EDGE ( 'NONE', *, *, #336, .F. ) ;
#5376 = VERTEX_POINT ( 'NONE', #5541 ) ;
#5377 = CARTESIAN_POINT ( 'NONE',  ( 0.01499999769724542200, 0.09499999999999998700, -0.1082531754730547800 ) ) ;
#5378 = CARTESIAN_POINT ( 'NONE',  ( -0.04910898384862299300, 0.08999999999999999700, 0.05144709581221571700 ) ) ;
#5379 = ADVANCED_FACE ( 'NONE', ( #5791 ), #3806, .T. ) ;
#5380 = CARTESIAN_POINT ( 'NONE',  ( -0.08885167739285013100, 0.09499999999999998700, 0.01880237444968275600 ) ) ;
#5381 = AXIS2_PLACEMENT_3D ( 'NONE', #6731, #2977, #7371 ) ;
#5382 =( BOUNDED_CURVE ( )  B_SPLINE_CURVE ( 3, ( #7353, #7975, #5480, #1716 ),
 .UNSPECIFIED., .F., .F. ) 
 B_SPLINE_CURVE_WITH_KNOTS ( ( 4, 4 ),
 ( 3.141592653589790000, 4.712388980384689700 ),
 .UNSPECIFIED. ) 
 CURVE ( )  GEOMETRIC_REPRESENTATION_ITEM ( )  RATIONAL_B_SPLINE_CURVE ( ( 1.000000000000000000, 0.8047378541243643800, 0.8047378541243643800, 1.000000000000000000 ) ) 
 REPRESENTATION_ITEM ( '' )  );
#5383 = FACE_OUTER_BOUND ( 'NONE', #1239, .T. ) ;
#5384 = APPROVAL_ROLE ( '' ) ;
#5385 = EDGE_CURVE ( 'NONE', #6225, #4319, #801, .T. ) ;
#5386 = EDGE_LOOP ( 'NONE', ( #3905, #3228, #6615, #7553 ) ) ;
#5387 = CARTESIAN_POINT ( 'NONE',  ( -0.02760719808993162100, 0.09750000000000147400, 0.03999093062029742500 ) ) ;
#5388 = DIRECTION ( 'NONE',  ( 1.000000000000000000, 0.0000000000000000000, -3.308348408967440500E-016 ) ) ;
#5389 = CARTESIAN_POINT ( 'NONE',  ( 0.02499999769724537600, 0.08999999999999999700, -0.1013047619644635900 ) ) ;
#5390 = DIRECTION ( 'NONE',  ( 1.000000000000000000, 0.0000000000000000000, 0.0000000000000000000 ) ) ;
#5391 = DIRECTION ( 'NONE',  ( -0.0000000000000000000, 1.000000000000000000, -0.0000000000000000000 ) ) ;
#5393 = ORIENTED_EDGE ( 'NONE', *, *, #7260, .F. ) ;
#5392 = CARTESIAN_POINT ( 'NONE',  ( 0.0000000000000000000, 4.406249999999999100, 0.0000000000000000000 ) ) ;
#5394 = ORIENTED_EDGE ( 'NONE', *, *, #7274, .F. ) ;
#5395 = CARTESIAN_POINT ( 'NONE',  ( 0.01532620980469192500, 0.09749999999999998900, -0.01226778277692505500 ) ) ;
#5396 = DIRECTION ( 'NONE',  ( -0.4853627795187426800, 0.0000000000000000000, 0.8743128571957753400 ) ) ;
#5397 = DIRECTION ( 'NONE',  ( -1.224646799147355900E-016, 0.0000000000000000000, -1.000000000000000000 ) ) ;
#5398 = AXIS2_PLACEMENT_3D ( 'NONE', #1249, #641, #5022 ) ;
#5399 = DIRECTION ( 'NONE',  ( -1.000000000000000000, 0.0000000000000000000, 3.308348408967440500E-016 ) ) ;
#5400 = DIRECTION ( 'NONE',  ( -0.0000000000000000000, 1.000000000000000000, -0.0000000000000000000 ) ) ;
#5402 = EDGE_LOOP ( 'NONE', ( #718, #5783, #70, #1100 ) ) ;
#5401 = ORIENTED_EDGE ( 'NONE', *, *, #225, .F. ) ;
#5403 = CARTESIAN_POINT ( 'NONE',  ( 0.003341448210229323900, 0.09976795426826327900, 0.06255869429523847100 ) ) ;
#5404 = CIRCLE ( 'NONE', #775, 1.825000000000000000 ) ;
#5405 = CARTESIAN_POINT ( 'NONE',  ( -0.007430588497752565900, 0.09999999999999999200, -0.03646968146563827500 ) ) ;
#5406 = VECTOR ( 'NONE', #3703, 39.37007874015748100 ) ;
#5407 = EDGE_LOOP ( 'NONE', ( #6702, #5601, #2115, #5393 ) ) ;
#5408 = DIRECTION ( 'NONE',  ( 0.0000000000000000000, 0.0000000000000000000, -1.000000000000000000 ) ) ;
#5409 = CARTESIAN_POINT ( 'NONE',  ( -0.01927407157329673000, 0.09999999999999802100, 0.05519995530363796400 ) ) ;
#5410 = EDGE_CURVE ( 'NONE', #6011, #1683, #4131, .T. ) ;
#5411 = CARTESIAN_POINT ( 'NONE',  ( -0.06319846604665013700, 0.09499999999999998700, -0.03770985447635914100 ) ) ;
#5412 = ADVANCED_FACE ( 'NONE', ( #7292 ), #601, .T. ) ;
#5413 = B_SPLINE_CURVE_WITH_KNOTS ( 'NONE', 3,
 ( #2416, #5542, #4961, #1212, #5593, #1845, #6238, #2473, #6867, #3109, #7499, #3734, #8123, #4355, #602, #4983, #1244 ),
 .UNSPECIFIED., .F., .F.,
 ( 4, 1, 1, 1, 1, 1, 1, 1, 1, 1, 1, 1, 1, 1, 4 ),
 ( 0.0000000000000000000, 0.07020517808987979100, 0.1363413430605458500, 0.1992951207896907200, 0.2601378863540589900, 0.3202716350389704400, 0.3792260109267419100, 0.4383206078785153400, 0.4982705630700375300, 0.5587826589818444300, 0.6202365539798346800, 0.6815269857411097000, 0.7444807634702547100, 0.8715719531008470100, 1.000000000000000000 ),
 .UNSPECIFIED. ) ;
#5414 = CARTESIAN_POINT ( 'NONE',  ( 0.02816481275240466400, 0.09999999999999997800, -0.03775787826648559200 ) ) ;
#5415 = CARTESIAN_POINT ( 'NONE',  ( -0.006241613915540733500, 0.09999999999999999200, 0.01184418399390545600 ) ) ;
#5416 = TOROIDAL_SURFACE ( 'NONE', #715, 1.909375000000000700, 0.03437499999999985000 ) ;
#5417 = EDGE_CURVE ( 'NONE', #6463, #2313, #2272, .T. ) ;
#5418 = CARTESIAN_POINT ( 'NONE',  ( 0.01383377493038778300, 0.09999999999999995000, -0.02206648444922563700 ) ) ;
#5419 = VERTEX_POINT ( 'NONE', #4380 ) ;
#5420 = ORIENTED_EDGE ( 'NONE', *, *, #6424, .T. ) ;
#5421 = CARTESIAN_POINT ( 'NONE',  ( -0.04101680844223025400, 0.09999999999999999200, -0.02461008506533841200 ) ) ;
#5422 = CARTESIAN_POINT ( 'NONE',  ( -0.005973115808823432900, 0.09749999999999998900, 0.01433823529411764500 ) ) ;
#5423 = CARTESIAN_POINT ( 'NONE',  ( 2.234980408443919700E-016, 4.406249999999999100, -1.825000000000000000 ) ) ;
#5424 = CARTESIAN_POINT ( 'NONE',  ( 0.02933209199766422300, 0.09999999999999999200, 0.07304069830753602600 ) ) ;
#5425 = TOROIDAL_SURFACE ( 'NONE', #764, 1.345570251243616700, 0.01562500000000000000 ) ;
#5426 = DIRECTION ( 'NONE',  ( 0.0000000000000000000, 0.0000000000000000000, -1.000000000000000000 ) ) ;
#5427 = EDGE_CURVE ( 'NONE', #4493, #6001, #2471, .T. ) ;
#5428 = DIRECTION ( 'NONE',  ( 0.5144957554275222400, -0.0000000000000000000, 0.8574929257125466500 ) ) ;
#5429 = CARTESIAN_POINT ( 'NONE',  ( -0.04892136292170298100, 0.09750000000000000300, 0.01059579890966981700 ) ) ;
#5430 = CARTESIAN_POINT ( 'NONE',  ( 0.02996776656885328700, 0.09434550615857317800, -0.08695658445163803600 ) ) ;
#5431 = TOROIDAL_SURFACE ( 'NONE', #3503, 0.02499999999999999800, 0.005000000000000000100 ) ;
#5432 = EDGE_LOOP ( 'NONE', ( #325, #5839, #5225, #2518 ) ) ;
#5433 = VERTEX_POINT ( 'NONE', #630 ) ;
#5434 = EDGE_CURVE ( 'NONE', #254, #7496, #3943, .T. ) ;
#5436 = CARTESIAN_POINT ( 'NONE',  ( 0.01286675258378361600, 0.09999999999999999200, -0.01092727796459965800 ) ) ;
#5435 = FACE_OUTER_BOUND ( 'NONE', #963, .T. ) ;
#5437 = CIRCLE ( 'NONE', #8060, 0.02499999999999999800 ) ;
#5438 = CARTESIAN_POINT ( 'NONE',  ( 0.04660898499999949900, 0.09499999999999998700, 0.05577722083689440300 ) ) ;
#5439 = EDGE_LOOP ( 'NONE', ( #331, #5506, #6542, #3595 ) ) ;
#5441 = AXIS2_PLACEMENT_3D ( 'NONE', #7546, #6308, #7568 ) ;
#5440 = CARTESIAN_POINT ( 'NONE',  ( 0.002746117534434156000, 0.09499999999999998700, -0.03663589806721372800 ) ) ;
#5442 = CARTESIAN_POINT ( 'NONE',  ( -0.0009407535003670550900, 0.1000000000000000200, 0.06132536764728101900 ) ) ;
#5443 = CARTESIAN_POINT ( 'NONE',  ( 0.01274375314524417400, 0.1000000000000000100, 0.06063165072709259000 ) ) ;
#5444 = FACE_BOUND ( 'NONE', #6462, .T. ) ;
#5445 = PERSON_AND_ORGANIZATION ( #62, #3099 ) ;
#5446 = AXIS2_PLACEMENT_3D ( 'NONE', #5943, #2195, #6578 ) ;
#5447 = CARTESIAN_POINT ( 'NONE',  ( 1.668265672074706700E-016, 0.2523140909808909700, -1.362242299768568600 ) ) ;
#5448 = CARTESIAN_POINT ( 'NONE',  ( 0.004716534418362003600, 0.09750000000000030900, 0.01240682429595130000 ) ) ;
#5449 = ORIENTED_EDGE ( 'NONE', *, *, #3733, .T. ) ;
#5450 = CARTESIAN_POINT ( 'NONE',  ( 0.006361518756818444800, 0.09999999999999999200, -0.03095389929907707200 ) ) ;
#5451 = CARTESIAN_POINT ( 'NONE',  ( -0.01525065905158088900, 0.09589636361097762800, -0.1180025164214740000 ) ) ;
#5452 = FACE_OUTER_BOUND ( 'NONE', #2586, .T. ) ;
#5453 = CARTESIAN_POINT ( 'NONE',  ( -0.008948098376569669400, 0.09999999999999999200, -0.05433867426506740900 ) ) ;
#5454 = LINE ( 'NONE', #7484, #5830 ) ;
#5455 = AXIS2_PLACEMENT_3D ( 'NONE', #2119, #6500, #2755 ) ;
#5456 = CARTESIAN_POINT ( 'NONE',  ( -0.04758170641308429000, 0.09749999999999906000, 0.02854893604133747600 ) ) ;
#5457 = ORIENTED_EDGE ( 'NONE', *, *, #6512, .T. ) ;
#5458 = CARTESIAN_POINT ( 'NONE',  ( -0.04066678703854955500, 0.09499999999999998700, 0.05094823306964513900 ) ) ;
#5459 = CARTESIAN_POINT ( 'NONE',  ( 0.02664034571458929300, 0.09053886747000791700, -0.09349804624313583200 ) ) ;
#5460 = ADVANCED_FACE ( 'NONE', ( #7096 ), #5416, .F. ) ;
#5461 = EDGE_CURVE ( 'NONE', #3643, #447, #2073, .T. ) ;
#5462 = ORIENTED_EDGE ( 'NONE', *, *, #136, .F. ) ;
#5463 = CARTESIAN_POINT ( 'NONE',  ( 0.01280125238112584700, 0.09999999999999999200, -0.008077063096965195200 ) ) ;
#5464 = EDGE_LOOP ( 'NONE', ( #1510, #303, #3578, #3947 ) ) ;
#5465 = CONICAL_SURFACE ( 'NONE', #6505, 1.725000000000000100, 0.06498818447873799800 ) ;
#5466 = CARTESIAN_POINT ( 'NONE',  ( 0.0000000000000000000, 4.156250000000000000, -1.743749999999999900 ) ) ;
#5467 = EDGE_CURVE ( 'NONE', #3707, #5081, #5608, .T. ) ;
#5468 = CARTESIAN_POINT ( 'NONE',  ( -0.04375385589587582600, 0.09500000000000001500, 0.04377856487351286500 ) ) ;
#5469 = CONICAL_SURFACE ( 'NONE', #6673, 1.454165443458467000, 0.06498818447873852500 ) ;
#5470 = CARTESIAN_POINT ( 'NONE',  ( 0.01238232859508215700, 0.09750000000000001700, -0.02594778570782069900 ) ) ;
#5471 = CARTESIAN_POINT ( 'NONE',  ( 0.0000000000000000000, 4.681499030572553000, 0.0000000000000000000 ) ) ;
#5472 = CARTESIAN_POINT ( 'NONE',  ( 0.01317411827784354700, 0.09999999999999999200, 0.004089983194923449900 ) ) ;
#5473 = EDGE_CURVE ( 'NONE', #2456, #5578, #6889, .T. ) ;
#5474 = CARTESIAN_POINT ( 'NONE',  ( -0.006174854892478026000, 0.09749999999999998900, -0.03894010609048879900 ) ) ;
#5475 = CONICAL_SURFACE ( 'NONE', #1941, 1.359612378859184300, 0.1745329251994297000 ) ;
#5476 = VERTEX_POINT ( 'NONE', #3787 ) ;
#5477 = DIRECTION ( 'NONE',  ( 0.0000000000000000000, -1.000000000000000000, 0.0000000000000000000 ) ) ;
#5478 = ORIENTED_EDGE ( 'NONE', *, *, #5838, .T. ) ;
#5479 = ORIENTED_EDGE ( 'NONE', *, *, #3323, .T. ) ;
#5480 = CARTESIAN_POINT ( 'NONE',  ( 0.02792892988537998300, 0.08999999999999999700, -0.1161821076611892400 ) ) ;
#5481 = EDGE_CURVE ( 'NONE', #4625, #558, #2349, .T. ) ;
#5482 = CARTESIAN_POINT ( 'NONE',  ( -0.03764657027474623700, 0.09999999999999999200, 0.06090245468628199100 ) ) ;
#5483 = CARTESIAN_POINT ( 'NONE',  ( -0.02602415310150664500, 0.09749999999999998900, 0.06845849409325927000 ) ) ;
#5484 = CARTESIAN_POINT ( 'NONE',  ( -0.1182179676972449400, 0.09999999999999999200, -0.1232531754730548100 ) ) ;
#5485 = VERTEX_POINT ( 'NONE', #3209 ) ;
#5486 = ORIENTED_EDGE ( 'NONE', *, *, #4098, .T. ) ;
#5487 = ORIENTED_EDGE ( 'NONE', *, *, #847, .T. ) ;
#5488 = CARTESIAN_POINT ( 'NONE',  ( -0.006177993072238962800, 0.09499999999999998700, 0.07620276422027494300 ) ) ;
#5489 = DIRECTION ( 'NONE',  ( 4.662936703425656700E-015, -0.0000000000000000000, -1.000000000000000000 ) ) ;
#5490 = ORIENTED_EDGE ( 'NONE', *, *, #4310, .T. ) ;
#5491 = CARTESIAN_POINT ( 'NONE',  ( 0.02817412458183041500, 0.09999999999999900600, 0.06851848276350418200 ) ) ;
#5492 = ADVANCED_FACE ( 'NONE', ( #5209 ), #4573, .T. ) ;
#5493 = CARTESIAN_POINT ( 'NONE',  ( 0.08991025518922120300, 0.08999999999999999700, 0.08077722083689480000 ) ) ;
#5494 = CARTESIAN_POINT ( 'NONE',  ( -0.01873786501231263300, 0.09751809353930870900, -0.09762210797921110100 ) ) ;
#5495 = CARTESIAN_POINT ( 'NONE',  ( 0.01287304084318937300, 0.09999999999999999200, -0.01120102886903147900 ) ) ;
#5496 = AXIS2_PLACEMENT_3D ( 'NONE', #7124, #3354, #7744 ) ;
#5497 = DIRECTION ( 'NONE',  ( 0.0000000000000000000, 0.0000000000000000000, 1.000000000000000000 ) ) ;
#5498 = CARTESIAN_POINT ( 'NONE',  ( 0.0000000000000000000, 4.750000000000000000, 1.875000000000000700 ) ) ;
#5499 = LINE ( 'NONE', #1658, #3444 ) ;
#5500 = CARTESIAN_POINT ( 'NONE',  ( -0.01603143450995360400, 0.09999999999999714700, 0.07376763674883532500 ) ) ;
#5501 = ORIENTED_EDGE ( 'NONE', *, *, #3261, .T. ) ;
#5502 = CARTESIAN_POINT ( 'NONE',  ( 0.002134742581213631700, 0.09500000000000001500, 0.07680898080714247700 ) ) ;
#5503 = CARTESIAN_POINT ( 'NONE',  ( 2.212018280959907200E-016, 4.345012756430420200, -1.806250000000000400 ) ) ;
#5504 = VECTOR ( 'NONE', #5737, 39.37007874015748900 ) ;
#5505 = ORIENTED_EDGE ( 'NONE', *, *, #4529, .F. ) ;
#5506 = ORIENTED_EDGE ( 'NONE', *, *, #6672, .T. ) ;
#5507 = ORIENTED_EDGE ( 'NONE', *, *, #4632, .T. ) ;
#5508 = AXIS2_PLACEMENT_3D ( 'NONE', #732, #5113, #1362 ) ;
#5509 = CARTESIAN_POINT ( 'NONE',  ( -0.1182179676972449200, 0.08999999999999999700, -0.06825317547305484500 ) ) ;
#5510 = CIRCLE ( 'NONE', #7503, 0.01562499999999991800 ) ;
#5511 =( BOUNDED_CURVE ( )  B_SPLINE_CURVE ( 3, ( #1299, #1958, #7620, #3859 ),
 .UNSPECIFIED., .F., .F. ) 
 B_SPLINE_CURVE_WITH_KNOTS ( ( 4, 4 ),
 ( 3.141592653589796200, 4.712388980384687900 ),
 .UNSPECIFIED. ) 
 CURVE ( )  GEOMETRIC_REPRESENTATION_ITEM ( )  RATIONAL_B_SPLINE_CURVE ( ( 1.000000000000000000, 0.8047378541243661600, 0.8047378541243661600, 1.000000000000000000 ) ) 
 REPRESENTATION_ITEM ( '' )  );
#5512 = CIRCLE ( 'NONE', #2719, 1.850000000000115300 ) ;
#5513 = DIRECTION ( 'NONE',  ( 0.8660254037844339300, -0.0000000000000000000, 0.5000000000000079900 ) ) ;
#5514 = EDGE_CURVE ( 'NONE', #4626, #5376, #1876, .T. ) ;
#5515 = COORDINATED_UNIVERSAL_TIME_OFFSET ( 8, 0, .BEHIND. ) ;
#5516 = CARTESIAN_POINT ( 'NONE',  ( 0.02926093013329829000, 0.09999999999999996400, 0.07282875234434582600 ) ) ;
#5517 = CARTESIAN_POINT ( 'NONE',  ( 0.08491025518922110100, 0.09499999999999998700, 0.08943747487473915900 ) ) ;
#5518 = ORIENTED_EDGE ( 'NONE', *, *, #1110, .F. ) ;
#5519 = CARTESIAN_POINT ( 'NONE',  ( 0.0000000000000000000, 0.2523140909808909700, 1.315367299768568600 ) ) ;
#5520 = VECTOR ( 'NONE', #3864, 39.37007874015748100 ) ;
#5521 = EDGE_CURVE ( 'NONE', #1722, #4041, #6687, .T. ) ;
#5522 = ORIENTED_EDGE ( 'NONE', *, *, #3772, .F. ) ;
#5523 = DIRECTION ( 'NONE',  ( -0.8660254037844391500, 0.0000000000000000000, 0.4999999999999989500 ) ) ;
#5524 = CARTESIAN_POINT ( 'NONE',  ( -0.02811636983700826000, 0.09749999999999998900, 0.02338017804965773400 ) ) ;
#5525 = DIRECTION ( 'NONE',  ( -0.0000000000000000000, 1.000000000000000000, -0.0000000000000000000 ) ) ;
#5526 = ORIENTED_EDGE ( 'NONE', *, *, #6479, .F. ) ;
#5527 = CARTESIAN_POINT ( 'NONE',  ( 0.003878676470588326300, 0.09750000000000000300, 0.07683823529411763800 ) ) ;
#5528 = CIRCLE ( 'NONE', #2391, 1.759375000000000100 ) ;
#5529 = CARTESIAN_POINT ( 'NONE',  ( 1.657125086599738600E-016, 0.0000000000000000000, 1.337757700231430900 ) ) ;
#5530 = ORIENTED_EDGE ( 'NONE', *, *, #5998, .F. ) ;
#5531 = VERTEX_POINT ( 'NONE', #4572 ) ;
#5532 = CARTESIAN_POINT ( 'NONE',  ( 0.004544387438790116600, 0.09749999999999998900, 0.07684940259407502200 ) ) ;
#5533 = DIRECTION ( 'NONE',  ( 0.0000000000000000000, 1.000000000000000000, 0.0000000000000000000 ) ) ;
#5534 = CYLINDRICAL_SURFACE ( 'NONE', #1825, 0.005000000000000000100 ) ;
#5535 = ADVANCED_FACE ( 'NONE', ( #3747 ), #209, .F. ) ;
#5537 = EDGE_CURVE ( 'NONE', #3176, #125, #3355, .T. ) ;
#5536 = CARTESIAN_POINT ( 'NONE',  ( 0.0000000000000000000, 4.140850980782268200, 1.746397797600270500 ) ) ;
#5538 = DIRECTION ( 'NONE',  ( 0.0000000000000000000, 0.0000000000000000000, 1.000000000000000000 ) ) ;
#5539 = FACE_OUTER_BOUND ( 'NONE', #5667, .T. ) ;
#5540 = CARTESIAN_POINT ( 'NONE',  ( 0.03589792054997074900, 0.09997504543631867400, -0.009242604026097193600 ) ) ;
#5541 = CARTESIAN_POINT ( 'NONE',  ( 2.234980408443919700E-016, 4.470012756430420200, -1.825000000000000000 ) ) ;
#5543 = AXIS2_PLACEMENT_3D ( 'NONE', #4311, #6851, #1095 ) ;
#5542 = CARTESIAN_POINT ( 'NONE',  ( -0.006487958341564035100, 0.09499999999999995900, -0.03894766212676068600 ) ) ;
#5544 = CARTESIAN_POINT ( 'NONE',  ( 0.06726061586956395800, 0.09999999999999999200, 0.07586541128791980700 ) ) ;
#5545 = CARTESIAN_POINT ( 'NONE',  ( 0.02245367253002311300, 0.09749999999999998900, 0.07410377076027845100 ) ) ;
#5546 = CARTESIAN_POINT ( 'NONE',  ( -0.04106024771235742400, 0.09749999999999998900, -0.03551120532554820400 ) ) ;
#5547 = AXIS2_PLACEMENT_3D ( 'NONE', #4180, #426, #4805 ) ;
#5548 = VECTOR ( 'NONE', #1062, 39.37007874015748100 ) ;
#5549 = CARTESIAN_POINT ( 'NONE',  ( -0.002037721722466737200, 0.09859141558437116400, 0.02743940661672514300 ) ) ;
#5550 = FACE_OUTER_BOUND ( 'NONE', #4402, .T. ) ;
#5551 = DIRECTION ( 'NONE',  ( 0.0000000000000000000, 0.0000000000000000000, 1.000000000000000000 ) ) ;
#5552 = CARTESIAN_POINT ( 'NONE',  ( -0.07508974596215625700, 0.09792893218813451800, 0.06644709581221550100 ) ) ;
#5553 = CARTESIAN_POINT ( 'NONE',  ( 0.02985526180998687700, 0.09749999999999994800, -0.02898904598637807100 ) ) ;
#5554 = CARTESIAN_POINT ( 'NONE',  ( -0.01499999999999999100, 0.09499999999999998700, -0.1182531754730548500 ) ) ;
#5555 = DIRECTION ( 'NONE',  ( 0.4999999999999922300, 0.0000000000000000000, 0.8660254037844431500 ) ) ;
#5556 = ORIENTED_EDGE ( 'NONE', *, *, #3833, .T. ) ;
#5557 = FACE_OUTER_BOUND ( 'NONE', #3412, .T. ) ;
#5558 = DIRECTION ( 'NONE',  ( -1.000000000000000000, 0.0000000000000000000, 0.0000000000000000000 ) ) ;
#5559 = ORIENTED_EDGE ( 'NONE', *, *, #6258, .T. ) ;
#5560 = AXIS2_PLACEMENT_3D ( 'NONE', #2007, #6397, #2640 ) ;
#5561 = CARTESIAN_POINT ( 'NONE',  ( 0.03499999769724534300, 0.09999999999999999200, -0.09325317547305471400 ) ) ;
#5562 = CARTESIAN_POINT ( 'NONE',  ( -0.05137948230878470300, 0.09999999999999999200, 0.001170923714419160300 ) ) ;
#5563 = VECTOR ( 'NONE', #5260, 39.37007874015748900 ) ;
#5564 = EDGE_CURVE ( 'NONE', #2867, #3611, #1680, .T. ) ;
#5565 = ORIENTED_EDGE ( 'NONE', *, *, #7629, .T. ) ;
#5566 = ORIENTED_EDGE ( 'NONE', *, *, #5410, .F. ) ;
#5567 = CARTESIAN_POINT ( 'NONE',  ( 0.03379830689512651500, 0.09806342496768617700, -0.009242870702669825400 ) ) ;
#5568 = CARTESIAN_POINT ( 'NONE',  ( 0.02920800178812561800, 0.09179111000738751600, -0.1303938189421909000 ) ) ;
#5569 = VERTEX_POINT ( 'NONE', #850 ) ;
#5570 = CARTESIAN_POINT ( 'NONE',  ( -0.04969314497481756200, 0.09928007201081885700, 0.007906118557883683900 ) ) ;
#5571 = CARTESIAN_POINT ( 'NONE',  ( 0.01460594158151593700, 0.09999999999999999200, 0.07597046909383678400 ) ) ;
#5572 = ADVANCED_FACE ( 'NONE', ( #3150 ), #892, .F. ) ;
#5573 = CIRCLE ( 'NONE', #1, 0.03125000000000011100 ) ;
#5574 = EDGE_LOOP ( 'NONE', ( #1565, #2515, #7112, #7480 ) ) ;
#5575 = CARTESIAN_POINT ( 'NONE',  ( 0.06072599255280034000, 0.09499999999999998700, 0.06854648110117317300 ) ) ;
#5576 = EDGE_CURVE ( 'NONE', #5896, #873, #7586, .T. ) ;
#5577 = CARTESIAN_POINT ( 'NONE',  ( -0.07575961894323396400, 0.09999999999999999200, 0.05528684177437109800 ) ) ;
#5578 = VERTEX_POINT ( 'NONE', #5942 ) ;
#5579 = CARTESIAN_POINT ( 'NONE',  ( 0.01006301898386019500, 0.09500000000000001500, -0.04840004541552981500 ) ) ;
#5580 = CARTESIAN_POINT ( 'NONE',  ( -0.1267908273786822500, 0.09499999999999998700, 0.04070655290682848000 ) ) ;
#5581 = EDGE_CURVE ( 'NONE', #5115, #3985, #6119, .T. ) ;
#5582 = ORIENTED_EDGE ( 'NONE', *, *, #4357, .T. ) ;
#5583 = EDGE_LOOP ( 'NONE', ( #2333, #1616, #3832, #39 ) ) ;
#5584 = CARTESIAN_POINT ( 'NONE',  ( -0.01072847600121801600, 0.09499999999999998700, 0.02651447129099599200 ) ) ;
#5585 = DIRECTION ( 'NONE',  ( 1.224646799147355400E-016, 0.0000000000000000000, -1.000000000000000000 ) ) ;
#5586 = CARTESIAN_POINT ( 'NONE',  ( 0.02552297568867289300, 0.09884070575932221700, 0.05923253383646687900 ) ) ;
#5587 = CARTESIAN_POINT ( 'NONE',  ( -0.03880721761789117400, 0.09750000000000157200, -0.03908043146321938500 ) ) ;
#5588 = ORIENTED_EDGE ( 'NONE', *, *, #584, .T. ) ;
#5589 = AXIS2_PLACEMENT_3D ( 'NONE', #4871, #1124, #2357 ) ;
#5590 = CARTESIAN_POINT ( 'NONE',  ( 0.02545187901634187200, 0.09999999999999999200, 0.05710000401715843000 ) ) ;
#5591 = CARTESIAN_POINT ( 'NONE',  ( 0.02582501395628195400, 0.08999999999999999700, -0.1191279919959196400 ) ) ;
#5592 = CIRCLE ( 'NONE', #6833, 1.353145321372246900 ) ;
#5593 = CARTESIAN_POINT ( 'NONE',  ( 0.0004839020087597784100, 0.09499999999999998700, -0.03768746931087808800 ) ) ;
#5594 = CARTESIAN_POINT ( 'NONE',  ( 0.03356751392235420000, 0.1000000000000000500, 0.008571435365831906900 ) ) ;
#5595 = CARTESIAN_POINT ( 'NONE',  ( 0.003680195438398397700, 0.09999999999999999200, 0.07934268434145380600 ) ) ;
#5596 = DIRECTION ( 'NONE',  ( -1.000000000000000000, 0.0000000000000000000, 3.308348408967440500E-016 ) ) ;
#5597 = FACE_OUTER_BOUND ( 'NONE', #2587, .T. ) ;
#5599 = ORIENTED_EDGE ( 'NONE', *, *, #269, .T. ) ;
#5598 = AXIS2_PLACEMENT_3D ( 'NONE', #7475, #1823, #6788 ) ;
#5600 = DIRECTION ( 'NONE',  ( 0.0000000000000000000, 0.0000000000000000000, -1.000000000000000000 ) ) ;
#5601 = ORIENTED_EDGE ( 'NONE', *, *, #4575, .F. ) ;
#5602 = DIRECTION ( 'NONE',  ( -0.01681993148322140000, 0.0000000000000000000, -0.9998585349462692000 ) ) ;
#5603 =( BOUNDED_SURFACE ( )  B_SPLINE_SURFACE ( 3, 2, ( 
 ( #4780, #397, #6046 ),
 ( #2291, #6676, #2932 ),
 ( #7322, #3550, #7948 ),
 ( #4179, #425, #4804 ),
 ( #1064, #5451, #1686 ),
 ( #6072, #2320, #6707 ),
 ( #2957, #7348, #3581 ),
 ( #7972, #4204, #455 ) ),
 .UNSPECIFIED., .F., .F., .F. ) 
 B_SPLINE_SURFACE_WITH_KNOTS ( ( 4, 2, 2, 4 ),
 ( 3, 3 ),
 ( 1.570796326794896600, 2.356194490192344800, 2.748893571891069000, 3.141592653589793100 ),
 ( 0.0000000000000000000, 1.000000000000000000 ),
 .UNSPECIFIED. ) 
 GEOMETRIC_REPRESENTATION_ITEM ( )  RATIONAL_B_SPLINE_SURFACE ( (
 ( 1.000000000000000000, 1.000000000000000000, 1.000000000000000000),
 ( 1.000000000000000000, 1.002675839833324900, 1.000000000000000000),
 ( 1.000000000000000000, 0.9415999000515672400, 1.000000000000000000),
 ( 1.000000000000000000, 0.8282381556508741100, 1.000000000000000000),
 ( 1.000000000000000000, 0.7876781406151992500, 1.000000000000000000),
 ( 1.000000000000000000, 0.7265520990820054600, 1.000000000000000000),
 ( 1.000000000000000000, 0.7066754865711072400, 1.000000000000000000),
 ( 1.000000000000000000, 0.7071067811865472400, 1.000000000000000000) ) ) 
 REPRESENTATION_ITEM ( '' )  SURFACE ( )  );
#5604 = AXIS2_PLACEMENT_3D ( 'NONE', #6376, #1985, #7024 ) ;
#5605 = EDGE_CURVE ( 'NONE', #2533, #773, #4657, .T. ) ;
#5606 = CARTESIAN_POINT ( 'NONE',  ( -0.1253799863012762300, 0.09248190845447361300, 0.03847584837093206300 ) ) ;
#5607 = DIRECTION ( 'NONE',  ( 0.0000000000000000000, 0.0000000000000000000, 1.000000000000000000 ) ) ;
#5608 = CIRCLE ( 'NONE', #298, 1.477033942247503000 ) ;
#5609 = VERTEX_POINT ( 'NONE', #2249 ) ;
#5610 = EDGE_LOOP ( 'NONE', ( #4695, #7135, #1889, #7285 ) ) ;
#5611 = CARTESIAN_POINT ( 'NONE',  ( -0.01499999999999998600, 0.09499999999999998700, -0.1032531754730548600 ) ) ;
#5612 = ADVANCED_FACE ( 'NONE', ( #18 ), #1125, .T. ) ;
#5613 = DIRECTION ( 'NONE',  ( 0.0000000000000000000, -1.000000000000000000, 0.0000000000000000000 ) ) ;
#5614 = CARTESIAN_POINT ( 'NONE',  ( 0.02545187901634187200, 0.09999999999999999200, 0.05710000401715843000 ) ) ;
#5616 = CARTESIAN_POINT ( 'NONE',  ( -0.02535433569706895000, 0.09999999999999999200, -0.04905990312498483000 ) ) ;
#5615 = FACE_OUTER_BOUND ( 'NONE', #418, .T. ) ;
#5617 = CONICAL_SURFACE ( 'NONE', #132, 1.889487621779129000, 0.7853981633974422800 ) ;
#5618 = ORIENTED_EDGE ( 'NONE', *, *, #7585, .F. ) ;
#5619 = VERTEX_POINT ( 'NONE', #3020 ) ;
#5620 = CARTESIAN_POINT ( 'NONE',  ( -0.1017403810567672600, 0.09999999999999999200, 0.07028684177437087600 ) ) ;
#5621 = DIRECTION ( 'NONE',  ( 1.000000000000000000, 0.0000000000000000000, 4.440892098500624600E-015 ) ) ;
#5622 = EDGE_LOOP ( 'NONE', ( #566, #4796, #7950, #4060 ) ) ;
#5623 = VECTOR ( 'NONE', #3380, 39.37007874015748900 ) ;
#5624 = DIRECTION ( 'NONE',  ( 0.0000000000000000000, -1.000000000000000000, 0.0000000000000000000 ) ) ;
#5625 = CARTESIAN_POINT ( 'NONE',  ( 0.02120880764725418700, 0.09749999999999998900, 0.02108561471795722700 ) ) ;
#5626 = EDGE_CURVE ( 'NONE', #1815, #4278, #3203, .T. ) ;
#5627 =( BOUNDED_SURFACE ( )  B_SPLINE_SURFACE ( 3, 2, ( 
 ( #7446, #3684, #6843 ),
 ( #3091, #7469, #3713 ),
 ( #8101, #4330, #579 ),
 ( #4962, #1214, #5594 ),
 ( #1846, #6240, #2475 ),
 ( #6868, #3110, #7501 ),
 ( #3736, #8124, #4356 ),
 ( #604, #4984, #1245 ),
 ( #5625, #1864, #6263 ),
 ( #2504, #6891, #3129 ),
 ( #7529, #3760, #5 ),
 ( #4383, #633, #5010 ),
 ( #1267, #5653, #1894 ),
 ( #6290, #2527, #6921 ),
 ( #3154, #7552, #3791 ),
 ( #32, #4409, #654 ) ),
 .UNSPECIFIED., .F., .F., .F. ) 
 B_SPLINE_SURFACE_WITH_KNOTS ( ( 4, 2, 2, 2, 2, 2, 2, 4 ),
 ( 3, 3 ),
 ( 0.005936347862834110400, 0.006338391701870263800, 0.006539413621388340100, 0.006740435540906416400, 0.006941457460424492600, 0.007142479379942568900, 0.007343501299460645200, 0.007544523218978721500 ),
 ( 0.0000000000000000000, 1.000000000000000000 ),
 .UNSPECIFIED. ) 
 GEOMETRIC_REPRESENTATION_ITEM ( )  RATIONAL_B_SPLINE_SURFACE ( (
 ( 1.000000000000000000, 0.7071067811865475700, 1.000000000000000000),
 ( 1.000000000000000000, 0.7071067811865475700, 1.000000000000000000),
 ( 1.000000000000000000, 0.7071067811865451300, 1.000000000000000000),
 ( 1.000000000000000000, 0.7071067811865451300, 1.000000000000000000),
 ( 1.000000000000000000, 0.7071067811865499000, 1.000000000000000000),
 ( 1.000000000000000000, 0.7071067811865499000, 1.000000000000000000),
 ( 1.000000000000000000, 0.7071067811865499000, 1.000000000000000000),
 ( 1.000000000000000000, 0.7071067811865499000, 1.000000000000000000),
 ( 1.000000000000000000, 0.7071067811865475700, 1.000000000000000000),
 ( 1.000000000000000000, 0.7071067811865475700, 1.000000000000000000),
 ( 1.000000000000000000, 0.7071067811865469100, 1.000000000000000000),
 ( 1.000000000000000000, 0.7071067811865469100, 1.000000000000000000),
 ( 1.000000000000000000, 0.7071067811865451300, 1.000000000000000000),
 ( 1.000000000000000000, 0.7071067811865451300, 1.000000000000000000),
 ( 1.000000000000000000, 0.7071067811865481300, 1.000000000000000000),
 ( 1.000000000000000000, 0.7071067811865481300, 1.000000000000000000) ) ) 
 REPRESENTATION_ITEM ( '' )  SURFACE ( )  );
#5628 = CARTESIAN_POINT ( 'NONE',  ( -0.07558375419181515000, 0.09999999999999999200, 0.05821679320930835100 ) ) ;
#5629 = CYLINDRICAL_SURFACE ( 'NONE', #6802, 0.005000000000000000100 ) ;
#5630 = CARTESIAN_POINT ( 'NONE',  ( 0.06022599255280031800, 0.09499999999999998700, 0.06941250650495758800 ) ) ;
#5631 = EDGE_CURVE ( 'NONE', #1971, #3328, #2967, .T. ) ;
#5632 = CARTESIAN_POINT ( 'NONE',  ( 0.02249516526600280800, 0.09750000000000001700, 0.06030615991478740400 ) ) ;
#5633 = EDGE_LOOP ( 'NONE', ( #6224, #6830, #2227, #3251 ) ) ;
#5634 = CARTESIAN_POINT ( 'NONE',  ( -0.02811636983700826000, 0.09499999999999998700, 0.02338017804965773400 ) ) ;
#5635 = CARTESIAN_POINT ( 'NONE',  ( 0.09477400974995325900, 0.09999999999999999200, 0.09513231622559839600 ) ) ;
#5636 = CIRCLE ( 'NONE', #7607, 1.667479445282778800 ) ;
#5637 = CARTESIAN_POINT ( 'NONE',  ( -0.1122675014630613400, 0.08999999999999999700, 0.03595016139045641200 ) ) ;
#5638 = CALENDAR_DATE ( 2013, 28, 11 ) ;
#5639 = CARTESIAN_POINT ( 'NONE',  ( 0.02694633254311616300, 0.09499999999999997300, 0.05994977922545319900 ) ) ;
#5640 = CARTESIAN_POINT ( 'NONE',  ( 0.0000000000000000000, 4.470012756430420200, 0.0000000000000000000 ) ) ;
#5641 = CARTESIAN_POINT ( 'NONE',  ( 0.08868957037817049000, 0.09999999999999999200, 0.03814219845010221500 ) ) ;
#5642 = CIRCLE ( 'NONE', #2446, 0.02500000000000000500 ) ;
#5643 = EDGE_CURVE ( 'NONE', #1410, #7212, #7967, .T. ) ;
#5644 = CARTESIAN_POINT ( 'NONE',  ( 0.01286675258378361600, 0.09999999999999999200, -0.01092727796459965800 ) ) ;
#5645 = LINE ( 'NONE', #6192, #836 ) ;
#5646 = CARTESIAN_POINT ( 'NONE',  ( -0.01209614892231142400, 0.09999999999999999200, -0.05429302750762655300 ) ) ;
#5647 = VERTEX_POINT ( 'NONE', #6632 ) ;
#5648 = EDGE_LOOP ( 'NONE', ( #7099, #6168, #5868, #672 ) ) ;
#5649 = CARTESIAN_POINT ( 'NONE',  ( 0.0000000000000000000, 4.125451961564676800, 0.0000000000000000000 ) ) ;
#5650 = DIRECTION ( 'NONE',  ( 0.0000000000000000000, 0.0000000000000000000, 1.000000000000000000 ) ) ;
#5651 = ORIENTED_EDGE ( 'NONE', *, *, #5537, .T. ) ;
#5652 = LINE ( 'NONE', #1611, #2121 ) ;
#5653 = CARTESIAN_POINT ( 'NONE',  ( 0.007657145194702761500, 0.09999999999999888100, 0.02650788449273115000 ) ) ;
#5654 = CARTESIAN_POINT ( 'NONE',  ( 0.02064661237343000700, 0.09499999999999998700, -0.04171024164587808900 ) ) ;
#5655 = CARTESIAN_POINT ( 'NONE',  ( -0.07765007846045828000, 0.09504702702197452600, 0.06234213274230408800 ) ) ;
#5656 = CARTESIAN_POINT ( 'NONE',  ( 0.06022599274791237000, 0.09467274965458337400, 0.06941250661760557700 ) ) ;
#5657 = CARTESIAN_POINT ( 'NONE',  ( 0.003332950367647150900, 0.09499999999999998700, 0.06397058823529411200 ) ) ;
#5658 = FACE_OUTER_BOUND ( 'NONE', #6634, .T. ) ;
#5659 = CARTESIAN_POINT ( 'NONE',  ( 0.02911987504400720800, 0.09749999999999996200, -0.03125323141125280900 ) ) ;
#5660 = CARTESIAN_POINT ( 'NONE',  ( -0.1017403810567673200, 0.09999999999999999200, 0.07028684177437090300 ) ) ;
#5661 = DIRECTION ( 'NONE',  ( 0.8660254037844364900, 0.0000000000000000000, 0.5000000000000036600 ) ) ;
#5662 = FACE_OUTER_BOUND ( 'NONE', #3547, .T. ) ;
#5663 = AXIS2_PLACEMENT_3D ( 'NONE', #4083, #5325, #2193 ) ;
#5664 = VERTEX_POINT ( 'NONE', #1773 ) ;
#5665 = CARTESIAN_POINT ( 'NONE',  ( 0.09508974595216855600, 0.09565461545040941600, 0.03180607967813699200 ) ) ;
#5666 = ORIENTED_EDGE ( 'NONE', *, *, #7800, .F. ) ;
#5667 = EDGE_LOOP ( 'NONE', ( #4211, #6443, #881, #5676 ) ) ;
#5668 = EDGE_CURVE ( 'NONE', #5011, #5476, #4620, .T. ) ;
#5669 = CARTESIAN_POINT ( 'NONE',  ( -0.01633155910273217200, 0.09499999999999997300, -0.05140089842478017000 ) ) ;
#5670 = DIRECTION ( 'NONE',  ( 0.0000000000000000000, 0.0000000000000000000, 1.000000000000000000 ) ) ;
#5671 = VERTEX_POINT ( 'NONE', #1808 ) ;
#5672 = EDGE_CURVE ( 'NONE', #1277, #2198, #1745, .T. ) ;
#5673 = CARTESIAN_POINT ( 'NONE',  ( 0.0000000000000000000, 4.714644660940672700, 0.0000000000000000000 ) ) ;
#5674 = ORIENTED_EDGE ( 'NONE', *, *, #1163, .T. ) ;
#5675 = CARTESIAN_POINT ( 'NONE',  ( 2.138720472869157900E-016, 4.140850980782268200, -1.746397797600270500 ) ) ;
#5676 = ORIENTED_EDGE ( 'NONE', *, *, #5417, .T. ) ;
#5677 = CARTESIAN_POINT ( 'NONE',  ( 0.06361867924819383800, 0.09192726540609674800, 0.06849948644309017400 ) ) ;
#5678 = CARTESIAN_POINT ( 'NONE',  ( -0.01499999999999998900, 0.09499999999999998700, -0.1132531754730548400 ) ) ;
#5680 = VERTEX_POINT ( 'NONE', #3100 ) ;
#5679 = EDGE_LOOP ( 'NONE', ( #1355, #7862, #4639, #7870 ) ) ;
#5681 = AXIS2_PLACEMENT_3D ( 'NONE', #6124, #2367, #6762 ) ;
#5682 = CARTESIAN_POINT ( 'NONE',  ( -0.1017403810567672600, 0.09999999999999999200, 0.07028684177437087600 ) ) ;
#5683 = CARTESIAN_POINT ( 'NONE',  ( -0.008368190333364899200, 0.09750000000000003100, -0.03894264971040747200 ) ) ;
#5684 = EDGE_CURVE ( 'NONE', #7496, #4883, #4422, .T. ) ;
#5685 = CARTESIAN_POINT ( 'NONE',  ( -0.02811636983700826000, 0.09999999999999999200, 0.02338017804965773400 ) ) ;
#5686 = CARTESIAN_POINT ( 'NONE',  ( 0.02999999769724530700, 0.09207106781186547000, -0.08686349277133648100 ) ) ;
#5687 = CARTESIAN_POINT ( 'NONE',  ( 0.0000000000000000000, 0.0000000000000000000, 1.859375000000000700 ) ) ;
#5688 = CARTESIAN_POINT ( 'NONE',  ( 0.001031593213685007800, 0.1000000000000000200, 0.06140469665355213100 ) ) ;
#5689 = CARTESIAN_POINT ( 'NONE',  ( 0.02684083572150967500, 0.09000000000000001100, -0.1239624732528450300 ) ) ;
#5690 = FACE_OUTER_BOUND ( 'NONE', #4868, .T. ) ;
#5691 = CARTESIAN_POINT ( 'NONE',  ( -0.007437959558823434600, 0.09749999999999998900, -0.03897058823529413900 ) ) ;
#5692 = ORIENTED_EDGE ( 'NONE', *, *, #3693, .F. ) ;
#5693 = AXIS2_PLACEMENT_3D ( 'NONE', #1657, #6045, #2290 ) ;
#5694 = AXIS2_PLACEMENT_3D ( 'NONE', #3287, #7676, #3917 ) ;
#5695 = CARTESIAN_POINT ( 'NONE',  ( -0.04468279611026967200, 0.09499999999999997300, -0.02692995342861333500 ) ) ;
#5696 = DIRECTION ( 'NONE',  ( 0.0000000000000000000, 1.000000000000000000, 0.0000000000000000000 ) ) ;
#5697 = ORIENTED_EDGE ( 'NONE', *, *, #380, .F. ) ;
#5698 = CARTESIAN_POINT ( 'NONE',  ( -0.02452133493983423000, 0.09500000000000001500, 0.04724518869800793000 ) ) ;
#5699 = EDGE_LOOP ( 'NONE', ( #21, #1625, #2678 ) ) ;
#5700 = ORIENTED_EDGE ( 'NONE', *, *, #4342, .T. ) ;
#5701 = DIRECTION ( 'NONE',  ( 0.0000000000000000000, -1.000000000000000000, 0.0000000000000000000 ) ) ;
#5702 = CYLINDRICAL_SURFACE ( 'NONE', #187, 0.005000000000000000100 ) ;
#5703 = APPROVAL ( #2864, 'UNSPECIFIED' ) ;
#5704 = DIRECTION ( 'NONE',  ( -0.0000000000000000000, 1.000000000000000000, -0.0000000000000000000 ) ) ;
#5705 = DIRECTION ( 'NONE',  ( 0.0000000000000000000, -1.000000000000000000, 0.0000000000000000000 ) ) ;
#5706 = CARTESIAN_POINT ( 'NONE',  ( -0.04879854680617376500, 0.09750000000000000300, 0.01615201910475731800 ) ) ;
#5707 = DIRECTION ( 'NONE',  ( -1.000000000000000000, 0.0000000000000000000, -5.122214988120496200E-015 ) ) ;
#5708 = AXIS2_PLACEMENT_3D ( 'NONE', #6744, #1713, #2984 ) ;
#5709 = CARTESIAN_POINT ( 'NONE',  ( -0.09087059981896562800, 0.09630874078434204000, 0.06963440386957624200 ) ) ;
#5710 = CARTESIAN_POINT ( 'NONE',  ( -0.01999999999999999000, 0.09499999999999998700, -0.1032531754730548600 ) ) ;
#5711 = LINE ( 'NONE', #7624, #5520 ) ;
#5712 = VERTEX_POINT ( 'NONE', #8115 ) ;
#5713 = EDGE_CURVE ( 'NONE', #6646, #1971, #287, .T. ) ;
#5714 = CARTESIAN_POINT ( 'NONE',  ( -0.02811636983700826000, 0.09999999999999999200, 0.02338017804965773400 ) ) ;
#5715 = CARTESIAN_POINT ( 'NONE',  ( 0.0000000000000000000, 1.501014725754070200, 0.0000000000000000000 ) ) ;
#5716 = EDGE_LOOP ( 'NONE', ( #1081, #4207, #1805, #503 ) ) ;
#5717 = VERTEX_POINT ( 'NONE', #4292 ) ;
#5718 = ADVANCED_FACE ( 'NONE', ( #5895 ), #4227, .T. ) ;
#5719 = CARTESIAN_POINT ( 'NONE',  ( 0.01532556951161646300, 0.09499999999999998700, -0.009105638670589895300 ) ) ;
#5720 = ORIENTED_EDGE ( 'NONE', *, *, #4208, .T. ) ;
#5721 = AXIS2_PLACEMENT_3D ( 'NONE', #1290, #1923, #5069 ) ;
#5722 = FACE_OUTER_BOUND ( 'NONE', #5464, .T. ) ;
#5723 = CARTESIAN_POINT ( 'NONE',  ( 0.003882089190859117600, 0.09997844749673755200, 0.07901103444008256100 ) ) ;
#5724 = CARTESIAN_POINT ( 'NONE',  ( 0.004876562518231332100, 0.09499999999999998700, 0.06394566743947109600 ) ) ;
#5725 = EDGE_CURVE ( 'NONE', #4883, #2466, #1097, .T. ) ;
#5726 = CARTESIAN_POINT ( 'NONE',  ( -0.02981996966422978400, 0.09500000000000001500, -0.01076125305141222400 ) ) ;
#5727 = VECTOR ( 'NONE', #3637, 39.37007874015748100 ) ;
#5728 = CARTESIAN_POINT ( 'NONE',  ( 0.0000000000000000000, 0.0000000000000000000, 0.0000000000000000000 ) ) ;
#5729 = CIRCLE ( 'NONE', #5455, 0.004999999999999997500 ) ;
#5730 = EDGE_CURVE ( 'NONE', #580, #4491, #6095, .T. ) ;
#5731 = CARTESIAN_POINT ( 'NONE',  ( 0.01110236704861583500, 0.09499999999999998700, 0.02571262390554672800 ) ) ;
#5732 = CARTESIAN_POINT ( 'NONE',  ( -0.03038137225013201300, 0.09749999999999996200, -0.004661702644662518000 ) ) ;
#5733 = DIRECTION ( 'NONE',  ( -0.5144957554275222400, 0.0000000000000000000, -0.8574929257125466500 ) ) ;
#5734 = CYLINDRICAL_SURFACE ( 'NONE', #6123, 0.004999999999999997500 ) ;
#5735 = CARTESIAN_POINT ( 'NONE',  ( 0.01298467318558446100, 0.09499999999999998700, 0.003871501846406336400 ) ) ;
#5736 = CIRCLE ( 'NONE', #6352, 1.875000000000000700 ) ;
#5737 = DIRECTION ( 'NONE',  ( 8.659560562354879900E-017, 0.7071067811865516800, -0.7071067811865431300 ) ) ;
#5738 = CARTESIAN_POINT ( 'NONE',  ( 1.222448657041559800E-016, 0.0000000000000000000, 0.9982050807568976200 ) ) ;
#5739 = DIRECTION ( 'NONE',  ( -0.0000000000000000000, 1.000000000000000000, -0.0000000000000000000 ) ) ;
#5740 = DIRECTION ( 'NONE',  ( 0.0000000000000000000, 0.0000000000000000000, 1.000000000000000000 ) ) ;
#5741 = AXIS2_PLACEMENT_3D ( 'NONE', #166, #4546, #1426 ) ;
#5742 = CARTESIAN_POINT ( 'NONE',  ( 0.01084134213628422900, 0.09749999999999993400, 0.007526657919895341300 ) ) ;
#5743 = ORIENTED_EDGE ( 'NONE', *, *, #1002, .F. ) ;
#5744 = ORIENTED_EDGE ( 'NONE', *, *, #7060, .F. ) ;
#5745 = CARTESIAN_POINT ( 'NONE',  ( 0.003878752342621597000, 0.09806340710814605300, 0.07688654124236422900 ) ) ;
#5746 = CARTESIAN_POINT ( 'NONE',  ( 0.01798591815588714700, 0.09500000000000001500, 0.07532707214332382000 ) ) ;
#5747 = DIRECTION ( 'NONE',  ( 0.0000000000000000000, 0.0000000000000000000, 1.000000000000000000 ) ) ;
#5748 = TOROIDAL_SURFACE ( 'NONE', #2626, 1.909375000000000700, 0.03437499999999985000 ) ;
#5749 = CARTESIAN_POINT ( 'NONE',  ( -0.008368190333364899200, 0.09500000000000002900, -0.03894264971040747200 ) ) ;
#5750 = VERTEX_POINT ( 'NONE', #1255 ) ;
#5751 = ORIENTED_EDGE ( 'NONE', *, *, #1947, .T. ) ;
#5752 = ADVANCED_FACE ( 'NONE', ( #2567 ), #7772, .T. ) ;
#5753 = B_SPLINE_CURVE_WITH_KNOTS ( 'NONE', 3,
 ( #1937, #5688, #6966, #3202, #7596, #3827, #79, #4456, #699, #5085, #1331, #5714 ),
 .UNSPECIFIED., .F., .F.,
 ( 4, 2, 2, 2, 2, 4 ),
 ( 0.0000000000000000000, 0.0001764724201420801200, 0.0003529448402841602300, 0.0007058896805683203600, 0.001058834520852480500, 0.001411779361136640700 ),
 .UNSPECIFIED. ) ;
#5754 = CARTESIAN_POINT ( 'NONE',  ( 0.02791988914125057400, 0.09749999999999996200, 0.01423027567717137300 ) ) ;
#5755 = CARTESIAN_POINT ( 'NONE',  ( 0.0000000000000000000, 4.094653923129069300, 0.0000000000000000000 ) ) ;
#5756 = CARTESIAN_POINT ( 'NONE',  ( -0.09356576690784164400, 0.08999999999999999700, 0.02302709325300051800 ) ) ;
#5757 = CARTESIAN_POINT ( 'NONE',  ( -0.02853611751584046400, 0.09500000000000001500, -0.04760421499708891700 ) ) ;
#5758 = ORIENTED_EDGE ( 'NONE', *, *, #3327, .T. ) ;
#5759 = ORIENTED_EDGE ( 'NONE', *, *, #161, .F. ) ;
#5760 = AXIS2_PLACEMENT_3D ( 'NONE', #959, #5992, #7273 ) ;
#5761 = CARTESIAN_POINT ( 'NONE',  ( 0.03499999769724547500, 0.09999999999999999200, -0.1232531754730546900 ) ) ;
#5762 = CARTESIAN_POINT ( 'NONE',  ( -0.003141610124922970400, 0.09499999999999998700, 0.01426720872665651800 ) ) ;
#5763 = VERTEX_POINT ( 'NONE', #1280 ) ;
#5764 = EDGE_LOOP ( 'NONE', ( #2246, #3965, #1098, #2950 ) ) ;
#5765 = DIRECTION ( 'NONE',  ( -0.0000000000000000000, 1.000000000000000000, -0.0000000000000000000 ) ) ;
#5766 = EDGE_CURVE ( 'NONE', #7496, #254, #7576, .T. ) ;
#5767 = CARTESIAN_POINT ( 'NONE',  ( 0.08633410080879307100, 0.08999999999999999700, 0.07211625947378172400 ) ) ;
#5768 = CARTESIAN_POINT ( 'NONE',  ( 0.02729208827705991900, 0.09750000000000001700, 0.07124634493203499400 ) ) ;
#5769 = EDGE_CURVE ( 'NONE', #1754, #3802, #901, .T. ) ;
#5770 = ORIENTED_EDGE ( 'NONE', *, *, #5467, .T. ) ;
#5771 = CARTESIAN_POINT ( 'NONE',  ( 0.001893700777237831300, 0.09500000000000001500, 0.06393001929664572600 ) ) ;
#5772 = VERTEX_POINT ( 'NONE', #5029 ) ;
#5773 = LINE ( 'NONE', #772, #4316 ) ;
#5774 = CARTESIAN_POINT ( 'NONE',  ( 0.03372963296927213700, 0.09499999999999998700, -0.007968574266308901100 ) ) ;
#5775 = DIRECTION ( 'NONE',  ( 0.4999999999999931700, 0.0000000000000000000, 0.8660254037844425900 ) ) ;
#5776 = CARTESIAN_POINT ( 'NONE',  ( 7.752234701841145800E-017, 0.1140277731073001300, 0.6330180021895744900 ) ) ;
#5777 = AXIS2_PLACEMENT_3D ( 'NONE', #7287, #5388, #6642 ) ;
#5778 = ORIENTED_EDGE ( 'NONE', *, *, #8063, .F. ) ;
#5779 = CARTESIAN_POINT ( 'NONE',  ( -0.04089437905842301100, 0.09750000000000001700, -0.03560598863874663000 ) ) ;
#5780 = EDGE_CURVE ( 'NONE', #586, #768, #6979, .T. ) ;
#5781 = CARTESIAN_POINT ( 'NONE',  ( 0.02098892592138307600, 0.09750000000000003100, 0.06086335855130257200 ) ) ;
#5782 = CIRCLE ( 'NONE', #5023, 1.490475096019931600 ) ;
#5783 = ORIENTED_EDGE ( 'NONE', *, *, #2638, .F. ) ;
#5784 = ORIENTED_EDGE ( 'NONE', *, *, #7694, .F. ) ;
#5785 = CARTESIAN_POINT ( 'NONE',  ( -0.01072847600121801600, 0.09499999999999998700, 0.02651447129099599200 ) ) ;
#5786 = DIRECTION ( 'NONE',  ( 0.0000000000000000000, 0.0000000000000000000, -1.000000000000000000 ) ) ;
#5787 = CARTESIAN_POINT ( 'NONE',  ( 0.02823458082921439000, 0.09749999999999998900, 0.06619667962711346700 ) ) ;
#5788 = ADVANCED_FACE ( 'NONE', ( #2372 ), #7387, .F. ) ;
#5789 = PRODUCT_DEFINITION_SHAPE ( 'NONE', 'NONE',  #3189 ) ;
#5790 = DIRECTION ( 'NONE',  ( -0.0000000000000000000, 1.000000000000000000, -0.0000000000000000000 ) ) ;
#5791 = FACE_OUTER_BOUND ( 'NONE', #223, .T. ) ;
#5792 = AXIS2_PLACEMENT_3D ( 'NONE', #6995, #3229, #7622 ) ;
#5793 = CARTESIAN_POINT ( 'NONE',  ( 0.007939889357089105100, 0.09749999999999996200, -0.03294128769546889000 ) ) ;
#5794 = DIRECTION ( 'NONE',  ( -0.0000000000000000000, 1.000000000000000000, -0.0000000000000000000 ) ) ;
#5795 = ORIENTED_EDGE ( 'NONE', *, *, #3887, .F. ) ;
#5796 = EDGE_LOOP ( 'NONE', ( #1254, #4011 ) ) ;
#5797 = ORIENTED_EDGE ( 'NONE', *, *, #1269, .F. ) ;
#5798 = AXIS2_PLACEMENT_3D ( 'NONE', #4448, #690, #5078 ) ;
#5799 = DIRECTION ( 'NONE',  ( 0.8574929257125467600, 0.0000000000000000000, -0.5144957554275220200 ) ) ;
#5800 = CARTESIAN_POINT ( 'NONE',  ( 0.02823529411764715000, 0.09499999999999998700, 0.06612477022058822800 ) ) ;
#5801 = FACE_OUTER_BOUND ( 'NONE', #5402, .T. ) ;
#5802 = CARTESIAN_POINT ( 'NONE',  ( -0.02915590643595431300, 0.09499999999999998700, -0.01536155147579481600 ) ) ;
#5803 = CARTESIAN_POINT ( 'NONE',  ( 2.381607784933753300E-016, 4.714644660940672700, -1.944730339059328500 ) ) ;
#5804 = CARTESIAN_POINT ( 'NONE',  ( -0.008661626042810542000, 0.09750000000000001700, 0.06201516382251139700 ) ) ;
#5805 = FACE_OUTER_BOUND ( 'NONE', #6792, .T. ) ;
#5806 = CARTESIAN_POINT ( 'NONE',  ( -0.1182179676972449200, 0.09499999999999998700, -0.09825317547305484300 ) ) ;
#5807 = VERTEX_POINT ( 'NONE', #697 ) ;
#5808 = ORIENTED_EDGE ( 'NONE', *, *, #1211, .T. ) ;
#5809 = VERTEX_POINT ( 'NONE', #6909 ) ;
#5810 = DIRECTION ( 'NONE',  ( -0.0000000000000000000, 1.000000000000000000, -0.0000000000000000000 ) ) ;
#5811 = CARTESIAN_POINT ( 'NONE',  ( 0.0000000000000000000, 4.531250000000000000, 0.0000000000000000000 ) ) ;
#5812 = DIRECTION ( 'NONE',  ( -0.0000000000000000000, 1.000000000000000000, -0.0000000000000000000 ) ) ;
#5813 = CARTESIAN_POINT ( 'NONE',  ( -0.04885385199811600300, 0.09500000000000001500, -0.0007016455349879355500 ) ) ;
#5814 = FACE_OUTER_BOUND ( 'NONE', #2105, .T. ) ;
#5815 = CARTESIAN_POINT ( 'NONE',  ( 0.09312917925935593200, 0.09000000000000001100, 0.08601770708980335800 ) ) ;
#5816 = ORIENTED_EDGE ( 'NONE', *, *, #7833, .F. ) ;
#5817 = CARTESIAN_POINT ( 'NONE',  ( -0.03058001171835078600, 0.09999999999999999200, 0.004621585411344007600 ) ) ;
#5818 = EDGE_CURVE ( 'NONE', #4792, #7550, #4038, .T. ) ;
#5819 = DIRECTION ( 'NONE',  ( 0.0000000000000000000, 0.0000000000000000000, 1.000000000000000000 ) ) ;
#5820 = TOROIDAL_SURFACE ( 'NONE', #7190, 0.05499999999999999300, 0.005000000000000000100 ) ;
#5821 = CARTESIAN_POINT ( 'NONE',  ( 0.02973752959261740900, 0.09999999999999999200, 0.05929540858690387400 ) ) ;
#5822 = DATE_AND_TIME ( #7512, #1030 ) ;
#5823 = DIRECTION ( 'NONE',  ( -0.5000000000000036600, -0.0000000000000000000, 0.8660254037844364900 ) ) ;
#5824 = EDGE_CURVE ( 'NONE', #5115, #7119, #5511, .T. ) ;
#5825 = AXIS2_PLACEMENT_3D ( 'NONE', #7020, #3245, #7645 ) ;
#5826 = CARTESIAN_POINT ( 'NONE',  ( -0.01047457459660360500, 0.09999999999999999200, 0.02656374343641027700 ) ) ;
#5827 = DIRECTION ( 'NONE',  ( -0.0000000000000000000, 1.000000000000000000, -0.0000000000000000000 ) ) ;
#5828 = CARTESIAN_POINT ( 'NONE',  ( -0.05147089833005596300, 0.09999999999999999200, 0.007910317892181021800 ) ) ;
#5829 = CYLINDRICAL_SURFACE ( 'NONE', #1183, 0.005000000000000007900 ) ;
#5830 = VECTOR ( 'NONE', #5661, 39.37007874015748900 ) ;
#5831 = EDGE_CURVE ( 'NONE', #127, #1754, #7189, .T. ) ;
#5832 = CARTESIAN_POINT ( 'NONE',  ( 0.0000000000000000000, 0.0000000000000000000, -1.375000000000000000 ) ) ;
#5833 = CARTESIAN_POINT ( 'NONE',  ( -0.02621579740644544900, 0.09499999999999998700, 0.04379644885137286300 ) ) ;
#5834 = ORIENTED_EDGE ( 'NONE', *, *, #3837, .T. ) ;
#5835 = VERTEX_POINT ( 'NONE', #1352 ) ;
#5836 = CARTESIAN_POINT ( 'NONE',  ( 0.1182179676972455300, 0.09499999999999998700, -0.1232531754730543100 ) ) ;
#5837 = ADVANCED_FACE ( 'NONE', ( #2171 ), #500, .T. ) ;
#5838 = EDGE_CURVE ( 'NONE', #6267, #642, #4062, .T. ) ;
#5839 = ORIENTED_EDGE ( 'NONE', *, *, #4044, .F. ) ;
#5840 = EDGE_LOOP ( 'NONE', ( #5239, #7295, #484 ) ) ;
#5841 = CARTESIAN_POINT ( 'NONE',  ( 2.058534031253857400E-016, 3.625297493313865500, 1.667479445282778800 ) ) ;
#5842 = VECTOR ( 'NONE', #4682, 39.37007874015748100 ) ;
#5843 = DIRECTION ( 'NONE',  ( -4.268512490100412400E-016, 0.0000000000000000000, -1.000000000000000000 ) ) ;
#5844 = DIRECTION ( 'NONE',  ( -0.0000000000000000000, 1.000000000000000000, -0.0000000000000000000 ) ) ;
#5845 = DIRECTION ( 'NONE',  ( -0.8660254037844369300, 0.0000000000000000000, -0.5000000000000030000 ) ) ;
#5846 = CARTESIAN_POINT ( 'NONE',  ( -0.005973115808823432900, 0.09499999999999998700, 0.01433823529411764500 ) ) ;
#5847 = CARTESIAN_POINT ( 'NONE',  ( -0.02958530293435211000, 0.09999999999999999200, -0.01306172039380947700 ) ) ;
#5848 = AXIS2_PLACEMENT_3D ( 'NONE', #758, #5140, #1384 ) ;
#5849 = CARTESIAN_POINT ( 'NONE',  ( 0.005675137211847109500, 0.09999999999999999200, -0.05263083833801830000 ) ) ;
#5850 =( BOUNDED_CURVE ( )  B_SPLINE_CURVE ( 3, ( #4513, #707, #3895, #5147 ),
 .UNSPECIFIED., .F., .F. ) 
 B_SPLINE_CURVE_WITH_KNOTS ( ( 4, 4 ),
 ( -3.552713678800500900E-015, 1.570796326794891900 ),
 .UNSPECIFIED. ) 
 CURVE ( )  GEOMETRIC_REPRESENTATION_ITEM ( )  RATIONAL_B_SPLINE_CURVE ( ( 1.000000000000000000, 0.8047378541243652700, 0.8047378541243652700, 1.000000000000000000 ) ) 
 REPRESENTATION_ITEM ( '' )  );
#5851 = DIRECTION ( 'NONE',  ( -0.0000000000000000000, -1.000000000000000000, 0.0000000000000000000 ) ) ;
#5852 = DIRECTION ( 'NONE',  ( -0.5000000000000013300, 0.0000000000000000000, -0.8660254037844378200 ) ) ;
#5853 = CARTESIAN_POINT ( 'NONE',  ( 0.02528750324936103800, 0.09999999999999999200, 0.05959564304812538900 ) ) ;
#5854 = AXIS2_PLACEMENT_3D ( 'NONE', #7847, #4085, #328 ) ;
#5855 = CARTESIAN_POINT ( 'NONE',  ( -0.04087633517451579000, 0.09999999999999997800, -0.04050647765088726000 ) ) ;
#5856 = DIRECTION ( 'NONE',  ( -0.8660254037844338200, 0.0000000000000000000, -0.5000000000000081000 ) ) ;
#5857 = CIRCLE ( 'NONE', #1104, 0.05499999999999999300 ) ;
#5858 = ORIENTED_EDGE ( 'NONE', *, *, #2789, .T. ) ;
#5859 = ORIENTED_EDGE ( 'NONE', *, *, #902, .T. ) ;
#5860 = EDGE_LOOP ( 'NONE', ( #3056, #7411, #3065, #4648 ) ) ;
#5861 = CARTESIAN_POINT ( 'NONE',  ( 0.09832035880634248900, 0.09179111000738751600, 0.09049178101339387700 ) ) ;
#5862 = CARTESIAN_POINT ( 'NONE',  ( 0.005086115936667835700, 0.09749999999999998900, 0.06394228431116849600 ) ) ;
#5863 = ADVANCED_FACE ( 'NONE', ( #3648 ), #3860, .T. ) ;
#5864 = AXIS2_PLACEMENT_3D ( 'NONE', #222, #2725, #1481 ) ;
#5865 = CARTESIAN_POINT ( 'NONE',  ( -0.03060836352509636200, 0.09750000000000001700, 0.02358009667942764800 ) ) ;
#5866 = EDGE_CURVE ( 'NONE', #53, #1099, #6790, .T. ) ;
#5867 = ORIENTED_EDGE ( 'NONE', *, *, #6531, .T. ) ;
#5868 = ORIENTED_EDGE ( 'NONE', *, *, #5467, .F. ) ;
#5869 = CARTESIAN_POINT ( 'NONE',  ( 1.668265672074706700E-016, 0.2523140909808909700, -1.362242299768568600 ) ) ;
#5870 =( BOUNDED_SURFACE ( )  B_SPLINE_SURFACE ( 3, 2, ( 
 ( #4297, #7438, #520 ),
 ( #4925, #1177, #5562 ),
 ( #1812, #6199, #2441 ),
 ( #6836, #3083, #7463 ),
 ( #3705, #8093, #4323 ),
 ( #574, #4956, #1203 ),
 ( #5587, #1838, #6232 ),
 ( #2465, #6864, #3104 ),
 ( #7494, #3728, #8118 ),
 ( #4349, #596, #4978 ),
 ( #1235, #5616, #1861 ),
 ( #6256, #2496, #6885 ),
 ( #3126, #7520, #3753 ),
 ( #8141, #4378, #624 ),
 ( #5004, #1263, #5646 ),
 ( #1884, #6284, #2523 ) ),
 .UNSPECIFIED., .F., .F., .F. ) 
 B_SPLINE_SURFACE_WITH_KNOTS ( ( 4, 2, 2, 2, 2, 2, 2, 4 ),
 ( 3, 3 ),
 ( 0.008353824711208175000, 0.008908511989464403700, 0.009463199267720632400, 0.009740542906848746700, 0.01001788654597686100, 0.01015655836554091800, 0.01029523018510497500, 0.01057257382423308800 ),
 ( 0.0000000000000000000, 1.000000000000000000 ),
 .UNSPECIFIED. ) 
 GEOMETRIC_REPRESENTATION_ITEM ( )  RATIONAL_B_SPLINE_SURFACE ( (
 ( 1.000000000000000000, 0.7071067811865487900, 1.000000000000000000),
 ( 1.000000000000000000, 0.7071067811865487900, 1.000000000000000000),
 ( 1.000000000000000000, 0.7071067811865475700, 1.000000000000000000),
 ( 1.000000000000000000, 0.7071067811865475700, 1.000000000000000000),
 ( 1.000000000000000000, 0.7071067811865499000, 1.000000000000000000),
 ( 1.000000000000000000, 0.7071067811865499000, 1.000000000000000000),
 ( 1.000000000000000000, 0.7071067811865475700, 1.000000000000000000),
 ( 1.000000000000000000, 0.7071067811865475700, 1.000000000000000000),
 ( 1.000000000000000000, 0.7071067811865502400, 1.000000000000000000),
 ( 1.000000000000000000, 0.7071067811865502400, 1.000000000000000000),
 ( 1.000000000000000000, 0.7071067811865486800, 1.000000000000000000),
 ( 1.000000000000000000, 0.7071067811865486800, 1.000000000000000000),
 ( 1.000000000000000000, 0.7071067811865487900, 1.000000000000000000),
 ( 1.000000000000000000, 0.7071067811865487900, 1.000000000000000000),
 ( 1.000000000000000000, 0.7071067811865475700, 1.000000000000000000),
 ( 1.000000000000000000, 0.7071067811865475700, 1.000000000000000000) ) ) 
 REPRESENTATION_ITEM ( '' )  SURFACE ( )  );
#5871 = CARTESIAN_POINT ( 'NONE',  ( 0.0000000000000000000, 0.3125494028667080100, -1.345570251243616700 ) ) ;
#5872 = EDGE_CURVE ( 'NONE', #2690, #1856, #3836, .T. ) ;
#5873 = CARTESIAN_POINT ( 'NONE',  ( 0.03199423058326975700, 0.09499999999999997300, 0.005157845506937422000 ) ) ;
#5874 = CARTESIAN_POINT ( 'NONE',  ( -0.009378383604012444800, 0.09500000000000001500, 0.01423448018786884600 ) ) ;
#5875 = VERTEX_POINT ( 'NONE', #2067 ) ;
#5876 = CARTESIAN_POINT ( 'NONE',  ( -0.01989049601367776400, 0.09749999999999974000, -0.03527995217061943200 ) ) ;
#5878 = ORIENTED_EDGE ( 'NONE', *, *, #7850, .F. ) ;
#5877 = ORIENTED_EDGE ( 'NONE', *, *, #5274, .F. ) ;
#5879 = CARTESIAN_POINT ( 'NONE',  ( 0.03196712681600331200, 0.09749999999999867100, -0.02312085278162547700 ) ) ;
#5880 = DIRECTION ( 'NONE',  ( 0.0000000000000000000, 0.0000000000000000000, -1.000000000000000000 ) ) ;
#5881 = CARTESIAN_POINT ( 'NONE',  ( 0.01313650379109496300, 0.09998541472512902100, -0.01092838083179988400 ) ) ;
#5882 = CARTESIAN_POINT ( 'NONE',  ( 0.008356643476723950700, 0.09999999999999997800, 0.02892396552386715000 ) ) ;
#5883 = B_SPLINE_CURVE_WITH_KNOTS ( 'NONE', 3,
 ( #7618, #3225, #725, #5104, #1351, #5735, #1982, #6374, #2618, #7023, #3247, #7648, #3884, #123, #4501, #752, #5135 ),
 .UNSPECIFIED., .F., .F.,
 ( 4, 1, 1, 1, 1, 1, 1, 1, 1, 1, 1, 1, 1, 1, 4 ),
 ( 0.0000000000000000000, 0.1441035435634658600, 0.2761786009736232300, 0.3377831700329926300, 0.3964407745023275100, 0.4523926041510087900, 0.5067378252617947800, 0.5606897102899925900, 0.6140754195253761400, 0.6700931912472054600, 0.7273890993988850800, 0.7881722683900420600, 0.8532470378085262900, 0.9238234350602584400, 1.000000000000000000 ),
 .UNSPECIFIED. ) ;
#5884 = ADVANCED_FACE ( 'NONE', ( #3453 ), #2601, .F. ) ;
#5885 = DIRECTION ( 'NONE',  ( -1.000000000000000000, 0.0000000000000000000, 0.0000000000000000000 ) ) ;
#5886 = DIRECTION ( 'NONE',  ( 0.0000000000000000000, 0.0000000000000000000, 1.000000000000000000 ) ) ;
#5887 = EDGE_CURVE ( 'NONE', #6249, #3822, #106, .T. ) ;
#5888 = CARTESIAN_POINT ( 'NONE',  ( -0.08868577499943357300, 0.09197492569165628700, 0.01725915041990995100 ) ) ;
#5889 = CARTESIAN_POINT ( 'NONE',  ( 0.09025536039215262300, 0.08999999999999999700, 0.08192911413719009000 ) ) ;
#5890 = CARTESIAN_POINT ( 'NONE',  ( 0.01712741353618743200, 0.1000000000000008400, 0.06213441121511233800 ) ) ;
#5891 = ORIENTED_EDGE ( 'NONE', *, *, #7580, .F. ) ;
#5892 = EDGE_CURVE ( 'NONE', #254, #2466, #5319, .T. ) ;
#5893 = CYLINDRICAL_SURFACE ( 'NONE', #1927, 0.004999999999999999200 ) ;
#5894 = DIRECTION ( 'NONE',  ( 0.0000000000000000000, 0.0000000000000000000, 1.000000000000000000 ) ) ;
#5895 = FACE_OUTER_BOUND ( 'NONE', #2918, .T. ) ;
#5896 = VERTEX_POINT ( 'NONE', #7213 ) ;
#5897 = CARTESIAN_POINT ( 'NONE',  ( 0.1085248086704159900, 0.09946113292395697400, 0.04809612889562271000 ) ) ;
#5898 = ORIENTED_EDGE ( 'NONE', *, *, #1905, .T. ) ;
#5899 = ORIENTED_EDGE ( 'NONE', *, *, #6465, .F. ) ;
#5900 = ADVANCED_FACE ( 'NONE', ( #3248 ), #1776, .T. ) ;
#5901 = CARTESIAN_POINT ( 'NONE',  ( -0.02769750509683320200, 0.09749999999999996200, 0.007934531633803988300 ) ) ;
#5902 = FACE_OUTER_BOUND ( 'NONE', #3269, .T. ) ;
#5903 = CARTESIAN_POINT ( 'NONE',  ( -0.009199390768154226000, 0.09999999999999999200, -0.03641655816478453500 ) ) ;
#5904 = CARTESIAN_POINT ( 'NONE',  ( 0.03375746602714939400, 0.09999999999999999200, -0.008768204327775178500 ) ) ;
#5905 = CARTESIAN_POINT ( 'NONE',  ( 0.02710458782671276700, 0.09749999999999998900, 0.06009963440754858400 ) ) ;
#5906 = CARTESIAN_POINT ( 'NONE',  ( 0.01531934557594350800, 0.09806332418402169400, -0.01093730260684046100 ) ) ;
#5907 = DIRECTION ( 'NONE',  ( 0.0000000000000000000, -1.000000000000000000, 0.0000000000000000000 ) ) ;
#5908 = DIRECTION ( 'NONE',  ( -0.0000000000000000000, 1.000000000000000000, -0.0000000000000000000 ) ) ;
#5909 = CIRCLE ( 'NONE', #3606, 1.625005121940030100 ) ;
#5910 = AXIS2_PLACEMENT_3D ( 'NONE', #7069, #7095, #3959 ) ;
#5911 = CARTESIAN_POINT ( 'NONE',  ( -0.1485288568297003000, 0.09499999999999998700, -0.05075317547305486400 ) ) ;
#5912 = CARTESIAN_POINT ( 'NONE',  ( -0.09500922963092788000, 0.09053886747000823600, 0.02297239982731180000 ) ) ;
#5913 = AXIS2_PLACEMENT_3D ( 'NONE', #6918, #3149, #7549 ) ;
#5914 = DIRECTION ( 'NONE',  ( -0.0000000000000000000, 1.000000000000000000, 0.0000000000000000000 ) ) ;
#5915 = CARTESIAN_POINT ( 'NONE',  ( 0.02369747653193257300, 0.09999999999999999200, 0.05730337086926422200 ) ) ;
#5916 = CARTESIAN_POINT ( 'NONE',  ( -0.1105801258675446500, 0.08999999999999999700, 0.03497595463616085700 ) ) ;
#5917 = CIRCLE ( 'NONE', #4948, 1.665328583257316400 ) ;
#5918 = ORIENTED_EDGE ( 'NONE', *, *, #4716, .T. ) ;
#5919 = ORIENTED_EDGE ( 'NONE', *, *, #4716, .F. ) ;
#5920 = VERTEX_POINT ( 'NONE', #5345 ) ;
#5921 = ORIENTED_EDGE ( 'NONE', *, *, #5274, .T. ) ;
#5922 = CARTESIAN_POINT ( 'NONE',  ( -0.02119611427175906200, 0.09999999999999999200, 0.008618599306039217600 ) ) ;
#5923 = VECTOR ( 'NONE', #537, 39.37007874015748900 ) ;
#5924 = DIRECTION ( 'NONE',  ( 1.000000000000000000, 0.0000000000000000000, -1.224646799147353200E-016 ) ) ;
#5925 = ADVANCED_FACE ( 'NONE', ( #8064 ), #1578, .F. ) ;
#5926 = CARTESIAN_POINT ( 'NONE',  ( 0.1099101485495176000, 0.09497276369701110300, 0.04613581299697955300 ) ) ;
#5927 = AXIS2_PLACEMENT_3D ( 'NONE', #6385, #2627, #7032 ) ;
#5928 = CARTESIAN_POINT ( 'NONE',  ( -0.005968601510967877000, 0.09987729806773997000, 0.01266022934137382500 ) ) ;
#5929 = CARTESIAN_POINT ( 'NONE',  ( 0.0000000000000000000, 0.2468875854287995400, 0.0000000000000000000 ) ) ;
#5930 = FACE_OUTER_BOUND ( 'NONE', #6079, .T. ) ;
#5931 = DIRECTION ( 'NONE',  ( -1.224646799147345100E-016, 0.0000000000000000000, -1.000000000000000000 ) ) ;
#5932 = CIRCLE ( 'NONE', #7144, 0.004999999999999997500 ) ;
#5933 = CARTESIAN_POINT ( 'NONE',  ( 0.0000000000000000000, 0.0000000000000000000, 1.809375000000000200 ) ) ;
#5934 = EDGE_CURVE ( 'NONE', #5226, #465, #4711, .T. ) ;
#5935 = CARTESIAN_POINT ( 'NONE',  ( -0.008948615990799328000, 0.09999999999999974200, -0.05423214869518677700 ) ) ;
#5936 = DIRECTION ( 'NONE',  ( -0.01681993148323164200, 0.0000000000000000000, 0.9998585349462689700 ) ) ;
#5937 = DIRECTION ( 'NONE',  ( 0.0000000000000000000, -1.000000000000000000, 0.0000000000000000000 ) ) ;
#5938 = CYLINDRICAL_SURFACE ( 'NONE', #4846, 0.002499999999999998800 ) ;
#5939 = ORIENTED_EDGE ( 'NONE', *, *, #2044, .T. ) ;
#5940 = SPHERICAL_SURFACE ( 'NONE', #5083, 0.005000000000000000100 ) ;
#5941 = EDGE_CURVE ( 'NONE', #3, #111, #1142, .T. ) ;
#5942 = CARTESIAN_POINT ( 'NONE',  ( -0.02808007395006620700, 0.09999999999999999200, 0.004639224989132493700 ) ) ;
#5943 = CARTESIAN_POINT ( 'NONE',  ( 0.0000000000000000000, 0.3115346771126377700, 0.0000000000000000000 ) ) ;
#5944 = ADVANCED_FACE ( 'NONE', ( #6389 ), #2866, .F. ) ;
#5945 = ORIENTED_EDGE ( 'NONE', *, *, #4273, .F. ) ;
#5946 = CARTESIAN_POINT ( 'NONE',  ( -0.005830781748766577500, 0.09749999999999998900, 0.01434257207066863500 ) ) ;
#5947 = AXIS2_PLACEMENT_3D ( 'NONE', #5214, #1461, #5845 ) ;
#5948 = ORIENTED_EDGE ( 'NONE', *, *, #1681, .T. ) ;
#5949 =( CONVERSION_BASED_UNIT ( 'INCH', #3492 ) LENGTH_UNIT ( ) NAMED_UNIT ( #7094 ) );
#5950 = EDGE_CURVE ( 'NONE', #4493, #2549, #6198, .T. ) ;
#5951 = LINE ( 'NONE', #4567, #961 ) ;
#5952 = CARTESIAN_POINT ( 'NONE',  ( -0.1002324962341835100, 0.08999999999999999700, 0.02900174788186525600 ) ) ;
#5953 = ORIENTED_EDGE ( 'NONE', *, *, #1110, .T. ) ;
#5954 = VERTEX_POINT ( 'NONE', #6621 ) ;
#5955 = CARTESIAN_POINT ( 'NONE',  ( -0.07325961894323400300, 0.09499999999999998700, 0.05961696879329330500 ) ) ;
#5956 = CARTESIAN_POINT ( 'NONE',  ( 4.141272901183815800E-016, 0.09999999999999999200, -0.09325317547305486700 ) ) ;
#5957 = CARTESIAN_POINT ( 'NONE',  ( -0.1182179676972449400, 0.09499999999999998700, -0.1232531754730548100 ) ) ;
#5958 = DIRECTION ( 'NONE',  ( 0.0000000000000000000, 0.0000000000000000000, -1.000000000000000000 ) ) ;
#5959 = AXIS2_PLACEMENT_3D ( 'NONE', #5503, #1751, #6140 ) ;
#5960 = CARTESIAN_POINT ( 'NONE',  ( -0.008957586642442760500, 0.09906151187492591400, -0.05238597885726581400 ) ) ;
#5961 = CARTESIAN_POINT ( 'NONE',  ( -0.07936821221093963400, 0.09999999999999997800, 0.06075230364339203500 ) ) ;
#5962 = CARTESIAN_POINT ( 'NONE',  ( 0.01536764705882362100, 0.09499999999999998700, -0.01093750000000000300 ) ) ;
#5963 = DIRECTION ( 'NONE',  ( 0.0000000000000000000, -1.000000000000000000, 0.0000000000000000000 ) ) ;
#5964 = AXIS2_PLACEMENT_3D ( 'NONE', #6104, #2347, #6745 ) ;
#5965 = ADVANCED_FACE ( 'NONE', ( #1380 ), #7868, .F. ) ;
#5966 = ORIENTED_EDGE ( 'NONE', *, *, #631, .F. ) ;
#5967 = DIRECTION ( 'NONE',  ( 0.0000000000000000000, -1.000000000000000000, 0.0000000000000000000 ) ) ;
#5968 = ORIENTED_EDGE ( 'NONE', *, *, #1620, .F. ) ;
#5969 = CARTESIAN_POINT ( 'NONE',  ( -0.01312364406071249300, 0.09999999999999999200, 0.07735135567602970100 ) ) ;
#5970 = CARTESIAN_POINT ( 'NONE',  ( 0.02999999769724537000, 0.09500000000000001500, -0.09825317547305474600 ) ) ;
#5971 = CARTESIAN_POINT ( 'NONE',  ( -0.02790033179419389900, 0.1000000000000000100, -0.003986467711261021900 ) ) ;
#5972 = EDGE_LOOP ( 'NONE', ( #2943, #1741, #1551, #4134 ) ) ;
#5973 = B_SPLINE_CURVE_WITH_KNOTS ( 'NONE', 3,
 ( #4466, #714, #5093, #1342, #5726, #1973, #6364, #2609, #7008, #3239, #7637, #3874, #113, #4492, #741, #5123, #1369, #5749, #2003 ),
 .UNSPECIFIED., .F., .F.,
 ( 4, 1, 1, 1, 1, 1, 1, 1, 1, 1, 1, 1, 1, 1, 1, 1, 4 ),
 ( 0.02284279934210286700, 0.1074408508383557600, 0.2064253870465703200, 0.2960623645775223300, 0.3775906216445179000, 0.4511832974875473200, 0.5177616672632143800, 0.5783907066202237400, 0.6332091709930078900, 0.6835752217067157000, 0.7301357102374596000, 0.7747857332340428700, 0.8176094419439677900, 0.8605251267164787400, 0.9050724796213989200, 0.9510114370952500500, 1.000000000000000000 ),
 .UNSPECIFIED. ) ;
#5974 = AXIS2_PLACEMENT_3D ( 'NONE', #5811, #2061, #6449 ) ;
#5975 = APPROVAL_ROLE ( '' ) ;
#5976 = ORIENTED_EDGE ( 'NONE', *, *, #7492, .F. ) ;
#5977 = DIRECTION ( 'NONE',  ( 8.659560562354825600E-017, -0.7071067811865562300, 0.7071067811865388000 ) ) ;
#5978 = EDGE_CURVE ( 'NONE', #8023, #3027, #7837, .T. ) ;
#5979 = ADVANCED_FACE ( 'NONE', ( #7669 ), #6367, .F. ) ;
#5980 = DIRECTION ( 'NONE',  ( 1.000000000000000000, -0.0000000000000000000, -3.308348408967440500E-016 ) ) ;
#5981 = CIRCLE ( 'NONE', #4294, 1.859375000000000700 ) ;
#5982 = CARTESIAN_POINT ( 'NONE',  ( 0.09122508081225426400, 0.1000000000000000100, 0.03435774043097785500 ) ) ;
#5983 = CARTESIAN_POINT ( 'NONE',  ( -0.1199102528864668500, 0.09499999999999998700, 0.02881570059831647200 ) ) ;
#5984 = AXIS2_PLACEMENT_3D ( 'NONE', #4181, #428, #4806 ) ;
#5985 = DIRECTION ( 'NONE',  ( 4.662936703425656700E-015, 0.0000000000000000000, -1.000000000000000000 ) ) ;
#5986 = CARTESIAN_POINT ( 'NONE',  ( 0.0000000000000000000, 4.406249999999999100, 0.0000000000000000000 ) ) ;
#5987 = VERTEX_POINT ( 'NONE', #4776 ) ;
#5988 = CARTESIAN_POINT ( 'NONE',  ( 0.0000000000000000000, 4.375631378215179400, 0.0000000000000000000 ) ) ;
#5989 = CARTESIAN_POINT ( 'NONE',  ( 0.02619065349492519900, 0.09499999999999997300, 0.07249751350216295000 ) ) ;
#5990 = LINE ( 'NONE', #3222, #2464 ) ;
#5991 = ORIENTED_EDGE ( 'NONE', *, *, #6805, .F. ) ;
#5992 = DIRECTION ( 'NONE',  ( 0.0000000000000000000, -1.000000000000000000, 0.0000000000000000000 ) ) ;
#5993 = EDGE_CURVE ( 'NONE', #5671, #7638, #992, .T. ) ;
#5994 = EDGE_LOOP ( 'NONE', ( #2478, #2835, #4816, #2754 ) ) ;
#5995 = CARTESIAN_POINT ( 'NONE',  ( 0.0000000000000000000, 4.670450487116513100, 0.0000000000000000000 ) ) ;
#5996 = CARTESIAN_POINT ( 'NONE',  ( 0.003332950367647150900, 0.09777975834274865700, 0.06397058823529411200 ) ) ;
#5997 = DIRECTION ( 'NONE',  ( 0.8660254037844431500, -0.0000000000000000000, -0.4999999999999923400 ) ) ;
#5998 = EDGE_CURVE ( 'NONE', #918, #4210, #4896, .T. ) ;
#5999 = VECTOR ( 'NONE', #4980, 39.37007874015748900 ) ;
#6000 = DIRECTION ( 'NONE',  ( 0.4853627795187426800, -0.0000000000000000000, -0.8743128571957753400 ) ) ;
#6001 = VERTEX_POINT ( 'NONE', #7402 ) ;
#6002 = VERTEX_POINT ( 'NONE', #7451 ) ;
#6003 = ORIENTED_EDGE ( 'NONE', *, *, #7647, .F. ) ;
#6004 = CIRCLE ( 'NONE', #4700, 0.03125000000000011100 ) ;
#6005 = CARTESIAN_POINT ( 'NONE',  ( 0.02814250477153297500, 0.09499999999999998700, -0.1301573539302004800 ) ) ;
#6006 = CARTESIAN_POINT ( 'NONE',  ( -0.02522432138602866100, 0.09999999999999996400, 0.03922673299938300000 ) ) ;
#6007 = DIRECTION ( 'NONE',  ( 0.0000000000000000000, 1.000000000000000000, 0.0000000000000000000 ) ) ;
#6008 = FACE_OUTER_BOUND ( 'NONE', #6078, .T. ) ;
#6009 = ORIENTED_EDGE ( 'NONE', *, *, #5626, .F. ) ;
#6010 = AXIS2_PLACEMENT_3D ( 'NONE', #1777, #7418, #6174 ) ;
#6011 = VERTEX_POINT ( 'NONE', #5519 ) ;
#6012 =( BOUNDED_CURVE ( )  B_SPLINE_CURVE ( 3, ( #1301, #5057, #1934, #6330 ),
 .UNSPECIFIED., .F., .F. ) 
 B_SPLINE_CURVE_WITH_KNOTS ( ( 4, 4 ),
 ( 3.141592653589793100, 4.712388980384689700 ),
 .UNSPECIFIED. ) 
 CURVE ( )  GEOMETRIC_REPRESENTATION_ITEM ( )  RATIONAL_B_SPLINE_CURVE ( ( 1.000000000000000000, 0.8047378541243649400, 0.8047378541243649400, 1.000000000000000000 ) ) 
 REPRESENTATION_ITEM ( '' )  );
#6013 = DIRECTION ( 'NONE',  ( 1.000000000000000000, 0.0000000000000000000, -1.224646799147353200E-016 ) ) ;
#6014 = CARTESIAN_POINT ( 'NONE',  ( 0.01282726577364716500, 0.09999999999999999200, -0.01219495536035537100 ) ) ;
#6015 = DIRECTION ( 'NONE',  ( -1.000000000000000000, 0.0000000000000000000, -5.122214988120496200E-015 ) ) ;
#6016 = CARTESIAN_POINT ( 'NONE',  ( -0.1297740074471990000, 0.09999999999999999200, 0.03451054194917558400 ) ) ;
#6017 = PLANE ( 'NONE',  #4282 ) ;
#6018 = CIRCLE ( 'NONE', #2168, 0.001000000000000003100 ) ;
#6019 = AXIS2_PLACEMENT_3D ( 'NONE', #2508, #6898, #3135 ) ;
#6020 = CARTESIAN_POINT ( 'NONE',  ( 0.0000000000000000000, 0.03125000000000000000, 0.0000000000000000000 ) ) ;
#6021 = ORIENTED_EDGE ( 'NONE', *, *, #966, .F. ) ;
#6022 = DIRECTION ( 'NONE',  ( -0.0000000000000000000, 1.000000000000000000, -0.0000000000000000000 ) ) ;
#6023 = CARTESIAN_POINT ( 'NONE',  ( 0.003344693710589917300, 0.09993889053115370700, 0.06201951945182918700 ) ) ;
#6024 = VECTOR ( 'NONE', #5810, 39.37007874015748100 ) ;
#6025 = ADVANCED_FACE ( 'NONE', ( #4322 ), #2656, .T. ) ;
#6026 = EDGE_CURVE ( 'NONE', #5183, #7775, #3462, .T. ) ;
#6027 = APPROVAL_DATE_TIME ( #7705, #3615 ) ;
#6028 = CARTESIAN_POINT ( 'NONE',  ( -0.004369404203027018300, 0.09999999999999997800, -0.03634690251905709600 ) ) ;
#6029 = CIRCLE ( 'NONE', #8072, 1.331467057486937400 ) ;
#6030 = CIRCLE ( 'NONE', #7050, 0.03125000000000011100 ) ;
#6031 = DIRECTION ( 'NONE',  ( 0.0000000000000000000, -1.000000000000000000, 0.0000000000000000000 ) ) ;
#6033 = AXIS2_PLACEMENT_3D ( 'NONE', #2643, #7048, #3281 ) ;
#6032 = CARTESIAN_POINT ( 'NONE',  ( 0.09941987298107771200, 0.09499999999999998700, 0.03430607966083913700 ) ) ;
#6034 = CARTESIAN_POINT ( 'NONE',  ( -0.01545789194385270400, 0.09749999999999998900, 0.05859474813521620800 ) ) ;
#6035 = DIRECTION ( 'NONE',  ( 0.4853627795187427400, 0.0000000000000000000, -0.8743128571957754500 ) ) ;
#6036 = ORIENTED_EDGE ( 'NONE', *, *, #6357, .F. ) ;
#6037 = CARTESIAN_POINT ( 'NONE',  ( -0.01749999884862273700, 0.09999999999999999200, 0.03031088713821078500 ) ) ;
#6038 = ORIENTED_EDGE ( 'NONE', *, *, #6209, .T. ) ;
#6039 = ORIENTED_EDGE ( 'NONE', *, *, #4376, .F. ) ;
#6040 = CARTESIAN_POINT ( 'NONE',  ( 0.01440259568954263400, 0.1000000000000000100, -0.04946119397906583600 ) ) ;
#6041 = CARTESIAN_POINT ( 'NONE',  ( -0.004744103521582481600, 0.09999999999999999200, 0.01430740628161501800 ) ) ;
#6042 = TOROIDAL_SURFACE ( 'NONE', #4815, 1.474883080221965500, 0.03125000000000000000 ) ;
#6043 = EDGE_CURVE ( 'NONE', #5807, #5717, #1994, .T. ) ;
#6044 = CARTESIAN_POINT ( 'NONE',  ( 0.01332425781477066300, 0.09750000000000098900, -0.02372937902178022200 ) ) ;
#6045 = DIRECTION ( 'NONE',  ( 0.5000000000000036600, -0.0000000000000000000, -0.8660254037844364900 ) ) ;
#6046 = CARTESIAN_POINT ( 'NONE',  ( -0.009999999999999993300, 0.09999999999999999200, -0.1232531754730548500 ) ) ;
#6047 = DIRECTION ( 'NONE',  ( -0.0000000000000000000, 1.000000000000000000, -0.0000000000000000000 ) ) ;
#6048 = CARTESIAN_POINT ( 'NONE',  ( 0.03065655949825898600, 0.1000000000000000500, 0.06896368321518543700 ) ) ;
#6049 = EDGE_CURVE ( 'NONE', #6967, #5619, #5782, .T. ) ;
#6050 = CARTESIAN_POINT ( 'NONE',  ( -0.05140283665074029500, 0.09999999999999999200, 0.01163158070220009200 ) ) ;
#6051 = FACE_OUTER_BOUND ( 'NONE', #83, .T. ) ;
#6052 = CARTESIAN_POINT ( 'NONE',  ( -0.04882224408901339500, 0.09750000000000000300, 0.01601510724238835700 ) ) ;
#6053 = CARTESIAN_POINT ( 'NONE',  ( 0.02939602478833824200, 0.09197492569165625900, -0.08543370931377539100 ) ) ;
#6054 = ORIENTED_EDGE ( 'NONE', *, *, #5993, .F. ) ;
#6055 = TOROIDAL_SURFACE ( 'NONE', #675, 1.002319221306503700, 0.03125000000000000000 ) ;
#6056 = ORIENTED_EDGE ( 'NONE', *, *, #2738, .F. ) ;
#6057 = ORIENTED_EDGE ( 'NONE', *, *, #4515, .T. ) ;
#6058 = EDGE_CURVE ( 'NONE', #2029, #638, #5990, .T. ) ;
#6059 = DIRECTION ( 'NONE',  ( -4.268512490100412900E-016, 0.0000000000000000000, -1.000000000000000000 ) ) ;
#6060 = CARTESIAN_POINT ( 'NONE',  ( 0.004811795034782912400, 0.09499999999999997300, -0.03534130562799065600 ) ) ;
#6061 = CARTESIAN_POINT ( 'NONE',  ( 0.001404294779097979900, 0.09999999999999999200, 0.06391622413419056900 ) ) ;
#6062 = CARTESIAN_POINT ( 'NONE',  ( 0.007127436751924367400, 0.09999999999999999200, 0.06140012176317273500 ) ) ;
#6063 = ADVANCED_FACE ( 'NONE', ( #7282 ), #595, .T. ) ;
#6064 = CARTESIAN_POINT ( 'NONE',  ( 0.0000000000000000000, 0.2441743326527538400, -1.316079436346121700 ) ) ;
#6065 = DIRECTION ( 'NONE',  ( 1.224646799147355400E-016, 0.0000000000000000000, -1.000000000000000000 ) ) ;
#6067 = ORIENTED_EDGE ( 'NONE', *, *, #7060, .T. ) ;
#6066 = CARTESIAN_POINT ( 'NONE',  ( 0.003684372858882444300, 0.1000000000000000200, 0.01012049266622056800 ) ) ;
#6068 = AXIS2_PLACEMENT_3D ( 'NONE', #4885, #1137, #5523 ) ;
#6069 = VERTEX_POINT ( 'NONE', #5536 ) ;
#6070 = CARTESIAN_POINT ( 'NONE',  ( 0.005555048504999378200, 0.09999999999999999200, -0.03512074734109096200 ) ) ;
#6071 = DIRECTION ( 'NONE',  ( 0.0000000000000000000, 0.0000000000000000000, 1.000000000000000000 ) ) ;
#6072 = CARTESIAN_POINT ( 'NONE',  ( -0.01486986281895668700, 0.09630874078434205300, -0.1135134498351418600 ) ) ;
#6073 = CARTESIAN_POINT ( 'NONE',  ( 0.0000000000000000000, 0.01509259103576671800, -1.002249128336624400 ) ) ;
#6074 = AXIS2_PLACEMENT_3D ( 'NONE', #6586, #304, #1596 ) ;
#6075 = CARTESIAN_POINT ( 'NONE',  ( -0.1267740074471989900, 0.09999999999999999200, 0.03970669437188221300 ) ) ;
#6076 = ORIENTED_EDGE ( 'NONE', *, *, #5521, .F. ) ;
#6077 = CARTESIAN_POINT ( 'NONE',  ( -0.04592884325012913700, 0.1000000000000018900, 0.03682775765227341800 ) ) ;
#6079 = EDGE_LOOP ( 'NONE', ( #5281, #78, #4335, #6260 ) ) ;
#6078 = EDGE_LOOP ( 'NONE', ( #7359, #803, #789, #158 ) ) ;
#6080 = CARTESIAN_POINT ( 'NONE',  ( 0.0000000000000000000, 3.654220548491862200, 0.0000000000000000000 ) ) ;
#6081 = CARTESIAN_POINT ( 'NONE',  ( -0.03885300335828424000, 0.09499999999999997300, 0.05436509495588160600 ) ) ;
#6082 = CARTESIAN_POINT ( 'NONE',  ( 0.02760993297911871700, 0.09053886747000790300, -0.09376660636802884600 ) ) ;
#6083 = CARTESIAN_POINT ( 'NONE',  ( 0.01163343023257038200, 0.09999999999999997800, 0.0003544079792999781800 ) ) ;
#6084 = DIRECTION ( 'NONE',  ( 0.0000000000000000000, 0.0000000000000000000, 1.000000000000000000 ) ) ;
#6085 = AXIS2_PLACEMENT_3D ( 'NONE', #2223, #6606, #2855 ) ;
#6086 = VECTOR ( 'NONE', #205, 39.37007874015748100 ) ;
#6087 = CARTESIAN_POINT ( 'NONE',  ( -0.04066678703854955500, 0.09499999999999998700, 0.05094823306964513900 ) ) ;
#6088 = CARTESIAN_POINT ( 'NONE',  ( 0.01334982235644386100, 0.09749999999999998900, -0.02362620690294496200 ) ) ;
#6089 = CARTESIAN_POINT ( 'NONE',  ( 0.0000000000000000000, 4.345012756430420200, 1.806250000000000400 ) ) ;
#6090 = EDGE_CURVE ( 'NONE', #4042, #5302, #2267, .T. ) ;
#6091 = DIRECTION ( 'NONE',  ( 0.0000000000000000000, 0.0000000000000000000, 1.000000000000000000 ) ) ;
#6092 = ORIENTED_EDGE ( 'NONE', *, *, #7717, .T. ) ;
#6093 = CARTESIAN_POINT ( 'NONE',  ( -0.009999999999999981100, 0.09999999999999999200, -0.09325317547305486700 ) ) ;
#6094 = CARTESIAN_POINT ( 'NONE',  ( 0.01408245419806512500, 0.09750000000000061400, 0.0009169329623824979900 ) ) ;
#6095 = CIRCLE ( 'NONE', #7455, 0.004999999999999997500 ) ;
#6096 = EDGE_CURVE ( 'NONE', #6011, #4562, #7476, .T. ) ;
#6097 = ORIENTED_EDGE ( 'NONE', *, *, #2468, .F. ) ;
#6098 = CARTESIAN_POINT ( 'NONE',  ( -0.006173571739195596300, 0.09999999999999999200, -0.03643934724556736200 ) ) ;
#6099 = VERTEX_POINT ( 'NONE', #6173 ) ;
#6100 = VERTEX_POINT ( 'NONE', #5561 ) ;
#6101 = CARTESIAN_POINT ( 'NONE',  ( 2.296212748401288000E-016, 0.0000000000000000000, -1.875000000000000700 ) ) ;
#6102 = CARTESIAN_POINT ( 'NONE',  ( 2.215845302207241800E-016, 4.406249999999999100, 1.809375000000000200 ) ) ;
#6103 = ORIENTED_EDGE ( 'NONE', *, *, #4376, .T. ) ;
#6104 = CARTESIAN_POINT ( 'NONE',  ( 0.0000000000000000000, 4.750000000000000000, 0.0000000000000000000 ) ) ;
#6105 = VECTOR ( 'NONE', #7589, 39.37007874015748900 ) ;
#6106 = CARTESIAN_POINT ( 'NONE',  ( -0.03564671034456132200, 0.09749999999999904600, 0.05938789067570174300 ) ) ;
#6107 = ORIENTED_EDGE ( 'NONE', *, *, #4560, .F. ) ;
#6108 = CARTESIAN_POINT ( 'NONE',  ( -0.02266429572437409300, 0.09749999999999998900, 0.07059903120079572000 ) ) ;
#6109 = CARTESIAN_POINT ( 'NONE',  ( -0.1000897448107780800, 0.09500000000000001500, 0.02314582761723867100 ) ) ;
#6110 = ADVANCED_FACE ( 'NONE', ( #5597 ), #2065, .F. ) ;
#6111 = CARTESIAN_POINT ( 'NONE',  ( 0.03073520414815537900, 0.09999999999999999200, 0.06614597963746711400 ) ) ;
#6112 = EDGE_CURVE ( 'NONE', #5920, #2877, #3937, .T. ) ;
#6114 = CARTESIAN_POINT ( 'NONE',  ( 0.0000000000000000000, 0.03125000000000000000, 0.0000000000000000000 ) ) ;
#6113 = FACE_OUTER_BOUND ( 'NONE', #1467, .T. ) ;
#6115 = CYLINDRICAL_SURFACE ( 'NONE', #6228, 0.004999999999999994900 ) ;
#6116 = EDGE_LOOP ( 'NONE', ( #4193, #1980, #5945 ) ) ;
#6117 = EDGE_LOOP ( 'NONE', ( #2377, #2253, #4387, #659 ) ) ;
#6118 = DIRECTION ( 'NONE',  ( 0.0000000000000000000, -1.000000000000000000, -0.0000000000000000000 ) ) ;
#6119 =( BOUNDED_CURVE ( )  B_SPLINE_CURVE ( 3, ( #3488, #1563, #351, #4735 ),
 .UNSPECIFIED., .F., .F. ) 
 B_SPLINE_CURVE_WITH_KNOTS ( ( 4, 4 ),
 ( 0.0000000000000000000, 1.570796326794897000 ),
 .UNSPECIFIED. ) 
 CURVE ( )  GEOMETRIC_REPRESENTATION_ITEM ( )  RATIONAL_B_SPLINE_CURVE ( ( 1.000000000000000000, 0.8047378541243649400, 0.8047378541243649400, 1.000000000000000000 ) ) 
 REPRESENTATION_ITEM ( '' )  );
#6120 = CARTESIAN_POINT ( 'NONE',  ( 0.002134742581213631700, 0.09500000000000001500, 0.07680898080714247700 ) ) ;
#6121 = ORIENTED_EDGE ( 'NONE', *, *, #1101, .T. ) ;
#6123 = AXIS2_PLACEMENT_3D ( 'NONE', #6624, #5985, #6015 ) ;
#6122 = CARTESIAN_POINT ( 'NONE',  ( 0.0000000000000000000, 4.406249999999999100, -1.809375000000000200 ) ) ;
#6124 = CARTESIAN_POINT ( 'NONE',  ( 0.1182179676972452500, 0.08999999999999999700, -0.06825317547305430300 ) ) ;
#6125 = CARTESIAN_POINT ( 'NONE',  ( 0.02778211817390621400, 0.09750000000000028100, 0.07015219641151096400 ) ) ;
#6126 = CIRCLE ( 'NONE', #4907, 0.004999999999999996600 ) ;
#6127 = AXIS2_PLACEMENT_3D ( 'NONE', #130, #1991, #4506 ) ;
#6128 = CARTESIAN_POINT ( 'NONE',  ( -0.01436893250615615300, 0.09751809353930886200, -0.1019910404853672800 ) ) ;
#6129 = CARTESIAN_POINT ( 'NONE',  ( 2.036805272719686500E-016, 3.656249999999999600, 1.663177721231778900 ) ) ;
#6130 = CARTESIAN_POINT ( 'NONE',  ( 0.1182179676972454400, 0.08999999999999999700, -0.1032531754730542900 ) ) ;
#6131 = B_SPLINE_CURVE_WITH_KNOTS ( 'NONE', 3,
 ( #293, #5290, #2825, #7219, #3451, #7842, #4076, #320, #4699, #956, #5349, #1576 ),
 .UNSPECIFIED., .F., .F.,
 ( 4, 2, 2, 2, 2, 4 ),
 ( 0.0000000000000000000, 0.0001206626927092887000, 0.0002413253854185773900, 0.0004826507708371546800, 0.0007239761562557317500, 0.0009653015416743089300 ),
 .UNSPECIFIED. ) ;
#6132 = CARTESIAN_POINT ( 'NONE',  ( 0.0000000000000000000, 4.670450487116513100, 0.0000000000000000000 ) ) ;
#6133 = CARTESIAN_POINT ( 'NONE',  ( 0.02817867160104255500, 0.09749999999999998900, 0.06862045167293609500 ) ) ;
#6134 = CIRCLE ( 'NONE', #1445, 0.03125000000000011100 ) ;
#6135 = CONICAL_SURFACE ( 'NONE', #821, 1.375000000000000000, 0.1745329251994297000 ) ;
#6136 = CC_DESIGN_APPROVAL ( #5703, ( #5300 ) ) ;
#6137 = CARTESIAN_POINT ( 'NONE',  ( -0.01272706615997959600, 0.1000000000000000200, 0.07746473419532891300 ) ) ;
#6138 = DIRECTION ( 'NONE',  ( -0.8660254037844366000, 0.0000000000000000000, -0.5000000000000036600 ) ) ;
#6139 = CARTESIAN_POINT ( 'NONE',  ( 0.003878676470588326300, 0.09499999999999998700, 0.07683823529411763800 ) ) ;
#6140 = DIRECTION ( 'NONE',  ( 1.224646799147345100E-016, 0.0000000000000000000, -1.000000000000000000 ) ) ;
#6141 = CONICAL_SURFACE ( 'NONE', #1913, 0.9982050807568976200, 1.308996938995753900 ) ;
#6142 = DIRECTION ( 'NONE',  ( 1.000000000000000000, -0.0000000000000000000, 4.440892098500624600E-015 ) ) ;
#6143 = ORIENTED_EDGE ( 'NONE', *, *, #7740, .F. ) ;
#6144 = CIRCLE ( 'NONE', #4244, 0.04687500000000002800 ) ;
#6145 = CARTESIAN_POINT ( 'NONE',  ( 0.03073517113695877600, 0.09749999999999998900, 0.06614956716228698200 ) ) ;
#6146 = EDGE_CURVE ( 'NONE', #1160, #4744, #543, .T. ) ;
#6147 = DIRECTION ( 'NONE',  ( 0.0000000000000000000, 0.0000000000000000000, -1.000000000000000000 ) ) ;
#6148 = CARTESIAN_POINT ( 'NONE',  ( 2.219672323454581700E-016, 4.375631378215179400, 1.800000000000006500 ) ) ;
#6149 = ORIENTED_EDGE ( 'NONE', *, *, #5481, .F. ) ;
#6151 = AXIS2_PLACEMENT_3D ( 'NONE', #6977, #3816, #3215 ) ;
#6150 = CARTESIAN_POINT ( 'NONE',  ( 0.02999999769724550800, 0.09499999999999998700, -0.1296428581747729700 ) ) ;
#6152 = CARTESIAN_POINT ( 'NONE',  ( 0.08741025518922114500, 0.09500000000000001500, 0.08510734785581698700 ) ) ;
#6153 = ORIENTED_EDGE ( 'NONE', *, *, #6273, .F. ) ;
#6154 = CARTESIAN_POINT ( 'NONE',  ( 0.02690201016063199800, 0.1000000000000001900, 0.07183112739916533400 ) ) ;
#6155 = ADVANCED_FACE ( 'NONE', ( #792 ), #6884, .F. ) ;
#6156 = VERTEX_POINT ( 'NONE', #6882 ) ;
#6157 = CARTESIAN_POINT ( 'NONE',  ( 2.047341457899615100E-016, 3.594344986626658100, -1.671781169333928800 ) ) ;
#6158 = VERTEX_POINT ( 'NONE', #3123 ) ;
#6159 = CARTESIAN_POINT ( 'NONE',  ( 0.0000000000000000000, 4.681499030572553000, 1.889487621779129000 ) ) ;
#6160 = CARTESIAN_POINT ( 'NONE',  ( -0.002034224753215061800, 0.09997810700925469100, 0.02937610298458253100 ) ) ;
#6161 = EDGE_CURVE ( 'NONE', #5136, #5875, #399, .T. ) ;
#6162 = DIRECTION ( 'NONE',  ( 1.000000000000000000, 0.0000000000000000000, 3.414809992080330700E-015 ) ) ;
#6163 = DIRECTION ( 'NONE',  ( 0.0000000000000000000, 0.0000000000000000000, 1.000000000000000000 ) ) ;
#6164 = LINE ( 'NONE', #3920, #3214 ) ;
#6165 = CARTESIAN_POINT ( 'NONE',  ( 0.03372843831414285000, 0.09500000000000001500, -0.01061371829795089600 ) ) ;
#6166 = CARTESIAN_POINT ( 'NONE',  ( 0.1055801270189220300, 0.09499999999999998700, 0.04363620667976135500 ) ) ;
#6167 = ORIENTED_EDGE ( 'NONE', *, *, #2359, .F. ) ;
#6168 = ORIENTED_EDGE ( 'NONE', *, *, #4990, .T. ) ;
#6169 = DIRECTION ( 'NONE',  ( -0.0000000000000000000, 1.000000000000000000, -0.0000000000000000000 ) ) ;
#6170 = EDGE_CURVE ( 'NONE', #5664, #3956, #4123, .T. ) ;
#6171 = DIRECTION ( 'NONE',  ( 0.5000000000000046600, 0.0000000000000000000, -0.8660254037844359300 ) ) ;
#6172 = CARTESIAN_POINT ( 'NONE',  ( 0.0000000000000000000, 1.531250000000000200, -1.474883080221965500 ) ) ;
#6173 = CARTESIAN_POINT ( 'NONE',  ( 0.03031088913245391000, 0.08999999999999999700, 0.1540063509461100100 ) ) ;
#6174 = DIRECTION ( 'NONE',  ( 0.0000000000000000000, 0.0000000000000000000, 1.000000000000000000 ) ) ;
#6175 = EDGE_LOOP ( 'NONE', ( #1009, #7731, #2343, #605 ) ) ;
#6176 = ORIENTED_EDGE ( 'NONE', *, *, #4990, .F. ) ;
#6177 = AXIS2_PLACEMENT_3D ( 'NONE', #2082, #6471, #2722 ) ;
#6178 = CARTESIAN_POINT ( 'NONE',  ( 0.03576620890499331700, 0.09995359868832134900, -0.009242620755084238200 ) ) ;
#6179 = CARTESIAN_POINT ( 'NONE',  ( 0.02814250477153295800, 0.09499999999999998700, -0.1301573539302004500 ) ) ;
#6180 = CARTESIAN_POINT ( 'NONE',  ( -0.05147089833005596300, 0.09999999999999999200, 0.007910317892181021800 ) ) ;
#6181 = ORIENTED_EDGE ( 'NONE', *, *, #4104, .F. ) ;
#6182 = CARTESIAN_POINT ( 'NONE',  ( 0.02328071385913800500, 0.09999999999999999200, 0.07646413277314505200 ) ) ;
#6183 = CARTESIAN_POINT ( 'NONE',  ( -0.03469975950004930400, 0.09750000000000003100, -0.04357650261907689700 ) ) ;
#6184 = DIRECTION ( 'NONE',  ( -1.000000000000000000, 0.0000000000000000000, 0.0000000000000000000 ) ) ;
#6185 = CARTESIAN_POINT ( 'NONE',  ( -0.002038056159219495600, 0.09806340927683171400, 0.02725418838981560900 ) ) ;
#6186 = ORIENTED_EDGE ( 'NONE', *, *, #4112, .T. ) ;
#6187 = DIRECTION ( 'NONE',  ( -0.0000000000000000000, 1.000000000000000000, -0.0000000000000000000 ) ) ;
#6188 = CARTESIAN_POINT ( 'NONE',  ( 0.07291887835750095200, 0.08999999999999999700, 0.07434928442371383000 ) ) ;
#6189 = CARTESIAN_POINT ( 'NONE',  ( 0.02807464398227702700, 0.09750000000000000300, -0.03252145857200753500 ) ) ;
#6190 = DIRECTION ( 'NONE',  ( -0.0000000000000000000, 1.000000000000000000, -0.0000000000000000000 ) ) ;
#6191 = TOROIDAL_SURFACE ( 'NONE', #4709, 1.337757700231430900, 0.01562500000000000000 ) ;
#6192 = CARTESIAN_POINT ( 'NONE',  ( 0.09258974596215546700, 0.09499999999999998700, 0.03613620667976133500 ) ) ;
#6193 = ORIENTED_EDGE ( 'NONE', *, *, #6049, .T. ) ;
#6194 = ADVANCED_FACE ( 'NONE', ( #7088 ), #3740, .T. ) ;
#6195 = ORIENTED_EDGE ( 'NONE', *, *, #4884, .T. ) ;
#6196 = CARTESIAN_POINT ( 'NONE',  ( -0.01999999999999999000, 0.09792893218813451800, -0.1182531754730548300 ) ) ;
#6197 = DIRECTION ( 'NONE',  ( 0.0000000000000000000, 0.0000000000000000000, 1.000000000000000000 ) ) ;
#6198 = CIRCLE ( 'NONE', #2513, 0.004999999999999997500 ) ;
#6199 = CARTESIAN_POINT ( 'NONE',  ( -0.04868847389592662700, 0.09999999999999999200, -0.005992885324165199800 ) ) ;
#6200 = ORIENTED_EDGE ( 'NONE', *, *, #4609, .F. ) ;
#6201 = ORIENTED_EDGE ( 'NONE', *, *, #1579, .F. ) ;
#6202 = AXIS2_PLACEMENT_3D ( 'NONE', #4784, #1040, #5426 ) ;
#6203 = ORIENTED_EDGE ( 'NONE', *, *, #2206, .T. ) ;
#6204 = CARTESIAN_POINT ( 'NONE',  ( 0.03375000000000009900, 0.09750000000000000300, -0.009242876838235297700 ) ) ;
#6205 = CARTESIAN_POINT ( 'NONE',  ( 0.02936893102925333700, 0.09248190845447347400, -0.1278201774485161800 ) ) ;
#6206 = CIRCLE ( 'NONE', #1714, 0.004999999999999997500 ) ;
#6207 = CARTESIAN_POINT ( 'NONE',  ( -0.04934358600117973200, 0.09884310655287979800, 0.007905292844360064000 ) ) ;
#6208 = DIRECTION ( 'NONE',  ( 0.5144957554275252400, 4.245854345749018900E-015, 0.8574929257125451000 ) ) ;
#6209 = EDGE_CURVE ( 'NONE', #6610, #1906, #1869, .T. ) ;
#6210 = ORIENTED_EDGE ( 'NONE', *, *, #2107, .T. ) ;
#6211 = CARTESIAN_POINT ( 'NONE',  ( 0.01326200748421547600, 0.09749999999999969800, 0.07616867365510066000 ) ) ;
#6212 = CARTESIAN_POINT ( 'NONE',  ( 0.0000000000000000000, 4.725693204396712600, 1.933681795603287900 ) ) ;
#6213 = ORIENTED_EDGE ( 'NONE', *, *, #3745, .F. ) ;
#6214 = CARTESIAN_POINT ( 'NONE',  ( 0.0000000000000000000, 3.656249999999999600, -1.663177721231778900 ) ) ;
#6215 = FACE_OUTER_BOUND ( 'NONE', #3613, .T. ) ;
#6216 = EDGE_CURVE ( 'NONE', #4566, #3086, #7236, .T. ) ;
#6217 = ORIENTED_EDGE ( 'NONE', *, *, #7563, .T. ) ;
#6218 = CARTESIAN_POINT ( 'NONE',  ( -0.02808007395006625200, 0.09749999999999998900, 0.004639224989132485100 ) ) ;
#6219 = CARTESIAN_POINT ( 'NONE',  ( 0.005824824344914834700, 0.09499999999999995900, -0.04996815879784923700 ) ) ;
#6220 = CARTESIAN_POINT ( 'NONE',  ( 0.0000000000000000000, 4.156250000000000000, 0.0000000000000000000 ) ) ;
#6221 = MANIFOLD_SOLID_BREP ( 'Fillet9', #6971 ) ;
#6222 = CYLINDRICAL_SURFACE ( 'NONE', #7442, 0.004999999999999998400 ) ;
#6223 = CARTESIAN_POINT ( 'NONE',  ( -0.1304003735944558900, 0.09373890141636681500, 0.04064576019860795300 ) ) ;
#6224 = ORIENTED_EDGE ( 'NONE', *, *, #2941, .T. ) ;
#6225 = VERTEX_POINT ( 'NONE', #4399 ) ;
#6226 = DIRECTION ( 'NONE',  ( -0.5000000000000036600, 0.0000000000000000000, 0.8660254037844364900 ) ) ;
#6227 = CARTESIAN_POINT ( 'NONE',  ( -0.003543658935322833000, 0.09499999999999998700, 0.02718140887206269700 ) ) ;
#6228 = AXIS2_PLACEMENT_3D ( 'NONE', #5411, #6035, #390 ) ;
#6229 = DIRECTION ( 'NONE',  ( -0.5000000000000002200, 0.0000000000000000000, -0.8660254037844386000 ) ) ;
#6231 = EDGE_CURVE ( 'NONE', #7581, #823, #1671, .T. ) ;
#6230 = CARTESIAN_POINT ( 'NONE',  ( 0.02551134651280245100, 0.09927721827672664200, 0.05888371913804896200 ) ) ;
#6232 = CARTESIAN_POINT ( 'NONE',  ( -0.04083107159929334100, 0.09999999999999999200, -0.04057676514271699900 ) ) ;
#6233 = ORIENTED_EDGE ( 'NONE', *, *, #896, .T. ) ;
#6234 = VECTOR ( 'NONE', #5075, 39.37007874015748900 ) ;
#6235 = APPROVAL_PERSON_ORGANIZATION ( #7903, #3615, #5975 ) ;
#6236 = CARTESIAN_POINT ( 'NONE',  ( -0.09520285560092711700, 0.1000000000000000100, 0.06989443926712285400 ) ) ;
#6237 = CARTESIAN_POINT ( 'NONE',  ( 0.02499999769724541700, 0.08999999999999999700, -0.1152015889816458400 ) ) ;
#6239 = AXIS2_PLACEMENT_3D ( 'NONE', #7594, #698, #670 ) ;
#6238 = CARTESIAN_POINT ( 'NONE',  ( 0.004811795034782912400, 0.09499999999999997300, -0.03534130562799065600 ) ) ;
#6240 = CARTESIAN_POINT ( 'NONE',  ( 0.03031987323539109300, 0.09999999999999995000, 0.01001478320175629200 ) ) ;
#6241 = ADVANCED_FACE ( 'NONE', ( #3346 ), #3145, .T. ) ;
#6242 =( BOUNDED_CURVE ( )  B_SPLINE_CURVE ( 3, ( #1406, #5756, #6426, #2667 ),
 .UNSPECIFIED., .F., .F. ) 
 B_SPLINE_CURVE_WITH_KNOTS ( ( 4, 4 ),
 ( 4.712388980384687000, 6.283185307179586200 ),
 .UNSPECIFIED. ) 
 CURVE ( )  GEOMETRIC_REPRESENTATION_ITEM ( )  RATIONAL_B_SPLINE_CURVE ( ( 1.000000000000000000, 0.8047378541243643800, 0.8047378541243643800, 1.000000000000000000 ) ) 
 REPRESENTATION_ITEM ( '' )  );
#6243 = CARTESIAN_POINT ( 'NONE',  ( -0.07575961894323397800, 0.09999999999999999200, 0.05528684177437111200 ) ) ;
#6244 = AXIS2_PLACEMENT_3D ( 'NONE', #2564, #6959, #3193 ) ;
#6245 = FACE_OUTER_BOUND ( 'NONE', #4910, .T. ) ;
#6246 = TOROIDAL_SURFACE ( 'NONE', #6616, 1.337757700231430900, 0.03125000000000000000 ) ;
#6247 = CARTESIAN_POINT ( 'NONE',  ( -0.03031088913245677500, 0.09499999999999998700, 0.1540063509461094300 ) ) ;
#6248 = CARTESIAN_POINT ( 'NONE',  ( 0.1485288568297005200, 0.09499999999999998700, -0.05075317547305418400 ) ) ;
#6249 = VERTEX_POINT ( 'NONE', #5058 ) ;
#6250 = CARTESIAN_POINT ( 'NONE',  ( -0.1249577899999353100, 0.09248190845447362700, 0.04010623287764794600 ) ) ;
#6251 = VERTEX_POINT ( 'NONE', #1303 ) ;
#6252 = ORIENTED_EDGE ( 'NONE', *, *, #5203, .T. ) ;
#6253 = CARTESIAN_POINT ( 'NONE',  ( 0.02824051870463679900, 0.09749999999999998900, 0.06559805909993921000 ) ) ;
#6254 = CIRCLE ( 'NONE', #2303, 1.759375000000000100 ) ;
#6255 = CARTESIAN_POINT ( 'NONE',  ( -0.08972599025004590600, 0.09999999999999999200, 0.01231701167016399500 ) ) ;
#6256 = CARTESIAN_POINT ( 'NONE',  ( -0.02215605611678231300, 0.09749999999999998900, -0.05018658183929055500 ) ) ;
#6257 = FACE_OUTER_BOUND ( 'NONE', #2467, .T. ) ;
#6258 = EDGE_CURVE ( 'NONE', #773, #1655, #5753, .T. ) ;
#6259 = CARTESIAN_POINT ( 'NONE',  ( 0.0000000000000000000, 0.2523140909808909700, 1.362242299768568600 ) ) ;
#6260 = ORIENTED_EDGE ( 'NONE', *, *, #3898, .F. ) ;
#6261 = EDGE_CURVE ( 'NONE', #7436, #1286, #10, .T. ) ;
#6262 = CARTESIAN_POINT ( 'NONE',  ( 2.280904663412016800E-016, 4.500631378214647400, 1.850000000000115600 ) ) ;
#6263 = CARTESIAN_POINT ( 'NONE',  ( 0.02263757371597652600, 0.09999999999999999200, 0.02314613446841343200 ) ) ;
#6264 = DIRECTION ( 'NONE',  ( -1.000000000000000000, -0.0000000000000000000, -0.0000000000000000000 ) ) ;
#6265 = CIRCLE ( 'NONE', #7159, 1.452302496728183700 ) ;
#6266 = CARTESIAN_POINT ( 'NONE',  ( -0.07737689800306096800, 0.1000000000000000100, 0.05773632177317224200 ) ) ;
#6267 = VERTEX_POINT ( 'NONE', #2598 ) ;
#6268 = DIRECTION ( 'NONE',  ( 0.0000000000000000000, -1.000000000000000000, 0.0000000000000000000 ) ) ;
#6269 = EDGE_CURVE ( 'NONE', #597, #4278, #199, .T. ) ;
#6270 = CARTESIAN_POINT ( 'NONE',  ( 0.02051295172584111100, 0.09750000000000000300, 0.06103914906284196900 ) ) ;
#6271 = DIRECTION ( 'NONE',  ( 3.414809992080330700E-015, 0.0000000000000000000, -1.000000000000000000 ) ) ;
#6272 = CARTESIAN_POINT ( 'NONE',  ( -0.009999999999999939500, 0.09499999999999998700, 4.268512490100387400E-018 ) ) ;
#6273 = EDGE_CURVE ( 'NONE', #2727, #6866, #5258, .T. ) ;
#6274 = B_SPLINE_CURVE_WITH_KNOTS ( 'NONE', 3,
 ( #1219, #583, #2479, #6871, #3114, #7505, #3739, #8129, #4361, #609, #4989 ),
 .UNSPECIFIED., .F., .F.,
 ( 4, 1, 1, 1, 1, 1, 1, 1, 4 ),
 ( 0.0000000000000000000, 0.1987149676772334000, 0.3722894158278536900, 0.5139355821223913200, 0.6305632926933283400, 0.7309500766322834000, 0.8178124737178549300, 0.9018486964529165400, 1.000000000000000000 ),
 .UNSPECIFIED. ) ;
#6275 = CARTESIAN_POINT ( 'NONE',  ( 0.02628434788824203200, 0.09500000000000001500, 0.05963238434621334600 ) ) ;
#6276 = ORIENTED_EDGE ( 'NONE', *, *, #2738, .T. ) ;
#6277 = ORIENTED_EDGE ( 'NONE', *, *, #6668, .T. ) ;
#6278 = DIRECTION ( 'NONE',  ( 0.0000000000000000000, 0.0000000000000000000, 1.000000000000000000 ) ) ;
#6279 = ADVANCED_FACE ( 'NONE', ( #4807 ), #3593, .T. ) ;
#6280 = CARTESIAN_POINT ( 'NONE',  ( 0.09116542778150975300, 0.09868127115101109300, 0.03651785158602972200 ) ) ;
#6281 = DIRECTION ( 'NONE',  ( 0.0000000000000000000, 0.0000000000000000000, 1.000000000000000000 ) ) ;
#6282 = ORIENTED_EDGE ( 'NONE', *, *, #960, .F. ) ;
#6283 = DIRECTION ( 'NONE',  ( -0.0000000000000000000, 1.000000000000000000, -0.0000000000000000000 ) ) ;
#6284 = CARTESIAN_POINT ( 'NONE',  ( -0.008390346086392264800, 0.09999999999999999200, -0.05184649887865070600 ) ) ;
#6285 = AXIS2_PLACEMENT_3D ( 'NONE', #6996, #5739, #7027 ) ;
#6287 = ORIENTED_EDGE ( 'NONE', *, *, #5668, .T. ) ;
#6286 = EDGE_LOOP ( 'NONE', ( #7303, #2491, #3040, #6419 ) ) ;
#6288 = AXIS2_PLACEMENT_3D ( 'NONE', #2857, #6633, #2887 ) ;
#6289 = DIRECTION ( 'NONE',  ( 0.0000000000000000000, 0.0000000000000000000, 1.000000000000000000 ) ) ;
#6290 = CARTESIAN_POINT ( 'NONE',  ( 0.002695339531705926400, 0.09750000000000058600, 0.02710602330474110000 ) ) ;
#6291 = CARTESIAN_POINT ( 'NONE',  ( 0.01393956859797776200, 0.09500000000000001500, -0.04647128971233253900 ) ) ;
#6292 = CARTESIAN_POINT ( 'NONE',  ( -0.07508974597214287900, 0.09565461545040938900, 0.06644709579491815700 ) ) ;
#6293 = CARTESIAN_POINT ( 'NONE',  ( 0.05780250019862935600, 0.09290571765945882000, 0.06778942799263018600 ) ) ;
#6295 = LINE ( 'NONE', #3136, #4612 ) ;
#6294 = AXIS2_PLACEMENT_3D ( 'NONE', #883, #5272, #1514 ) ;
#6296 = CARTESIAN_POINT ( 'NONE',  ( 0.03260285907830437500, 0.09750000000000003100, -0.02049537629910334900 ) ) ;
#6297 = DIRECTION ( 'NONE',  ( 1.000000000000000000, 0.0000000000000000000, -4.268512490100412900E-016 ) ) ;
#6298 = EDGE_CURVE ( 'NONE', #580, #5226, #1917, .T. ) ;
#6299 = CARTESIAN_POINT ( 'NONE',  ( 0.02083094959209070800, 0.08999999999999999700, -0.1082531754730547700 ) ) ;
#6300 = CARTESIAN_POINT ( 'NONE',  ( -0.01963257642998399500, 0.09500000000000001500, -0.03550731081440626500 ) ) ;
#6301 = PLANE ( 'NONE',  #4351 ) ;
#6302 = ORIENTED_EDGE ( 'NONE', *, *, #360, .T. ) ;
#6303 = ORIENTED_EDGE ( 'NONE', *, *, #7302, .T. ) ;
#6304 = CARTESIAN_POINT ( 'NONE',  ( 0.02499999769724537600, 0.08999999999999999700, -0.1013047619644635900 ) ) ;
#6305 = ORIENTED_EDGE ( 'NONE', *, *, #6112, .F. ) ;
#6306 = EDGE_CURVE ( 'NONE', #5647, #5772, #6736, .T. ) ;
#6307 = CARTESIAN_POINT ( 'NONE',  ( 0.09691987296378000400, 0.09565461545040938900, 0.03863620666977450600 ) ) ;
#6308 = DIRECTION ( 'NONE',  ( -0.0000000000000000000, 1.000000000000000000, -0.0000000000000000000 ) ) ;
#6309 = DIRECTION ( 'NONE',  ( -0.4853627795187427400, 0.0000000000000000000, 0.8743128571957754500 ) ) ;
#6310 = CIRCLE ( 'NONE', #5798, 0.03500000000000000300 ) ;
#6311 = CARTESIAN_POINT ( 'NONE',  ( -0.007433012752421737900, 0.09987731279663293600, -0.03729257324639424800 ) ) ;
#6312 = AXIS2_PLACEMENT_3D ( 'NONE', #5471, #1707, #6091 ) ;
#6313 = CARTESIAN_POINT ( 'NONE',  ( -0.02287212705457327900, 0.09499999999999995900, -0.04997953224127826800 ) ) ;
#6314 = VECTOR ( 'NONE', #5997, 39.37007874015748100 ) ;
#6315 = DIRECTION ( 'NONE',  ( 0.0000000000000000000, 0.0000000000000000000, 1.000000000000000000 ) ) ;
#6316 = EDGE_CURVE ( 'NONE', #5875, #1992, #4302, .T. ) ;
#6317 = CARTESIAN_POINT ( 'NONE',  ( -0.1000897448107780800, 0.09500000000000001500, 0.02314582761723867100 ) ) ;
#6318 = DIRECTION ( 'NONE',  ( 0.0000000000000000000, 0.9978890110698350700, 0.06494244826048947700 ) ) ;
#6319 = FACE_OUTER_BOUND ( 'NONE', #4863, .T. ) ;
#6320 = CARTESIAN_POINT ( 'NONE',  ( 0.06323229626455230400, 0.09192726540609680300, 0.06999157158970784100 ) ) ;
#6321 = EDGE_CURVE ( 'NONE', #87, #6100, #5053, .T. ) ;
#6322 = CARTESIAN_POINT ( 'NONE',  ( 0.0000000000000000000, 0.01615740896423327100, 0.0000000000000000000 ) ) ;
#6323 = ORIENTED_EDGE ( 'NONE', *, *, #6892, .F. ) ;
#6324 = CARTESIAN_POINT ( 'NONE',  ( -0.004421247292884057000, 0.09750000000000003100, 0.07653242416022215700 ) ) ;
#6325 = CIRCLE ( 'NONE', #4488, 1.944730339059328500 ) ;
#6326 = CARTESIAN_POINT ( 'NONE',  ( -0.09903957049953589200, 0.1000036693283850400, 0.07101052178209255100 ) ) ;
#6327 = CARTESIAN_POINT ( 'NONE',  ( -0.007437959558823434600, 0.09750000000000001700, -0.03897058823529413900 ) ) ;
#6328 = CARTESIAN_POINT ( 'NONE',  ( 2.047341457899615100E-016, 3.594344986626658100, -1.671781169333928800 ) ) ;
#6329 = EDGE_LOOP ( 'NONE', ( #466, #7569, #1963, #6323 ) ) ;
#6330 = CARTESIAN_POINT ( 'NONE',  ( 0.1117403810567663600, 0.09999999999999999200, 0.05296633369868356000 ) ) ;
#6331 = CIRCLE ( 'NONE', #1661, 0.03125000000000011100 ) ;
#6332 = CARTESIAN_POINT ( 'NONE',  ( -0.04729207208899215800, 0.09499999999999997300, -0.01656222521476435900 ) ) ;
#6333 = DIRECTION ( 'NONE',  ( -0.8186676563178981700, 2.451268393859617900E-016, -0.5742675931122700500 ) ) ;
#6334 = CIRCLE ( 'NONE', #2764, 0.9942311261470501100 ) ;
#6335 = ORIENTED_EDGE ( 'NONE', *, *, #7063, .F. ) ;
#6336 = CYLINDRICAL_SURFACE ( 'NONE', #3826, 0.005000000000000000100 ) ;
#6337 = AXIS2_PLACEMENT_3D ( 'NONE', #4607, #857, #5238 ) ;
#6338 = CARTESIAN_POINT ( 'NONE',  ( -0.02758073247143615100, 0.09499999999999998700, 0.04006493462172454300 ) ) ;
#6339 = CARTESIAN_POINT ( 'NONE',  ( -0.02808007395006620700, 0.09749999999999998900, 0.004639224989132493700 ) ) ;
#6340 = ADVANCED_FACE ( 'NONE', ( #1723, #6530 ), #2040, .F. ) ;
#6341 = CARTESIAN_POINT ( 'NONE',  ( 0.0000000000000000000, 4.470012756430420200, 1.856250000000000200 ) ) ;
#6342 = ORIENTED_EDGE ( 'NONE', *, *, #1118, .T. ) ;
#6343 = CARTESIAN_POINT ( 'NONE',  ( -0.04897058823529402300, 0.09750000000000000300, 0.007904411764705876800 ) ) ;
#6344 = DIRECTION ( 'NONE',  ( 0.8660254037844339300, -0.0000000000000000000, 0.5000000000000079900 ) ) ;
#6345 = ORIENTED_EDGE ( 'NONE', *, *, #5725, .F. ) ;
#6346 = CARTESIAN_POINT ( 'NONE',  ( -0.09265309332364915500, 0.09630874078434235900, 0.07628676019321593800 ) ) ;
#6347 = CARTESIAN_POINT ( 'NONE',  ( -0.0004380314105093113500, 0.09499999999999998700, 0.02717409079833341100 ) ) ;
#6348 = DIRECTION ( 'NONE',  ( 0.0000000000000000000, 0.0000000000000000000, -1.000000000000000000 ) ) ;
#6349 = EDGE_LOOP ( 'NONE', ( #2344, #5191, #4290, #388 ) ) ;
#6350 = CARTESIAN_POINT ( 'NONE',  ( 0.09777400974995328900, 0.09999999999999999200, 0.08993616380289178000 ) ) ;
#6351 = CIRCLE ( 'NONE', #5313, 0.9982751737267768800 ) ;
#6352 = AXIS2_PLACEMENT_3D ( 'NONE', #1389, #5765, #2021 ) ;
#6353 = ORIENTED_EDGE ( 'NONE', *, *, #1367, .T. ) ;
#6354 = ORIENTED_EDGE ( 'NONE', *, *, #3625, .F. ) ;
#6355 = CARTESIAN_POINT ( 'NONE',  ( 0.03897114317029828200, 0.08999999999999999700, 0.1590063509461100400 ) ) ;
#6356 = CARTESIAN_POINT ( 'NONE',  ( 0.01524492667777139000, 0.09499999999999998700, -0.005594823553740610300 ) ) ;
#6357 = EDGE_CURVE ( 'NONE', #4527, #4319, #4852, .T. ) ;
#6358 = CARTESIAN_POINT ( 'NONE',  ( 0.003881856035040225900, 0.09995541659090619000, 0.07886258958559837200 ) ) ;
#6359 = CARTESIAN_POINT ( 'NONE',  ( 0.003878676470588326300, 0.09499999999999998700, 0.07683823529411763800 ) ) ;
#6360 = ORIENTED_EDGE ( 'NONE', *, *, #2903, .T. ) ;
#6361 = EDGE_CURVE ( 'NONE', #3697, #3176, #1530, .T. ) ;
#6362 = DIRECTION ( 'NONE',  ( -1.000000000000000000, -0.0000000000000000000, -0.0000000000000000000 ) ) ;
#6363 = ORIENTED_EDGE ( 'NONE', *, *, #4147, .T. ) ;
#6364 = CARTESIAN_POINT ( 'NONE',  ( -0.02834896453128254700, 0.09500000000000001500, -0.01949566786242829300 ) ) ;
#6365 = EDGE_LOOP ( 'NONE', ( #7487, #2095, #676, #3818 ) ) ;
#6366 = DIRECTION ( 'NONE',  ( 0.0000000000000000000, 0.0000000000000000000, -1.000000000000000000 ) ) ;
#6367 =( BOUNDED_SURFACE ( )  B_SPLINE_SURFACE ( 3, 2, ( 
 ( #4117, #1032, #5415 ),
 ( #1652, #6041, #2287 ),
 ( #6671, #2928, #7318 ),
 ( #3543, #7940, #4177 ),
 ( #420, #4800, #1059 ),
 ( #5448, #1679, #6066 ),
 ( #2315, #6704, #2954 ),
 ( #7343, #3575, #7966 ),
 ( #4198, #451, #4825 ),
 ( #1085, #5472, #1709 ),
 ( #6094, #2342, #6739 ),
 ( #2980, #7374, #3608 ),
 ( #7996, #4226, #475 ),
 ( #4855, #1108, #5495 ) ),
 .UNSPECIFIED., .F., .F., .F. ) 
 B_SPLINE_SURFACE_WITH_KNOTS ( ( 4, 2, 2, 2, 2, 2, 4 ),
 ( 3, 3 ),
 ( 0.001244173260342274500, 0.001354420940767705300, 0.001464668621193136100, 0.001574916301618566900, 0.001685163982043997700, 0.001905659342894859300, 0.002126154703745720900 ),
 ( 0.0000000000000000000, 1.000000000000000000 ),
 .UNSPECIFIED. ) 
 GEOMETRIC_REPRESENTATION_ITEM ( )  RATIONAL_B_SPLINE_SURFACE ( (
 ( 1.000000000000000000, 0.7071067811865475700, 1.000000000000000000),
 ( 1.000000000000000000, 0.7071067811865475700, 1.000000000000000000),
 ( 1.000000000000000000, 0.7071067811865475700, 1.000000000000000000),
 ( 1.000000000000000000, 0.7071067811865475700, 1.000000000000000000),
 ( 1.000000000000000000, 0.7071067811865451300, 1.000000000000000000),
 ( 1.000000000000000000, 0.7071067811865451300, 1.000000000000000000),
 ( 1.000000000000000000, 0.7071067811865500200, 1.000000000000000000),
 ( 1.000000000000000000, 0.7071067811865500200, 1.000000000000000000),
 ( 1.000000000000000000, 0.7071067811865475700, 1.000000000000000000),
 ( 1.000000000000000000, 0.7071067811865475700, 1.000000000000000000),
 ( 1.000000000000000000, 0.7071067811865475700, 1.000000000000000000),
 ( 1.000000000000000000, 0.7071067811865475700, 1.000000000000000000),
 ( 1.000000000000000000, 0.7071067811865475700, 1.000000000000000000),
 ( 1.000000000000000000, 0.7071067811865475700, 1.000000000000000000) ) ) 
 REPRESENTATION_ITEM ( '' )  SURFACE ( )  );
#6368 = CARTESIAN_POINT ( 'NONE',  ( 0.01475674597700200400, 0.09499999999999997300, 0.02451325771434894100 ) ) ;
#6369 = ORIENTED_EDGE ( 'NONE', *, *, #7580, .T. ) ;
#6370 = CARTESIAN_POINT ( 'NONE',  ( -0.03058001171835078600, 0.09749999999999998900, 0.004621585411343969400 ) ) ;
#6371 = AXIS2_PLACEMENT_3D ( 'NONE', #3855, #97, #4475 ) ;
#6372 = CARTESIAN_POINT ( 'NONE',  ( -0.01023459646927649600, 0.09750000000000001700, -0.05181975723373019600 ) ) ;
#6373 = EDGE_CURVE ( 'NONE', #7361, #2497, #3401, .T. ) ;
#6374 = CARTESIAN_POINT ( 'NONE',  ( 0.01084134213628422900, 0.09499999999999993200, 0.007526657919895341300 ) ) ;
#6375 = EDGE_LOOP ( 'NONE', ( #2794, #4516, #7716, #3156 ) ) ;
#6376 = CARTESIAN_POINT ( 'NONE',  ( 0.0000000000000000000, 4.531250000000000000, 0.0000000000000000000 ) ) ;
#6377 = DIRECTION ( 'NONE',  ( 1.182917971378671800E-016, -0.2588190451025143000, 0.9659258262890699800 ) ) ;
#6378 = DIRECTION ( 'NONE',  ( -0.0000000000000000000, 1.000000000000000000, -0.0000000000000000000 ) ) ;
#6379 = DIRECTION ( 'NONE',  ( 1.000000000000000000, -0.0000000000000000000, -3.308348408967440500E-016 ) ) ;
#6380 = ADVANCED_FACE ( 'NONE', ( #8011 ), #6141, .F. ) ;
#6381 = CYLINDRICAL_SURFACE ( 'NONE', #941, 0.004999999999999998400 ) ;
#6382 = CARTESIAN_POINT ( 'NONE',  ( 0.009485691512151624100, 0.09750000000000007300, 0.009077406393176484100 ) ) ;
#6383 = EDGE_LOOP ( 'NONE', ( #5487, #110, #76, #6354 ) ) ;
#6384 = AXIS2_PLACEMENT_3D ( 'NONE', #3022, #7416, #3646 ) ;
#6385 = CARTESIAN_POINT ( 'NONE',  ( 0.0000000000000000000, 0.03125000000000000000, -1.002319221306503700 ) ) ;
#6386 = AXIS2_PLACEMENT_3D ( 'NONE', #1688, #4781, #6677 ) ;
#6387 = CARTESIAN_POINT ( 'NONE',  ( 0.003878676470588326300, 0.09750000000000000300, 0.07683823529411763800 ) ) ;
#6388 = CARTESIAN_POINT ( 'NONE',  ( 0.02087372948254907100, 0.09499999999999997300, 0.07466371069282951000 ) ) ;
#6389 = FACE_OUTER_BOUND ( 'NONE', #5622, .T. ) ;
#6390 = VERTEX_POINT ( 'NONE', #5221 ) ;
#6391 = DIRECTION ( 'NONE',  ( -1.000000000000000000, -0.0000000000000000000, -0.0000000000000000000 ) ) ;
#6392 = EDGE_LOOP ( 'NONE', ( #7666, #2018, #4738, #290 ) ) ;
#6393 = DIRECTION ( 'NONE',  ( -4.662936703425656700E-015, 0.0000000000000000000, 1.000000000000000000 ) ) ;
#6394 = VERTEX_POINT ( 'NONE', #1470 ) ;
#6395 = CARTESIAN_POINT ( 'NONE',  ( 0.02959535134222760600, 0.09750000000000001700, 0.01142127460031111200 ) ) ;
#6396 = CONICAL_SURFACE ( 'NONE', #7762, 1.900536165235168900, 0.7853981633974359600 ) ;
#6397 = DIRECTION ( 'NONE',  ( -0.0000000000000000000, 1.000000000000000000, -0.0000000000000000000 ) ) ;
#6398 = DIRECTION ( 'NONE',  ( 0.0000000000000000000, 0.0000000000000000000, 1.000000000000000000 ) ) ;
#6399 = ORIENTED_EDGE ( 'NONE', *, *, #4998, .F. ) ;
#6400 = AXIS2_PLACEMENT_3D ( 'NONE', #7044, #1952, #3275 ) ;
#6401 = DIRECTION ( 'NONE',  ( 0.0000000000000000000, 0.0000000000000000000, 1.000000000000000000 ) ) ;
#6402 = ORIENTED_EDGE ( 'NONE', *, *, #626, .T. ) ;
#6403 = CARTESIAN_POINT ( 'NONE',  ( -0.03107222487032674700, 0.09499999999999997300, -0.04611928123670721400 ) ) ;
#6404 = FACE_OUTER_BOUND ( 'NONE', #1771, .T. ) ;
#6405 = ORIENTED_EDGE ( 'NONE', *, *, #4009, .T. ) ;
#6406 = EDGE_CURVE ( 'NONE', #3590, #6069, #3196, .T. ) ;
#6407 = CARTESIAN_POINT ( 'NONE',  ( 0.0000000000000000000, 0.0000000000000000000, -1.002319221306503700 ) ) ;
#6408 = CIRCLE ( 'NONE', #6592, 1.775000000000000100 ) ;
#6409 = CARTESIAN_POINT ( 'NONE',  ( 0.0000000000000000000, 4.750000000000000000, 1.909375000000000700 ) ) ;
#6410 = ORIENTED_EDGE ( 'NONE', *, *, #4009, .F. ) ;
#6411 = EDGE_LOOP ( 'NONE', ( #2274, #6691, #4959, #7692, #761, #6561, #1813, #4396, #6552, #4681, #779, #7649, #5293, #6893 ) ) ;
#6412 = CARTESIAN_POINT ( 'NONE',  ( -0.005005570686458666800, 0.09499999999999998700, 0.01431396502360536600 ) ) ;
#6413 = AXIS2_PLACEMENT_3D ( 'NONE', #5351, #5399, #1011 ) ;
#6414 = CARTESIAN_POINT ( 'NONE',  ( 0.06272599255280038300, 0.08999999999999999700, 0.06508237948603543000 ) ) ;
#6415 = CARTESIAN_POINT ( 'NONE',  ( 0.02762550357812044300, 0.09749999999999998900, 0.07060762890458748000 ) ) ;
#6416 = VECTOR ( 'NONE', #6989, 39.37007874015748100 ) ;
#6417 = CARTESIAN_POINT ( 'NONE',  ( 1.227487026096877400E-016, 0.03125000000000000000, 1.002319221306503700 ) ) ;
#6418 = EDGE_CURVE ( 'NONE', #3730, #1068, #6334, .T. ) ;
#6419 = ORIENTED_EDGE ( 'NONE', *, *, #5427, .T. ) ;
#6420 = CARTESIAN_POINT ( 'NONE',  ( -0.08772599025004591800, 0.08999999999999999700, 0.02178111328530174900 ) ) ;
#6421 = CIRCLE ( 'NONE', #2553, 0.9982751737267768800 ) ;
#6422 = DIRECTION ( 'NONE',  ( -0.0000000000000000000, 1.000000000000000000, -0.0000000000000000000 ) ) ;
#6423 = ADVANCED_FACE ( 'NONE', ( #4462 ), #1324, .T. ) ;
#6424 = EDGE_CURVE ( 'NONE', #1160, #6824, #2858, .T. ) ;
#6425 = CARTESIAN_POINT ( 'NONE',  ( 0.03375000000000009900, 0.09499999999999998700, -0.009242876838235297700 ) ) ;
#6426 = CARTESIAN_POINT ( 'NONE',  ( -0.08885167739285007600, 0.09207106781186545600, 0.01880237444968265900 ) ) ;
#6427 = CARTESIAN_POINT ( 'NONE',  ( -0.04229914833125225000, 0.09749999999999998900, -0.03288922600126495400 ) ) ;
#6428 = CARTESIAN_POINT ( 'NONE',  ( 0.02366818170248095200, 0.09750000000000000300, 0.05990262018350146800 ) ) ;
#6429 = LINE ( 'NONE', #4758, #7907 ) ;
#6430 = CARTESIAN_POINT ( 'NONE',  ( -0.006480241790539248100, 0.09499999999999997300, 0.02713367213217089700 ) ) ;
#6431 = CARTESIAN_POINT ( 'NONE',  ( -0.07941987298107851300, 0.09499999999999998700, 0.06894709581221546100 ) ) ;
#6432 = CARTESIAN_POINT ( 'NONE',  ( 0.02824471612443929900, 0.09999999999999999200, 0.06517490238724817100 ) ) ;
#6433 = AXIS2_PLACEMENT_3D ( 'NONE', #1419, #5794, #2048 ) ;
#6434 = EDGE_LOOP ( 'NONE', ( #6906, #4126, #7131, #5582 ) ) ;
#6435 = CARTESIAN_POINT ( 'NONE',  ( 0.0000000000000000000, 0.0000000000000000000, 0.0000000000000000000 ) ) ;
#6436 = CARTESIAN_POINT ( 'NONE',  ( 0.0008742636859179530900, 0.09750000000000001700, -0.03754948898001500600 ) ) ;
#6437 = CARTESIAN_POINT ( 'NONE',  ( -0.02700776483281893900, 0.09749999999999998900, 0.02113942037764444900 ) ) ;
#6438 = CARTESIAN_POINT ( 'NONE',  ( 0.06425692497286660000, 0.09499999999999998700, -0.03587654983842747400 ) ) ;
#6439 = AXIS2_PLACEMENT_3D ( 'NONE', #89, #4467, #717 ) ;
#6440 = CARTESIAN_POINT ( 'NONE',  ( -0.02834896453128254700, 0.09500000000000001500, -0.01949566786242829300 ) ) ;
#6441 = VECTOR ( 'NONE', #1115, 39.37007874015748100 ) ;
#6442 = CARTESIAN_POINT ( 'NONE',  ( -0.01205171054881646500, 0.09749999999999998900, 0.06037069485749507100 ) ) ;
#6443 = ORIENTED_EDGE ( 'NONE', *, *, #1205, .T. ) ;
#6444 = EDGE_CURVE ( 'NONE', #4626, #5026, #7815, .T. ) ;
#6445 = VERTEX_POINT ( 'NONE', #1556 ) ;
#6446 = DIRECTION ( 'NONE',  ( 0.0000000000000000000, -1.000000000000000000, 0.0000000000000000000 ) ) ;
#6447 = VERTEX_POINT ( 'NONE', #2183 ) ;
#6448 = DIRECTION ( 'NONE',  ( -0.0000000000000000000, 1.000000000000000000, -0.0000000000000000000 ) ) ;
#6449 = DIRECTION ( 'NONE',  ( 0.0000000000000000000, 0.0000000000000000000, 1.000000000000000000 ) ) ;
#6450 = LINE ( 'NONE', #6037, #3121 ) ;
#6451 = CARTESIAN_POINT ( 'NONE',  ( 0.0000000000000000000, 3.594344986626658100, 0.0000000000000000000 ) ) ;
#6452 = CARTESIAN_POINT ( 'NONE',  ( -0.04893083711585517700, 0.09499999999999998700, 0.004973870058996882900 ) ) ;
#6453 = CARTESIAN_POINT ( 'NONE',  ( -0.02808007395006625500, 0.09999999999999999200, 0.004639224989132510200 ) ) ;
#6454 = AXIS2_PLACEMENT_3D ( 'NONE', #693, #1327, #3198 ) ;
#6455 = CARTESIAN_POINT ( 'NONE',  ( -0.006379090149378680900, 0.09749999999999998900, -0.05177571507259520800 ) ) ;
#6456 = B_SPLINE_CURVE_WITH_KNOTS ( 'NONE', 3,
 ( #4276, #4895, #1153, #5540, #1782, #6178, #2413, #6813, #3053, #7443, #3681, #8068, #4300, #551, #4932, #1179, #5567, #1816, #6204 ),
 .UNSPECIFIED., .F., .F.,
 ( 4, 3, 3, 3, 3, 3, 4 ),
 ( -8.973213941704879200E-006, 0.0000000000000000000, 5.081255726069862900E-006, 2.669407739459226000E-005, 4.830428906234407900E-005, 6.991328860947771300E-005, 9.152236439248571800E-005 ),
 .UNSPECIFIED. ) ;
#6457 = CARTESIAN_POINT ( 'NONE',  ( 7.603658804117784400E-017, 0.06874999999999997800, 0.6208858594503941000 ) ) ;
#6458 = CARTESIAN_POINT ( 'NONE',  ( -0.02769750509683320200, 0.09499999999999995900, 0.007934531633803988300 ) ) ;
#6459 = CARTESIAN_POINT ( 'NONE',  ( 0.02759642675190124600, 0.09749999999999976700, 0.06065643321883514700 ) ) ;
#6460 = ADVANCED_FACE ( 'NONE', ( #7616 ), #5938, .F. ) ;
#6461 = DIRECTION ( 'NONE',  ( 4.268512490100413400E-016, 0.0000000000000000000, 1.000000000000000000 ) ) ;
#6462 = EDGE_LOOP ( 'NONE', ( #1242, #616, #4372, #2837, #6233, #5486, #6667, #5751, #3528, #3913, #8036, #7969, #1987 ) ) ;
#6463 = VERTEX_POINT ( 'NONE', #4697 ) ;
#6464 = CARTESIAN_POINT ( 'NONE',  ( 1.647702886111442500E-016, 0.01562500000000000000, 1.337757700231430900 ) ) ;
#6465 = EDGE_CURVE ( 'NONE', #5750, #4210, #1386, .T. ) ;
#6466 = CARTESIAN_POINT ( 'NONE',  ( -0.006423964990762740800, 0.09999999999999999200, 0.02961222219407807400 ) ) ;
#6467 = CARTESIAN_POINT ( 'NONE',  ( 0.09864832260714900800, 0.09499999999999998700, 0.08945080102337296700 ) ) ;
#6468 = CARTESIAN_POINT ( 'NONE',  ( -0.1571891108675446700, 0.08999999999999999700, -0.04575317547305482500 ) ) ;
#6469 = ORIENTED_EDGE ( 'NONE', *, *, #3382, .F. ) ;
#6470 = EDGE_CURVE ( 'NONE', #4107, #990, #8086, .T. ) ;
#6471 = DIRECTION ( 'NONE',  ( -0.5144957554275314500, -3.806628034119808400E-015, 0.8574929257125413200 ) ) ;
#6472 = CARTESIAN_POINT ( 'NONE',  ( -0.02758073247143615100, 0.09499999999999998700, 0.04006493462172454300 ) ) ;
#6474 = EDGE_LOOP ( 'NONE', ( #7875, #5522, #922, #4324 ) ) ;
#6473 = VERTEX_POINT ( 'NONE', #1575 ) ;
#6475 = DIRECTION ( 'NONE',  ( 3.414809992080330700E-015, 0.0000000000000000000, -1.000000000000000000 ) ) ;
#6476 =( BOUNDED_SURFACE ( )  B_SPLINE_SURFACE ( 3, 2, ( 
 ( #1083, #2339, #7993 ),
 ( #4223, #471, #4848 ),
 ( #1105, #5491, #1733 ),
 ( #6125, #2368, #6763 ),
 ( #3006, #7398, #3632 ),
 ( #8020, #4254, #497 ),
 ( #4879, #1131, #5516 ),
 ( #1760, #6154, #2395 ),
 ( #6786, #3032, #7424 ),
 ( #3659, #8045, #4280 ),
 ( #530, #4900, #1158 ),
 ( #5545, #1789, #6182 ),
 ( #2418, #6816, #3060 ),
 ( #7447, #3686, #8074 ),
 ( #4306, #556, #4936 ),
 ( #1184, #5571, #1820 ),
 ( #6211, #2449, #6844 ),
 ( #3092, #7471, #3714 ),
 ( #8102, #4333, #582 ),
 ( #4963, #1215, #5595 ) ),
 .UNSPECIFIED., .F., .F., .F. ) 
 B_SPLINE_SURFACE_WITH_KNOTS ( ( 4, 2, 2, 2, 2, 2, 2, 2, 2, 4 ),
 ( 3, 3 ),
 ( -5.179294620230866500E-006, 0.0001032202412630857000, 0.0001574200092047439800, 0.0001845198931755731200, 0.0002116197771464022700, 0.0003200193130297188500, 0.0004284188489130353700, 0.0005368183847963519000, 0.0006452179206796684800, 0.0008620169924463016300 ),
 ( 0.0000000000000000000, 1.000000000000000000 ),
 .UNSPECIFIED. ) 
 GEOMETRIC_REPRESENTATION_ITEM ( )  RATIONAL_B_SPLINE_SURFACE ( (
 ( 1.000000000000000000, 0.7071067811865475700, 1.000000000000000000),
 ( 1.000000000000000000, 0.7071067811865475700, 1.000000000000000000),
 ( 1.000000000000000000, 0.7071067811865507900, 1.000000000000000000),
 ( 1.000000000000000000, 0.7071067811865507900, 1.000000000000000000),
 ( 1.000000000000000000, 0.7071067811865487900, 1.000000000000000000),
 ( 1.000000000000000000, 0.7071067811865487900, 1.000000000000000000),
 ( 1.000000000000000000, 0.7071067811865499000, 1.000000000000000000),
 ( 1.000000000000000000, 0.7071067811865499000, 1.000000000000000000),
 ( 1.000000000000000000, 0.7071067811865479100, 1.000000000000000000),
 ( 1.000000000000000000, 0.7071067811865479100, 1.000000000000000000),
 ( 1.000000000000000000, 0.7071067811865475700, 1.000000000000000000),
 ( 1.000000000000000000, 0.7071067811865475700, 1.000000000000000000),
 ( 1.000000000000000000, 0.7071067811865475700, 1.000000000000000000),
 ( 1.000000000000000000, 0.7071067811865475700, 1.000000000000000000),
 ( 1.000000000000000000, 0.7071067811865475700, 1.000000000000000000),
 ( 1.000000000000000000, 0.7071067811865475700, 1.000000000000000000),
 ( 1.000000000000000000, 0.7071067811865451300, 1.000000000000000000),
 ( 1.000000000000000000, 0.7071067811865451300, 1.000000000000000000),
 ( 1.000000000000000000, 0.7071067811865475700, 1.000000000000000000),
 ( 1.000000000000000000, 0.7071067811865475700, 1.000000000000000000) ) ) 
 REPRESENTATION_ITEM ( '' )  SURFACE ( )  );
#6477 = CARTESIAN_POINT ( 'NONE',  ( 0.08575961894323327900, 0.09999999999999999200, 0.03796633369868346300 ) ) ;
#6478 = CARTESIAN_POINT ( 'NONE',  ( 0.002646720075756709900, 0.09499999999999998700, 0.02711280193414599600 ) ) ;
#6479 = EDGE_CURVE ( 'NONE', #2915, #3985, #2812, .T. ) ;
#6480 = ADVANCED_FACE ( 'NONE', ( #4660 ), #5734, .T. ) ;
#6481 = CARTESIAN_POINT ( 'NONE',  ( 2.368077221555073100E-016, 4.725693204396712600, -1.933681795603287900 ) ) ;
#6482 = VECTOR ( 'NONE', #671, 39.37007874015748100 ) ;
#6483 = LINE ( 'NONE', #4037, #4808 ) ;
#6484 = CARTESIAN_POINT ( 'NONE',  ( -0.02647159239643154900, 0.09999999999999996400, -0.01703586185960807900 ) ) ;
#6485 = CARTESIAN_POINT ( 'NONE',  ( 0.01305437819775047100, 0.09999999999999999200, -0.04732972878500375800 ) ) ;
#6486 = CARTESIAN_POINT ( 'NONE',  ( -0.04754291379724354800, 0.1000000000000000200, -0.02768578695270025200 ) ) ;
#6487 = AXIS2_PLACEMENT_3D ( 'NONE', #1798, #6187, #2424 ) ;
#6488 = CARTESIAN_POINT ( 'NONE',  ( -0.01324724727700721900, 0.09999999999999999200, 0.02857353021604361000 ) ) ;
#6489 = CARTESIAN_POINT ( 'NONE',  ( 2.381607784933753300E-016, 4.714644660940672700, -1.944730339059328500 ) ) ;
#6490 = ORIENTED_EDGE ( 'NONE', *, *, #5581, .T. ) ;
#6491 = ORIENTED_EDGE ( 'NONE', *, *, #6049, .F. ) ;
#6492 = ORIENTED_EDGE ( 'NONE', *, *, #6231, .F. ) ;
#6493 = AXIS2_PLACEMENT_3D ( 'NONE', #2254, #6638, #2894 ) ;
#6494 = CARTESIAN_POINT ( 'NONE',  ( 0.09601105527202269400, 0.09248190845447351600, 0.08934432907758496600 ) ) ;
#6495 = CARTESIAN_POINT ( 'NONE',  ( 0.005073409781752615000, 0.09999999999999999200, 0.06144216366171826500 ) ) ;
#6496 = LINE ( 'NONE', #2539, #7976 ) ;
#6497 = DIRECTION ( 'NONE',  ( -0.0000000000000000000, -1.000000000000000000, 0.0000000000000000000 ) ) ;
#6498 = CARTESIAN_POINT ( 'NONE',  ( -0.007430853477474898400, 0.1000000000002471400, -0.03655964301471242800 ) ) ;
#6499 = VECTOR ( 'NONE', #1390, 39.37007874015748900 ) ;
#6500 = DIRECTION ( 'NONE',  ( -1.000000000000000000, 0.0000000000000000000, 0.0000000000000000000 ) ) ;
#6501 = ORIENTED_EDGE ( 'NONE', *, *, #323, .F. ) ;
#6502 = ADVANCED_FACE ( 'NONE', ( #3007 ), #7426, .F. ) ;
#6503 = VECTOR ( 'NONE', #965, 39.37007874015748100 ) ;
#6504 = DIRECTION ( 'NONE',  ( 1.224646799147345100E-016, 0.0000000000000000000, -1.000000000000000000 ) ) ;
#6505 = AXIS2_PLACEMENT_3D ( 'NONE', #7249, #3487, #7873 ) ;
#6506 = DIRECTION ( 'NONE',  ( 0.0000000000000000000, 0.0000000000000000000, 1.000000000000000000 ) ) ;
#6507 = CARTESIAN_POINT ( 'NONE',  ( 0.03332362811563176900, 0.09499999999999995900, -0.001781722112014721000 ) ) ;
#6508 = LINE ( 'NONE', #3540, #4439 ) ;
#6509 = CARTESIAN_POINT ( 'NONE',  ( -0.01274614371780029100, 0.09499999999999997300, 0.01371463488399054700 ) ) ;
#6510 = VERTEX_POINT ( 'NONE', #7296 ) ;
#6511 = CARTESIAN_POINT ( 'NONE',  ( -0.01875976214115393900, 0.09999999999999954800, -0.03608113174435378900 ) ) ;
#6512 = EDGE_CURVE ( 'NONE', #4309, #2863, #2409, .T. ) ;
#6513 = CARTESIAN_POINT ( 'NONE',  ( 0.03437798180933894500, 0.09999999999999999200, -0.02380004174824033900 ) ) ;
#6514 = LINE ( 'NONE', #7423, #4838 ) ;
#6515 = CARTESIAN_POINT ( 'NONE',  ( 0.01332427236348496400, 0.09995962967826020600, -0.01092914846034440600 ) ) ;
#6516 = CARTESIAN_POINT ( 'NONE',  ( 0.01826662166291565000, 0.09999999999999999200, 0.02601964950568249800 ) ) ;
#6517 = DIRECTION ( 'NONE',  ( 0.0000000000000000000, 0.0000000000000000000, 1.000000000000000000 ) ) ;
#6518 = EDGE_CURVE ( 'NONE', #1169, #4093, #4271, .T. ) ;
#6519 = ORIENTED_EDGE ( 'NONE', *, *, #5137, .T. ) ;
#6520 = CARTESIAN_POINT ( 'NONE',  ( -0.08943294172623783600, 0.09338892003002499700, 0.01932329759956171600 ) ) ;
#6521 = CARTESIAN_POINT ( 'NONE',  ( 0.08726750376581564300, 0.08999999999999999700, 0.07925142759119026300 ) ) ;
#6522 = CARTESIAN_POINT ( 'NONE',  ( 0.01902461034618365900, 0.09750000000000039200, 0.06154889280509659400 ) ) ;
#6523 = TOROIDAL_SURFACE ( 'NONE', #1033, 1.362242299768568600, 0.03125000000000000000 ) ;
#6524 = ADVANCED_FACE ( 'NONE', ( #4078 ), #2219, .T. ) ;
#6525 = CIRCLE ( 'NONE', #7712, 1.875000000000000700 ) ;
#6526 = FACE_OUTER_BOUND ( 'NONE', #233, .T. ) ;
#6527 = DIRECTION ( 'NONE',  ( -0.0000000000000000000, 1.000000000000000000, -0.0000000000000000000 ) ) ;
#6528 = EDGE_LOOP ( 'NONE', ( #7745, #7878, #7865, #1204 ) ) ;
#6529 = CARTESIAN_POINT ( 'NONE',  ( -1.263479697069721800E-015, 0.09999999999999999200, 0.1365063509461096900 ) ) ;
#6530 = FACE_OUTER_BOUND ( 'NONE', #2352, .T. ) ;
#6531 = EDGE_CURVE ( 'NONE', #5987, #2775, #7230, .T. ) ;
#6532 = ORIENTED_EDGE ( 'NONE', *, *, #7898, .F. ) ;
#6533 = CARTESIAN_POINT ( 'NONE',  ( -0.01274614371780029100, 0.09499999999999997300, 0.01371463488399054700 ) ) ;
#6534 = CARTESIAN_POINT ( 'NONE',  ( 0.0000000000000000000, 0.01562500000000000000, -1.337757700231430900 ) ) ;
#6535 = VECTOR ( 'NONE', #1121, 39.37007874015748100 ) ;
#6536 = CARTESIAN_POINT ( 'NONE',  ( 0.1120900460295228300, 0.09946113292395682100, 0.04714082642442493600 ) ) ;
#6537 = CARTESIAN_POINT ( 'NONE',  ( 0.1182179676972452500, 0.09999999999999999200, -0.06825317547305430300 ) ) ;
#6538 = CARTESIAN_POINT ( 'NONE',  ( -0.02904629314318551600, 0.09749999999999998900, 0.007015197234448552500 ) ) ;
#6539 = CARTESIAN_POINT ( 'NONE',  ( -0.009265275916553027800, 0.09749999999999998900, -0.03891570666726452300 ) ) ;
#6540 = VECTOR ( 'NONE', #887, 39.37007874015748100 ) ;
#6541 = AXIS2_PLACEMENT_3D ( 'NONE', #7321, #7946, #1685 ) ;
#6542 = ORIENTED_EDGE ( 'NONE', *, *, #2317, .F. ) ;
#6543 = CARTESIAN_POINT ( 'NONE',  ( 0.02750125000379592300, 0.09749999999999998900, 0.06060346766251584200 ) ) ;
#6544 = ORIENTED_EDGE ( 'NONE', *, *, #3280, .F. ) ;
#6545 = CARTESIAN_POINT ( 'NONE',  ( 0.01536764705882362100, 0.09750000000000000300, -0.01093750000000000300 ) ) ;
#6546 = CARTESIAN_POINT ( 'NONE',  ( 2.257942535927933200E-016, 4.531250000000000000, 1.843750000000000400 ) ) ;
#6547 = AXIS2_PLACEMENT_3D ( 'NONE', #781, #5167, #1415 ) ;
#6548 = ADVANCED_FACE ( 'NONE', ( #547 ), #3883, .T. ) ;
#6549 = DIRECTION ( 'NONE',  ( 0.8660254037844391500, 0.0000000000000000000, -0.4999999999999989500 ) ) ;
#6550 = CARTESIAN_POINT ( 'NONE',  ( -0.09741819888855832200, 0.09000128434742001000, 0.02613970936927958300 ) ) ;
#6551 = FACE_OUTER_BOUND ( 'NONE', #1044, .T. ) ;
#6552 = ORIENTED_EDGE ( 'NONE', *, *, #5461, .T. ) ;
#6553 = ORIENTED_EDGE ( 'NONE', *, *, #3168, .F. ) ;
#6554 = ORIENTED_EDGE ( 'NONE', *, *, #2374, .T. ) ;
#6555 = CARTESIAN_POINT ( 'NONE',  ( 0.02482692205945779800, 0.09999999999999999200, 0.05967836443349169200 ) ) ;
#6556 = CC_DESIGN_PERSON_AND_ORGANIZATION_ASSIGNMENT ( #629, #3496, ( #5300 ) ) ;
#6557 = CARTESIAN_POINT ( 'NONE',  ( -0.01625820339394672500, 0.1000000000000000100, 0.01292883732789397600 ) ) ;
#6558 = DIRECTION ( 'NONE',  ( -0.0000000000000000000, 1.000000000000000000, -0.0000000000000000000 ) ) ;
#6559 = ORIENTED_EDGE ( 'NONE', *, *, #542, .F. ) ;
#6560 = CARTESIAN_POINT ( 'NONE',  ( 0.1055801270189220300, 0.09499999999999998700, 0.04363620667976134100 ) ) ;
#6561 = ORIENTED_EDGE ( 'NONE', *, *, #4953, .T. ) ;
#6562 = CARTESIAN_POINT ( 'NONE',  ( -0.005967615336030384800, 0.09995988663300070500, 0.01229367840291532100 ) ) ;
#6563 = EDGE_CURVE ( 'NONE', #6225, #53, #943, .T. ) ;
#6564 = DIRECTION ( 'NONE',  ( 0.0000000000000000000, 0.0000000000000000000, -1.000000000000000000 ) ) ;
#6565 = ADVANCED_FACE ( 'NONE', ( #5359 ), #3497, .F. ) ;
#6566 = DIRECTION ( 'NONE',  ( -0.0000000000000000000, 1.000000000000000000, -0.0000000000000000000 ) ) ;
#6567 = DIRECTION ( 'NONE',  ( 0.0000000000000000000, -1.000000000000000000, 0.0000000000000000000 ) ) ;
#6568 = AXIS2_PLACEMENT_3D ( 'NONE', #3268, #5153, #1397 ) ;
#6569 = VERTEX_POINT ( 'NONE', #4830 ) ;
#6570 = CARTESIAN_POINT ( 'NONE',  ( -0.02811636983700826000, 0.09749999999999998900, 0.02338017804965773400 ) ) ;
#6571 = CARTESIAN_POINT ( 'NONE',  ( 0.0000000000000000000, 0.0000000000000000000, 0.0000000000000000000 ) ) ;
#6572 = CARTESIAN_POINT ( 'NONE',  ( -0.1267908273786822200, 0.09500000000000001500, 0.04070655290682848700 ) ) ;
#6573 = CARTESIAN_POINT ( 'NONE',  ( 0.0000000000000000000, 4.156250000000000000, 0.0000000000000000000 ) ) ;
#6574 = DIRECTION ( 'NONE',  ( 0.4999999999999904000, 0.0000000000000000000, 0.8660254037844441500 ) ) ;
#6575 = EDGE_CURVE ( 'NONE', #6510, #3802, #7035, .T. ) ;
#6576 = CARTESIAN_POINT ( 'NONE',  ( 2.200537217217900600E-016, 4.390940689107604400, -1.796875000000000400 ) ) ;
#6577 = CARTESIAN_POINT ( 'NONE',  ( -0.05056707649985287700, 0.09999999999999997800, 0.02501930692915356100 ) ) ;
#6578 = DIRECTION ( 'NONE',  ( 0.0000000000000000000, 0.0000000000000000000, 1.000000000000000000 ) ) ;
#6579 = EDGE_CURVE ( 'NONE', #3822, #6249, #5149, .T. ) ;
#6580 = CIRCLE ( 'NONE', #7826, 0.002499999999999998800 ) ;
#6581 = CARTESIAN_POINT ( 'NONE',  ( -0.005754644580599053800, 0.09999999999999999200, 0.01184373171329815600 ) ) ;
#6582 = ORIENTED_EDGE ( 'NONE', *, *, #6058, .T. ) ;
#6583 =( NAMED_UNIT ( * ) SI_UNIT ( $, .STERADIAN. ) SOLID_ANGLE_UNIT ( ) );
#6584 = ADVANCED_FACE ( 'NONE', ( #2011 ), #6626, .T. ) ;
#6585 = ORIENTED_EDGE ( 'NONE', *, *, #366, .F. ) ;
#6586 = CARTESIAN_POINT ( 'NONE',  ( 0.0000000000000000000, 0.2523140909808909700, 0.0000000000000000000 ) ) ;
#6587 = ORIENTED_EDGE ( 'NONE', *, *, #3494, .T. ) ;
#6588 = ORIENTED_EDGE ( 'NONE', *, *, #1308, .T. ) ;
#6589 = DIRECTION ( 'NONE',  ( -1.000000000000000000, -0.0000000000000000000, -0.0000000000000000000 ) ) ;
#6590 = DIRECTION ( 'NONE',  ( -0.0000000000000000000, 1.000000000000000000, -0.0000000000000000000 ) ) ;
#6591 = DIRECTION ( 'NONE',  ( 0.0000000000000000000, 0.0000000000000000000, -1.000000000000000000 ) ) ;
#6592 = AXIS2_PLACEMENT_3D ( 'NONE', #7768, #4006, #248 ) ;
#6593 = FACE_OUTER_BOUND ( 'NONE', #6812, .T. ) ;
#6594 = FACE_OUTER_BOUND ( 'NONE', #7450, .T. ) ;
#6595 = CARTESIAN_POINT ( 'NONE',  ( -0.008959113480518813400, 0.09859139553287560300, -0.05207175392518800100 ) ) ;
#6596 = CARTESIAN_POINT ( 'NONE',  ( 0.03124568488511635800, 0.09749999999999998900, 0.007616110974350089900 ) ) ;
#6597 = DIRECTION ( 'NONE',  ( -0.0000000000000000000, 1.000000000000000000, -0.0000000000000000000 ) ) ;
#6598 = ORIENTED_EDGE ( 'NONE', *, *, #7521, .F. ) ;
#6599 = CARTESIAN_POINT ( 'NONE',  ( 0.0000000000000000000, 0.0000000000000000000, 1.875000000000000700 ) ) ;
#6600 = CIRCLE ( 'NONE', #6972, 0.03125000000000011100 ) ;
#6601 = ORIENTED_EDGE ( 'NONE', *, *, #5684, .F. ) ;
#6602 = AXIS2_PLACEMENT_3D ( 'NONE', #1626, #6013, #2262 ) ;
#6603 = DIRECTION ( 'NONE',  ( 0.0000000000000000000, 0.0000000000000000000, -1.000000000000000000 ) ) ;
#6604 = ORIENTED_EDGE ( 'NONE', *, *, #6948, .F. ) ;
#6605 = AXIS2_PLACEMENT_3D ( 'NONE', #546, #4920, #1171 ) ;
#6606 = DIRECTION ( 'NONE',  ( -0.4999999999999930100, 0.0000000000000000000, -0.8660254037844429300 ) ) ;
#6607 = CARTESIAN_POINT ( 'NONE',  ( -0.0004258967568346792800, 0.09999999999999997800, 0.07926637781409037700 ) ) ;
#6608 = FACE_OUTER_BOUND ( 'NONE', #2076, .T. ) ;
#6609 = ADVANCED_FACE ( 'NONE', ( #3689 ), #3294, .F. ) ;
#6610 = VERTEX_POINT ( 'NONE', #6130 ) ;
#6611 = ORIENTED_EDGE ( 'NONE', *, *, #3534, .F. ) ;
#6612 = CARTESIAN_POINT ( 'NONE',  ( -0.02650516716464738200, 0.09999999999999997800, -0.01685260914175461900 ) ) ;
#6613 = DATE_TIME_ROLE ( 'creation_date' ) ;
#6614 = VECTOR ( 'NONE', #5489, 39.37007874015748100 ) ;
#6615 = ORIENTED_EDGE ( 'NONE', *, *, #584, .F. ) ;
#6616 = AXIS2_PLACEMENT_3D ( 'NONE', #6020, #2270, #2909 ) ;
#6618 = CARTESIAN_POINT ( 'NONE',  ( 0.0000000000000000000, 4.470012756430420200, 0.0000000000000000000 ) ) ;
#6617 = CONICAL_SURFACE ( 'NONE', #453, 0.9982050807568976200, 1.308996938995753900 ) ;
#6619 = CARTESIAN_POINT ( 'NONE',  ( 2.261769557175269900E-016, 4.515940689107605300, -1.846875000000001800 ) ) ;
#6620 =( BOUNDED_CURVE ( )  B_SPLINE_CURVE ( 3, ( #3013, #4886, #6795, #3039 ),
 .UNSPECIFIED., .F., .F. ) 
 B_SPLINE_CURVE_WITH_KNOTS ( ( 4, 4 ),
 ( 3.141592653589793100, 4.712388980384689700 ),
 .UNSPECIFIED. ) 
 CURVE ( )  GEOMETRIC_REPRESENTATION_ITEM ( )  RATIONAL_B_SPLINE_CURVE ( ( 1.000000000000000000, 0.8047378541243649400, 0.8047378541243649400, 1.000000000000000000 ) ) 
 REPRESENTATION_ITEM ( '' )  );
#6621 = CARTESIAN_POINT ( 'NONE',  ( -0.1174102528864668400, 0.09500000000000001500, 0.03314582761723866600 ) ) ;
#6622 = EDGE_CURVE ( 'NONE', #1935, #7436, #4951, .T. ) ;
#6623 = CARTESIAN_POINT ( 'NONE',  ( 1.638280685623146500E-016, 0.03125000000000000000, 1.337757700231430900 ) ) ;
#6624 = CARTESIAN_POINT ( 'NONE',  ( 0.02499999769724522300, 0.09499999999999998700, -0.06825317547305473400 ) ) ;
#6625 = DIRECTION ( 'NONE',  ( 0.0000000000000000000, 0.0000000000000000000, 1.000000000000000000 ) ) ;
#6626 = CYLINDRICAL_SURFACE ( 'NONE', #1334, 0.005000000000000001800 ) ;
#6627 = CARTESIAN_POINT ( 'NONE',  ( 0.02729208827705991900, 0.09500000000000001500, 0.07124634493203499400 ) ) ;
#6628 = ORIENTED_EDGE ( 'NONE', *, *, #52, .F. ) ;
#6629 = CIRCLE ( 'NONE', #4504, 0.04687500000000002800 ) ;
#6630 = EDGE_CURVE ( 'NONE', #2845, #7830, #152, .T. ) ;
#6631 = DIRECTION ( 'NONE',  ( 0.0000000000000000000, 0.0000000000000000000, 1.000000000000000000 ) ) ;
#6632 = CARTESIAN_POINT ( 'NONE',  ( 0.0000000000000000000, 4.714644660940672700, 1.944730339059328500 ) ) ;
#6633 = DIRECTION ( 'NONE',  ( -0.0000000000000000000, 1.000000000000000000, -0.0000000000000000000 ) ) ;
#6634 = EDGE_LOOP ( 'NONE', ( #4774, #5867, #2665, #7474 ) ) ;
#6635 = TOROIDAL_SURFACE ( 'NONE', #7932, 0.006000000000000000100, 0.005000000000000000100 ) ;
#6636 = CARTESIAN_POINT ( 'NONE',  ( 0.02499999769724544800, 0.08999999999999999700, -0.1152015889816459200 ) ) ;
#6637 = EDGE_CURVE ( 'NONE', #3328, #6646, #6620, .T. ) ;
#6638 = DIRECTION ( 'NONE',  ( 1.000000000000000000, 0.0000000000000000000, 1.224646799147353200E-016 ) ) ;
#6639 = LINE ( 'NONE', #1689, #6441 ) ;
#6640 = CARTESIAN_POINT ( 'NONE',  ( -0.02681631970594339900, 0.09999999999999995000, 0.04233514267216122200 ) ) ;
#6641 = ORIENTED_EDGE ( 'NONE', *, *, #7521, .T. ) ;
#6642 = DIRECTION ( 'NONE',  ( 0.0000000000000000000, 0.0000000000000000000, -1.000000000000000000 ) ) ;
#6643 = CARTESIAN_POINT ( 'NONE',  ( -0.09437082074064322100, 0.08999999999999999700, 0.02223546838325225800 ) ) ;
#6644 = ADVANCED_FACE ( 'NONE', ( #347 ), #8104, .T. ) ;
#6645 = DIRECTION ( 'NONE',  ( 0.0000000000000000000, -1.000000000000000000, 0.0000000000000000000 ) ) ;
#6646 = VERTEX_POINT ( 'NONE', #2400 ) ;
#6647 = DIRECTION ( 'NONE',  ( 0.0000000000000000000, 0.0000000000000000000, 1.000000000000000000 ) ) ;
#6648 = CARTESIAN_POINT ( 'NONE',  ( 0.08625000115137691800, 0.09792893218813450400, 0.06711696679905039500 ) ) ;
#6649 = AXIS2_PLACEMENT_3D ( 'NONE', #128, #4505, #755 ) ;
#6650 = CARTESIAN_POINT ( 'NONE',  ( 0.01528544070293409000, 0.09999999999999932600, -0.01388851518330198400 ) ) ;
#6651 = CYLINDRICAL_SURFACE ( 'NONE', #3784, 0.005000000000000000100 ) ;
#6652 = CARTESIAN_POINT ( 'NONE',  ( 0.1658493649053892300, 0.09999999999999999200, -0.04075317547305412600 ) ) ;
#6653 = CARTESIAN_POINT ( 'NONE',  ( 0.06062507296390100300, 0.09499999999999998700, 0.06254732989149557100 ) ) ;
#6654 = AXIS2_PLACEMENT_3D ( 'NONE', #6272, #4417, #6297 ) ;
#6655 = CARTESIAN_POINT ( 'NONE',  ( 0.003882603766798479800, 0.09999999999999999200, 0.07933865290044488100 ) ) ;
#6656 = CARTESIAN_POINT ( 'NONE',  ( -0.1485288568297003000, 0.08999999999999999700, -0.05075317547305486400 ) ) ;
#6657 = CARTESIAN_POINT ( 'NONE',  ( 0.003345699207699113700, 0.09997204771321424600, 0.06185248413556226900 ) ) ;
#6658 = CARTESIAN_POINT ( 'NONE',  ( 0.1030198868931279800, 0.09499999999999998700, 0.08702398712577937000 ) ) ;
#6659 = EDGE_LOOP ( 'NONE', ( #5165, #4602, #7750, #7013 ) ) ;
#6660 = CARTESIAN_POINT ( 'NONE',  ( 7.194906428075394900E-005, 0.09999999999999996400, -0.03517055815912571700 ) ) ;
#6661 = ORIENTED_EDGE ( 'NONE', *, *, #2688, .F. ) ;
#6662 = AXIS2_PLACEMENT_3D ( 'NONE', #5649, #1890, #6289 ) ;
#6663 = DIRECTION ( 'NONE',  ( 0.5000000000000083300, 0.0000000000000000000, -0.8660254037844338200 ) ) ;
#6664 = DIRECTION ( 'NONE',  ( 0.0000000000000000000, 0.0000000000000000000, -1.000000000000000000 ) ) ;
#6665 = CARTESIAN_POINT ( 'NONE',  ( -0.01391691710787317300, 0.09999999999999999200, 0.05657265235546730900 ) ) ;
#6667 = ORIENTED_EDGE ( 'NONE', *, *, #7319, .T. ) ;
#6666 = ORIENTED_EDGE ( 'NONE', *, *, #1013, .F. ) ;
#6668 = EDGE_CURVE ( 'NONE', #1863, #4132, #5156, .T. ) ;
#6669 = CARTESIAN_POINT ( 'NONE',  ( 2.055899984958920800E-016, 3.655235274245932000, 1.678769737029744700 ) ) ;
#6670 = CARTESIAN_POINT ( 'NONE',  ( 0.002995295850907821900, 0.09999999999999999200, -0.05324634867631950600 ) ) ;
#6671 = CARTESIAN_POINT ( 'NONE',  ( -0.003210648350411508800, 0.09749999999999998900, 0.01428001633698278000 ) ) ;
#6672 = EDGE_CURVE ( 'NONE', #7308, #4107, #3711, .T. ) ;
#6673 = AXIS2_PLACEMENT_3D ( 'NONE', #2616, #1349, #1979 ) ;
#6674 = CARTESIAN_POINT ( 'NONE',  ( 0.01097188604384520700, 0.09999999999999999200, -0.02286898865885908500 ) ) ;
#6675 = DIRECTION ( 'NONE',  ( -1.000000000000000000, 0.0000000000000000000, -4.440892098500624600E-015 ) ) ;
#6676 = CARTESIAN_POINT ( 'NONE',  ( -0.01197713054951362500, 0.1000036693283850600, -0.1212760449235442500 ) ) ;
#6677 = DIRECTION ( 'NONE',  ( 0.0000000000000000000, 0.0000000000000000000, 1.000000000000000000 ) ) ;
#6678 = CARTESIAN_POINT ( 'NONE',  ( 0.03073520414815537900, 0.09999999999999999200, 0.06614597963746711400 ) ) ;
#6679 = ORIENTED_EDGE ( 'NONE', *, *, #6948, .T. ) ;
#6680 = CARTESIAN_POINT ( 'NONE',  ( -0.04890299357460300300, 0.09749999999999998900, 0.01160014039659210100 ) ) ;
#6681 = EDGE_CURVE ( 'NONE', #4331, #1587, #2251, .T. ) ;
#6682 = CARTESIAN_POINT ( 'NONE',  ( 0.02899999769724551100, 0.09499999999999998700, -0.1296428581747729500 ) ) ;
#6683 = CARTESIAN_POINT ( 'NONE',  ( -0.04817252746039989200, 0.09749999999999996200, 0.02414622702382909800 ) ) ;
#6684 = CARTESIAN_POINT ( 'NONE',  ( 0.02798200425701195800, 0.09338892003002499700, -0.08711284826987617000 ) ) ;
#6685 = ADVANCED_FACE ( 'NONE', ( #1422 ), #4754, .T. ) ;
#6686 = EDGE_CURVE ( 'NONE', #2313, #6463, #7905, .T. ) ;
#6687 = LINE ( 'NONE', #3321, #5008 ) ;
#6688 = CARTESIAN_POINT ( 'NONE',  ( 0.0000000000000000000, 0.0000000000000000000, -1.337757700231430900 ) ) ;
#6689 = VERTEX_POINT ( 'NONE', #6111 ) ;
#6690 = ORIENTED_EDGE ( 'NONE', *, *, #7386, .F. ) ;
#6691 = ORIENTED_EDGE ( 'NONE', *, *, #5521, .T. ) ;
#6692 = LINE ( 'NONE', #7509, #25 ) ;
#6693 = CARTESIAN_POINT ( 'NONE',  ( -0.04892136292170298100, 0.09499999999999998700, 0.01059579890966981700 ) ) ;
#6695 = AXIS2_PLACEMENT_3D ( 'NONE', #6409, #2647, #7054 ) ;
#6694 = CARTESIAN_POINT ( 'NONE',  ( 0.006695791991765493100, 0.09499999999999998700, -0.03383218125852452400 ) ) ;
#6696 = CARTESIAN_POINT ( 'NONE',  ( 0.003666023518217237800, 0.09749999999999998900, 0.06397997675574319800 ) ) ;
#6697 = CARTESIAN_POINT ( 'NONE',  ( 0.003348001655159083900, 0.09999999999999999200, 0.06147001928931390000 ) ) ;
#6698 = CYLINDRICAL_SURFACE ( 'NONE', #5589, 0.004999999999999998400 ) ;
#6699 = DIRECTION ( 'NONE',  ( -0.8574929257125412100, 0.0000000000000000000, -0.5144957554275315600 ) ) ;
#6700 = VERTEX_POINT ( 'NONE', #5484 ) ;
#6701 = AXIS2_PLACEMENT_3D ( 'NONE', #7821, #5326, #4705 ) ;
#6702 = ORIENTED_EDGE ( 'NONE', *, *, #6718, .F. ) ;
#6703 = CARTESIAN_POINT ( 'NONE',  ( 0.0000000000000000000, 4.406249999999999100, 0.0000000000000000000 ) ) ;
#6704 = CARTESIAN_POINT ( 'NONE',  ( 0.006218098603248904000, 0.09999999999999933900, 0.01165400901665553600 ) ) ;
#6705 = FACE_OUTER_BOUND ( 'NONE', #573, .T. ) ;
#6706 = CARTESIAN_POINT ( 'NONE',  ( 0.0008476030708120442100, 0.09749999999999998900, -0.03756926064518322600 ) ) ;
#6707 = CARTESIAN_POINT ( 'NONE',  ( -0.01973972563791314200, 0.09630874078434204000, -0.1183833126540981600 ) ) ;
#6708 = FACE_OUTER_BOUND ( 'NONE', #3667, .T. ) ;
#6709 = DIRECTION ( 'NONE',  ( 0.0000000000000000000, 0.0000000000000000000, -1.000000000000000000 ) ) ;
#6710 = AXIS2_PLACEMENT_3D ( 'NONE', #6529, #2784, #7175 ) ;
#6711 = CARTESIAN_POINT ( 'NONE',  ( -0.04722025494326521900, 0.09999999999999999200, 0.04158102304365969600 ) ) ;
#6712 = ORIENTED_EDGE ( 'NONE', *, *, #6096, .T. ) ;
#6713 = B_SPLINE_CURVE_WITH_KNOTS ( 'NONE', 3,
 ( #4596, #5230, #2106, #6488, #2745, #7140, #3375, #7760 ),
 .UNSPECIFIED., .F., .F.,
 ( 4, 2, 2, 4 ),
 ( 0.0000000000000000000, 0.0003435482976636303400, 0.0005153224464954454600, 0.0006870965953272605700 ),
 .UNSPECIFIED. ) ;
#6714 = DIRECTION ( 'NONE',  ( 0.0000000000000000000, 0.0000000000000000000, -1.000000000000000000 ) ) ;
#6715 = CARTESIAN_POINT ( 'NONE',  ( -0.03678051174818433600, 0.09499999999999998700, 0.05761173509117013100 ) ) ;
#6716 = CARTESIAN_POINT ( 'NONE',  ( 0.02607144708294136000, 0.09000128434741999600, -0.09743648971305468600 ) ) ;
#6717 = LINE ( 'NONE', #6150, #41 ) ;
#6718 = EDGE_CURVE ( 'NONE', #5712, #3432, #3101, .T. ) ;
#6719 = CARTESIAN_POINT ( 'NONE',  ( 0.007562244063911875900, 0.1000000000000000100, 0.007828053071881288900 ) ) ;
#6720 = ORIENTED_EDGE ( 'NONE', *, *, #4734, .T. ) ;
#6721 = EDGE_CURVE ( 'NONE', #3955, #8012, #4556, .T. ) ;
#6722 = VECTOR ( 'NONE', #1959, 39.37007874015748900 ) ;
#6723 = CIRCLE ( 'NONE', #6019, 0.005999999999999998400 ) ;
#6724 = FACE_OUTER_BOUND ( 'NONE', #5679, .T. ) ;
#6725 =( BOUNDED_SURFACE ( )  B_SPLINE_SURFACE ( 3, 2, ( 
 ( #3388, #858, #4634 ),
 ( #885, #5277, #1517 ),
 ( #5897, #2147, #6536 ),
 ( #2787, #7178, #3416 ),
 ( #7803, #4040, #284 ),
 ( #4663, #919, #5305 ),
 ( #1546, #5926, #2173 ),
 ( #6560, #2815, #7206 ) ),
 .UNSPECIFIED., .F., .F., .F. ) 
 B_SPLINE_SURFACE_WITH_KNOTS ( ( 4, 2, 2, 4 ),
 ( 3, 3 ),
 ( 1.570796326794896600, 2.356194490192344800, 2.748893571891069000, 3.141592653589793100 ),
 ( 0.0000000000000000000, 1.000000000000000000 ),
 .UNSPECIFIED. ) 
 GEOMETRIC_REPRESENTATION_ITEM ( )  RATIONAL_B_SPLINE_SURFACE ( (
 ( 1.000000000000000000, 1.000000000000000000, 1.000000000000000000),
 ( 1.000000000000000000, 1.002675839833349100, 1.000000000000000000),
 ( 1.000000000000000000, 0.9415999000515357100, 1.000000000000000000),
 ( 1.000000000000000000, 0.8282381556508899800, 1.000000000000000000),
 ( 1.000000000000000000, 0.7876781406152015800, 1.000000000000000000),
 ( 1.000000000000000000, 0.7265520990820038000, 1.000000000000000000),
 ( 1.000000000000000000, 0.7066754865711082400, 1.000000000000000000),
 ( 1.000000000000000000, 0.7071067811865480200, 1.000000000000000000) ) ) 
 REPRESENTATION_ITEM ( '' )  SURFACE ( )  );
#6726 = ORIENTED_EDGE ( 'NONE', *, *, #4404, .T. ) ;
#6727 = CARTESIAN_POINT ( 'NONE',  ( -0.03678051174818433600, 0.09499999999999998700, 0.05761173509117013100 ) ) ;
#6729 = AXIS2_PLACEMENT_3D ( 'NONE', #2312, #3541, #6699 ) ;
#6728 = CARTESIAN_POINT ( 'NONE',  ( 0.01431411108210551800, 0.09750000000000003100, -0.02036608458170647800 ) ) ;
#6730 = DIRECTION ( 'NONE',  ( 0.0000000000000000000, 0.0000000000000000000, 1.000000000000000000 ) ) ;
#6731 = CARTESIAN_POINT ( 'NONE',  ( -0.08972599025004590600, 0.09499999999999998700, 0.01231701167016399500 ) ) ;
#6732 = ADVANCED_FACE ( 'NONE', ( #2908, #6245 ), #4870, .T. ) ;
#6733 = DIRECTION ( 'NONE',  ( -0.0000000000000000000, 1.000000000000000000, -0.0000000000000000000 ) ) ;
#6734 = ORIENTED_EDGE ( 'NONE', *, *, #1468, .T. ) ;
#6735 = ORIENTED_EDGE ( 'NONE', *, *, #7528, .T. ) ;
#6736 = CIRCLE ( 'NONE', #6695, 0.05000000000000001000 ) ;
#6737 = ORIENTED_EDGE ( 'NONE', *, *, #2206, .F. ) ;
#6738 = CARTESIAN_POINT ( 'NONE',  ( -0.01262534475021988800, 0.09999999999999999200, -0.09456584784816421400 ) ) ;
#6739 = CARTESIAN_POINT ( 'NONE',  ( 0.01165937669304700300, 0.09999999999999999200, 0.0002712635871633232700 ) ) ;
#6740 = CIRCLE ( 'NONE', #2148, 0.005000000000000006200 ) ;
#6741 = EDGE_CURVE ( 'NONE', #5619, #3707, #7710, .T. ) ;
#6742 = CARTESIAN_POINT ( 'NONE',  ( -0.007657574741196135200, 0.09999999999999999200, -0.03897588814587865000 ) ) ;
#6743 =( BOUNDED_SURFACE ( )  B_SPLINE_SURFACE ( 3, 2, ( 
 ( #1640, #3514, #3532 ),
 ( #7927, #4157, #404 ),
 ( #4786, #1043, #5430 ),
 ( #1667, #6053, #2299 ),
 ( #6684, #2940, #7333 ),
 ( #3558, #7956, #4187 ),
 ( #433, #4811, #1072 ),
 ( #5459, #1695, #6082 ),
 ( #2327, #6716, #2964 ),
 ( #7356, #3589, #7981 ) ),
 .UNSPECIFIED., .F., .F., .F. ) 
 B_SPLINE_SURFACE_WITH_KNOTS ( ( 4, 2, 2, 2, 4 ),
 ( 3, 3 ),
 ( 6.283185307179586200, 6.479534848028948500, 6.675884388878310800, 7.068583470577034500, 7.853981633974482800 ),
 ( 0.0000000000000000000, 1.000000000000000000 ),
 .UNSPECIFIED. ) 
 GEOMETRIC_REPRESENTATION_ITEM ( )  RATIONAL_B_SPLINE_SURFACE ( (
 ( 1.000000000000000000, 0.2669335818958097900, 1.000000000000000000),
 ( 1.000000000000000000, 0.2664983059057020000, 1.000000000000000000),
 ( 1.000000000000000000, 0.2908837794727683900, 1.000000000000000000),
 ( 1.000000000000000000, 0.3621149789005730400, 1.000000000000000000),
 ( 1.000000000000000000, 0.4080595304960656900, 1.000000000000000000),
 ( 1.000000000000000000, 0.5496729321926550100, 1.000000000000000000),
 ( 1.000000000000000000, 0.6488088780557439400, 1.000000000000000000),
 ( 1.000000000000000000, 0.8979780439270135300, 1.000000000000000000),
 ( 1.000000000000000000, 1.002561318330960100, 1.000000000000000000),
 ( 1.000000000000000000, 1.000000000000000000, 1.000000000000000000) ) ) 
 REPRESENTATION_ITEM ( '' )  SURFACE ( )  );
#6744 = CARTESIAN_POINT ( 'NONE',  ( 0.0000000000000000000, 0.06874999999999997800, 0.0000000000000000000 ) ) ;
#6745 = DIRECTION ( 'NONE',  ( 0.0000000000000000000, 0.0000000000000000000, 1.000000000000000000 ) ) ;
#6746 = EDGE_CURVE ( 'NONE', #7212, #3984, #6029, .T. ) ;
#6747 = CARTESIAN_POINT ( 'NONE',  ( -0.03303129527521153600, 0.1000000000000018800, 0.06253098823896055500 ) ) ;
#6748 = TOROIDAL_SURFACE ( 'NONE', #4408, 1.856250000000000200, 0.03125000000000000000 ) ;
#6749 = ORIENTED_EDGE ( 'NONE', *, *, #7113, .F. ) ;
#6750 = CARTESIAN_POINT ( 'NONE',  ( -0.01567921280876755400, 0.09999999999999999200, 0.01049017972844434000 ) ) ;
#6751 = CARTESIAN_POINT ( 'NONE',  ( -0.01898755295658836500, 0.09750000000000000300, 0.07242762378015713000 ) ) ;
#6752 = CARTESIAN_POINT ( 'NONE',  ( -0.02682888537153444600, 0.09750000000000000300, 0.04271596504526246900 ) ) ;
#6753 = CARTESIAN_POINT ( 'NONE',  ( 0.0000000000000000000, 0.2824317469239011600, 0.0000000000000000000 ) ) ;
#6754 = VECTOR ( 'NONE', #6318, 39.37007874015748900 ) ;
#6755 = EDGE_LOOP ( 'NONE', ( #7525, #6905, #4175, #971 ) ) ;
#6756 = ORIENTED_EDGE ( 'NONE', *, *, #73, .T. ) ;
#6757 = ORIENTED_EDGE ( 'NONE', *, *, #4299, .T. ) ;
#6758 = AXIS2_PLACEMENT_3D ( 'NONE', #2280, #7341, #446 ) ;
#6759 = CARTESIAN_POINT ( 'NONE',  ( -0.1398686027918559200, 0.09499999999999998700, -0.05575317547305482700 ) ) ;
#6760 = CARTESIAN_POINT ( 'NONE',  ( 0.0000000000000000000, 0.0000000000000000000, 0.0000000000000000000 ) ) ;
#6761 = DIRECTION ( 'NONE',  ( -0.0000000000000000000, 1.000000000000000000, 0.0000000000000000000 ) ) ;
#6762 = DIRECTION ( 'NONE',  ( -1.951319995474474100E-015, 0.0000000000000000000, -1.000000000000000000 ) ) ;
#6763 = CARTESIAN_POINT ( 'NONE',  ( 0.03017634179705937900, 0.09999999999999996400, 0.07088878128822177800 ) ) ;
#6764 = DIRECTION ( 'NONE',  ( -0.8660254037844340400, 0.0000000000000000000, -0.5000000000000081000 ) ) ;
#6765 = CARTESIAN_POINT ( 'NONE',  ( -0.01516483145070895500, 0.09504702702197485900, -0.09841800692376424800 ) ) ;
#6766 = EDGE_LOOP ( 'NONE', ( #1145, #2175, #2046, #5858, #2139, #6402, #5556, #6067, #6210, #6195, #7687 ) ) ;
#6767 = AXIS2_PLACEMENT_3D ( 'NONE', #7771, #4010, #255 ) ;
#6768 = ORIENTED_EDGE ( 'NONE', *, *, #2688, .T. ) ;
#6769 = DIRECTION ( 'NONE',  ( -1.224646799147355900E-016, 0.0000000000000000000, -1.000000000000000000 ) ) ;
#6770 = DIRECTION ( 'NONE',  ( 0.0000000000000000000, 0.0000000000000000000, 1.000000000000000000 ) ) ;
#6771 = CARTESIAN_POINT ( 'NONE',  ( 0.02744418908266118400, 0.09750000000000003100, 0.07101973392652252700 ) ) ;
#6772 = EDGE_LOOP ( 'NONE', ( #3729, #1743, #7545, #3660 ) ) ;
#6773 = CARTESIAN_POINT ( 'NONE',  ( -0.01207118055107885200, 0.09750000000000094700, 0.07504466204832999100 ) ) ;
#6774 = ORIENTED_EDGE ( 'NONE', *, *, #3212, .F. ) ;
#6775 = ADVANCED_FACE ( 'NONE', ( #2701 ), #5829, .T. ) ;
#6776 = CARTESIAN_POINT ( 'NONE',  ( 0.0000000000000000000, 0.0000000000000000000, 0.0000000000000000000 ) ) ;
#6777 = DIRECTION ( 'NONE',  ( -0.0000000000000000000, 1.000000000000000000, -0.0000000000000000000 ) ) ;
#6778 = DIRECTION ( 'NONE',  ( -0.9999508077246511700, 0.0000000000000000000, -0.009918776679500465300 ) ) ;
#6779 = AXIS2_PLACEMENT_3D ( 'NONE', #4485, #2603, #3260 ) ;
#6780 = CIRCLE ( 'NONE', #4034, 1.900536165235168900 ) ;
#6781 = ORIENTED_EDGE ( 'NONE', *, *, #1691, .T. ) ;
#6782 = DIRECTION ( 'NONE',  ( 0.0000000000000000000, -1.000000000000000000, 0.0000000000000000000 ) ) ;
#6783 = DIRECTION ( 'NONE',  ( 0.0000000000000000000, -0.7071067811865562300, -0.7071067811865388000 ) ) ;
#6784 = EDGE_CURVE ( 'NONE', #4220, #5809, #783, .T. ) ;
#6785 = PRODUCT ( '16oz. Red Solo Cup', '16oz. Red Solo Cup', '', ( #333 ) ) ;
#6786 = CARTESIAN_POINT ( 'NONE',  ( 0.02679364834510953800, 0.09749999999999998900, 0.07195393125623658600 ) ) ;
#6787 = DIRECTION ( 'NONE',  ( 1.224646799147345100E-016, 0.0000000000000000000, -1.000000000000000000 ) ) ;
#6788 = DIRECTION ( 'NONE',  ( 0.0000000000000000000, 0.0000000000000000000, 1.000000000000000000 ) ) ;
#6789 = CARTESIAN_POINT ( 'NONE',  ( -0.002034489658899193000, 0.09995522870686549000, 0.02922939255067124500 ) ) ;
#6790 = LINE ( 'NONE', #5188, #1966 ) ;
#6791 = EDGE_CURVE ( 'NONE', #4562, #1955, #1232, .T. ) ;
#6792 = EDGE_LOOP ( 'NONE', ( #4536, #3163, #7045, #2002 ) ) ;
#6793 = ORIENTED_EDGE ( 'NONE', *, *, #3073, .F. ) ;
#6794 = ORIENTED_EDGE ( 'NONE', *, *, #8050, .T. ) ;
#6795 = CARTESIAN_POINT ( 'NONE',  ( -0.01585786437626903300, 0.1000000000000000100, -0.09618210766118934200 ) ) ;
#6796 = CARTESIAN_POINT ( 'NONE',  ( 0.03368562521395211700, 0.09500000000000001500, -0.01333567488098337900 ) ) ;
#6797 = CARTESIAN_POINT ( 'NONE',  ( 0.02999999769724550800, 0.09499999999999998700, -0.1296428581747729500 ) ) ;
#6798 = DIRECTION ( 'NONE',  ( -0.0000000000000000000, 1.000000000000000000, -0.0000000000000000000 ) ) ;
#6799 = VECTOR ( 'NONE', #5843, 39.37007874015748100 ) ;
#6800 = FACE_OUTER_BOUND ( 'NONE', #2890, .T. ) ;
#6801 = DIRECTION ( 'NONE',  ( -1.000000000000000000, -0.0000000000000000000, -0.0000000000000000000 ) ) ;
#6802 = AXIS2_PLACEMENT_3D ( 'NONE', #7591, #3195, #72 ) ;
#6803 = ORIENTED_EDGE ( 'NONE', *, *, #4671, .F. ) ;
#6804 = DIRECTION ( 'NONE',  ( 0.0000000000000000000, 0.0000000000000000000, 1.000000000000000000 ) ) ;
#6805 = EDGE_CURVE ( 'NONE', #5419, #5569, #1037, .T. ) ;
#6807 = DIRECTION ( 'NONE',  ( -1.000000000000000000, -0.0000000000000000000, -0.0000000000000000000 ) ) ;
#6806 = VECTOR ( 'NONE', #4481, 39.37007874015748100 ) ;
#6808 = ORIENTED_EDGE ( 'NONE', *, *, #4310, .F. ) ;
#6809 = VERTEX_POINT ( 'NONE', #2462 ) ;
#6810 = CIRCLE ( 'NONE', #4482, 0.005000000000000000100 ) ;
#6811 = ORIENTED_EDGE ( 'NONE', *, *, #5866, .F. ) ;
#6812 = EDGE_LOOP ( 'NONE', ( #710, #7599, #7670 ) ) ;
#6813 = CARTESIAN_POINT ( 'NONE',  ( 0.03542815292861665300, 0.09987750035883392900, -0.009242663692321347700 ) ) ;
#6814 = CARTESIAN_POINT ( 'NONE',  ( 0.02999992590910395900, 0.09373890141636841100, -0.1332529162950846800 ) ) ;
#6815 = CARTESIAN_POINT ( 'NONE',  ( -0.05123562064817861100, 0.09999167805011405200, 0.007909762129124337000 ) ) ;
#6816 = CARTESIAN_POINT ( 'NONE',  ( 0.02122195956285843600, 0.09999999999999907600, 0.07453325033352330200 ) ) ;
#6817 = ADVANCED_FACE ( 'NONE', ( #834 ), #3978, .T. ) ;
#6818 = CARTESIAN_POINT ( 'NONE',  ( -0.02587903573264843000, 0.09749999999999998900, -0.04898958354642249400 ) ) ;
#6819 = AXIS2_PLACEMENT_3D ( 'NONE', #3612, #8000, #4234 ) ;
#6820 = CIRCLE ( 'NONE', #5681, 0.03499999999999999600 ) ;
#6821 = DIRECTION ( 'NONE',  ( -0.8660254037844384900, 0.0000000000000000000, 0.5000000000000004400 ) ) ;
#6822 = CARTESIAN_POINT ( 'NONE',  ( -0.002038143382352846900, 0.09750000000000000300, 0.02720588235294116700 ) ) ;
#6823 = DIRECTION ( 'NONE',  ( -0.0000000000000000000, 1.000000000000000000, -0.0000000000000000000 ) ) ;
#6824 = VERTEX_POINT ( 'NONE', #7490 ) ;
#6825 = CARTESIAN_POINT ( 'NONE',  ( 0.07008974711353246900, 0.09207106781186549800, 0.07510734785581681100 ) ) ;
#6826 = CARTESIAN_POINT ( 'NONE',  ( 0.02595483068899795400, 0.09749999999999998900, -0.03583736725369033500 ) ) ;
#6827 = CONICAL_SURFACE ( 'NONE', #6487, 1.642460084468279700, 0.06498818447873883100 ) ;
#6828 = CARTESIAN_POINT ( 'NONE',  ( 0.1124102540378442400, 0.09499999999999998700, 0.04180607966083917100 ) ) ;
#6829 = CONICAL_SURFACE ( 'NONE', #7977, 1.642460084468279700, 0.06498818447873883100 ) ;
#6830 = ORIENTED_EDGE ( 'NONE', *, *, #2044, .F. ) ;
#6831 = DIRECTION ( 'NONE',  ( -0.0000000000000000000, 1.000000000000000000, -0.0000000000000000000 ) ) ;
#6832 = CARTESIAN_POINT ( 'NONE',  ( 2.135477856013197200E-016, 4.156250000000000000, 1.743749999999999900 ) ) ;
#6833 = AXIS2_PLACEMENT_3D ( 'NONE', #172, #4553, #802 ) ;
#6834 = VECTOR ( 'NONE', #2346, 39.37007874015748100 ) ;
#6835 = CIRCLE ( 'NONE', #2838, 0.005000000000000001000 ) ;
#6836 = CARTESIAN_POINT ( 'NONE',  ( -0.04677838311498832400, 0.09749999999999998900, -0.02005365050220205400 ) ) ;
#6837 = EDGE_CURVE ( 'NONE', #1993, #3946, #5642, .T. ) ;
#6838 = CARTESIAN_POINT ( 'NONE',  ( 1.827939601844662100E-016, 1.500297493313020900, 1.479184804273083700 ) ) ;
#6839 = CARTESIAN_POINT ( 'NONE',  ( 0.02774587847783050900, 0.09248190845447343300, -0.1282697369795288700 ) ) ;
#6840 = ORIENTED_EDGE ( 'NONE', *, *, #7015, .T. ) ;
#6842 = AXIS2_PLACEMENT_3D ( 'NONE', #4206, #457, #4833 ) ;
#6841 = CARTESIAN_POINT ( 'NONE',  ( -0.04911150612423036800, 0.09832743527459021600, 0.007904744635023731500 ) ) ;
#6843 = CARTESIAN_POINT ( 'NONE',  ( 0.03625631309889696500, 0.09999999999999999200, -0.009617890720882142600 ) ) ;
#6844 = CARTESIAN_POINT ( 'NONE',  ( 0.01359975210048241500, 0.1000000000000000200, 0.07864612498353340500 ) ) ;
#6845 = B_SPLINE_CURVE_WITH_KNOTS ( 'NONE', 3,
 ( #6655, #1634, #7921, #4153, #398, #4782, #1038, #5424, #1660, #6048, #2295, #6678 ),
 .UNSPECIFIED., .F., .F.,
 ( 4, 2, 2, 2, 2, 4 ),
 ( 4.065758146820641000E-020, 0.0004279137268595498000, 0.0005348921585744372500, 0.0006418705902893248000, 0.0007488490220042123600, 0.0008558274537190999200 ),
 .UNSPECIFIED. ) ;
#6846 = CARTESIAN_POINT ( 'NONE',  ( -1.263479697069721800E-015, 0.09999999999999999200, 0.1365063509461096900 ) ) ;
#6847 = DIRECTION ( 'NONE',  ( 0.0000000000000000000, 0.0000000000000000000, 1.000000000000000000 ) ) ;
#6848 = CARTESIAN_POINT ( 'NONE',  ( 0.07523249853693797500, 0.08999999999999999700, 0.07230301408259907900 ) ) ;
#6849 = EDGE_CURVE ( 'NONE', #6955, #7671, #7324, .T. ) ;
#6850 = DIRECTION ( 'NONE',  ( -0.9999751073138124500, 0.0000000000000000000, -0.007055831115406297600 ) ) ;
#6851 = DIRECTION ( 'NONE',  ( 0.0000000000000000000, 1.000000000000000000, 0.0000000000000000000 ) ) ;
#6852 = LINE ( 'NONE', #1088, #4967 ) ;
#6853 = B_SPLINE_SURFACE_WITH_KNOTS ( 'NONE', 3, 1, ( 
 ( #506, #3638 ),
 ( #6165, #2401 ),
 ( #6796, #3041 ),
 ( #7431, #3666 ),
 ( #8053, #4287 ),
 ( #538, #4913 ),
 ( #1166, #5553 ),
 ( #1800, #6189 ),
 ( #2427, #6826 ),
 ( #3070, #7453 ),
 ( #3695, #8081 ),
 ( #4312, #562 ),
 ( #4943, #1192 ),
 ( #5579, #1827 ),
 ( #6219, #2455 ),
 ( #6854, #3096 ),
 ( #7481, #3719 ),
 ( #8110, #4339 ),
 ( #585, #4968 ) ),
 .UNSPECIFIED., .F., .F., .F.,
 ( 4, 1, 1, 1, 1, 1, 1, 1, 1, 1, 1, 1, 1, 1, 1, 1, 4 ),
 ( 2, 2 ),
 ( 0.0000000000000000000, 0.06041499494517964900, 0.1199606212953486800, 0.1793323476604655200, 0.2390692761492911600, 0.2978783390267562000, 0.3560365980493775400, 0.4131930663213624300, 0.4711548130574401100, 0.5293743461412249200, 0.5888525716526538100, 0.6497656764029118300, 0.7133998201585688400, 0.7795221126008633500, 0.8485464507372212400, 0.9218154746768282300, 1.000000000000000000 ),
 ( 0.0000000000000000000, 1.000000000000000000 ),
 .UNSPECIFIED. ) ;
#6854 = CARTESIAN_POINT ( 'NONE',  ( 0.001212579377273042300, 0.09500000000000002900, -0.05103970329512112800 ) ) ;
#6855 = DIRECTION ( 'NONE',  ( 0.0000000000000000000, 0.0000000000000000000, -1.000000000000000000 ) ) ;
#6856 = ORIENTED_EDGE ( 'NONE', *, *, #3796, .F. ) ;
#6857 = EDGE_LOOP ( 'NONE', ( #2136, #3422, #1199, #1444 ) ) ;
#6858 = CARTESIAN_POINT ( 'NONE',  ( -0.1271772721229809400, 0.09434550615857319200, 0.03882203610392715600 ) ) ;
#6859 = EDGE_CURVE ( 'NONE', #5097, #3708, #4360, .T. ) ;
#6860 = CARTESIAN_POINT ( 'NONE',  ( 0.02823529411764715000, 0.09499999999999998700, 0.06612477022058822800 ) ) ;
#6861 = ADVANCED_FACE ( 'NONE', ( #4163 ), #7483, .T. ) ;
#6862 = VECTOR ( 'NONE', #4070, 39.37007874015748100 ) ;
#6863 = CARTESIAN_POINT ( 'NONE',  ( 0.02549630009887483100, 0.09961694831138397100, 0.05843240509869591900 ) ) ;
#6864 = CARTESIAN_POINT ( 'NONE',  ( -0.03421105701467861600, 0.09999999999999681400, -0.04398700846798236900 ) ) ;
#6865 = CARTESIAN_POINT ( 'NONE',  ( -0.1272740074471989900, 0.09499999999999998700, 0.03884066896809777700 ) ) ;
#6866 = VERTEX_POINT ( 'NONE', #6255 ) ;
#6867 = CARTESIAN_POINT ( 'NONE',  ( 0.008399149229159588700, 0.09500000000000002900, -0.03212620899251901500 ) ) ;
#6868 = CARTESIAN_POINT ( 'NONE',  ( 0.02795053133122806600, 0.09749999999999996200, 0.01426216575902728900 ) ) ;
#6869 = ORIENTED_EDGE ( 'NONE', *, *, #7274, .T. ) ;
#6870 = CARTESIAN_POINT ( 'NONE',  ( 0.0000000000000000000, 0.3105199513585676900, 0.0000000000000000000 ) ) ;
#6871 = CARTESIAN_POINT ( 'NONE',  ( 0.02818787381895823700, 0.09500000000000002900, 0.06325098118441034600 ) ) ;
#6872 = AXIS2_PLACEMENT_3D ( 'NONE', #5575, #6268, #7532 ) ;
#6873 = CARTESIAN_POINT ( 'NONE',  ( 0.02553538602941185900, 0.09499999999999998700, 0.05960477941176470200 ) ) ;
#6875 = EDGE_LOOP ( 'NONE', ( #4012, #389, #7639, #5401 ) ) ;
#6874 = ORIENTED_EDGE ( 'NONE', *, *, #5643, .T. ) ;
#6876 = DIRECTION ( 'NONE',  ( -0.8660254037844369300, 0.0000000000000000000, -0.5000000000000030000 ) ) ;
#6877 = EDGE_CURVE ( 'NONE', #4508, #7849, #6012, .T. ) ;
#6878 = CARTESIAN_POINT ( 'NONE',  ( -0.1245186131708113900, 0.09112599222619023600, 0.03912264863442898400 ) ) ;
#6879 = B_SPLINE_CURVE_WITH_KNOTS ( 'NONE', 3,
 ( #6180, #1786, #6815, #3057, #7445, #3683, #8071, #4303, #554, #4934, #1182, #5570, #1818, #6207, #2445, #6841, #3090, #7468, #3712 ),
 .UNSPECIFIED., .F., .F.,
 ( 4, 3, 3, 3, 3, 3, 4 ),
 ( -8.953028187451925500E-006, 0.0000000000000000000, 5.101560965531392200E-006, 2.671425901593884700E-005, 4.832432357684275600E-005, 6.993316511055288400E-005, 9.154208356614289600E-005 ),
 .UNSPECIFIED. ) ;
#6880 = CARTESIAN_POINT ( 'NONE',  ( 0.02825030688748509500, 0.09750000000000000300, 0.06461127396891198900 ) ) ;
#6881 = DIRECTION ( 'NONE',  ( -0.8660254037844387100, 0.0000000000000000000, 0.4999999999999999400 ) ) ;
#6882 = CARTESIAN_POINT ( 'NONE',  ( 1.657125086599738600E-016, 0.03396325277604581000, 1.353145321372246600 ) ) ;
#6883 = CARTESIAN_POINT ( 'NONE',  ( -0.02811636983700826000, 0.09749999999999998900, 0.02338017804965773400 ) ) ;
#6884 = CYLINDRICAL_SURFACE ( 'NONE', #3334, 1.859375000000000700 ) ;
#6885 = CARTESIAN_POINT ( 'NONE',  ( -0.02286407971348960700, 0.09999999999999999200, -0.05258774866127145800 ) ) ;
#6886 = ORIENTED_EDGE ( 'NONE', *, *, #405, .T. ) ;
#6887 = AXIS2_PLACEMENT_3D ( 'NONE', #4587, #835, #5216 ) ;
#6888 = DIRECTION ( 'NONE',  ( 0.0000000000000000000, 0.0000000000000000000, 1.000000000000000000 ) ) ;
#6889 = CIRCLE ( 'NONE', #1141, 0.002499999999999999600 ) ;
#6890 = DIRECTION ( 'NONE',  ( 1.182917971378671800E-016, -0.2588190451025143000, 0.9659258262890699800 ) ) ;
#6891 = CARTESIAN_POINT ( 'NONE',  ( 0.01700799807844868500, 0.09999999999999999200, 0.02354341543392576500 ) ) ;
#6892 = EDGE_CURVE ( 'NONE', #4192, #5772, #439, .T. ) ;
#6893 = ORIENTED_EDGE ( 'NONE', *, *, #161, .T. ) ;
#6894 = ORIENTED_EDGE ( 'NONE', *, *, #7937, .T. ) ;
#6895 = DIRECTION ( 'NONE',  ( 0.0000000000000000000, -1.000000000000000000, 0.0000000000000000000 ) ) ;
#6896 = ADVANCED_FACE ( 'NONE', ( #5452 ), #1908, .T. ) ;
#6897 = CARTESIAN_POINT ( 'NONE',  ( -0.07720810105588775400, 0.09868127115101110700, 0.06069265061264787100 ) ) ;
#6898 = DIRECTION ( 'NONE',  ( -0.0000000000000000000, 1.000000000000000000, -0.0000000000000000000 ) ) ;
#6899 = FACE_OUTER_BOUND ( 'NONE', #2433, .T. ) ;
#6900 = EDGE_CURVE ( 'NONE', #3590, #5569, #3582, .T. ) ;
#6901 = CARTESIAN_POINT ( 'NONE',  ( 0.01809251526529155600, 0.09750000000000000300, 0.06182016250858177900 ) ) ;
#6902 = CARTESIAN_POINT ( 'NONE',  ( -0.003272193648017657000, 0.09750000000000001700, -0.05165893780973834800 ) ) ;
#6903 = FACE_OUTER_BOUND ( 'NONE', #154, .T. ) ;
#6904 = ORIENTED_EDGE ( 'NONE', *, *, #3220, .F. ) ;
#6905 = ORIENTED_EDGE ( 'NONE', *, *, #2114, .T. ) ;
#6906 = ORIENTED_EDGE ( 'NONE', *, *, #1629, .F. ) ;
#6907 = CARTESIAN_POINT ( 'NONE',  ( 0.02579761007734703000, 0.09499999999999998700, 0.05961444436007784500 ) ) ;
#6908 = CIRCLE ( 'NONE', #393, 1.707565143007136600 ) ;
#6909 = CARTESIAN_POINT ( 'NONE',  ( -0.01999999999999999000, 0.09499999999999998700, -0.1182531754730548500 ) ) ;
#6910 = CARTESIAN_POINT ( 'NONE',  ( 0.09322061066832049200, 0.09807273439692061600, 0.03304018378587116100 ) ) ;
#6911 = CIRCLE ( 'NONE', #332, 1.331467057486937400 ) ;
#6913 = EDGE_CURVE ( 'NONE', #7452, #4053, #3779, .T. ) ;
#6912 = DIRECTION ( 'NONE',  ( -1.000000000000000000, 0.0000000000000000000, -4.440892098500624600E-015 ) ) ;
#6914 = CARTESIAN_POINT ( 'NONE',  ( -0.002038143382352846900, 0.09750000000000000300, 0.02720588235294116700 ) ) ;
#6915 = ORIENTED_EDGE ( 'NONE', *, *, #5866, .T. ) ;
#6916 = CIRCLE ( 'NONE', #296, 0.005000000000000001800 ) ;
#6917 = CARTESIAN_POINT ( 'NONE',  ( 0.02999999769724531400, 0.09499999999999998700, -0.08686349277133650900 ) ) ;
#6918 = CARTESIAN_POINT ( 'NONE',  ( 0.1182179676972452500, 0.09499999999999998700, -0.06825317547305430300 ) ) ;
#6920 = AXIS2_PLACEMENT_3D ( 'NONE', #536, #4909, #1164 ) ;
#6919 = CARTESIAN_POINT ( 'NONE',  ( 0.0000000000000000000, 4.681499030572553000, 0.0000000000000000000 ) ) ;
#6921 = CARTESIAN_POINT ( 'NONE',  ( 0.002853444361737503400, 0.1000000000000000200, 0.02960506415596796100 ) ) ;
#6922 = ORIENTED_EDGE ( 'NONE', *, *, #3777, .F. ) ;
#6923 = CARTESIAN_POINT ( 'NONE',  ( 0.005824824344914834700, 0.09499999999999995900, -0.04996815879784923700 ) ) ;
#6924 = CARTESIAN_POINT ( 'NONE',  ( -0.08191987296378072700, 0.09565461545040945800, 0.06461696878330640300 ) ) ;
#6925 = AXIS2_PLACEMENT_3D ( 'NONE', #7883, #4113, #357 ) ;
#6926 = LINE ( 'NONE', #5738, #3391 ) ;
#6927 = CARTESIAN_POINT ( 'NONE',  ( 0.06117367525502624700, 0.09370359062126554200, 0.06769874725165660200 ) ) ;
#6928 = CIRCLE ( 'NONE', #4338, 0.004999999999999995800 ) ;
#6929 = CIRCLE ( 'NONE', #3940, 0.04687500000000002800 ) ;
#6930 = ORIENTED_EDGE ( 'NONE', *, *, #380, .T. ) ;
#6931 = CARTESIAN_POINT ( 'NONE',  ( 0.03370509886907125500, 0.09749999999999993400, -0.01209758552255910800 ) ) ;
#6932 = CARTESIAN_POINT ( 'NONE',  ( 0.0000000000000000000, 0.1140277731073001300, 0.0000000000000000000 ) ) ;
#6933 = ORIENTED_EDGE ( 'NONE', *, *, #3005, .F. ) ;
#6934 = EDGE_LOOP ( 'NONE', ( #4931, #1970, #6342, #1724 ) ) ;
#6935 = CARTESIAN_POINT ( 'NONE',  ( -0.01751552532158838100, 0.09499999999999997300, -0.03681137495827659100 ) ) ;
#6936 = EDGE_LOOP ( 'NONE', ( #2889, #6107, #5369, #338 ) ) ;
#6937 = CARTESIAN_POINT ( 'NONE',  ( 0.02486242578844818900, 0.09499999999999998700, 0.01786655249231755200 ) ) ;
#6938 = CIRCLE ( 'NONE', #1300, 1.694361752827711300 ) ;
#6939 = DIRECTION ( 'NONE',  ( -0.0000000000000000000, 1.000000000000000000, -0.0000000000000000000 ) ) ;
#6940 = AXIS2_PLACEMENT_3D ( 'NONE', #5995, #2248, #6631 ) ;
#6941 = CARTESIAN_POINT ( 'NONE',  ( 0.09258974596215546700, 0.09500000000000000100, 0.03613620667976130000 ) ) ;
#6942 = DIRECTION ( 'NONE',  ( 1.000000000000000000, 0.0000000000000000000, 1.224646799147353200E-016 ) ) ;
#6943 = CARTESIAN_POINT ( 'NONE',  ( -0.007434496752603539000, 0.09961944086654739300, -0.03779604748493973300 ) ) ;
#6944 = FACE_OUTER_BOUND ( 'NONE', #6528, .T. ) ;
#6945 = EDGE_CURVE ( 'NONE', #861, #5647, #5243, .T. ) ;
#6946 = CARTESIAN_POINT ( 'NONE',  ( -0.02853611751584046400, 0.09500000000000001500, -0.04760421499708891700 ) ) ;
#6947 = CARTESIAN_POINT ( 'NONE',  ( -0.01749999884862244900, 0.09999999999999999200, -0.03031088713821094400 ) ) ;
#6948 = EDGE_CURVE ( 'NONE', #3176, #1068, #6926, .T. ) ;
#6949 = CARTESIAN_POINT ( 'NONE',  ( 0.01536764705882362100, 0.09499999999999998700, -0.01093750000000000300 ) ) ;
#6950 = CARTESIAN_POINT ( 'NONE',  ( -0.09825961779185590800, 0.09999999999999999200, 0.01631570059831648600 ) ) ;
#6951 = CIRCLE ( 'NONE', #4047, 1.349738263374854500 ) ;
#6952 = DIRECTION ( 'NONE',  ( 0.0000000000000000000, -1.000000000000000000, 0.0000000000000000000 ) ) ;
#6953 = ORIENTED_EDGE ( 'NONE', *, *, #946, .T. ) ;
#6954 = ORIENTED_EDGE ( 'NONE', *, *, #3523, .F. ) ;
#6955 = VERTEX_POINT ( 'NONE', #7025 ) ;
#6956 = CARTESIAN_POINT ( 'NONE',  ( 0.06702139036744563000, 0.09045466218700082300, 0.07017670615659100900 ) ) ;
#6957 = DIRECTION ( 'NONE',  ( 0.0000000000000000000, 0.0000000000000000000, -1.000000000000000000 ) ) ;
#6958 = CARTESIAN_POINT ( 'NONE',  ( -0.01644421842731975900, 0.09749999999999994800, 0.07361114862512234400 ) ) ;
#6959 = DIRECTION ( 'NONE',  ( 0.0000000000000000000, 1.000000000000000000, -0.0000000000000000000 ) ) ;
#6960 = AXIS2_PLACEMENT_3D ( 'NONE', #2976, #7367, #4222 ) ;
#6961 = CARTESIAN_POINT ( 'NONE',  ( -0.09591487378250905500, 0.09946113292395675200, 0.06993717680161480600 ) ) ;
#6962 = EDGE_CURVE ( 'NONE', #4442, #4053, #244, .T. ) ;
#6963 = DIRECTION ( 'NONE',  ( 1.224646799147355400E-016, 0.0000000000000000000, -1.000000000000000000 ) ) ;
#6964 = EDGE_LOOP ( 'NONE', ( #2043, #962, #1641, #3664 ) ) ;
#6965 = ORIENTED_EDGE ( 'NONE', *, *, #1211, .F. ) ;
#6966 = CARTESIAN_POINT ( 'NONE',  ( -0.001303650001430228700, 0.1000000000000000100, 0.06127903818411013100 ) ) ;
#6967 = VERTEX_POINT ( 'NONE', #1330 ) ;
#6968 = ADVANCED_FACE ( 'NONE', ( #5043 ), #3185, .T. ) ;
#6969 = AXIS2_PLACEMENT_3D ( 'NONE', #3580, #7971, #4203 ) ;
#6970 = ORIENTED_EDGE ( 'NONE', *, *, #916, .T. ) ;
#6971 = CLOSED_SHELL ( 'NONE', ( #2637, #1403, #7014, #6025, #782, #742, #702, #1256, #3645, #6609, #5965, #2680, #1835, #4787, #3362, #7136, #1939, #2995, #6565, #5925, #6279, #6110, #4668, #6548, #8088, #391, #1462, #2229, #4565, #1216, #1056, #5244, #3877, #2407, #2873, #5341, #2791, #2125, #7723, #334, #5180, #1482, #3341, #5788, #5752, #4293, #4747, #188, #5837, #8126, #937, #171, #2328, #2811, #6380, #7928, #2769, #7435, #7848, #1442, #6732, #7220, #6241, #5298, #2017, #6063, #7176, #557, #4630, #7625, #6644, #869, #515, #2079, #4443, #975, #2726, #8009, #2851, #4987, #7198, #3919, #5460, #915, #2450, #4015, #1357, #2914, #253, #8046, #3979, #6340, #352, #2103, #1750, #4729, #4374, #2834, #7093, #4214, #4686, #3725, #277, #7659, #3560, #4647, #6194, #7766, #5094, #4130, #6502, #6155, #5201, #6968, #2369, #3442, #5317, #889, #1668, #6817, #5718, #3997, #2703, #4097, #207, #3466, #2492, #5227, #4867, #5358, #7515, #5944, #7706, #7357, #7828, #4334, #3409, #134, #4169, #7786, #1173, #232, #90, #7278, #4822, #1132, #4706, #6584, #6423, #3428, #6524, #5412, #4901, #6480, #5379, #4256, #6896, #830, #472, #1552, #7235, #957, #4058, #7962, #4949, #3256, #5273, #851, #7889, #6775, #3762, #2210, #3957, #1094, #1567, #592, #7807, #4521, #435, #1529, #3078, #7156, #1974, #1018, #3386, #3033, #4586, #1316, #3491, #7743, #7399, #7866, #1866, #309, #2057, #1706, #2188, #6861, #5900, #5143, #6685, #2143, #3687, #2749, #2600, #1623, #7314, #5863, #2250, #7256, #1586, #5492, #5612, #3301, #294, #7472, #2282, #1790, #3219, #4606, #6460, #3604, #4077, #3112, #2164, #7056, #2952, #4036, #5572, #1509, #4483, #3518, #5884, #5535, #7118, #3829, #5979 ) ) ;
#6972 = AXIS2_PLACEMENT_3D ( 'NONE', #6546, #2800, #7187 ) ;
#6973 = CARTESIAN_POINT ( 'NONE',  ( -0.04885385199811600300, 0.09500000000000001500, -0.0007016455349879355500 ) ) ;
#6974 = DIRECTION ( 'NONE',  ( 0.0000000000000000000, -1.000000000000000000, 0.0000000000000000000 ) ) ;
#6975 = CARTESIAN_POINT ( 'NONE',  ( -0.02953084743426301700, 0.09499999999999997300, 0.03199181101734423200 ) ) ;
#6976 = DIRECTION ( 'NONE',  ( 0.0000000000000000000, 0.0000000000000000000, 1.000000000000000000 ) ) ;
#6977 = CARTESIAN_POINT ( 'NONE',  ( 0.09777400974995328900, 0.09499999999999998700, 0.08993616380289178000 ) ) ;
#6978 = CARTESIAN_POINT ( 'NONE',  ( -0.04763139720814564500, 0.09999999999999999200, 0.1640063509461092400 ) ) ;
#6979 =( BOUNDED_CURVE ( )  B_SPLINE_CURVE ( 3, ( #6304, #5056, #5686, #1930 ),
 .UNSPECIFIED., .F., .F. ) 
 B_SPLINE_CURVE_WITH_KNOTS ( ( 4, 4 ),
 ( 4.712388980384689700, 6.283185307179586200 ),
 .UNSPECIFIED. ) 
 CURVE ( )  GEOMETRIC_REPRESENTATION_ITEM ( )  RATIONAL_B_SPLINE_CURVE ( ( 1.000000000000000000, 0.8047378541243649400, 0.8047378541243649400, 1.000000000000000000 ) ) 
 REPRESENTATION_ITEM ( '' )  );
#6981 = FACE_OUTER_BOUND ( 'NONE', #1344, .T. ) ;
#6980 = CC_DESIGN_PERSON_AND_ORGANIZATION_ASSIGNMENT ( #7122, #7880, ( #5300 ) ) ;
#6982 = CARTESIAN_POINT ( 'NONE',  ( 1.652952643928722400E-016, 0.2974905748952536000, -1.349738263374854500 ) ) ;
#6983 = ORIENTED_EDGE ( 'NONE', *, *, #916, .F. ) ;
#6984 = DIRECTION ( 'NONE',  ( 0.0000000000000000000, 0.0000000000000000000, 1.000000000000000000 ) ) ;
#6985 = CARTESIAN_POINT ( 'NONE',  ( -0.009762168587832227200, 0.09749999999999996200, -0.03890078300676815000 ) ) ;
#6986 = DIRECTION ( 'NONE',  ( 0.8660254037844338200, 0.0000000000000000000, 0.5000000000000083300 ) ) ;
#6987 = AXIS2_PLACEMENT_3D ( 'NONE', #4857, #3014, #5497 ) ;
#6988 = CARTESIAN_POINT ( 'NONE',  ( -0.09490986035411454200, 0.09497276369728320500, 0.07211707427990385300 ) ) ;
#6989 = DIRECTION ( 'NONE',  ( -0.0000000000000000000, 1.000000000000000000, -0.0000000000000000000 ) ) ;
#6990 = VERTEX_POINT ( 'NONE', #6407 ) ;
#6991 = ORIENTED_EDGE ( 'NONE', *, *, #1669, .F. ) ;
#6992 = ORIENTED_EDGE ( 'NONE', *, *, #4465, .T. ) ;
#6993 = DIRECTION ( 'NONE',  ( 0.0000000000000000000, 0.0000000000000000000, -1.000000000000000000 ) ) ;
#6994 = EDGE_CURVE ( 'NONE', #7849, #2690, #4551, .T. ) ;
#6995 = CARTESIAN_POINT ( 'NONE',  ( 2.148448323436983800E-016, 4.094653923129069300, -1.754341190401034200 ) ) ;
#6996 = CARTESIAN_POINT ( 'NONE',  ( 0.0000000000000000000, 1.469344986626658600, 0.0000000000000000000 ) ) ;
#6997 = CIRCLE ( 'NONE', #2293, 0.004999999999999997500 ) ;
#6998 = CARTESIAN_POINT ( 'NONE',  ( 0.01455208906386936200, 0.09499999999999997300, -0.001344013312341522700 ) ) ;
#6999 = CIRCLE ( 'NONE', #4389, 0.004999999999999997500 ) ;
#7000 = AXIS2_PLACEMENT_3D ( 'NONE', #2582, #3844, #2635 ) ;
#7001 = APPROVAL_DATE_TIME ( #514, #510 ) ;
#7002 = EDGE_LOOP ( 'NONE', ( #993, #5062, #4425, #4305 ) ) ;
#7003 = CARTESIAN_POINT ( 'NONE',  ( 0.003881312232288896900, 0.09987746724818445700, 0.07851636309745575700 ) ) ;
#7004 = FACE_OUTER_BOUND ( 'NONE', #7627, .T. ) ;
#7005 = VERTEX_POINT ( 'NONE', #2646 ) ;
#7006 = CARTESIAN_POINT ( 'NONE',  ( 0.0000000000000000000, 4.125451961564676800, 0.0000000000000000000 ) ) ;
#7007 = EDGE_CURVE ( 'NONE', #990, #5664, #47, .T. ) ;
#7008 = CARTESIAN_POINT ( 'NONE',  ( -0.02614301511516619100, 0.09500000000000001500, -0.02642289057495416900 ) ) ;
#7009 = ORIENTED_EDGE ( 'NONE', *, *, #7105, .T. ) ;
#7010 = VECTOR ( 'NONE', #3213, 39.37007874015748100 ) ;
#7011 = DIRECTION ( 'NONE',  ( -0.0000000000000000000, 1.000000000000000000, -0.0000000000000000000 ) ) ;
#7012 = ORIENTED_EDGE ( 'NONE', *, *, #5780, .T. ) ;
#7013 = ORIENTED_EDGE ( 'NONE', *, *, #3439, .T. ) ;
#7014 = ADVANCED_FACE ( 'NONE', ( #1715 ), #6523, .F. ) ;
#7015 = EDGE_CURVE ( 'NONE', #2477, #4595, #8001, .T. ) ;
#7016 = CARTESIAN_POINT ( 'NONE',  ( 0.01804464102346342600, 0.09500000000000004300, 0.02298285404504114500 ) ) ;
#7017 = CARTESIAN_POINT ( 'NONE',  ( 0.0000000000000000000, 4.750000000000000000, 0.0000000000000000000 ) ) ;
#7018 = DIRECTION ( 'NONE',  ( 0.4853627795187426800, -0.0000000000000000000, -0.8743128571957753400 ) ) ;
#7019 = CIRCLE ( 'NONE', #2657, 0.03125000000000011100 ) ;
#7020 = CARTESIAN_POINT ( 'NONE',  ( 0.0000000000000000000, 1.500297493313020900, 0.0000000000000000000 ) ) ;
#7021 = CARTESIAN_POINT ( 'NONE',  ( -0.01272208231587433100, 0.09750000000000003100, -0.05178368866957437600 ) ) ;
#7022 = FACE_OUTER_BOUND ( 'NONE', #2854, .T. ) ;
#7023 = CARTESIAN_POINT ( 'NONE',  ( 0.007934596977433013400, 0.09499999999999995900, 0.01046632584343270200 ) ) ;
#7024 = DIRECTION ( 'NONE',  ( 0.0000000000000000000, 0.0000000000000000000, -1.000000000000000000 ) ) ;
#7025 = CARTESIAN_POINT ( 'NONE',  ( 0.08333452520395423500, 0.08999999999999999700, 0.07216671926823140000 ) ) ;
#7026 = TOROIDAL_SURFACE ( 'NONE', #31, 1.806250000000000400, 0.03125000000000000000 ) ;
#7027 = DIRECTION ( 'NONE',  ( 0.0000000000000000000, 0.0000000000000000000, 1.000000000000000000 ) ) ;
#7028 = CARTESIAN_POINT ( 'NONE',  ( -0.09058012701892294300, 0.09499999999999998700, 0.06961696879329319600 ) ) ;
#7029 = FACE_OUTER_BOUND ( 'NONE', #3702, .T. ) ;
#7030 = AXIS2_PLACEMENT_3D ( 'NONE', #2116, #6497, #2751 ) ;
#7031 = CARTESIAN_POINT ( 'NONE',  ( 0.007934596977433013400, 0.09749999999999996200, 0.01046632584343270200 ) ) ;
#7032 = DIRECTION ( 'NONE',  ( 0.0000000000000000000, 0.0000000000000000000, 1.000000000000000000 ) ) ;
#7033 = CARTESIAN_POINT ( 'NONE',  ( 0.02899999769724551100, 0.09499999999999998700, -0.1296428581747729500 ) ) ;
#7034 = CARTESIAN_POINT ( 'NONE',  ( 0.02322796827849013200, 0.09500000000000001500, 0.07381506681144521500 ) ) ;
#7035 = LINE ( 'NONE', #6101, #6834 ) ;
#7036 = CIRCLE ( 'NONE', #1986, 1.436710480930217400 ) ;
#7037 = CARTESIAN_POINT ( 'NONE',  ( 0.08816831862132414000, 0.09999999999999999200, 0.08793647909978548300 ) ) ;
#7038 = CARTESIAN_POINT ( 'NONE',  ( 0.02499999769724530600, 0.08999999999999999700, -0.08686349277133652300 ) ) ;
#7039 = AXIS2_PLACEMENT_3D ( 'NONE', #6832, #3077, #7461 ) ;
#7040 = DIRECTION ( 'NONE',  ( -1.000000000000000000, -0.0000000000000000000, -3.414809992080330700E-015 ) ) ;
#7041 = ORIENTED_EDGE ( 'NONE', *, *, #4827, .T. ) ;
#7042 = CARTESIAN_POINT ( 'NONE',  ( 0.03094118617535881000, 0.09750000000000003100, 0.008386655655651565800 ) ) ;
#7043 = CIRCLE ( 'NONE', #1615, 0.04499999999999999800 ) ;
#7044 = CARTESIAN_POINT ( 'NONE',  ( 0.02899999769724531300, 0.09499999999999998700, -0.08686349277133650900 ) ) ;
#7045 = ORIENTED_EDGE ( 'NONE', *, *, #210, .T. ) ;
#7046 = CARTESIAN_POINT ( 'NONE',  ( 0.06644189085526315500, 0.08999999999999998300, 0.07060979394575889200 ) ) ;
#7047 = CARTESIAN_POINT ( 'NONE',  ( -0.03343600770731847800, 0.09499999999999998700, -0.04443654239734817800 ) ) ;
#7048 = DIRECTION ( 'NONE',  ( -0.0000000000000000000, 1.000000000000000000, -0.0000000000000000000 ) ) ;
#7049 = CARTESIAN_POINT ( 'NONE',  ( -0.02644395931868124400, 0.09749999999999998900, 0.02141836067865392200 ) ) ;
#7050 = AXIS2_PLACEMENT_3D ( 'NONE', #4291, #544, #4917 ) ;
#7051 = CARTESIAN_POINT ( 'NONE',  ( 0.0000000000000000000, 0.2523140909808909700, 0.0000000000000000000 ) ) ;
#7052 = EDGE_LOOP ( 'NONE', ( #3272, #6679, #955, #306 ) ) ;
#7053 = ORIENTED_EDGE ( 'NONE', *, *, #3111, .T. ) ;
#7054 = DIRECTION ( 'NONE',  ( 0.0000000000000000000, 0.0000000000000000000, 1.000000000000000000 ) ) ;
#7055 = CARTESIAN_POINT ( 'NONE',  ( 0.02899999769724551100, 0.09999999999999999200, -0.1356428581747729500 ) ) ;
#7056 = ADVANCED_FACE ( 'NONE', ( #4655 ), #3107, .F. ) ;
#7057 = CARTESIAN_POINT ( 'NONE',  ( -0.005973115808823432900, 0.09499999999999998700, 0.01433823529411764500 ) ) ;
#7058 = EDGE_LOOP ( 'NONE', ( #2117, #3372, #2385, #6930 ) ) ;
#7059 = CARTESIAN_POINT ( 'NONE',  ( 7.603658804117784400E-017, 0.06874999999999997800, 0.6208858594503941000 ) ) ;
#7060 = EDGE_CURVE ( 'NONE', #7891, #4232, #7806, .T. ) ;
#7061 = CIRCLE ( 'NONE', #1675, 0.005000000000000002700 ) ;
#7062 = CARTESIAN_POINT ( 'NONE',  ( 0.02784539790391579000, 0.09750000000000001700, 0.06990533004600990600 ) ) ;
#7063 = EDGE_CURVE ( 'NONE', #558, #2533, #1314, .T. ) ;
#7064 = DIRECTION ( 'NONE',  ( -1.224646799147355400E-016, 0.0000000000000000000, -1.000000000000000000 ) ) ;
#7065 = DIRECTION ( 'NONE',  ( -0.5000000000000083300, 0.0000000000000000000, 0.8660254037844338200 ) ) ;
#7066 = VERTEX_POINT ( 'NONE', #7702 ) ;
#7067 = CARTESIAN_POINT ( 'NONE',  ( -0.008960248161764612600, 0.09750000000000000300, -0.05183823529411765700 ) ) ;
#7068 = CARTESIAN_POINT ( 'NONE',  ( 2.273250620917274400E-016, 4.470012756430420200, -1.856250000000000200 ) ) ;
#7069 = CARTESIAN_POINT ( 'NONE',  ( -0.08972599025004590600, 0.09499999999999998700, 0.01831701167016399500 ) ) ;
#7070 = EDGE_LOOP ( 'NONE', ( #7389, #2038, #1082, #6641 ) ) ;
#7071 = DIRECTION ( 'NONE',  ( 1.000000000000000000, -0.0000000000000000000, 4.440892098500624600E-015 ) ) ;
#7072 = ORIENTED_EDGE ( 'NONE', *, *, #7074, .T. ) ;
#7073 = CARTESIAN_POINT ( 'NONE',  ( -0.04354998096607890600, 0.09750000000000001700, -0.02999525142625879600 ) ) ;
#7074 = EDGE_CURVE ( 'NONE', #2585, #2238, #1643, .T. ) ;
#7075 = CARTESIAN_POINT ( 'NONE',  ( 0.02553538602941185900, 0.09750000000000000300, 0.05960477941176470200 ) ) ;
#7076 = CARTESIAN_POINT ( 'NONE',  ( -0.003543658935322833000, 0.09499999999999998700, 0.02718140887206269700 ) ) ;
#7077 = ORIENTED_EDGE ( 'NONE', *, *, #542, .T. ) ;
#7078 = DIRECTION ( 'NONE',  ( 0.4999999999999918400, 0.0000000000000000000, 0.8660254037844433700 ) ) ;
#7079 =( BOUNDED_CURVE ( )  B_SPLINE_CURVE ( 3, ( #4101, #3480, #7243, #4727 ),
 .UNSPECIFIED., .F., .F. ) 
 B_SPLINE_CURVE_WITH_KNOTS ( ( 4, 4 ),
 ( 1.570796326794896600, 3.141592653589793100 ),
 .UNSPECIFIED. ) 
 CURVE ( )  GEOMETRIC_REPRESENTATION_ITEM ( )  RATIONAL_B_SPLINE_CURVE ( ( 1.000000000000000000, 0.8047378541243649400, 0.8047378541243649400, 1.000000000000000000 ) ) 
 REPRESENTATION_ITEM ( '' )  );
#7080 = DIRECTION ( 'NONE',  ( 0.0000000000000000000, -0.0000000000000000000, -1.000000000000000000 ) ) ;
#7081 = CARTESIAN_POINT ( 'NONE',  ( 0.03073976804250019500, 0.09999999999999999200, 0.06419911855435557500 ) ) ;
#7082 = CIRCLE ( 'NONE', #355, 0.6330180021895743800 ) ;
#7083 = CARTESIAN_POINT ( 'NONE',  ( -0.004049071070785953900, 0.09750000000000003100, -0.03883171019369585600 ) ) ;
#7084 = CARTESIAN_POINT ( 'NONE',  ( -0.02309032321382516900, 0.09999999999999999200, 0.02307755350547909300 ) ) ;
#7085 = AXIS2_PLACEMENT_3D ( 'NONE', #119, #4498, #746 ) ;
#7086 = DIRECTION ( 'NONE',  ( -0.0000000000000000000, 1.000000000000000000, -0.0000000000000000000 ) ) ;
#7087 = CARTESIAN_POINT ( 'NONE',  ( 2.234980408443919700E-016, 0.0000000000000000000, -1.825000000000000000 ) ) ;
#7088 = FACE_OUTER_BOUND ( 'NONE', #4143, .T. ) ;
#7089 = ORIENTED_EDGE ( 'NONE', *, *, #7419, .T. ) ;
#7090 = CARTESIAN_POINT ( 'NONE',  ( -0.02729735815321856000, 0.09499999999999997300, -0.02316318537086673200 ) ) ;
#7091 = CARTESIAN_POINT ( 'NONE',  ( -0.01513399205415392000, 0.09750000000000003100, 0.05837624446982417300 ) ) ;
#7092 = DIRECTION ( 'NONE',  ( 0.0000000000000000000, 0.0000000000000000000, 1.000000000000000000 ) ) ;
#7093 = ADVANCED_FACE ( 'NONE', ( #1520 ), #2807, .F. ) ;
#7094 = DIMENSIONAL_EXPONENTS ( 1.000000000000000000, 0.0000000000000000000, 0.0000000000000000000, 0.0000000000000000000, 0.0000000000000000000, 0.0000000000000000000, 0.0000000000000000000 ) ;
#7095 = DIRECTION ( 'NONE',  ( 0.0000000000000000000, -1.000000000000000000, 0.0000000000000000000 ) ) ;
#7096 = FACE_OUTER_BOUND ( 'NONE', #7002, .T. ) ;
#7097 = CARTESIAN_POINT ( 'NONE',  ( -0.09272599025004590900, 0.09499999999999998700, 0.01312085924745736200 ) ) ;
#7098 = ORIENTED_EDGE ( 'NONE', *, *, #786, .F. ) ;
#7099 = ORIENTED_EDGE ( 'NONE', *, *, #314, .T. ) ;
#7100 =( BOUNDED_CURVE ( )  B_SPLINE_CURVE ( 3, ( #4899, #529, #5544, #1788 ),
 .UNSPECIFIED., .F., .F. ) 
 B_SPLINE_CURVE_WITH_KNOTS ( ( 4, 4 ),
 ( 3.141592653589796200, 4.712388980384689700 ),
 .UNSPECIFIED. ) 
 CURVE ( )  GEOMETRIC_REPRESENTATION_ITEM ( )  RATIONAL_B_SPLINE_CURVE ( ( 1.000000000000000000, 0.8047378541243658300, 0.8047378541243658300, 1.000000000000000000 ) ) 
 REPRESENTATION_ITEM ( '' )  );
#7101 = AXIS2_PLACEMENT_3D ( 'NONE', #7524, #4354, #3127 ) ;
#7102 = CARTESIAN_POINT ( 'NONE',  ( -0.02951574293284688800, 0.09749999999999998900, 0.006685894129927242100 ) ) ;
#7103 = CARTESIAN_POINT ( 'NONE',  ( -0.04897058823529402300, 0.09499999999999998700, 0.007904411764705876800 ) ) ;
#7104 = CIRCLE ( 'NONE', #8077, 1.665328583257316400 ) ;
#7105 = EDGE_CURVE ( 'NONE', #4155, #2660, #6134, .T. ) ;
#7106 = CARTESIAN_POINT ( 'NONE',  ( -0.006348444049656396100, 0.09999999999999999200, -0.05427570603002764000 ) ) ;
#7107 = FACE_OUTER_BOUND ( 'NONE', #7363, .T. ) ;
#7108 = DIRECTION ( 'NONE',  ( -1.224646799147355400E-016, 0.0000000000000000000, -1.000000000000000000 ) ) ;
#7109 = CARTESIAN_POINT ( 'NONE',  ( -0.02951574293288234500, 0.09499999999999997300, 0.006685894129902367900 ) ) ;
#7110 = CARTESIAN_POINT ( 'NONE',  ( 0.02723154267312619100, 0.09999999999999954800, 0.06019264391112139800 ) ) ;
#7111 = ORIENTED_EDGE ( 'NONE', *, *, #6637, .T. ) ;
#7112 = ORIENTED_EDGE ( 'NONE', *, *, #5137, .F. ) ;
#7113 = EDGE_CURVE ( 'NONE', #4626, #5712, #7610, .T. ) ;
#7114 = CARTESIAN_POINT ( 'NONE',  ( -0.006223321788514315900, 0.09749999999999998900, 0.02711724689295632500 ) ) ;
#7115 = CARTESIAN_POINT ( 'NONE',  ( 0.1004004476853531700, 0.09373890141636788400, 0.09260715609647793300 ) ) ;
#7116 = DIRECTION ( 'NONE',  ( -0.5000000000000001100, -0.0000000000000000000, -0.8660254037844384900 ) ) ;
#7117 = CIRCLE ( 'NONE', #1172, 0.05499999999999998600 ) ;
#7118 = ADVANCED_FACE ( 'NONE', ( #5930 ), #182, .F. ) ;
#7119 = VERTEX_POINT ( 'NONE', #1604 ) ;
#7120 = CARTESIAN_POINT ( 'NONE',  ( -0.02869387118385333500, 0.09499999999999998700, 0.03611633826018825800 ) ) ;
#7121 = FACE_BOUND ( 'NONE', #319, .T. ) ;
#7122 = PERSON_AND_ORGANIZATION ( #62, #3099 ) ;
#7123 = EDGE_CURVE ( 'NONE', #3475, #5294, #936, .T. ) ;
#7124 = CARTESIAN_POINT ( 'NONE',  ( -0.08808012701892289900, 0.09499999999999998700, 0.07394709581221535500 ) ) ;
#7125 = CARTESIAN_POINT ( 'NONE',  ( 0.0000000000000000000, 0.0000000000000000000, 0.0000000000000000000 ) ) ;
#7126 = CARTESIAN_POINT ( 'NONE',  ( 0.0000000000000000000, 4.470012756430420200, 0.0000000000000000000 ) ) ;
#7127 = CARTESIAN_POINT ( 'NONE',  ( 0.01110236704861583500, 0.09499999999999998700, 0.02571262390554672800 ) ) ;
#7128 = VECTOR ( 'NONE', #2493, 39.37007874015748100 ) ;
#7129 = DIRECTION ( 'NONE',  ( 0.9998585349462688600, -0.0000000000000000000, 0.01681993148323138200 ) ) ;
#7130 = CIRCLE ( 'NONE', #1840, 0.005000000000000006200 ) ;
#7131 = ORIENTED_EDGE ( 'NONE', *, *, #1540, .T. ) ;
#7132 = CARTESIAN_POINT ( 'NONE',  ( -0.02892989167369381900, 0.09750000000000184900, -0.01753774025166763400 ) ) ;
#7133 = CARTESIAN_POINT ( 'NONE',  ( 0.01806250865739293000, 0.09749999999999998900, -0.04425919873628644100 ) ) ;
#7134 = CARTESIAN_POINT ( 'NONE',  ( -0.01999999999999999000, 0.09499999999999998700, -0.1132531754730548600 ) ) ;
#7135 = ORIENTED_EDGE ( 'NONE', *, *, #2846, .T. ) ;
#7136 = ADVANCED_FACE ( 'NONE', ( #7420 ), #7227, .F. ) ;
#7137 = ORIENTED_EDGE ( 'NONE', *, *, #1736, .F. ) ;
#7138 = CARTESIAN_POINT ( 'NONE',  ( -0.05115856212498239000, 0.09999999999999999200, -0.006513047341875634700 ) ) ;
#7139 = CIRCLE ( 'NONE', #6940, 1.900536165235168900 ) ;
#7140 = CARTESIAN_POINT ( 'NONE',  ( -0.006559013332392361700, 0.1000000000000000100, 0.02960044909520025500 ) ) ;
#7141 = CARTESIAN_POINT ( 'NONE',  ( 0.09721191152210456600, 0.09248190845447344700, 0.08816350410188203400 ) ) ;
#7142 = CARTESIAN_POINT ( 'NONE',  ( 0.007143674701200390300, 0.1000000000000008000, 0.06390869811710511700 ) ) ;
#7143 = CARTESIAN_POINT ( 'NONE',  ( 0.001069044421240887300, 0.09999999999999999200, 0.06354919994059624000 ) ) ;
#7144 = AXIS2_PLACEMENT_3D ( 'NONE', #4035, #280, #4659 ) ;
#7145 = DIRECTION ( 'NONE',  ( -0.0000000000000000000, 1.000000000000000000, -0.0000000000000000000 ) ) ;
#7146 = TOROIDAL_SURFACE ( 'NONE', #211, 1.754341190401034200, 0.03125000000000000000 ) ;
#7147 = EDGE_CURVE ( 'NONE', #3955, #1993, #728, .T. ) ;
#7148 = DIRECTION ( 'NONE',  ( -0.0000000000000000000, 1.000000000000000000, -0.0000000000000000000 ) ) ;
#7149 = CIRCLE ( 'NONE', #2366, 1.376754282839549100 ) ;
#7150 = DIRECTION ( 'NONE',  ( 0.0000000000000000000, 0.0000000000000000000, 1.000000000000000000 ) ) ;
#7151 = ORIENTED_EDGE ( 'NONE', *, *, #5046, .T. ) ;
#7152 = EDGE_CURVE ( 'NONE', #375, #5807, #2403, .T. ) ;
#7153 = EDGE_LOOP ( 'NONE', ( #4133, #5490, #482, #1402 ) ) ;
#7154 = ORIENTED_EDGE ( 'NONE', *, *, #7563, .F. ) ;
#7155 = CARTESIAN_POINT ( 'NONE',  ( 0.03372963296927213700, 0.09499999999999998700, -0.007968574266308901100 ) ) ;
#7156 = ADVANCED_FACE ( 'NONE', ( #2597 ), #2208, .F. ) ;
#7157 = CARTESIAN_POINT ( 'NONE',  ( -0.01606760133291694100, 0.09500000000000001500, 0.01298784762724704500 ) ) ;
#7158 = CARTESIAN_POINT ( 'NONE',  ( -0.01550696358335543900, 0.1000000000000000200, -0.03498590485923341200 ) ) ;
#7159 = AXIS2_PLACEMENT_3D ( 'NONE', #473, #4849, #1106 ) ;
#7160 = CARTESIAN_POINT ( 'NONE',  ( 0.03263318071887544300, 0.09999999999999867300, -0.02036851159862613400 ) ) ;
#7161 = CARTESIAN_POINT ( 'NONE',  ( 0.03367166199713025900, 0.09749999999999998900, -0.004341508549948878100 ) ) ;
#7162 = CARTESIAN_POINT ( 'NONE',  ( 0.01368963836132418800, 0.09987731340942222800, -0.01093064203775803200 ) ) ;
#7163 = CARTESIAN_POINT ( 'NONE',  ( 0.02837718011312603800, 0.09999999999999997800, 0.01783896390553018800 ) ) ;
#7164 = ORIENTED_EDGE ( 'NONE', *, *, #1732, .T. ) ;
#7165 = EDGE_LOOP ( 'NONE', ( #3028, #7275, #5966, #3622 ) ) ;
#7166 = CARTESIAN_POINT ( 'NONE',  ( 0.0000000000000000000, 0.3115346771126377700, -1.361162267041582800 ) ) ;
#7167 = EDGE_CURVE ( 'NONE', #5026, #4626, #3875, .T. ) ;
#7168 = CARTESIAN_POINT ( 'NONE',  ( -0.09073706288124235000, 0.09338892003002501100, 0.01804093026286613500 ) ) ;
#7169 = CARTESIAN_POINT ( 'NONE',  ( 0.01825716594642701200, 0.09999999999999999200, 0.05916859353714313400 ) ) ;
#7170 = DIRECTION ( 'NONE',  ( 0.8660254037844338200, 4.664717198278681400E-015, 0.5000000000000083300 ) ) ;
#7171 = EDGE_LOOP ( 'NONE', ( #2641, #251, #3166, #2185, #6149, #5878, #4970, #5877, #2546, #6611 ) ) ;
#7172 = EDGE_CURVE ( 'NONE', #3130, #7308, #4264, .T. ) ;
#7173 = DIRECTION ( 'NONE',  ( 1.000000000000000000, -0.0000000000000000000, -3.308348408967440500E-016 ) ) ;
#7174 = VERTEX_POINT ( 'NONE', #8052 ) ;
#7175 = DIRECTION ( 'NONE',  ( 0.0000000000000000000, 0.0000000000000000000, -1.000000000000000000 ) ) ;
#7176 = ADVANCED_FACE ( 'NONE', ( #5539 ), #6827, .T. ) ;
#7177 = DIRECTION ( 'NONE',  ( 0.0000000000000000000, -1.000000000000000000, 0.0000000000000000000 ) ) ;
#7178 = CARTESIAN_POINT ( 'NONE',  ( 0.1098574765280031900, 0.09660427275112357100, 0.04593923833153681200 ) ) ;
#7179 = CARTESIAN_POINT ( 'NONE',  ( -0.005972985867057396500, 0.09806331593840389400, 0.01428993399282943300 ) ) ;
#7180 = DIRECTION ( 'NONE',  ( 0.0000000000000000000, 0.0000000000000000000, -1.000000000000000000 ) ) ;
#7181 = CARTESIAN_POINT ( 'NONE',  ( -0.02951574293291780300, 0.09749999999999998900, 0.006685894129877494600 ) ) ;
#7182 = FACE_OUTER_BOUND ( 'NONE', #6875, .T. ) ;
#7183 = CARTESIAN_POINT ( 'NONE',  ( -0.007131428522359145100, 0.09999999999999999200, -0.03897979457981118300 ) ) ;
#7184 = EDGE_LOOP ( 'NONE', ( #2, #1464 ) ) ;
#7185 = CARTESIAN_POINT ( 'NONE',  ( 0.02786376209992618600, 0.09749999999999998900, 0.06125432761776084000 ) ) ;
#7186 = CARTESIAN_POINT ( 'NONE',  ( 0.0000000000000000000, 0.09893518207153306800, -0.6289739546098475100 ) ) ;
#7187 = DIRECTION ( 'NONE',  ( -1.224646799147345100E-016, 0.0000000000000000000, -1.000000000000000000 ) ) ;
#7188 = CARTESIAN_POINT ( 'NONE',  ( -1.263479697069721800E-015, 0.09499999999999998700, 0.1365063509461096900 ) ) ;
#7189 = LINE ( 'NONE', #3227, #5504 ) ;
#7191 = ORIENTED_EDGE ( 'NONE', *, *, #5092, .F. ) ;
#7190 = AXIS2_PLACEMENT_3D ( 'NONE', #226, #2728, #1484 ) ;
#7192 = CARTESIAN_POINT ( 'NONE',  ( -0.1002324962341835100, 0.08999999999999999700, 0.02900174788186523100 ) ) ;
#7193 = EDGE_LOOP ( 'NONE', ( #7053, #1466, #6282, #719 ) ) ;
#7194 = ORIENTED_EDGE ( 'NONE', *, *, #4260, .F. ) ;
#7195 = AXIS2_PLACEMENT_3D ( 'NONE', #5007, #1265, #5650 ) ;
#7196 = DIRECTION ( 'NONE',  ( 0.0000000000000000000, -1.000000000000000000, 0.0000000000000000000 ) ) ;
#7197 = CARTESIAN_POINT ( 'NONE',  ( 0.02584442575130352000, 0.09749999999999998900, 0.05957268082155491700 ) ) ;
#7198 = ADVANCED_FACE ( 'NONE', ( #2004 ), #7026, .F. ) ;
#7199 = TOROIDAL_SURFACE ( 'NONE', #608, 1.754341190401034200, 0.03125000000000000000 ) ;
#7200 = VECTOR ( 'NONE', #1568, 39.37007874015748100 ) ;
#7201 = CARTESIAN_POINT ( 'NONE',  ( -0.01416051786998323000, 0.09749999999999955900, 0.01343852092711696700 ) ) ;
#7202 = APPROVAL_PERSON_ORGANIZATION ( #705, #510, #5384 ) ;
#7203 = EDGE_LOOP ( 'NONE', ( #4640, #5061, #6954, #6553 ) ) ;
#7204 = LINE ( 'NONE', #729, #5333 ) ;
#7205 = ORIENTED_EDGE ( 'NONE', *, *, #3168, .T. ) ;
#7206 = CARTESIAN_POINT ( 'NONE',  ( 0.1124102540378442100, 0.09499999999999998700, 0.04180607966083917100 ) ) ;
#7207 = AXIS2_PLACEMENT_3D ( 'NONE', #7059, #3290, #7679 ) ;
#7208 = CARTESIAN_POINT ( 'NONE',  ( -0.005967103597800333200, 0.09998579864977805200, 0.01210347358993935300 ) ) ;
#7209 = VECTOR ( 'NONE', #2581, 39.37007874015748100 ) ;
#7210 = DIRECTION ( 'NONE',  ( -1.000000000000000000, 0.0000000000000000000, 0.0000000000000000000 ) ) ;
#7211 = ORIENTED_EDGE ( 'NONE', *, *, #6209, .F. ) ;
#7212 = VERTEX_POINT ( 'NONE', #4941 ) ;
#7213 = CARTESIAN_POINT ( 'NONE',  ( -0.05147089833005596300, 0.09999999999999999200, 0.007910317892181021800 ) ) ;
#7214 = EDGE_CURVE ( 'NONE', #5717, #5578, #340, .T. ) ;
#7215 = CARTESIAN_POINT ( 'NONE',  ( -0.008949648046495221900, 0.09997958128528600100, -0.05401975051356779800 ) ) ;
#7216 = TOROIDAL_SURFACE ( 'NONE', #983, 1.793750000000000000, 0.01562500000000000000 ) ;
#7217 = DIRECTION ( 'NONE',  ( -0.0000000000000000000, 1.000000000000000000, -0.0000000000000000000 ) ) ;
#7218 = DIRECTION ( 'NONE',  ( -1.000000000000000000, 0.0000000000000000000, 3.308348408967440500E-016 ) ) ;
#7219 = CARTESIAN_POINT ( 'NONE',  ( 0.0003435093143260906400, 0.09750000000000000300, 0.01382099568693871200 ) ) ;
#7220 = ADVANCED_FACE ( 'NONE', ( #5355 ), #6617, .F. ) ;
#7221 = CIRCLE ( 'NONE', #4828, 1.809375000000000200 ) ;
#7222 = DIRECTION ( 'NONE',  ( 0.0000000000000000000, 0.0000000000000000000, -1.000000000000000000 ) ) ;
#7223 = EDGE_CURVE ( 'NONE', #2884, #924, #144, .T. ) ;
#7224 = CARTESIAN_POINT ( 'NONE',  ( 0.0000000000000000000, 0.2523140909808909700, 0.0000000000000000000 ) ) ;
#7225 = CARTESIAN_POINT ( 'NONE',  ( -0.02165063509461234400, 0.09499999999999998700, 0.1490063509461094800 ) ) ;
#7226 = CARTESIAN_POINT ( 'NONE',  ( -0.04829218051735492700, 0.1000000000000000100, 0.03768319590285542500 ) ) ;
#7227 = CONICAL_SURFACE ( 'NONE', #4801, 1.709407984202033800, 0.06498818447873799800 ) ;
#7228 = CONICAL_SURFACE ( 'NONE', #4600, 1.002249128336624400, 1.308996938995753900 ) ;
#7229 = APPLICATION_PROTOCOL_DEFINITION ( 'international standard', 'config_control_design', 1994, #7853 ) ;
#7230 = LINE ( 'NONE', #4803, #5548 ) ;
#7231 = EDGE_CURVE ( 'NONE', #2334, #4508, #4068, .T. ) ;
#7232 = CIRCLE ( 'NONE', #307, 1.315367299768568600 ) ;
#7233 = DIRECTION ( 'NONE',  ( -0.0000000000000000000, 1.000000000000000000, -0.0000000000000000000 ) ) ;
#7234 = CARTESIAN_POINT ( 'NONE',  ( -0.1199102528864668500, 0.09499999999999998700, 0.02881570059831647200 ) ) ;
#7235 = ADVANCED_FACE ( 'NONE', ( #4944 ), #1613, .T. ) ;
#7236 =( BOUNDED_CURVE ( )  B_SPLINE_CURVE ( 3, ( #23, #5002, #648, #5033 ),
 .UNSPECIFIED., .F., .F. ) 
 B_SPLINE_CURVE_WITH_KNOTS ( ( 4, 4 ),
 ( -3.552713678800500900E-015, 1.570796326794896600 ),
 .UNSPECIFIED. ) 
 CURVE ( )  GEOMETRIC_REPRESENTATION_ITEM ( )  RATIONAL_B_SPLINE_CURVE ( ( 1.000000000000000000, 0.8047378541243641600, 0.8047378541243641600, 1.000000000000000000 ) ) 
 REPRESENTATION_ITEM ( '' )  );
#7237 = ORIENTED_EDGE ( 'NONE', *, *, #3792, .F. ) ;
#7238 = CARTESIAN_POINT ( 'NONE',  ( 0.01499999769724542200, 0.09499999999999998700, -0.1082531754730547800 ) ) ;
#7239 = AXIS2_PLACEMENT_3D ( 'NONE', #6172, #2408, #6804 ) ;
#7240 = CARTESIAN_POINT ( 'NONE',  ( -0.008960013444638955200, 0.09806339908941814900, -0.05188654033314942000 ) ) ;
#7241 = CARTESIAN_POINT ( 'NONE',  ( 0.02799181323418160900, 0.09749999999999993400, 0.01420631043704649400 ) ) ;
#7242 = ORIENTED_EDGE ( 'NONE', *, *, #1274, .F. ) ;
#7243 = CARTESIAN_POINT ( 'NONE',  ( 0.09691987298107762600, 0.09792893218813450400, 0.03863620667976130900 ) ) ;
#7244 = AXIS2_PLACEMENT_3D ( 'NONE', #3071, #7454, #3696 ) ;
#7245 = CARTESIAN_POINT ( 'NONE',  ( 2.135477856013197200E-016, 4.156250000000000000, 1.743749999999999900 ) ) ;
#7246 = CIRCLE ( 'NONE', #4304, 0.01562500000000005600 ) ;
#7247 = EDGE_LOOP ( 'NONE', ( #5566, #6712, #3839, #5449 ) ) ;
#7248 = ORIENTED_EDGE ( 'NONE', *, *, #6361, .T. ) ;
#7249 = CARTESIAN_POINT ( 'NONE',  ( 0.0000000000000000000, 4.125000000000000000, 0.0000000000000000000 ) ) ;
#7250 = CARTESIAN_POINT ( 'NONE',  ( 0.03207106550911083300, 0.09999999999999999200, -0.09618210766118923100 ) ) ;
#7251 = ORIENTED_EDGE ( 'NONE', *, *, #7689, .F. ) ;
#7252 = CARTESIAN_POINT ( 'NONE',  ( -0.02242287478353713300, 0.09999999999999997800, -0.02930271748987087900 ) ) ;
#7253 = VECTOR ( 'NONE', #7749, 39.37007874015748100 ) ;
#7254 = AXIS2_PLACEMENT_3D ( 'NONE', #7662, #5159, #5775 ) ;
#7255 = APPROVAL_ROLE ( '' ) ;
#7256 = ADVANCED_FACE ( 'NONE', ( #1814 ), #3886, .T. ) ;
#7257 = ORIENTED_EDGE ( 'NONE', *, *, #3352, .F. ) ;
#7258 = EDGE_LOOP ( 'NONE', ( #252, #1395, #3474, #5204 ) ) ;
#7259 = CARTESIAN_POINT ( 'NONE',  ( -0.02811636983858226100, 0.09999999999999999200, 0.02338017803003767900 ) ) ;
#7260 = EDGE_CURVE ( 'NONE', #3432, #1305, #8096, .T. ) ;
#7261 = DIRECTION ( 'NONE',  ( 0.0000000000000000000, -1.000000000000000000, 0.0000000000000000000 ) ) ;
#7262 = DIRECTION ( 'NONE',  ( 0.0000000000000000000, 0.0000000000000000000, 1.000000000000000000 ) ) ;
#7263 = CARTESIAN_POINT ( 'NONE',  ( 0.0000000000000000000, 0.03396325277604581000, -1.353145321372246600 ) ) ;
#7264 = ORIENTED_EDGE ( 'NONE', *, *, #6512, .F. ) ;
#7265 = EDGE_CURVE ( 'NONE', #2845, #1277, #3680, .T. ) ;
#7266 = AXIS2_PLACEMENT_3D ( 'NONE', #3640, #8032, #4265 ) ;
#7267 = ORIENTED_EDGE ( 'NONE', *, *, #594, .T. ) ;
#7268 = DIRECTION ( 'NONE',  ( -1.224646799147345100E-016, 0.0000000000000000000, -1.000000000000000000 ) ) ;
#7269 = CARTESIAN_POINT ( 'NONE',  ( -0.08191987298107845900, 0.09499999999999998700, 0.06461696879329324700 ) ) ;
#7270 = DIRECTION ( 'NONE',  ( 0.9998585349462689700, 0.0000000000000000000, 0.01681993148323138200 ) ) ;
#7271 = CARTESIAN_POINT ( 'NONE',  ( 0.004999999999999895200, 0.09499999999999998700, 0.008660254037844383100 ) ) ;
#7272 = CARTESIAN_POINT ( 'NONE',  ( 0.02784539790391579000, 0.09500000000000001500, 0.06990533004600990600 ) ) ;
#7273 = DIRECTION ( 'NONE',  ( 0.0000000000000000000, 0.0000000000000000000, -1.000000000000000000 ) ) ;
#7274 = EDGE_CURVE ( 'NONE', #5763, #1449, #6421, .T. ) ;
#7275 = ORIENTED_EDGE ( 'NONE', *, *, #6269, .F. ) ;
#7276 = CARTESIAN_POINT ( 'NONE',  ( 0.01499999769724542400, 0.09792893218813450400, -0.1082531754730547800 ) ) ;
#7277 = CARTESIAN_POINT ( 'NONE',  ( 0.003333798427160388000, 0.09832736157753589600, 0.06382968162136275200 ) ) ;
#7278 = ADVANCED_FACE ( 'NONE', ( #5139 ), #5047, .T. ) ;
#7279 = EDGE_CURVE ( 'NONE', #6990, #6394, #1414, .T. ) ;
#7280 = CIRCLE ( 'NONE', #5974, 1.859375000000000700 ) ;
#7281 = DIRECTION ( 'NONE',  ( 0.0000000000000000000, 0.0000000000000000000, 1.000000000000000000 ) ) ;
#7282 = FACE_OUTER_BOUND ( 'NONE', #3486, .T. ) ;
#7283 = EDGE_LOOP ( 'NONE', ( #184, #2332, #6757, #6213 ) ) ;
#7284 = DIRECTION ( 'NONE',  ( 0.0000000000000000000, -1.000000000000000000, 0.0000000000000000000 ) ) ;
#7285 = ORIENTED_EDGE ( 'NONE', *, *, #52, .T. ) ;
#7286 = CARTESIAN_POINT ( 'NONE',  ( -0.02476454089706008100, 0.09749999999999996200, 0.04684591458875579000 ) ) ;
#7287 = CARTESIAN_POINT ( 'NONE',  ( -0.1182179676972449400, 0.09499999999999998700, -0.1032531754730548200 ) ) ;
#7288 = CARTESIAN_POINT ( 'NONE',  ( -0.09022599025004583700, 0.09207106781186545600, 0.01745098626637948600 ) ) ;
#7289 = AXIS2_PLACEMENT_3D ( 'NONE', #2022, #3291, #7680 ) ;
#7290 = CARTESIAN_POINT ( 'NONE',  ( 0.03625031421966173200, 0.09999999999999999200, -0.009242559267797868100 ) ) ;
#7291 = CARTESIAN_POINT ( 'NONE',  ( 0.08745763082957196100, 0.1000000000000000100, 0.06502529083968858200 ) ) ;
#7292 = FACE_OUTER_BOUND ( 'NONE', #1801, .T. ) ;
#7293 = CARTESIAN_POINT ( 'NONE',  ( 0.01494584762774058200, 0.09750000000000032300, -0.01723076487946648500 ) ) ;
#7294 = EDGE_LOOP ( 'NONE', ( #5320, #6922, #804, #2153 ) ) ;
#7295 = ORIENTED_EDGE ( 'NONE', *, *, #360, .F. ) ;
#7296 = CARTESIAN_POINT ( 'NONE',  ( 2.296212748401288000E-016, 4.531250000000000000, -1.875000000000000700 ) ) ;
#7297 = DIRECTION ( 'NONE',  ( 0.01681993148322310700, 0.0000000000000000000, 0.9998585349462692000 ) ) ;
#7298 = FACE_OUTER_BOUND ( 'NONE', #6434, .T. ) ;
#7299 = CARTESIAN_POINT ( 'NONE',  ( 0.003346802424710869600, 0.09999403985047865300, 0.06166922188524370100 ) ) ;
#7300 = DIRECTION ( 'NONE',  ( -0.8743128571957800000, 0.0000000000000000000, 0.4853627795187345200 ) ) ;
#7301 = TOROIDAL_SURFACE ( 'NONE', #2237, 1.856250000000000200, 0.03125000000000000000 ) ;
#7302 = EDGE_CURVE ( 'NONE', #3475, #6445, #3097, .T. ) ;
#7303 = ORIENTED_EDGE ( 'NONE', *, *, #2330, .T. ) ;
#7304 = EDGE_LOOP ( 'NONE', ( #1542, #1918, #5666, #687 ) ) ;
#7305 = VERTEX_POINT ( 'NONE', #6982 ) ;
#7306 = CARTESIAN_POINT ( 'NONE',  ( 0.006400710153071084000, 0.1000000000000000100, -0.03090032536086511500 ) ) ;
#7307 = TOROIDAL_SURFACE ( 'NONE', #747, 1.002319221306503700, 0.03125000000000000000 ) ;
#7308 = VERTEX_POINT ( 'NONE', #3221 ) ;
#7310 = AXIS2_PLACEMENT_3D ( 'NONE', #3912, #7699, #2013 ) ;
#7309 = CARTESIAN_POINT ( 'NONE',  ( -0.006487958341564035100, 0.09749999999999996200, -0.03894766212676068600 ) ) ;
#7311 = CARTESIAN_POINT ( 'NONE',  ( -0.008601051177907841400, 0.09999999999999999200, 0.06206419522744360800 ) ) ;
#7312 = CARTESIAN_POINT ( 'NONE',  ( 0.02545187901634187200, 0.09999999999999999200, 0.05710000401715843000 ) ) ;
#7313 = LINE ( 'NONE', #884, #2300 ) ;
#7314 = ADVANCED_FACE ( 'NONE', ( #4548 ), #1359, .T. ) ;
#7315 = DIRECTION ( 'NONE',  ( 0.0000000000000000000, 0.0000000000000000000, 1.000000000000000000 ) ) ;
#7316 = LOCAL_TIME ( 10, 53, 52.00000000000000000, #829 ) ;
#7317 = CARTESIAN_POINT ( 'NONE',  ( -0.005937604621225526700, 0.09999999999999997800, -0.05426575477095939300 ) ) ;
#7318 = CARTESIAN_POINT ( 'NONE',  ( -0.003348184329694066000, 0.09999999999999999200, 0.01177846277849959800 ) ) ;
#7319 = EDGE_CURVE ( 'NONE', #7770, #2419, #1225, .T. ) ;
#7320 = CARTESIAN_POINT ( 'NONE',  ( 0.01195446155808257500, 0.09999999999999829900, -0.02686027548069126700 ) ) ;
#7321 = CARTESIAN_POINT ( 'NONE',  ( 0.0000000000000000000, 0.2523140909808909700, 0.0000000000000000000 ) ) ;
#7322 = CARTESIAN_POINT ( 'NONE',  ( -0.01260993488790868700, 0.09946113292395675200, -0.1180333056972370200 ) ) ;
#7323 = CARTESIAN_POINT ( 'NONE',  ( 0.0000000000000000000, 4.094653923129069300, 1.754341190401034200 ) ) ;
#7324 = LINE ( 'NONE', #4976, #2304 ) ;
#7325 = CARTESIAN_POINT ( 'NONE',  ( 0.003332950367647150900, 0.09750000000000000300, 0.06397058823529411200 ) ) ;
#7326 = CYLINDRICAL_SURFACE ( 'NONE', #2255, 0.005000000000000006200 ) ;
#7327 = EDGE_CURVE ( 'NONE', #7581, #431, #7703, .T. ) ;
#7328 = CARTESIAN_POINT ( 'NONE',  ( -0.04881739117004572200, 0.09999999999999999200, 0.01585061537810494900 ) ) ;
#7329 = ORIENTED_EDGE ( 'NONE', *, *, #2756, .F. ) ;
#7330 = B_SPLINE_CURVE_WITH_KNOTS ( 'NONE', 3,
 ( #5090, #3834, #81, #5723, #1964, #6358, #2604, #7003, #3234, #7631, #3870, #104, #4486, #734, #5117, #1363, #5745, #1997, #6387 ),
 .UNSPECIFIED., .F., .F.,
 ( 4, 3, 3, 3, 3, 3, 4 ),
 ( -8.339506257444312500E-006, 0.0000000000000000000, 5.719073574546021200E-006, 2.732784148827084000E-005, 4.893311619554390300E-005, 7.053676870491073700E-005, 9.214052324383010900E-005 ),
 .UNSPECIFIED. ) ;
#7331 = CARTESIAN_POINT ( 'NONE',  ( 0.0000000000000000000, 0.09893518207153306800, 0.0000000000000000000 ) ) ;
#7332 = CARTESIAN_POINT ( 'NONE',  ( -0.04697233921550787000, 0.09750000000000003100, 0.03219381504889321600 ) ) ;
#7333 = CARTESIAN_POINT ( 'NONE',  ( 0.02974462752507600600, 0.09338892003002501100, -0.08760106665137489000 ) ) ;
#7334 = ORIENTED_EDGE ( 'NONE', *, *, #2575, .F. ) ;
#7335 = EDGE_LOOP ( 'NONE', ( #4525, #4512, #553, #8084 ) ) ;
#7336 = FACE_OUTER_BOUND ( 'NONE', #3921, .T. ) ;
#7337 = CARTESIAN_POINT ( 'NONE',  ( 0.0000000000000000000, 4.470012756430420200, 0.0000000000000000000 ) ) ;
#7338 = EDGE_CURVE ( 'NONE', #3841, #5016, #2898, .T. ) ;
#7339 = CARTESIAN_POINT ( 'NONE',  ( 0.008399149229159588700, 0.09500000000000002900, -0.03212620899251901500 ) ) ;
#7340 = CARTESIAN_POINT ( 'NONE',  ( 0.003736464447504562600, 0.09999999999999999200, 0.06148096933769075400 ) ) ;
#7341 = DIRECTION ( 'NONE',  ( -0.4999999999999922300, 0.0000000000000000000, -0.8660254037844431500 ) ) ;
#7342 = DIRECTION ( 'NONE',  ( 0.0000000000000000000, -1.000000000000000000, 0.0000000000000000000 ) ) ;
#7343 = CARTESIAN_POINT ( 'NONE',  ( 0.009066761802136270200, 0.09750000000000028100, 0.009580351818596590700 ) ) ;
#7344 = AXIS2_PLACEMENT_3D ( 'NONE', #4261, #1764, #6162 ) ;
#7345 = CARTESIAN_POINT ( 'NONE',  ( -0.0001030934989935158000, 0.09999999999999999200, -0.03524579300242362800 ) ) ;
#7346 = B_SPLINE_CURVE_WITH_KNOTS ( 'NONE', 3,
 ( #5405, #382, #6028, #2273, #6660, #2920, #7306, #3533, #7930, #4161, #407, #4789, #1050, #5436 ),
 .UNSPECIFIED., .F., .F.,
 ( 4, 2, 2, 2, 2, 2, 4 ),
 ( 2.710505431213761100E-020, 0.0001164328842812124800, 0.0002328657685624249300, 0.0004657315371248498500, 0.0006985973056872746700, 0.0008150301899684871300, 0.0009314630742496995900 ),
 .UNSPECIFIED. ) ;
#7347 = LINE ( 'NONE', #1217, #656 ) ;
#7348 = CARTESIAN_POINT ( 'NONE',  ( -0.01500028819609307800, 0.09497276369676965800, -0.1182528872776524700 ) ) ;
#7349 = ORIENTED_EDGE ( 'NONE', *, *, #3993, .F. ) ;
#7350 = ORIENTED_EDGE ( 'NONE', *, *, #7338, .T. ) ;
#7351 = AXIS2_PLACEMENT_3D ( 'NONE', #7908, #4136, #384 ) ;
#7352 = ORIENTED_EDGE ( 'NONE', *, *, #2917, .T. ) ;
#7353 = CARTESIAN_POINT ( 'NONE',  ( 0.02999999769724546000, 0.09500000000000001500, -0.1182531754730547200 ) ) ;
#7354 = CARTESIAN_POINT ( 'NONE',  ( -0.04482550059220694000, 0.09749999999999998900, 0.04084655785776920800 ) ) ;
#7355 = CARTESIAN_POINT ( 'NONE',  ( -0.03448752548737205000, 0.09500000000000001500, 0.06067537470116228500 ) ) ;
#7356 = CARTESIAN_POINT ( 'NONE',  ( 0.02499999769724537200, 0.08999999999999999700, -0.1013047619644636000 ) ) ;
#7357 = ADVANCED_FACE ( 'NONE', ( #4352 ), #7902, .F. ) ;
#7358 = CARTESIAN_POINT ( 'NONE',  ( 0.001115627879337681800, 0.1000000000000000100, 0.01104624693876457600 ) ) ;
#7359 = ORIENTED_EDGE ( 'NONE', *, *, #5473, .T. ) ;
#7360 = CARTESIAN_POINT ( 'NONE',  ( 0.02899999769724531300, 0.09999999999999999200, -0.08686349277133650900 ) ) ;
#7361 = VERTEX_POINT ( 'NONE', #4581 ) ;
#7362 = AXIS2_PLACEMENT_3D ( 'NONE', #7331, #3556, #7954 ) ;
#7363 = EDGE_LOOP ( 'NONE', ( #1065, #5479, #3262, #743 ) ) ;
#7364 = DIRECTION ( 'NONE',  ( 0.0000000000000000000, -1.000000000000000000, 0.0000000000000000000 ) ) ;
#7365 = CARTESIAN_POINT ( 'NONE',  ( -0.03191673652394067000, 0.09499999999999998700, 0.06348832867389876700 ) ) ;
#7366 = CARTESIAN_POINT ( 'NONE',  ( 0.01520577883502932300, 0.09749999999999998900, -0.01613404390130743900 ) ) ;
#7367 = DIRECTION ( 'NONE',  ( -0.0000000000000000000, 1.000000000000000000, -0.0000000000000000000 ) ) ;
#7369 = ORIENTED_EDGE ( 'NONE', *, *, #6470, .T. ) ;
#7368 = ORIENTED_EDGE ( 'NONE', *, *, #225, .T. ) ;
#7370 = EDGE_CURVE ( 'NONE', #8021, #5954, #2693, .T. ) ;
#7371 = DIRECTION ( 'NONE',  ( 0.0000000000000000000, 0.0000000000000000000, 1.000000000000000000 ) ) ;
#7372 = DIRECTION ( 'NONE',  ( 0.4999999999999937300, 0.0000000000000000000, 0.8660254037844424800 ) ) ;
#7373 = CARTESIAN_POINT ( 'NONE',  ( -0.01131267237510970300, 0.09999999999999999200, -0.09587852022327431100 ) ) ;
#7374 = CARTESIAN_POINT ( 'NONE',  ( 0.01520128307932111900, 0.09999999999999874300, -0.005148787449845666900 ) ) ;
#7375 = EDGE_CURVE ( 'NONE', #642, #3624, #1028, .T. ) ;
#7376 = CARTESIAN_POINT ( 'NONE',  ( 0.1485288568297005200, 0.09499999999999998700, -0.05075317547305417000 ) ) ;
#7377 = CARTESIAN_POINT ( 'NONE',  ( 0.02823529411764715000, 0.09749999999999998900, 0.06612477022058822800 ) ) ;
#7378 = FACE_OUTER_BOUND ( 'NONE', #5840, .T. ) ;
#7379 = CARTESIAN_POINT ( 'NONE',  ( -0.02838781223789552100, 0.09999999999999999200, 0.07005326900471119100 ) ) ;
#7380 = ORIENTED_EDGE ( 'NONE', *, *, #59, .F. ) ;
#7381 = CARTESIAN_POINT ( 'NONE',  ( -0.02484886138163712800, 0.1000000000000000100, 0.006905811008732083200 ) ) ;
#7382 = CARTESIAN_POINT ( 'NONE',  ( -0.01504052099490210500, 0.09750000000000003100, 0.07402531919360730300 ) ) ;
#7383 = CARTESIAN_POINT ( 'NONE',  ( -0.01911953920959065200, 0.09750000000000001700, 0.05532195035881756100 ) ) ;
#7384 = AXIS2_PLACEMENT_3D ( 'NONE', #7006, #3237, #7634 ) ;
#7385 = CARTESIAN_POINT ( 'NONE',  ( 0.0000000000000000000, 3.596374438134798600, 0.0000000000000000000 ) ) ;
#7386 = EDGE_CURVE ( 'NONE', #5531, #3708, #4746, .T. ) ;
#7387 = TOROIDAL_SURFACE ( 'NONE', #3931, 0.6208858594503941000, 0.03125000000000000000 ) ;
#7388 = DIRECTION ( 'NONE',  ( 0.0000000000000000000, 0.0000000000000000000, -1.000000000000000000 ) ) ;
#7389 = ORIENTED_EDGE ( 'NONE', *, *, #6791, .F. ) ;
#7390 = ORIENTED_EDGE ( 'NONE', *, *, #4575, .T. ) ;
#7391 = ORIENTED_EDGE ( 'NONE', *, *, #7986, .F. ) ;
#7392 = DIRECTION ( 'NONE',  ( -0.0000000000000000000, 1.000000000000000000, -0.0000000000000000000 ) ) ;
#7393 = CARTESIAN_POINT ( 'NONE',  ( 0.0000000000000000000, 1.529220548491857700, 0.0000000000000000000 ) ) ;
#7394 = LINE ( 'NONE', #3908, #509 ) ;
#7395 = DIRECTION ( 'NONE',  ( -0.0000000000000000000, 1.000000000000000000, -0.0000000000000000000 ) ) ;
#7397 = AXIS2_PLACEMENT_3D ( 'NONE', #4779, #6675, #2930 ) ;
#7396 = CARTESIAN_POINT ( 'NONE',  ( -4.077644469764657500E-017, 0.09499999999999998700, -0.1232531754730548500 ) ) ;
#7398 = CARTESIAN_POINT ( 'NONE',  ( 0.02764580410444807500, 0.09999999999999995000, 0.07056837878767111000 ) ) ;
#7399 = ADVANCED_FACE ( 'NONE', ( #2499 ), #5820, .F. ) ;
#7400 = DIRECTION ( 'NONE',  ( -0.8660254037844339300, 0.0000000000000000000, -0.5000000000000079900 ) ) ;
#7401 = CARTESIAN_POINT ( 'NONE',  ( -0.01999999998002685200, 0.09565461545040945800, -0.09825317547305485700 ) ) ;
#7402 = CARTESIAN_POINT ( 'NONE',  ( 0.1441987298107783600, 0.09499999999999998700, -0.05325317547305417900 ) ) ;
#7403 = CYLINDRICAL_SURFACE ( 'NONE', #4025, 0.004999999999999997500 ) ;
#7404 = VERTEX_POINT ( 'NONE', #5841 ) ;
#7405 = CARTESIAN_POINT ( 'NONE',  ( 0.02624239610221139300, 0.09749999999999994800, 0.07245293070474051500 ) ) ;
#7406 = CIRCLE ( 'NONE', #701, 0.6208858594503941000 ) ;
#7407 = ORIENTED_EDGE ( 'NONE', *, *, #6681, .T. ) ;
#7408 = ORIENTED_EDGE ( 'NONE', *, *, #2154, .T. ) ;
#7409 = SECURITY_CLASSIFICATION ( '', '', #4111 ) ;
#7410 = CARTESIAN_POINT ( 'NONE',  ( -0.003954665007318752800, 0.09999999999999814600, 0.07658826766114436300 ) ) ;
#7411 = ORIENTED_EDGE ( 'NONE', *, *, #1518, .T. ) ;
#7412 = CARTESIAN_POINT ( 'NONE',  ( 0.0000000000000000000, 4.096683374637209800, 1.723157158805102900 ) ) ;
#7413 = CARTESIAN_POINT ( 'NONE',  ( -0.1019198718297002600, 0.08999999999999999700, 0.02997595463616085600 ) ) ;
#7414 = TOROIDAL_SURFACE ( 'NONE', #560, 1.483486528324116100, 0.03125000000000000000 ) ;
#7415 = AXIS2_PLACEMENT_3D ( 'NONE', #1139, #5525, #1766 ) ;
#7416 = DIRECTION ( 'NONE',  ( 0.0000000000000000000, -1.000000000000000000, 0.0000000000000000000 ) ) ;
#7417 = DIRECTION ( 'NONE',  ( -0.0000000000000000000, 1.000000000000000000, -0.0000000000000000000 ) ) ;
#7418 = DIRECTION ( 'NONE',  ( -0.0000000000000000000, 1.000000000000000000, -0.0000000000000000000 ) ) ;
#7419 = EDGE_CURVE ( 'NONE', #3128, #7305, #827, .T. ) ;
#7420 = FACE_OUTER_BOUND ( 'NONE', #4170, .T. ) ;
#7421 = FACE_OUTER_BOUND ( 'NONE', #4115, .T. ) ;
#7422 = CARTESIAN_POINT ( 'NONE',  ( 0.02999999769724549400, 0.09499999999999998700, -0.1332531754730546500 ) ) ;
#7423 = CARTESIAN_POINT ( 'NONE',  ( 0.0000000000000000000, 3.626014725754069800, 1.626868068670313400 ) ) ;
#7424 = CARTESIAN_POINT ( 'NONE',  ( 0.02861333391721502000, 0.09999999999999999200, 0.07367561952861354000 ) ) ;
#7425 = CARTESIAN_POINT ( 'NONE',  ( -0.04897058823529402300, 0.09750000000000000300, 0.007904411764705876800 ) ) ;
#7426 = TOROIDAL_SURFACE ( 'NONE', #4431, 1.843750000000000400, 0.01562500000000000000 ) ;
#7427 = CARTESIAN_POINT ( 'NONE',  ( -0.002035113290029508500, 0.09987747126905058300, 0.02888401229192330600 ) ) ;
#7428 = TOROIDAL_SURFACE ( 'NONE', #6779, 1.909375000000000700, 0.04999999999999996800 ) ;
#7429 = EDGE_CURVE ( 'NONE', #3757, #7404, #5636, .T. ) ;
#7430 = CARTESIAN_POINT ( 'NONE',  ( -0.07758974596215623100, 0.09499999999999998700, 0.06211696879329325200 ) ) ;
#7431 = CARTESIAN_POINT ( 'NONE',  ( 0.03315642902462933400, 0.09499999999999995900, -0.01737404956601009200 ) ) ;
#7432 = EDGE_CURVE ( 'NONE', #3672, #7775, #7313, .T. ) ;
#7433 = ORIENTED_EDGE ( 'NONE', *, *, #488, .T. ) ;
#7434 = DIRECTION ( 'NONE',  ( 0.0000000000000000000, -1.000000000000000000, 0.0000000000000000000 ) ) ;
#7435 = ADVANCED_FACE ( 'NONE', ( #4158, #3968, #628, #7121, #5444 ), #2757, .T. ) ;
#7436 = VERTEX_POINT ( 'NONE', #6534 ) ;
#7437 = DIRECTION ( 'NONE',  ( 0.0000000000000000000, -1.000000000000000000, 0.0000000000000000000 ) ) ;
#7438 = CARTESIAN_POINT ( 'NONE',  ( -0.04897815264984316900, 0.09999999999999999200, 0.008462077375851277300 ) ) ;
#7439 = FACE_OUTER_BOUND ( 'NONE', #5972, .T. ) ;
#7440 = EDGE_LOOP ( 'NONE', ( #5106, #6720, #606, #1953 ) ) ;
#7441 = ORIENTED_EDGE ( 'NONE', *, *, #6805, .T. ) ;
#7442 = AXIS2_PLACEMENT_3D ( 'NONE', #190, #3982, #1453 ) ;
#7443 = CARTESIAN_POINT ( 'NONE',  ( 0.03492472079831688400, 0.09961972727371515300, -0.009242727634349422900 ) ) ;
#7444 = CARTESIAN_POINT ( 'NONE',  ( 0.02996776656885346800, 0.09434550615857317800, -0.1295497664944714500 ) ) ;
#7445 = CARTESIAN_POINT ( 'NONE',  ( -0.05105301007656740800, 0.09996574407803844600, 0.007909330774102971800 ) ) ;
#7446 = CARTESIAN_POINT ( 'NONE',  ( 0.03375663235347558400, 0.09749999999999998900, -0.009657842829332442800 ) ) ;
#7447 = CARTESIAN_POINT ( 'NONE',  ( 0.01867475606840823500, 0.09750000000000060000, 0.07518388941744362500 ) ) ;
#7448 =( BOUNDED_SURFACE ( )  B_SPLINE_SURFACE ( 3, 2, ( 
 ( #4988, #8128, #6243 ),
 ( #5628, #1867, #6266 ),
 ( #2506, #6897, #3132 ),
 ( #7531, #3763, #8 ),
 ( #4386, #635, #5015 ),
 ( #1271, #5655, #1896 ),
 ( #6292, #2531, #6924 ),
 ( #3158, #7555, #3794 ) ),
 .UNSPECIFIED., .F., .F., .F. ) 
 B_SPLINE_SURFACE_WITH_KNOTS ( ( 4, 2, 2, 4 ),
 ( 3, 3 ),
 ( 1.570796326794896600, 2.356194490192344800, 2.748893571891069000, 3.141592653589793100 ),
 ( 0.0000000000000000000, 1.000000000000000000 ),
 .UNSPECIFIED. ) 
 GEOMETRIC_REPRESENTATION_ITEM ( )  RATIONAL_B_SPLINE_SURFACE ( (
 ( 1.000000000000000000, 1.000000000000000000, 1.000000000000000000),
 ( 1.000000000000000000, 1.002675839833338400, 1.000000000000000000),
 ( 1.000000000000000000, 0.9415999000515484800, 1.000000000000000000),
 ( 1.000000000000000000, 0.8282381556508824300, 1.000000000000000000),
 ( 1.000000000000000000, 0.7876781406152249000, 1.000000000000000000),
 ( 1.000000000000000000, 0.7265520990819758200, 1.000000000000000000),
 ( 1.000000000000000000, 0.7066754865711263300, 1.000000000000000000),
 ( 1.000000000000000000, 0.7071067811865453500, 1.000000000000000000) ) ) 
 REPRESENTATION_ITEM ( '' )  SURFACE ( )  );
#7449 = CARTESIAN_POINT ( 'NONE',  ( -0.01587828018740876700, 0.09749999999999998900, -0.05155021843919362100 ) ) ;
#7450 = EDGE_LOOP ( 'NONE', ( #6840, #7890, #5142, #3894 ) ) ;
#7451 = CARTESIAN_POINT ( 'NONE',  ( 0.01536764705882362100, 0.09750000000000000300, -0.01093750000000000300 ) ) ;
#7452 = VERTEX_POINT ( 'NONE', #385 ) ;
#7453 = CARTESIAN_POINT ( 'NONE',  ( 0.02349279633936615700, 0.09750000000000003100, -0.03891282333811150300 ) ) ;
#7454 = DIRECTION ( 'NONE',  ( 1.000000000000000000, 0.0000000000000000000, -1.224646799147353200E-016 ) ) ;
#7455 = AXIS2_PLACEMENT_3D ( 'NONE', #3141, #7540, #3776 ) ;
#7456 = CARTESIAN_POINT ( 'NONE',  ( -0.1304006339432334200, 0.09499999999999997300, 0.04064582761723865800 ) ) ;
#7457 = CARTESIAN_POINT ( 'NONE',  ( -0.09058012701892286000, 0.09499999999999998700, 0.06961696879329315500 ) ) ;
#7458 = ORIENTED_EDGE ( 'NONE', *, *, #3124, .T. ) ;
#7459 = ORIENTED_EDGE ( 'NONE', *, *, #7538, .F. ) ;
#7460 = CARTESIAN_POINT ( 'NONE',  ( -0.007432208284759686400, 0.09993882597633807500, -0.03701954270384186900 ) ) ;
#7461 = DIRECTION ( 'NONE',  ( -1.224646799147345100E-016, 0.0000000000000000000, -1.000000000000000000 ) ) ;
#7462 = CARTESIAN_POINT ( 'NONE',  ( 0.08075961894323326100, 0.09999999999999999200, 0.04662658773652778000 ) ) ;
#7463 = CARTESIAN_POINT ( 'NONE',  ( -0.04923263556602904700, 0.09999999999999999200, -0.02055943770159149700 ) ) ;
#7464 = ORIENTED_EDGE ( 'NONE', *, *, #4935, .T. ) ;
#7465 = CARTESIAN_POINT ( 'NONE',  ( 0.03073520414815537900, 0.09999999999999999200, 0.06614597963746711400 ) ) ;
#7466 = CARTESIAN_POINT ( 'NONE',  ( 0.02837809900465805200, 0.09112599222619027800, -0.1273976065671456000 ) ) ;
#7467 = TOROIDAL_SURFACE ( 'NONE', #6400, 0.006000000000000000100, 0.005000000000000000100 ) ;
#7468 = CARTESIAN_POINT ( 'NONE',  ( -0.04897058823529402300, 0.09777978306990736700, 0.007904411764705876800 ) ) ;
#7469 = CARTESIAN_POINT ( 'NONE',  ( 0.03367417538260934100, 0.09999999999999999200, -0.004498763361576021100 ) ) ;
#7470 = EDGE_CURVE ( 'NONE', #2334, #2863, #6916, .T. ) ;
#7471 = CARTESIAN_POINT ( 'NONE',  ( 0.009154119234616836900, 0.1000000000000012500, 0.07665706486279645600 ) ) ;
#7472 = ADVANCED_FACE ( 'NONE', ( #3771 ), #1374, .T. ) ;
#7473 = DIRECTION ( 'NONE',  ( 1.776356839400249300E-015, 0.0000000000000000000, -1.000000000000000000 ) ) ;
#7474 = ORIENTED_EDGE ( 'NONE', *, *, #4791, .F. ) ;
#7475 = CARTESIAN_POINT ( 'NONE',  ( 0.0000000000000000000, 1.500000000000000200, 0.0000000000000000000 ) ) ;
#7476 = CIRCLE ( 'NONE', #1648, 1.315367299768568600 ) ;
#7477 = EDGE_CURVE ( 'NONE', #448, #580, #3573, .T. ) ;
#7478 = ORIENTED_EDGE ( 'NONE', *, *, #8108, .T. ) ;
#7479 = CARTESIAN_POINT ( 'NONE',  ( 0.09258974596215548100, 0.09499999999999998700, 0.03613620667976130000 ) ) ;
#7480 = ORIENTED_EDGE ( 'NONE', *, *, #8132, .T. ) ;
#7481 = CARTESIAN_POINT ( 'NONE',  ( -0.003751259975673205300, 0.09499999999999995900, -0.05171206436861078300 ) ) ;
#7482 = CARTESIAN_POINT ( 'NONE',  ( -0.1266972067422291500, 0.09434550615857317800, 0.04067589213369909200 ) ) ;
#7483 =( BOUNDED_SURFACE ( )  B_SPLINE_SURFACE ( 3, 2, ( 
 ( #3122, #1809, #620 ),
 ( #5001, #1260, #5641 ),
 ( #1881, #6280, #2521 ),
 ( #6910, #3142, #7543 ),
 ( #3778, #22, #4398 ),
 ( #647, #5031, #1281 ),
 ( #5665, #1907, #6307 ),
 ( #2545, #6941, #3172 ) ),
 .UNSPECIFIED., .F., .F., .F. ) 
 B_SPLINE_SURFACE_WITH_KNOTS ( ( 4, 2, 2, 4 ),
 ( 3, 3 ),
 ( 1.570796326794896600, 2.356194490192344800, 2.748893571891069000, 3.141592653589793100 ),
 ( 0.0000000000000000000, 1.000000000000000000 ),
 .UNSPECIFIED. ) 
 GEOMETRIC_REPRESENTATION_ITEM ( )  RATIONAL_B_SPLINE_SURFACE ( (
 ( 1.000000000000000000, 1.000000000000000000, 1.000000000000000000),
 ( 1.000000000000000000, 1.002675839833335500, 1.000000000000000000),
 ( 1.000000000000000000, 0.9415999000515538100, 1.000000000000000000),
 ( 1.000000000000000000, 0.8282381556508809900, 1.000000000000000000),
 ( 1.000000000000000000, 0.7876781406151952500, 1.000000000000000000),
 ( 1.000000000000000000, 0.7265520990820092400, 1.000000000000000000),
 ( 1.000000000000000000, 0.7066754865711019100, 1.000000000000000000),
 ( 1.000000000000000000, 0.7071067811865477900, 1.000000000000000000) ) ) 
 REPRESENTATION_ITEM ( '' )  SURFACE ( )  );
#7484 = CARTESIAN_POINT ( 'NONE',  ( 0.1074102540378442100, 0.09999999999999999200, 0.05046633369868355800 ) ) ;
#7485 = VECTOR ( 'NONE', #3654, 39.37007874015748100 ) ;
#7486 = ORIENTED_EDGE ( 'NONE', *, *, #4419, .F. ) ;
#7487 = ORIENTED_EDGE ( 'NONE', *, *, #7477, .T. ) ;
#7488 = CARTESIAN_POINT ( 'NONE',  ( -0.07160898269724491600, 0.09499999999999998700, 0.01247595463616086300 ) ) ;
#7489 = EDGE_LOOP ( 'NONE', ( #7542, #3804, #8076, #7237 ) ) ;
#7490 = CARTESIAN_POINT ( 'NONE',  ( 0.02823529411764715000, 0.09749999999999998900, 0.06612477022058822800 ) ) ;
#7492 = EDGE_CURVE ( 'NONE', #2926, #5183, #5236, .T. ) ;
#7491 = CARTESIAN_POINT ( 'NONE',  ( 0.02547951116849226200, 0.09987567809694239400, 0.05792882464265792400 ) ) ;
#7494 = CARTESIAN_POINT ( 'NONE',  ( -0.03146380391936350100, 0.09749999999999996200, -0.04602650114132476200 ) ) ;
#7493 = VECTOR ( 'NONE', #2321, 39.37007874015748100 ) ;
#7495 = VECTOR ( 'NONE', #6000, 39.37007874015748100 ) ;
#7496 = VERTEX_POINT ( 'NONE', #6122 ) ;
#7497 = ORIENTED_EDGE ( 'NONE', *, *, #1073, .T. ) ;
#7498 = ORIENTED_EDGE ( 'NONE', *, *, #852, .F. ) ;
#7500 = AXIS2_PLACEMENT_3D ( 'NONE', #6431, #2674, #7078 ) ;
#7499 = CARTESIAN_POINT ( 'NONE',  ( 0.01123960777086434200, 0.09499999999999998700, -0.02814820890515898700 ) ) ;
#7501 = CARTESIAN_POINT ( 'NONE',  ( 0.03002357569376692300, 0.09999999999999996400, 0.01567768198441282400 ) ) ;
#7502 = DIRECTION ( 'NONE',  ( 0.0000000000000000000, 0.0000000000000000000, 1.000000000000000000 ) ) ;
#7503 = AXIS2_PLACEMENT_3D ( 'NONE', #148, #4524, #774 ) ;
#7504 = CIRCLE ( 'NONE', #6371, 1.361162267041582600 ) ;
#7505 = CARTESIAN_POINT ( 'NONE',  ( 0.02785616576131907900, 0.09500000000000001500, 0.06118073340234491500 ) ) ;
#7506 = CARTESIAN_POINT ( 'NONE',  ( 0.02553538602941185900, 0.09750000000000000300, 0.05960477941176470200 ) ) ;
#7507 = ORIENTED_EDGE ( 'NONE', *, *, #5372, .T. ) ;
#7508 = CARTESIAN_POINT ( 'NONE',  ( -0.006113684878953177900, 0.09749999999999996200, -0.05176928648658047500 ) ) ;
#7509 = CARTESIAN_POINT ( 'NONE',  ( 0.0000000000000000000, 1.500000000000000200, 1.454165443458467000 ) ) ;
#7510 = VECTOR ( 'NONE', #1456, 39.37007874015748900 ) ;
#7511 = CARTESIAN_POINT ( 'NONE',  ( -0.1201007033481906000, 0.09053886747000801400, 0.03745896893233816700 ) ) ;
#7512 = CALENDAR_DATE ( 2013, 28, 11 ) ;
#7513 = CARTESIAN_POINT ( 'NONE',  ( 0.02818787381895823700, 0.09750000000000003100, 0.06325098118441034600 ) ) ;
#7514 = DIRECTION ( 'NONE',  ( 0.4999999999999998900, 0.0000000000000000000, 0.8660254037844387100 ) ) ;
#7515 = ADVANCED_FACE ( 'NONE', ( #237 ), #3385, .F. ) ;
#7516 = AXIS2_PLACEMENT_3D ( 'NONE', #790, #5172, #1420 ) ;
#7517 = CARTESIAN_POINT ( 'NONE',  ( -0.03031088913245678900, 0.08999999999999999700, 0.1540063509461094000 ) ) ;
#7518 = DIRECTION ( 'NONE',  ( -0.9967974752472994500, 0.0000000000000000000, 0.07996745175763343700 ) ) ;
#7519 = CYLINDRICAL_SURFACE ( 'NONE', #1412, 0.004999999999999997500 ) ;
#7520 = CARTESIAN_POINT ( 'NONE',  ( -0.02052890386815799500, 0.09999999999999999200, -0.05060581088517709900 ) ) ;
#7521 = EDGE_CURVE ( 'NONE', #1683, #1955, #5037, .T. ) ;
#7522 = ORIENTED_EDGE ( 'NONE', *, *, #4777, .T. ) ;
#7523 = ORIENTED_EDGE ( 'NONE', *, *, #4840, .T. ) ;
#7524 = CARTESIAN_POINT ( 'NONE',  ( 0.0000000000000000000, 0.0000000000000000000, 0.0000000000000000000 ) ) ;
#7525 = ORIENTED_EDGE ( 'NONE', *, *, #6531, .F. ) ;
#7526 = ORIENTED_EDGE ( 'NONE', *, *, #422, .F. ) ;
#7527 = TOROIDAL_SURFACE ( 'NONE', #7776, 0.04499999999999999800, 0.005000000000000000100 ) ;
#7528 = EDGE_CURVE ( 'NONE', #1935, #6156, #1902, .T. ) ;
#7529 = CARTESIAN_POINT ( 'NONE',  ( 0.01475315823137498100, 0.09749999999999998900, 0.02452782215246033000 ) ) ;
#7530 = CARTESIAN_POINT ( 'NONE',  ( 0.03315642902462933400, 0.09499999999999995900, -0.01737404956601009200 ) ) ;
#7531 = CARTESIAN_POINT ( 'NONE',  ( -0.07522394383843164500, 0.09807273439692069900, 0.06421132510212812500 ) ) ;
#7532 = DIRECTION ( 'NONE',  ( 0.0000000000000000000, 0.0000000000000000000, -1.000000000000000000 ) ) ;
#7533 = CARTESIAN_POINT ( 'NONE',  ( 0.01521234978845068000, 0.09750000000000001700, 0.06264244462640966600 ) ) ;
#7534 = FACE_OUTER_BOUND ( 'NONE', #1887, .T. ) ;
#7535 = CARTESIAN_POINT ( 'NONE',  ( -0.008960248161764612600, 0.09750000000000000300, -0.05183823529411765700 ) ) ;
#7536 = DIRECTION ( 'NONE',  ( -0.0000000000000000000, 1.000000000000000000, -0.0000000000000000000 ) ) ;
#7537 = CARTESIAN_POINT ( 'NONE',  ( -0.08448011310687127100, 0.09999999999999999200, 0.02122918834727646800 ) ) ;
#7538 = EDGE_CURVE ( 'NONE', #1992, #448, #6717, .T. ) ;
#7539 = CARTESIAN_POINT ( 'NONE',  ( 0.02553538602941185900, 0.09499999999999998700, 0.05960477941176470200 ) ) ;
#7540 = DIRECTION ( 'NONE',  ( -1.000000000000000000, -0.0000000000000000000, -0.0000000000000000000 ) ) ;
#7541 = FACE_OUTER_BOUND ( 'NONE', #4033, .T. ) ;
#7542 = ORIENTED_EDGE ( 'NONE', *, *, #7167, .T. ) ;
#7543 = CARTESIAN_POINT ( 'NONE',  ( 0.09468410227099030600, 0.09807273439692074100, 0.03850200880348593500 ) ) ;
#7544 = ORIENTED_EDGE ( 'NONE', *, *, #2481, .T. ) ;
#7545 = ORIENTED_EDGE ( 'NONE', *, *, #6090, .T. ) ;
#7546 = CARTESIAN_POINT ( 'NONE',  ( 0.0000000000000000000, 0.0000000000000000000, 0.0000000000000000000 ) ) ;
#7547 = CARTESIAN_POINT ( 'NONE',  ( -0.006371164231755750300, 0.09750000000000001700, 0.02710568760348058500 ) ) ;
#7548 = DIRECTION ( 'NONE',  ( -0.0000000000000000000, 1.000000000000000000, -0.0000000000000000000 ) ) ;
#7549 = DIRECTION ( 'NONE',  ( 0.0000000000000000000, 0.0000000000000000000, -1.000000000000000000 ) ) ;
#7550 = VERTEX_POINT ( 'NONE', #1155 ) ;
#7551 = DIRECTION ( 'NONE',  ( 0.0000000000000000000, 0.0000000000000000000, 1.000000000000000000 ) ) ;
#7552 = CARTESIAN_POINT ( 'NONE',  ( 0.0001928385404756037000, 0.09999999999999999200, 0.02716155646520518300 ) ) ;
#7553 = ORIENTED_EDGE ( 'NONE', *, *, #2959, .F. ) ;
#7554 = CARTESIAN_POINT ( 'NONE',  ( -0.003751259975673205300, 0.09499999999999995900, -0.05171206436861078300 ) ) ;
#7555 = CARTESIAN_POINT ( 'NONE',  ( -0.07758974596215623100, 0.09500000000000000100, 0.06211696879329323800 ) ) ;
#7556 = VERTEX_POINT ( 'NONE', #3657 ) ;
#7557 = CARTESIAN_POINT ( 'NONE',  ( 0.06070594883780709700, 0.09370359062126554200, 0.06950495422598040900 ) ) ;
#7558 = AXIS2_PLACEMENT_3D ( 'NONE', #1544, #5924, #2169 ) ;
#7559 = CARTESIAN_POINT ( 'NONE',  ( -0.02700776482922262800, 0.09999999999999996400, 0.02113942037942371000 ) ) ;
#7561 = EDGE_LOOP ( 'NONE', ( #1266, #1391 ) ) ;
#7560 = EDGE_LOOP ( 'NONE', ( #2448, #4850, #2534, #6803 ) ) ;
#7562 = DIRECTION ( 'NONE',  ( 0.0000000000000000000, 0.0000000000000000000, -1.000000000000000000 ) ) ;
#7563 = EDGE_CURVE ( 'NONE', #5896, #7775, #6879, .T. ) ;
#7564 = CARTESIAN_POINT ( 'NONE',  ( -0.01524048833587610500, 0.09500000000000001500, -0.03780074729070909800 ) ) ;
#7565 = DIRECTION ( 'NONE',  ( -0.5000000000000046600, 0.0000000000000000000, 0.8660254037844359300 ) ) ;
#7566 = DIRECTION ( 'NONE',  ( 0.0000000000000000000, -1.000000000000000000, 0.0000000000000000000 ) ) ;
#7567 = EDGE_CURVE ( 'NONE', #375, #170, #5413, .T. ) ;
#7568 = DIRECTION ( 'NONE',  ( 0.0000000000000000000, 0.0000000000000000000, 1.000000000000000000 ) ) ;
#7569 = ORIENTED_EDGE ( 'NONE', *, *, #470, .T. ) ;
#7570 = DIRECTION ( 'NONE',  ( 0.8743128571957750100, 0.0000000000000000000, 0.4853627795187431300 ) ) ;
#7571 = CIRCLE ( 'NONE', #1513, 1.723157158805103100 ) ;
#7572 = CARTESIAN_POINT ( 'NONE',  ( -0.007435829518117489600, 0.09927977891166302200, -0.03824814551589616300 ) ) ;
#7573 = AXIS2_PLACEMENT_3D ( 'NONE', #6157, #2397, #6787 ) ;
#7574 = CARTESIAN_POINT ( 'NONE',  ( -0.03343600770731847800, 0.09499999999999998700, -0.04443654239734817800 ) ) ;
#7575 = ORIENTED_EDGE ( 'NONE', *, *, #960, .T. ) ;
#7576 = CIRCLE ( 'NONE', #1398, 1.809375000000000200 ) ;
#7578 = ORIENTED_EDGE ( 'NONE', *, *, #7861, .F. ) ;
#7577 = CARTESIAN_POINT ( 'NONE',  ( 0.08726750376581571300, 0.08999999999999999700, 0.07925142759119033200 ) ) ;
#7579 = CARTESIAN_POINT ( 'NONE',  ( -0.004930241057361191500, 0.09500000000000001500, 0.06314145539158853800 ) ) ;
#7580 = EDGE_CURVE ( 'NONE', #6967, #5680, #6514, .T. ) ;
#7581 = VERTEX_POINT ( 'NONE', #6262 ) ;
#7582 = ORIENTED_EDGE ( 'NONE', *, *, #4740, .F. ) ;
#7583 = CARTESIAN_POINT ( 'NONE',  ( 0.07141962565156403900, 0.09000000000000001100, 0.07105429761432011100 ) ) ;
#7584 = CYLINDRICAL_SURFACE ( 'NONE', #7920, 0.004999999999999997500 ) ;
#7585 = EDGE_CURVE ( 'NONE', #5433, #2775, #2099, .T. ) ;
#7586 = B_SPLINE_CURVE_WITH_KNOTS ( 'NONE', 3,
 ( #5828, #934, #2194, #6577, #2833, #7226, #3459, #7846, #4084, #327, #4704, #964, #5353, #1584, #5969, #2224, #6607, #2856 ),
 .UNSPECIFIED., .F., .F.,
 ( 4, 2, 2, 2, 2, 2, 2, 2, 4 ),
 ( 0.0000000000000000000, 0.0003262647105534795500, 0.0006525294211069590900, 0.0009787941316604389100, 0.001305058842213918800, 0.001631323552767399000, 0.001957588263320879100, 0.002283852973874359000, 0.002610117684427839400 ),
 .UNSPECIFIED. ) ;
#7587 = DIRECTION ( 'NONE',  ( -0.5000000000000041100, 0.0000000000000000000, 0.8660254037844362700 ) ) ;
#7588 = CARTESIAN_POINT ( 'NONE',  ( -0.02730136370869063600, 0.09750000000000001700, 0.06773455847665092700 ) ) ;
#7589 = DIRECTION ( 'NONE',  ( -0.9998585349462690800, 0.0000000000000000000, 0.01681993148322186200 ) ) ;
#7590 = CARTESIAN_POINT ( 'NONE',  ( -0.09687017625370655800, 0.09946113292395690500, 0.07350241416072102200 ) ) ;
#7591 = CARTESIAN_POINT ( 'NONE',  ( 0.04660898499999949900, 0.09499999999999998700, 0.05577722083689440300 ) ) ;
#7592 = CIRCLE ( 'NONE', #2768, 0.04687500000000002800 ) ;
#7593 = B_SPLINE_CURVE_WITH_KNOTS ( 'NONE', 3,
 ( #4618, #5257, #1498, #5882, #2132, #6516, #2767, #7163, #3400, #7785, #4024, #267, #4646, #900 ),
 .UNSPECIFIED., .F., .F.,
 ( 4, 2, 2, 2, 2, 2, 4 ),
 ( 0.0000000000000000000, 0.0001984774570165722300, 0.0003969549140331444500, 0.0007939098280662892400, 0.0009923872850828615700, 0.001190864742099434000, 0.001587819656132578900 ),
 .UNSPECIFIED. ) ;
#7594 = CARTESIAN_POINT ( 'NONE',  ( 0.02896280732580819700, 0.09499999999999998700, -0.1218062716959171100 ) ) ;
#7595 = CYLINDRICAL_SURFACE ( 'NONE', #6758, 0.005000000000000006200 ) ;
#7596 = CARTESIAN_POINT ( 'NONE',  ( -0.007967078083566217100, 0.1000000000000000200, 0.05961160563213917900 ) ) ;
#7597 = ORIENTED_EDGE ( 'NONE', *, *, #2917, .F. ) ;
#7598 = DIRECTION ( 'NONE',  ( 0.0000000000000000000, -0.2588190451025143000, -0.9659258262890699800 ) ) ;
#7599 = ORIENTED_EDGE ( 'NONE', *, *, #6877, .F. ) ;
#7600 = AXIS2_PLACEMENT_3D ( 'NONE', #1865, #6264, #2505 ) ;
#7601 = DIRECTION ( 'NONE',  ( 0.0000000000000000000, -1.000000000000000000, 0.0000000000000000000 ) ) ;
#7602 = ORIENTED_EDGE ( 'NONE', *, *, #2575, .T. ) ;
#7603 = LINE ( 'NONE', #2579, #5923 ) ;
#7604 = CARTESIAN_POINT ( 'NONE',  ( -0.04897058823529402300, 0.09499999999999998700, 0.007904411764705876800 ) ) ;
#7605 = CARTESIAN_POINT ( 'NONE',  ( 0.02411942477355835000, 0.09499999999999998700, 0.05975184905001824200 ) ) ;
#7607 = AXIS2_PLACEMENT_3D ( 'NONE', #5276, #1515, #5894 ) ;
#7606 = DIRECTION ( 'NONE',  ( 0.4853627795187490100, -3.896630880001825600E-015, -0.8743128571957721200 ) ) ;
#7608 = CARTESIAN_POINT ( 'NONE',  ( -0.03049576428471325500, 0.09499999999999998700, 0.02498365070115128600 ) ) ;
#7609 = AXIS2_PLACEMENT_3D ( 'NONE', #1154, #5621, #1241 ) ;
#7610 = CIRCLE ( 'NONE', #3545, 0.03125000000000011100 ) ;
#7611 = DIRECTION ( 'NONE',  ( 0.5000000000000036600, 0.0000000000000000000, -0.8660254037844364900 ) ) ;
#7612 = CYLINDRICAL_SURFACE ( 'NONE', #2935, 0.005000000000000000100 ) ;
#7613 = CARTESIAN_POINT ( 'NONE',  ( -0.002038143382352846900, 0.09499999999999998700, 0.02720588235294116700 ) ) ;
#7614 = CARTESIAN_POINT ( 'NONE',  ( -0.01206930570329044600, 0.09750000000000000300, -0.03870630746203897900 ) ) ;
#7615 = CARTESIAN_POINT ( 'NONE',  ( -0.09058012701892292900, 0.09499999999999998700, 0.06961696879329319600 ) ) ;
#7616 = FACE_OUTER_BOUND ( 'NONE', #3446, .T. ) ;
#7617 = ORIENTED_EDGE ( 'NONE', *, *, #4468, .F. ) ;
#7618 = CARTESIAN_POINT ( 'NONE',  ( 0.01536764705882362100, 0.09499999999999998700, -0.01093750000000000300 ) ) ;
#7619 = VECTOR ( 'NONE', #2434, 39.37007874015748100 ) ;
#7620 = CARTESIAN_POINT ( 'NONE',  ( -0.1000423691704274700, 0.09999999999999999200, 0.04322788463336706800 ) ) ;
#7621 = AXIS2_PLACEMENT_3D ( 'NONE', #7732, #3974, #212 ) ;
#7622 = DIRECTION ( 'NONE',  ( 1.224646799147355400E-016, 0.0000000000000000000, -1.000000000000000000 ) ) ;
#7623 = DIRECTION ( 'NONE',  ( 0.0000000000000000000, -1.000000000000000000, 0.0000000000000000000 ) ) ;
#7624 = CARTESIAN_POINT ( 'NONE',  ( 0.1658493649053892600, 0.09999999999999999200, -0.04075317547305416100 ) ) ;
#7625 = ADVANCED_FACE ( 'NONE', ( #1512 ), #1705, .T. ) ;
#7626 = CARTESIAN_POINT ( 'NONE',  ( 0.01374697929836477300, 0.09500000000000001500, 0.001760471466115232800 ) ) ;
#7627 = EDGE_LOOP ( 'NONE', ( #2644, #7617, #3217, #4693 ) ) ;
#7628 = CARTESIAN_POINT ( 'NONE',  ( 2.212018280959907200E-016, 4.345012756430420200, -1.806250000000000400 ) ) ;
#7629 = EDGE_CURVE ( 'NONE', #7795, #127, #7994, .T. ) ;
#7630 = ORIENTED_EDGE ( 'NONE', *, *, #4982, .F. ) ;
#7631 = CARTESIAN_POINT ( 'NONE',  ( 0.003880521502179393200, 0.09961967667699619900, 0.07801292373816599800 ) ) ;
#7632 = CARTESIAN_POINT ( 'NONE',  ( 0.005095305064188752900, 0.09750000000000001700, 0.07681400325562580400 ) ) ;
#7633 = EDGE_CURVE ( 'NONE', #5012, #5763, #3178, .T. ) ;
#7634 = DIRECTION ( 'NONE',  ( 0.0000000000000000000, 0.0000000000000000000, 1.000000000000000000 ) ) ;
#7635 = CARTESIAN_POINT ( 'NONE',  ( 0.0000000000000000000, 4.345012756430420200, 0.0000000000000000000 ) ) ;
#7636 = VECTOR ( 'NONE', #2042, 39.37007874015748100 ) ;
#7637 = CARTESIAN_POINT ( 'NONE',  ( -0.02323395257227612100, 0.09499999999999998700, -0.03170501751779101300 ) ) ;
#7638 = VERTEX_POINT ( 'NONE', #3790 ) ;
#7639 = ORIENTED_EDGE ( 'NONE', *, *, #5581, .F. ) ;
#7640 = CARTESIAN_POINT ( 'NONE',  ( 0.1485288568297005200, 0.08999999999999999700, -0.05075317547305417000 ) ) ;
#7641 = CARTESIAN_POINT ( 'NONE',  ( 0.02100029730019890500, 0.09499999999999997300, 0.02118967537710086600 ) ) ;
#7642 = DIRECTION ( 'NONE',  ( 0.0000000000000000000, 0.0000000000000000000, 1.000000000000000000 ) ) ;
#7643 = CARTESIAN_POINT ( 'NONE',  ( -0.09491025403784507400, 0.09499999999999998700, 0.07211696879329311500 ) ) ;
#7644 = AXIS2_PLACEMENT_3D ( 'NONE', #888, #5284, #1519 ) ;
#7645 = DIRECTION ( 'NONE',  ( 0.0000000000000000000, 0.0000000000000000000, 1.000000000000000000 ) ) ;
#7646 = CARTESIAN_POINT ( 'NONE',  ( -0.01633155910273217200, 0.09749999999999998900, -0.05140089842478017000 ) ) ;
#7647 = EDGE_CURVE ( 'NONE', #5647, #4103, #6325, .T. ) ;
#7648 = CARTESIAN_POINT ( 'NONE',  ( 0.004173208577578841800, 0.09499999999999997300, 0.01262055539393858900 ) ) ;
#7649 = ORIENTED_EDGE ( 'NONE', *, *, #1885, .T. ) ;
#7650 = EDGE_LOOP ( 'NONE', ( #1278, #3512, #2949, #6076 ) ) ;
#7651 = CARTESIAN_POINT ( 'NONE',  ( 0.006153057481735640900, 0.09750000000000001700, 0.01162333881999059100 ) ) ;
#7652 = AXIS2_PLACEMENT_3D ( 'NONE', #6776, #8035, #4270 ) ;
#7653 = ORIENTED_EDGE ( 'NONE', *, *, #6630, .T. ) ;
#7654 = AXIS2_PLACEMENT_3D ( 'NONE', #4831, #4205, #481 ) ;
#7655 = DIRECTION ( 'NONE',  ( 0.0000000000000000000, 0.0000000000000000000, -1.000000000000000000 ) ) ;
#7656 = CARTESIAN_POINT ( 'NONE',  ( 0.02500850670410879900, 0.09500000000000002900, 0.07312060296586504700 ) ) ;
#7657 = CARTESIAN_POINT ( 'NONE',  ( 0.08741025518922115900, 0.09792893218813454600, 0.08510734785581700000 ) ) ;
#7658 = EDGE_LOOP ( 'NONE', ( #2623, #6874, #7257, #3226 ) ) ;
#7659 = ADVANCED_FACE ( 'NONE', ( #4643 ), #7798, .T. ) ;
#7660 = FACE_OUTER_BOUND ( 'NONE', #2077, .T. ) ;
#7661 = CARTESIAN_POINT ( 'NONE',  ( 0.03199423058326975700, 0.09749999999999998900, 0.005157845506937422000 ) ) ;
#7662 = CARTESIAN_POINT ( 'NONE',  ( -0.07508974596215625700, 0.09499999999999998700, 0.06644709581221548700 ) ) ;
#7663 = CARTESIAN_POINT ( 'NONE',  ( 0.0000000000000000000, 4.406249999999999100, 1.825000000000000000 ) ) ;
#7664 = AXIS2_PLACEMENT_3D ( 'NONE', #4692, #948, #5339 ) ;
#7665 = CARTESIAN_POINT ( 'NONE',  ( 0.0000000000000000000, 0.0000000000000000000, 0.0000000000000000000 ) ) ;
#7666 = ORIENTED_EDGE ( 'NONE', *, *, #7214, .F. ) ;
#7667 = CARTESIAN_POINT ( 'NONE',  ( -0.03558869767902065500, 0.09499999999999998700, -0.04253770914006181600 ) ) ;
#7668 = CARTESIAN_POINT ( 'NONE',  ( 0.005230375445369296800, 0.09749999999999998900, 0.06393995531825372200 ) ) ;
#7669 = FACE_OUTER_BOUND ( 'NONE', #6936, .T. ) ;
#7670 = ORIENTED_EDGE ( 'NONE', *, *, #2528, .F. ) ;
#7671 = VERTEX_POINT ( 'NONE', #7577 ) ;
#7672 = CARTESIAN_POINT ( 'NONE',  ( -0.02481279839684223300, 0.09749999999999998900, 0.02219158166267296700 ) ) ;
#7673 = EDGE_CURVE ( 'NONE', #586, #2569, #3958, .T. ) ;
#7674 = CARTESIAN_POINT ( 'NONE',  ( 0.1124102540378442400, 0.09499999999999998700, 0.04180607966083917100 ) ) ;
#7675 = CARTESIAN_POINT ( 'NONE',  ( 0.02999999769724546300, 0.09792893218813451800, -0.1182531754730547100 ) ) ;
#7676 = DIRECTION ( 'NONE',  ( 1.000000000000000000, 0.0000000000000000000, -1.224646799147353200E-016 ) ) ;
#7677 = CIRCLE ( 'NONE', #4651, 0.03125000000000011100 ) ;
#7678 = EDGE_CURVE ( 'NONE', #5164, #2727, #6126, .T. ) ;
#7679 = DIRECTION ( 'NONE',  ( -1.224646799147352000E-016, 0.0000000000000000000, -1.000000000000000000 ) ) ;
#7680 = DIRECTION ( 'NONE',  ( 0.0000000000000000000, 0.0000000000000000000, -1.000000000000000000 ) ) ;
#7681 = ORIENTED_EDGE ( 'NONE', *, *, #2514, .F. ) ;
#7682 = ORIENTED_EDGE ( 'NONE', *, *, #2853, .F. ) ;
#7683 = VERTEX_POINT ( 'NONE', #60 ) ;
#7684 = CARTESIAN_POINT ( 'NONE',  ( 0.0000000000000000000, 4.470012756430420200, 1.825000000000000000 ) ) ;
#7685 = CARTESIAN_POINT ( 'NONE',  ( 0.02802434007536334600, 0.09749999999999998900, 0.06914757613138219900 ) ) ;
#7686 = CIRCLE ( 'NONE', #3869, 1.477033942247503000 ) ;
#7687 = ORIENTED_EDGE ( 'NONE', *, *, #7689, .T. ) ;
#7688 = CARTESIAN_POINT ( 'NONE',  ( -0.03056867961456198300, 0.09750000000000003100, 0.003015563170029140300 ) ) ;
#7689 = EDGE_CURVE ( 'NONE', #969, #1815, #7603, .T. ) ;
#7690 = CARTESIAN_POINT ( 'NONE',  ( 1.808844889605401900E-016, 1.515773746656664800, -1.477033942247503600 ) ) ;
#7691 = DIRECTION ( 'NONE',  ( 1.224646799147355400E-016, 0.0000000000000000000, -1.000000000000000000 ) ) ;
#7692 = ORIENTED_EDGE ( 'NONE', *, *, #2536, .T. ) ;
#7693 = ORIENTED_EDGE ( 'NONE', *, *, #8050, .F. ) ;
#7694 = EDGE_CURVE ( 'NONE', #2863, #2877, #2503, .T. ) ;
#7695 = CARTESIAN_POINT ( 'NONE',  ( 0.0000000000000000000, 4.140850980782268200, 0.0000000000000000000 ) ) ;
#7696 =( BOUNDED_CURVE ( )  B_SPLINE_CURVE ( 3, ( #3277, #7046, #3910, #150 ),
 .UNSPECIFIED., .F., .F. ) 
 B_SPLINE_CURVE_WITH_KNOTS ( ( 4, 4 ),
 ( 4.712388980384688800, 6.283185307179586200 ),
 .UNSPECIFIED. ) 
 CURVE ( )  GEOMETRIC_REPRESENTATION_ITEM ( )  RATIONAL_B_SPLINE_CURVE ( ( 1.000000000000000000, 0.8047378541243648300, 0.8047378541243648300, 1.000000000000000000 ) ) 
 REPRESENTATION_ITEM ( '' )  );
#7697 = CARTESIAN_POINT ( 'NONE',  ( -0.04468279611026967200, 0.09749999999999998900, -0.02692995342861333500 ) ) ;
#7698 = LINE ( 'NONE', #6949, #2893 ) ;
#7699 = DIRECTION ( 'NONE',  ( 0.4853627795187344100, 0.0000000000000000000, 0.8743128571957801100 ) ) ;
#7700 = EDGE_LOOP ( 'NONE', ( #694, #2550, #7682, #7368 ) ) ;
#7701 = CARTESIAN_POINT ( 'NONE',  ( -0.002038143382352846900, 0.09499999999999998700, 0.02720588235294116700 ) ) ;
#7702 = CARTESIAN_POINT ( 'NONE',  ( 0.06022599255280033200, 0.09499999999999998700, 0.06941250650495760200 ) ) ;
#7703 = CIRCLE ( 'NONE', #5065, 1.850000000000115300 ) ;
#7704 = CARTESIAN_POINT ( 'NONE',  ( 0.02824079626593517200, 0.09749999999999998900, 0.06428728568942568300 ) ) ;
#7705 = DATE_AND_TIME ( #1227, #2900 ) ;
#7706 = ADVANCED_FACE ( 'NONE', ( #4255 ), #4449, .F. ) ;
#7707 = CARTESIAN_POINT ( 'NONE',  ( -0.007437959558823434600, 0.09749999999999998900, -0.03897058823529413900 ) ) ;
#7708 = CARTESIAN_POINT ( 'NONE',  ( -0.01976520988628361500, 0.09999999999999999200, 0.02697587816399201600 ) ) ;
#7709 = DIRECTION ( 'NONE',  ( 0.5000000000000001100, 0.0000000000000000000, 0.8660254037844384900 ) ) ;
#7710 = CIRCLE ( 'NONE', #7239, 0.01562499999999991800 ) ;
#7711 = FACE_OUTER_BOUND ( 'NONE', #4403, .T. ) ;
#7712 = AXIS2_PLACEMENT_3D ( 'NONE', #2610, #7011, #3240 ) ;
#7713 = CARTESIAN_POINT ( 'NONE',  ( -0.02614301511516619100, 0.09500000000000001500, -0.02642289057495416900 ) ) ;
#7714 = CARTESIAN_POINT ( 'NONE',  ( -0.01794436896982893100, 0.09750000000000000300, 0.05607625131591185300 ) ) ;
#7715 = AXIS2_PLACEMENT_3D ( 'NONE', #499, #4882, #1134 ) ;
#7716 = ORIENTED_EDGE ( 'NONE', *, *, #3124, .F. ) ;
#7717 = EDGE_CURVE ( 'NONE', #53, #7404, #2591, .T. ) ;
#7718 = ORIENTED_EDGE ( 'NONE', *, *, #7279, .F. ) ;
#7719 = ORIENTED_EDGE ( 'NONE', *, *, #4419, .T. ) ;
#7720 = CIRCLE ( 'NONE', #1880, 0.001000000000000000900 ) ;
#7721 = DIRECTION ( 'NONE',  ( 0.5000000000000013300, 0.0000000000000000000, 0.8660254037844378200 ) ) ;
#7722 = CARTESIAN_POINT ( 'NONE',  ( -0.02225722232231656200, 0.09750000000000000300, 0.01089343221178511400 ) ) ;
#7723 = ADVANCED_FACE ( 'NONE', ( #927 ), #7414, .F. ) ;
#7724 = CARTESIAN_POINT ( 'NONE',  ( -0.02804935436605900800, 0.09999999999999999200, 0.0002851259185655504000 ) ) ;
#7725 = VECTOR ( 'NONE', #1768, 39.37007874015748100 ) ;
#7726 = CARTESIAN_POINT ( 'NONE',  ( -0.003536482518729888600, 0.09999999999999867300, -0.05168490709651320200 ) ) ;
#7727 = CARTESIAN_POINT ( 'NONE',  ( 0.0000000000000000000, 3.654220548491862200, 1.694361752827711300 ) ) ;
#7728 = CARTESIAN_POINT ( 'NONE',  ( 0.02742850099656023500, 0.09999999999999999200, 0.05730519352786282700 ) ) ;
#7729 =( BOUNDED_SURFACE ( )  B_SPLINE_SURFACE ( 3, 2, ( 
 ( #4824, #6093, #2341 ),
 ( #6738, #2979, #7373 ),
 ( #3607, #7995, #4225 ),
 ( #474, #4854, #1107 ),
 ( #5494, #1735, #6128 ),
 ( #2371, #6765, #3009 ),
 ( #7401, #3635, #8024 ),
 ( #4258, #498, #4881 ) ),
 .UNSPECIFIED., .F., .F., .F. ) 
 B_SPLINE_SURFACE_WITH_KNOTS ( ( 4, 2, 2, 4 ),
 ( 3, 3 ),
 ( 1.570796326794896600, 2.356194490192344800, 2.748893571891069000, 3.141592653589793100 ),
 ( 0.0000000000000000000, 1.000000000000000000 ),
 .UNSPECIFIED. ) 
 GEOMETRIC_REPRESENTATION_ITEM ( )  RATIONAL_B_SPLINE_SURFACE ( (
 ( 1.000000000000000000, 1.000000000000000000, 1.000000000000000000),
 ( 1.000000000000000000, 1.002675839833332200, 1.000000000000000000),
 ( 1.000000000000000000, 0.9415999000515584700, 1.000000000000000000),
 ( 1.000000000000000000, 0.8282381556508788800, 1.000000000000000000),
 ( 1.000000000000000000, 0.7876781406151992500, 1.000000000000000000),
 ( 1.000000000000000000, 0.7265520990820054600, 1.000000000000000000),
 ( 1.000000000000000000, 0.7066754865711063500, 1.000000000000000000),
 ( 1.000000000000000000, 0.7071067811865475700, 1.000000000000000000) ) ) 
 REPRESENTATION_ITEM ( '' )  SURFACE ( )  );
#7730 = CARTESIAN_POINT ( 'NONE',  ( -0.01257221452967474500, 0.09999999999999999200, -0.05428612455261163500 ) ) ;
#7731 = ORIENTED_EDGE ( 'NONE', *, *, #5564, .F. ) ;
#7732 = CARTESIAN_POINT ( 'NONE',  ( -0.02808007395006620700, 0.09749999999999998900, 0.004639224989132493700 ) ) ;
#7733 = EDGE_CURVE ( 'NONE', #3504, #2585, #1047, .T. ) ;
#7734 = CARTESIAN_POINT ( 'NONE',  ( -0.004137286210275337500, 0.09999999999999999200, 0.02717175893803562900 ) ) ;
#7735 = LINE ( 'NONE', #5493, #1063 ) ;
#7736 = VERTEX_POINT ( 'NONE', #2901 ) ;
#7737 = ORIENTED_EDGE ( 'NONE', *, *, #795, .F. ) ;
#7738 = CARTESIAN_POINT ( 'NONE',  ( 0.09720950555412705100, 0.09434550615857319200, 0.09072773039054517200 ) ) ;
#7739 = DIRECTION ( 'NONE',  ( -0.0000000000000000000, 1.000000000000000000, -0.0000000000000000000 ) ) ;
#7740 = EDGE_CURVE ( 'NONE', #7305, #4562, #4064, .T. ) ;
#7741 = CARTESIAN_POINT ( 'NONE',  ( 0.0000000000000000000, 3.625297493313865500, -1.667479445282778800 ) ) ;
#7742 = CARTESIAN_POINT ( 'NONE',  ( -0.02953084743426301700, 0.09499999999999997300, 0.03199181101734423200 ) ) ;
#7743 = ADVANCED_FACE ( 'NONE', ( #5722 ), #5534, .F. ) ;
#7744 = DIRECTION ( 'NONE',  ( 0.8660254037844429300, 0.0000000000000000000, -0.4999999999999923900 ) ) ;
#7745 = ORIENTED_EDGE ( 'NONE', *, *, #1736, .T. ) ;
#7746 = ORIENTED_EDGE ( 'NONE', *, *, #1468, .F. ) ;
#7747 = CARTESIAN_POINT ( 'NONE',  ( -0.1105801258675446500, 0.08999999999999999700, 0.03497595463616085700 ) ) ;
#7748 = CARTESIAN_POINT ( 'NONE',  ( 0.01804464102346342600, 0.09500000000000004300, 0.02298285404504114500 ) ) ;
#7749 = DIRECTION ( 'NONE',  ( -0.0000000000000000000, 1.000000000000000000, -0.0000000000000000000 ) ) ;
#7750 = ORIENTED_EDGE ( 'NONE', *, *, #3792, .T. ) ;
#7751 = CARTESIAN_POINT ( 'NONE',  ( -0.02635746044213653500, 0.09999999999999713300, -0.02628109795039014500 ) ) ;
#7753 = ORIENTED_EDGE ( 'NONE', *, *, #5730, .F. ) ;
#7752 = ORIENTED_EDGE ( 'NONE', *, *, #3742, .T. ) ;
#7754 = CARTESIAN_POINT ( 'NONE',  ( 0.01954414679733405100, 0.09999999999999999200, -0.04631067011616703300 ) ) ;
#7755 = DIRECTION ( 'NONE',  ( -0.0000000000000000000, 1.000000000000000000, -0.0000000000000000000 ) ) ;
#7756 = CARTESIAN_POINT ( 'NONE',  ( 1.761744343522868700E-016, 1.501014725754070200, -1.438573427660500700 ) ) ;
#7757 = CARTESIAN_POINT ( 'NONE',  ( 0.1182179676972454100, 0.09499999999999998700, -0.09825317547305434400 ) ) ;
#7758 = CARTESIAN_POINT ( 'NONE',  ( -0.05147089833005596300, 0.09999999999999999200, 0.007910317892181021800 ) ) ;
#7759 = AXIS2_PLACEMENT_3D ( 'NONE', #6218, #2454, #6850 ) ;
#7760 = CARTESIAN_POINT ( 'NONE',  ( -0.002033628562705709700, 0.09999999999999999200, 0.02970628604055313200 ) ) ;
#7761 = CARTESIAN_POINT ( 'NONE',  ( -0.08885167750220029900, 0.09467274965458341600, 0.01880237464666175900 ) ) ;
#7762 = AXIS2_PLACEMENT_3D ( 'NONE', #1618, #6031, #5408 ) ;
#7763 = CARTESIAN_POINT ( 'NONE',  ( 0.09614051416615336500, 0.09112599222619026400, 0.08827495793271721000 ) ) ;
#7764 = CARTESIAN_POINT ( 'NONE',  ( 0.01121200558275238300, 0.09749999999999955900, 0.06345328007021411300 ) ) ;
#7765 = CARTESIAN_POINT ( 'NONE',  ( 0.0000000000000000000, 4.470012756430420200, 0.0000000000000000000 ) ) ;
#7766 = ADVANCED_FACE ( 'NONE', ( #2396 ), #7216, .F. ) ;
#7767 = LINE ( 'NONE', #3450, #4218 ) ;
#7768 = CARTESIAN_POINT ( 'NONE',  ( 0.0000000000000000000, 4.156250000000000000, 0.0000000000000000000 ) ) ;
#7769 = CARTESIAN_POINT ( 'NONE',  ( -0.007431382279399999100, 0.09998544300309646100, -0.03673917325754710900 ) ) ;
#7770 = VERTEX_POINT ( 'NONE', #3574 ) ;
#7771 = CARTESIAN_POINT ( 'NONE',  ( 0.0000000000000000000, 0.2974905748952536000, 0.0000000000000000000 ) ) ;
#7772 = TOROIDAL_SURFACE ( 'NONE', #1829, 1.474883080221965500, 0.03125000000000000000 ) ;
#7773 = DIRECTION ( 'NONE',  ( -0.8660254037844364900, -0.0000000000000000000, -0.5000000000000036600 ) ) ;
#7774 = ORIENTED_EDGE ( 'NONE', *, *, #8112, .T. ) ;
#7775 = VERTEX_POINT ( 'NONE', #450 ) ;
#7776 = AXIS2_PLACEMENT_3D ( 'NONE', #350, #987, #2885 ) ;
#7777 = EDGE_LOOP ( 'NONE', ( #1601, #5005, #5744, #6794 ) ) ;
#7778 = CARTESIAN_POINT ( 'NONE',  ( -0.01926979413773164900, 0.09499999999999995900, 0.01193047250095300200 ) ) ;
#7779 = VECTOR ( 'NONE', #6344, 39.37007874015748900 ) ;
#7780 = CARTESIAN_POINT ( 'NONE',  ( -0.01652050907012927300, 0.09750000000000023900, -0.03727893638971115100 ) ) ;
#7781 = EDGE_CURVE ( 'NONE', #1755, #2456, #723, .T. ) ;
#7782 = CARTESIAN_POINT ( 'NONE',  ( 0.03356367687313176200, 0.09750000000000062800, -0.01461868160611528800 ) ) ;
#7783 = CARTESIAN_POINT ( 'NONE',  ( 0.02553774663120507400, 0.09749999999999998900, 0.05960486641943046900 ) ) ;
#7784 = CARTESIAN_POINT ( 'NONE',  ( 0.01419311051933299500, 0.09961944169405113900, -0.01093269985706914000 ) ) ;
#7785 = CARTESIAN_POINT ( 'NONE',  ( 0.03255418446503394200, 0.1000000000000000200, 0.01115984288971370300 ) ) ;
#7786 = ADVANCED_FACE ( 'NONE', ( #2200 ), #7729, .T. ) ;
#7787 = CARTESIAN_POINT ( 'NONE',  ( 0.05772599255280026100, 0.09999999999999999200, 0.07374263352387974700 ) ) ;
#7788 = EDGE_CURVE ( 'NONE', #7404, #6463, #5347, .T. ) ;
#7789 = CARTESIAN_POINT ( 'NONE',  ( 0.0000000000000000000, 4.750000000000000000, 0.0000000000000000000 ) ) ;
#7790 = CARTESIAN_POINT ( 'NONE',  ( -0.09045148911965124300, 0.09137320342436167100, 0.01905481775482490200 ) ) ;
#7791 = CARTESIAN_POINT ( 'NONE',  ( 0.02183430864026273900, 0.09999999999999957500, 0.06055668532562334700 ) ) ;
#7792 = DIRECTION ( 'NONE',  ( 0.0000000000000000000, 0.0000000000000000000, 1.000000000000000000 ) ) ;
#7793 = FACE_OUTER_BOUND ( 'NONE', #4388, .T. ) ;
#7794 = VERTEX_POINT ( 'NONE', #3036 ) ;
#7795 = VERTEX_POINT ( 'NONE', #6159 ) ;
#7796 = ORIENTED_EDGE ( 'NONE', *, *, #3772, .T. ) ;
#7797 = CARTESIAN_POINT ( 'NONE',  ( -0.02951574293292860000, 0.1000000000000000300, 0.006685894129869919900 ) ) ;
#7798 = TOROIDAL_SURFACE ( 'NONE', #5352, 1.754341190401034200, 0.04687499999999999300 ) ;
#7799 = AXIS2_PLACEMENT_3D ( 'NONE', #4252, #3630, #1130 ) ;
#7800 = EDGE_CURVE ( 'NONE', #3708, #7736, #7019, .T. ) ;
#7801 = DIRECTION ( 'NONE',  ( 0.8660254037844339300, -0.0000000000000000000, 0.5000000000000079900 ) ) ;
#7802 = DIRECTION ( 'NONE',  ( -0.0000000000000000000, 1.000000000000000000, -0.0000000000000000000 ) ) ;
#7803 = CARTESIAN_POINT ( 'NONE',  ( 0.1063576342343425100, 0.09751809353930884800, 0.04481379465477634100 ) ) ;
#7804 = CARTESIAN_POINT ( 'NONE',  ( -0.005972487655265861800, 0.09859123187016588500, 0.01410474133256571900 ) ) ;
#7805 = DIRECTION ( 'NONE',  ( 0.0000000000000000000, -1.000000000000000000, 0.0000000000000000000 ) ) ;
#7806 = LINE ( 'NONE', #289, #2999 ) ;
#7807 = ADVANCED_FACE ( 'NONE', ( #2798 ), #5246, .F. ) ;
#7808 = CARTESIAN_POINT ( 'NONE',  ( 0.0000000000000000000, 4.531250000000000000, 1.875000000000000700 ) ) ;
#7809 = CIRCLE ( 'NONE', #1246, 0.004999999999999997500 ) ;
#7810 = AXIS2_PLACEMENT_3D ( 'NONE', #424, #3549, #6071 ) ;
#7811 = CARTESIAN_POINT ( 'NONE',  ( 0.02816801017916714300, 0.09749999999999998900, 0.06233683732363089200 ) ) ;
#7812 = CARTESIAN_POINT ( 'NONE',  ( 2.341016094797714300E-016, 4.681499030572553000, -1.889487621779129000 ) ) ;
#7813 = CARTESIAN_POINT ( 'NONE',  ( 1.610860353364674400E-016, 0.2523140909808909700, -1.315367299768568600 ) ) ;
#7814 = AXIS2_PLACEMENT_3D ( 'NONE', #1557, #5937, #2186 ) ;
#7815 = CIRCLE ( 'NONE', #3177, 1.825000000000000000 ) ;
#7816 = ORIENTED_EDGE ( 'NONE', *, *, #7319, .F. ) ;
#7817 = DIRECTION ( 'NONE',  ( 0.0000000000000000000, 0.0000000000000000000, -1.000000000000000000 ) ) ;
#7818 = FACE_OUTER_BOUND ( 'NONE', #2712, .T. ) ;
#7819 = CARTESIAN_POINT ( 'NONE',  ( -0.1002324962341835100, 0.08999999999999999700, 0.02900174788186523500 ) ) ;
#7820 = CARTESIAN_POINT ( 'NONE',  ( 0.02558615120259126800, 0.09999999999999999200, 0.05708605775854607600 ) ) ;
#7821 = CARTESIAN_POINT ( 'NONE',  ( -0.1267740074471989900, 0.09499999999999998700, 0.03970669437188221300 ) ) ;
#7822 = CC_DESIGN_PERSON_AND_ORGANIZATION_ASSIGNMENT ( #5445, #356, ( #7409 ) ) ;
#7823 = CARTESIAN_POINT ( 'NONE',  ( -0.01362298386844350800, 0.09999999999999999200, 0.01099437506324274000 ) ) ;
#7824 = EDGE_LOOP ( 'NONE', ( #4661, #273, #2558, #101 ) ) ;
#7825 = ORIENTED_EDGE ( 'NONE', *, *, #5605, .F. ) ;
#7826 = AXIS2_PLACEMENT_3D ( 'NONE', #5634, #1872, #6271 ) ;
#7827 = DIRECTION ( 'NONE',  ( 0.0000000000000000000, 0.0000000000000000000, 1.000000000000000000 ) ) ;
#7828 = ADVANCED_FACE ( 'NONE', ( #440 ), #1910, .F. ) ;
#7829 = CARTESIAN_POINT ( 'NONE',  ( -0.01606760133291694100, 0.09500000000000001500, 0.01298784762724704500 ) ) ;
#7830 = VERTEX_POINT ( 'NONE', #4308 ) ;
#7831 = CONICAL_SURFACE ( 'NONE', #6568, 1.002249128336624400, 1.308996938995753900 ) ;
#7832 = CARTESIAN_POINT ( 'NONE',  ( -0.005966626473089663800, 0.1000000000000643600, 0.01192613706435714300 ) ) ;
#7833 = EDGE_CURVE ( 'NONE', #6225, #3757, #3583, .T. ) ;
#7834 = ORIENTED_EDGE ( 'NONE', *, *, #2012, .F. ) ;
#7835 = ORIENTED_EDGE ( 'NONE', *, *, #4889, .F. ) ;
#7836 = CARTESIAN_POINT ( 'NONE',  ( 0.0000000000000000000, 0.0000000000000000000, 0.0000000000000000000 ) ) ;
#7837 =( BOUNDED_CURVE ( )  B_SPLINE_CURVE ( 3, ( #2902, #6648, #7291, #3520 ),
 .UNSPECIFIED., .F., .F. ) 
 B_SPLINE_CURVE_WITH_KNOTS ( ( 4, 4 ),
 ( 3.141592653589793100, 4.712388980384689700 ),
 .UNSPECIFIED. ) 
 CURVE ( )  GEOMETRIC_REPRESENTATION_ITEM ( )  RATIONAL_B_SPLINE_CURVE ( ( 1.000000000000000000, 0.8047378541243649400, 0.8047378541243649400, 1.000000000000000000 ) ) 
 REPRESENTATION_ITEM ( '' )  );
#7838 = DIRECTION ( 'NONE',  ( 0.0000000000000000000, -1.000000000000000000, 0.0000000000000000000 ) ) ;
#7839 = AXIS2_PLACEMENT_3D ( 'NONE', #704, #5087, #1333 ) ;
#7840 = CARTESIAN_POINT ( 'NONE',  ( -0.008950397919927811600, 0.09995605270439611400, -0.05386542574783723800 ) ) ;
#7841 = DIRECTION ( 'NONE',  ( -0.0000000000000000000, 1.000000000000000000, -0.0000000000000000000 ) ) ;
#7842 = CARTESIAN_POINT ( 'NONE',  ( 0.006377328298110062500, 0.09750000000000003100, 0.01176991095078818600 ) ) ;
#7843 = EDGE_CURVE ( 'NONE', #1722, #8021, #6928, .T. ) ;
#7844 = ORIENTED_EDGE ( 'NONE', *, *, #4579, .F. ) ;
#7845 = DIRECTION ( 'NONE',  ( -0.8660254037844438100, 0.0000000000000000000, 0.4999999999999911700 ) ) ;
#7846 = CARTESIAN_POINT ( 'NONE',  ( -0.04414885295106265500, 0.09999999999999999200, 0.04971661000276100800 ) ) ;
#7847 = CARTESIAN_POINT ( 'NONE',  ( 0.03897114317029825400, 0.09499999999999998700, 0.1590063509461100400 ) ) ;
#7848 = ADVANCED_FACE ( 'NONE', ( #2112 ), #49, .T. ) ;
#7849 = VERTEX_POINT ( 'NONE', #4965 ) ;
#7850 = EDGE_CURVE ( 'NONE', #5835, #4625, #6274, .T. ) ;
#7851 = CARTESIAN_POINT ( 'NONE',  ( -0.1182179676972449400, 0.08999999999999999700, -0.1132531754730548200 ) ) ;
#7852 = ORIENTED_EDGE ( 'NONE', *, *, #523, .F. ) ;
#7853 = APPLICATION_CONTEXT ( 'configuration controlled 3d designs of mechanical parts and assemblies' ) ;
#7854 = ORIENTED_EDGE ( 'NONE', *, *, #2225, .T. ) ;
#7855 = DIRECTION ( 'NONE',  ( 0.0000000000000000000, -1.000000000000000000, 0.0000000000000000000 ) ) ;
#7856 = DIRECTION ( 'NONE',  ( 0.8660254037844387100, 0.0000000000000000000, -0.4999999999999999400 ) ) ;
#7857 = CARTESIAN_POINT ( 'NONE',  ( 0.0000000000000000000, 4.531250000000000000, 0.0000000000000000000 ) ) ;
#7858 = CARTESIAN_POINT ( 'NONE',  ( 0.1067403810567660300, 0.09499999999999998700, 0.06162658773652839000 ) ) ;
#7859 = AXIS2_PLACEMENT_3D ( 'NONE', #2142, #6527, #2782 ) ;
#7860 = TOROIDAL_SURFACE ( 'NONE', #2201, 1.337757700231430900, 0.01562500000000000000 ) ;
#7861 = EDGE_CURVE ( 'NONE', #6866, #3643, #6723, .T. ) ;
#7862 = ORIENTED_EDGE ( 'NONE', *, *, #896, .F. ) ;
#7863 = CARTESIAN_POINT ( 'NONE',  ( -0.008960248161764612600, 0.09750000000000000300, -0.05183823529411765700 ) ) ;
#7864 = CARTESIAN_POINT ( 'NONE',  ( 0.02139947752626011500, 0.09749999999999998900, 0.02143712547060471600 ) ) ;
#7865 = ORIENTED_EDGE ( 'NONE', *, *, #1220, .F. ) ;
#7866 = ADVANCED_FACE ( 'NONE', ( #245 ), #3393, .F. ) ;
#7867 = CARTESIAN_POINT ( 'NONE',  ( 0.003878676470588326300, 0.09499999999999998700, 0.07683823529411763800 ) ) ;
#7868 = TOROIDAL_SURFACE ( 'NONE', #3351, 1.793750000000000000, 0.01562500000000000000 ) ;
#7870 = ORIENTED_EDGE ( 'NONE', *, *, #2959, .T. ) ;
#7869 = AXIS2_PLACEMENT_3D ( 'NONE', #84, #6974, #7892 ) ;
#7871 = DIRECTION ( 'NONE',  ( -1.224646799147355900E-016, 0.0000000000000000000, -1.000000000000000000 ) ) ;
#7872 = ORIENTED_EDGE ( 'NONE', *, *, #4687, .T. ) ;
#7873 = DIRECTION ( 'NONE',  ( 0.0000000000000000000, 0.0000000000000000000, 1.000000000000000000 ) ) ;
#7874 = CARTESIAN_POINT ( 'NONE',  ( 0.003332950367647150900, 0.09750000000000000300, 0.06397058823529411200 ) ) ;
#7875 = ORIENTED_EDGE ( 'NONE', *, *, #3308, .T. ) ;
#7876 = CYLINDRICAL_SURFACE ( 'NONE', #2557, 1.825000000000000000 ) ;
#7877 = CARTESIAN_POINT ( 'NONE',  ( -0.01589551448822741600, 0.09999999999999999200, -0.03493058430840277600 ) ) ;
#7878 = ORIENTED_EDGE ( 'NONE', *, *, #6575, .T. ) ;
#7879 = ORIENTED_EDGE ( 'NONE', *, *, #477, .F. ) ;
#7880 = PERSON_AND_ORGANIZATION_ROLE ( 'design_supplier' ) ;
#7881 = CIRCLE ( 'NONE', #2187, 1.376754282839549100 ) ;
#7882 = ORIENTED_EDGE ( 'NONE', *, *, #202, .T. ) ;
#7883 = CARTESIAN_POINT ( 'NONE',  ( -0.1182179676972449200, 0.08999999999999999700, -0.06825317547305484500 ) ) ;
#7884 = AXIS2_PLACEMENT_3D ( 'NONE', #4973, #1229, #5607 ) ;
#7885 = CARTESIAN_POINT ( 'NONE',  ( -0.03022542879445637100, 0.09999999999999999200, 0.02835336817225868000 ) ) ;
#7886 = DIRECTION ( 'NONE',  ( 0.0000000000000000000, 0.0000000000000000000, -1.000000000000000000 ) ) ;
#7887 = CARTESIAN_POINT ( 'NONE',  ( 0.08333452520395423500, 0.08999999999999999700, 0.07216671926823140000 ) ) ;
#7888 = CIRCLE ( 'NONE', #7030, 0.04499999999999999100 ) ;
#7889 = ADVANCED_FACE ( 'NONE', ( #3781 ), #4799, .T. ) ;
#7890 = ORIENTED_EDGE ( 'NONE', *, *, #626, .F. ) ;
#7891 = VERTEX_POINT ( 'NONE', #2584 ) ;
#7892 = DIRECTION ( 'NONE',  ( 0.0000000000000000000, 0.0000000000000000000, -1.000000000000000000 ) ) ;
#7893 = EDGE_CURVE ( 'NONE', #1663, #1912, #1717, .T. ) ;
#7894 = DIRECTION ( 'NONE',  ( 0.01681993148323164200, 0.0000000000000000000, -0.9998585349462689700 ) ) ;
#7895 = DIRECTION ( 'NONE',  ( -0.0000000000000000000, 1.000000000000000000, -0.0000000000000000000 ) ) ;
#7896 = FACE_OUTER_BOUND ( 'NONE', #7193, .T. ) ;
#7897 = CARTESIAN_POINT ( 'NONE',  ( 0.02813101548417972300, 0.09500000000000002900, 0.06828101884254134100 ) ) ;
#7898 = EDGE_CURVE ( 'NONE', #6267, #3810, #3187, .T. ) ;
#7899 = EDGE_LOOP ( 'NONE', ( #4545, #3814, #4994, #4094 ) ) ;
#7900 = CARTESIAN_POINT ( 'NONE',  ( 0.003335195087293302400, 0.09884298436767698100, 0.06359762402155008700 ) ) ;
#7901 = CARTESIAN_POINT ( 'NONE',  ( -0.03060836352512651100, 0.09749999999999998900, 0.02358009667905182000 ) ) ;
#7902 = TOROIDAL_SURFACE ( 'NONE', #5910, 0.006000000000000000100, 0.005000000000000000100 ) ;
#7903 = PERSON_AND_ORGANIZATION ( #62, #3099 ) ;
#7904 = DIRECTION ( 'NONE',  ( -0.0000000000000000000, 1.000000000000000000, -0.0000000000000000000 ) ) ;
#7905 = CIRCLE ( 'NONE', #2181, 1.640597137737996200 ) ;
#7906 = EDGE_CURVE ( 'NONE', #6510, #1796, #6525, .T. ) ;
#7907 = VECTOR ( 'NONE', #4125, 39.37007874015748100 ) ;
#7908 = CARTESIAN_POINT ( 'NONE',  ( 0.03031088913245391000, 0.09499999999999998700, 0.1540063509461100100 ) ) ;
#7909 = CARTESIAN_POINT ( 'NONE',  ( -0.02255300552624161400, 0.09999999999999996400, 0.04566987296133762800 ) ) ;
#7910 = DIRECTION ( 'NONE',  ( 0.0000000000000000000, -1.000000000000000000, 0.0000000000000000000 ) ) ;
#7911 = ORIENTED_EDGE ( 'NONE', *, *, #2222, .F. ) ;
#7912 = CARTESIAN_POINT ( 'NONE',  ( 0.02792892988537990600, 0.08999999999999999700, -0.1003242432849202100 ) ) ;
#7913 = ORIENTED_EDGE ( 'NONE', *, *, #2330, .F. ) ;
#7914 = DIRECTION ( 'NONE',  ( -0.8660254037844340400, 0.0000000000000000000, -0.5000000000000081000 ) ) ;
#7915 = FACE_OUTER_BOUND ( 'NONE', #1261, .T. ) ;
#7916 = AXIS2_PLACEMENT_3D ( 'NONE', #3888, #5138, #3254 ) ;
#7917 = CARTESIAN_POINT ( 'NONE',  ( 0.01247154769676553200, 0.09999999999999999200, -0.01685111181790014200 ) ) ;
#7918 = DIRECTION ( 'NONE',  ( -0.0000000000000000000, 1.000000000000000000, -0.0000000000000000000 ) ) ;
#7919 = DIRECTION ( 'NONE',  ( 0.0000000000000000000, -0.0000000000000000000, -1.000000000000000000 ) ) ;
#7920 = AXIS2_PLACEMENT_3D ( 'NONE', #1295, #1320, #5707 ) ;
#7921 = CARTESIAN_POINT ( 'NONE',  ( 0.01514406141517330600, 0.09999999999999993600, 0.07866613464751430500 ) ) ;
#7922 = CARTESIAN_POINT ( 'NONE',  ( -0.04898260559256163000, 0.09999999999999999200, 0.007247364434643189600 ) ) ;
#7923 = TOROIDAL_SURFACE ( 'NONE', #2045, 1.806250000000000400, 0.04687499999999999300 ) ;
#7924 =( BOUNDED_CURVE ( )  B_SPLINE_CURVE ( 3, ( #2259, #6643, #7288, #490 ),
 .UNSPECIFIED., .F., .F. ) 
 B_SPLINE_CURVE_WITH_KNOTS ( ( 4, 4 ),
 ( 4.712388980384687000, 6.283185307179586200 ),
 .UNSPECIFIED. ) 
 CURVE ( )  GEOMETRIC_REPRESENTATION_ITEM ( )  RATIONAL_B_SPLINE_CURVE ( ( 1.000000000000000000, 0.8047378541243643800, 0.8047378541243643800, 1.000000000000000000 ) ) 
 REPRESENTATION_ITEM ( '' )  );
#7925 = DIRECTION ( 'NONE',  ( 0.0000000000000000000, 0.0000000000000000000, 1.000000000000000000 ) ) ;
#7926 = CARTESIAN_POINT ( 'NONE',  ( 0.003348001655159083900, 0.09999999999999999200, 0.06147001928931390000 ) ) ;
#7927 = CARTESIAN_POINT ( 'NONE',  ( 0.02814250465561899500, 0.09467274965458337400, -0.08634899720909858200 ) ) ;
#7928 = ADVANCED_FACE ( 'NONE', ( #8003 ), #6135, .T. ) ;
#7929 = ORIENTED_EDGE ( 'NONE', *, *, #6945, .F. ) ;
#7930 = CARTESIAN_POINT ( 'NONE',  ( 0.01102494847540565200, 0.09999999999999997800, -0.02295218712003040500 ) ) ;
#7931 = CIRCLE ( 'NONE', #7573, 0.03125000000000011100 ) ;
#7932 = AXIS2_PLACEMENT_3D ( 'NONE', #3758, #4379, #29 ) ;
#7933 = VERTEX_POINT ( 'NONE', #114 ) ;
#7934 = DIRECTION ( 'NONE',  ( 0.8660254037844340400, 0.0000000000000000000, 0.5000000000000081000 ) ) ;
#7935 = CARTESIAN_POINT ( 'NONE',  ( -0.004643016908547847000, 0.09749999999999998900, -0.03890313868114533800 ) ) ;
#7936 = CARTESIAN_POINT ( 'NONE',  ( -0.006164421056206137600, 0.09750000000000000300, 0.06284176748864181400 ) ) ;
#7937 = EDGE_CURVE ( 'NONE', #4309, #1046, #1315, .T. ) ;
#7938 = CARTESIAN_POINT ( 'NONE',  ( 0.02358162167217300200, 0.09999999999999996400, 0.05733176156649712200 ) ) ;
#7939 = CARTESIAN_POINT ( 'NONE',  ( -0.01499999999999998600, 0.09499999999999998700, -0.1032531754730548600 ) ) ;
#7941 = ORIENTED_EDGE ( 'NONE', *, *, #7893, .T. ) ;
#7940 = CARTESIAN_POINT ( 'NONE',  ( -2.140423660196056200E-005, 0.09999999999999999200, 0.01389480780768642000 ) ) ;
#7942 = EDGE_CURVE ( 'NONE', #6610, #4493, #7809, .T. ) ;
#7943 = AXIS2_PLACEMENT_3D ( 'NONE', #4554, #5185, #175 ) ;
#7944 = ORIENTED_EDGE ( 'NONE', *, *, #6721, .F. ) ;
#7945 = CARTESIAN_POINT ( 'NONE',  ( 0.01116847297750596900, 0.09749999999999998900, -0.02832740000832495400 ) ) ;
#7946 = DIRECTION ( 'NONE',  ( -0.0000000000000000000, 1.000000000000000000, -0.0000000000000000000 ) ) ;
#7947 = B_SPLINE_CURVE_WITH_KNOTS ( 'NONE', 3,
 ( #7312, #2925, #7938, #4168, #415, #4798, #1055, #5443, #1677, #6062, #2311, #6697 ),
 .UNSPECIFIED., .F., .F.,
 ( 4, 2, 2, 2, 2, 4 ),
 ( 0.0000000000000000000, 7.161090453504892700E-005, 0.0001432218090700978500, 0.0002864436181401960900, 0.0004296654272102943500, 0.0005728872362803926100 ),
 .UNSPECIFIED. ) ;
#7948 = CARTESIAN_POINT ( 'NONE',  ( -0.01521986977581730300, 0.09946113292395654400, -0.1206432405851459400 ) ) ;
#7949 = DIRECTION ( 'NONE',  ( 0.0000000000000000000, 0.0000000000000000000, 1.000000000000000000 ) ) ;
#7950 = ORIENTED_EDGE ( 'NONE', *, *, #5041, .F. ) ;
#7951 = CARTESIAN_POINT ( 'NONE',  ( -0.05061732309783269200, 0.09999999999999999200, 0.02460338982714151800 ) ) ;
#7953 = ORIENTED_EDGE ( 'NONE', *, *, #6161, .F. ) ;
#7952 = ORIENTED_EDGE ( 'NONE', *, *, #3944, .F. ) ;
#7954 = DIRECTION ( 'NONE',  ( 0.0000000000000000000, 0.0000000000000000000, -1.000000000000000000 ) ) ;
#7955 = CARTESIAN_POINT ( 'NONE',  ( -0.04540441047684673500, 0.09749999999999996200, 0.03874263491240909100 ) ) ;
#7956 = CARTESIAN_POINT ( 'NONE',  ( 0.02872378831966506200, 0.09137320342436162900, -0.08786069626516200500 ) ) ;
#7957 = EDGE_CURVE ( 'NONE', #431, #5376, #6331, .T. ) ;
#7958 = FACE_OUTER_BOUND ( 'NONE', #2832, .T. ) ;
#7959 = CARTESIAN_POINT ( 'NONE',  ( 0.0000000000000000000, 3.640773746656663900, 1.665328583257314800 ) ) ;
#7960 = CARTESIAN_POINT ( 'NONE',  ( 0.009924060487778973600, 0.09499999999999997300, -0.03023099263426746700 ) ) ;
#7961 = DIRECTION ( 'NONE',  ( -0.8660254037844386000, 0.0000000000000000000, 0.4999999999999998900 ) ) ;
#7962 = ADVANCED_FACE ( 'NONE', ( #4656 ), #7612, .T. ) ;
#7963 = CARTESIAN_POINT ( 'NONE',  ( 0.02999999769724546000, 0.09500000000000001500, -0.1182531754730547200 ) ) ;
#7964 = AXIS2_PLACEMENT_3D ( 'NONE', #6658, #2913, #7300 ) ;
#7965 = CARTESIAN_POINT ( 'NONE',  ( -0.02951574293284688800, 0.09499999999999997300, 0.006685894129927242100 ) ) ;
#7966 = CARTESIAN_POINT ( 'NONE',  ( 0.007345637450063688100, 0.09999999999999996400, 0.007740993149216231200 ) ) ;
#7967 = CIRCLE ( 'NONE', #6605, 0.03125000000000011100 ) ;
#7968 = CARTESIAN_POINT ( 'NONE',  ( -0.0008719834823511398300, 0.09999999999999995000, -0.03815166448453388000 ) ) ;
#7969 = ORIENTED_EDGE ( 'NONE', *, *, #5092, .T. ) ;
#7970 = ORIENTED_EDGE ( 'NONE', *, *, #8132, .F. ) ;
#7971 = DIRECTION ( 'NONE',  ( -0.0000000000000000000, 1.000000000000000000, -0.0000000000000000000 ) ) ;
#7972 = CARTESIAN_POINT ( 'NONE',  ( -0.01499999999999999100, 0.09499999999999998700, -0.1132531754730548600 ) ) ;
#7973 = ORIENTED_EDGE ( 'NONE', *, *, #681, .T. ) ;
#7974 = CARTESIAN_POINT ( 'NONE',  ( 0.0000000000000000000, 0.3125494028667080100, 0.0000000000000000000 ) ) ;
#7975 = CARTESIAN_POINT ( 'NONE',  ( 0.02999999769724546300, 0.09207106781186547000, -0.1182531754730547200 ) ) ;
#7976 = VECTOR ( 'NONE', #7536, 39.37007874015748100 ) ;
#7977 = AXIS2_PLACEMENT_3D ( 'NONE', #914, #6558, #5304 ) ;
#7978 = CARTESIAN_POINT ( 'NONE',  ( -0.04191059453348519600, 0.09999999999999999200, 0.04859437219567357100 ) ) ;
#7979 = CARTESIAN_POINT ( 'NONE',  ( 0.09477400974995325900, 0.09499999999999998700, 0.09513231622559839600 ) ) ;
#7980 = CARTESIAN_POINT ( 'NONE',  ( -0.03191673652394067000, 0.09499999999999998700, 0.06348832867389876700 ) ) ;
#7981 = CARTESIAN_POINT ( 'NONE',  ( 0.02499999769724536200, 0.08999999999999999700, -0.1013047619644636000 ) ) ;
#7982 = AXIS2_PLACEMENT_3D ( 'NONE', #5222, #1471, #5852 ) ;
#7983 = CARTESIAN_POINT ( 'NONE',  ( -0.003112051407825644100, 0.1000000000000000200, 0.01176320141422126400 ) ) ;
#7985 = DIRECTION ( 'NONE',  ( 7.114187483500683900E-016, 0.0000000000000000000, -1.000000000000000000 ) ) ;
#7984 = CIRCLE ( 'NONE', #1084, 1.368532942513062800 ) ;
#7986 = EDGE_CURVE ( 'NONE', #1912, #4883, #2808, .T. ) ;
#7987 = FACE_OUTER_BOUND ( 'NONE', #2543, .T. ) ;
#7988 = DIRECTION ( 'NONE',  ( 0.0000000000000000000, 0.0000000000000000000, -1.000000000000000000 ) ) ;
#7989 = CARTESIAN_POINT ( 'NONE',  ( -0.02602415310150664500, 0.09499999999999997300, 0.06845849409325927000 ) ) ;
#7990 = EDGE_LOOP ( 'NONE', ( #7458, #1343, #2843, #2861 ) ) ;
#7992 = AXIS2_PLACEMENT_3D ( 'NONE', #3634, #8022, #4257 ) ;
#7991 = CARTESIAN_POINT ( 'NONE',  ( 0.01531350311580289800, 0.09750000000000000300, -0.01267571254290554400 ) ) ;
#7993 = CARTESIAN_POINT ( 'NONE',  ( 0.03073694169435349200, 0.09999999999999999200, 0.06594117866656164200 ) ) ;
#7994 = CIRCLE ( 'NONE', #3665, 1.889487621779129000 ) ;
#7995 = CARTESIAN_POINT ( 'NONE',  ( -0.01395732672562348400, 0.09868127115101110700, -0.09721050219867885500 ) ) ;
#7996 = CARTESIAN_POINT ( 'NONE',  ( 0.01530656585382543900, 0.09749999999999998900, -0.008278307513349758900 ) ) ;
#7997 = ORIENTED_EDGE ( 'NONE', *, *, #2058, .T. ) ;
#7998 = EDGE_CURVE ( 'NONE', #6390, #638, #4458, .T. ) ;
#7999 = DIRECTION ( 'NONE',  ( 0.0000000000000000000, -1.000000000000000000, 0.0000000000000000000 ) ) ;
#8000 = DIRECTION ( 'NONE',  ( -0.0000000000000000000, 1.000000000000000000, 0.0000000000000000000 ) ) ;
#8001 = CIRCLE ( 'NONE', #603, 0.004999999999999997500 ) ;
#8002 = CARTESIAN_POINT ( 'NONE',  ( -0.08808012701892289900, 0.09499999999999998700, 0.07394709581221535500 ) ) ;
#8003 = FACE_OUTER_BOUND ( 'NONE', #7283, .T. ) ;
#8004 = EDGE_CURVE ( 'NONE', #5809, #2137, #1126, .T. ) ;
#8005 = CARTESIAN_POINT ( 'NONE',  ( -0.02690693810996922600, 0.09749999999999904600, 0.06802326110006762200 ) ) ;
#8006 = CARTESIAN_POINT ( 'NONE',  ( 1.217581966248653600E-016, 0.001064817928466515300, 0.9942311261470502300 ) ) ;
#8007 = CARTESIAN_POINT ( 'NONE',  ( -0.01077074296696966700, 0.09750000000000000300, 0.07528513453794095900 ) ) ;
#8008 = CARTESIAN_POINT ( 'NONE',  ( -0.008746824186926504100, 0.09750000000000007300, 0.06199719638278748700 ) ) ;
#8009 = ADVANCED_FACE ( 'NONE', ( #4843 ), #4266, .F. ) ;
#8010 = DIRECTION ( 'NONE',  ( 0.0000000000000000000, 0.0000000000000000000, 1.000000000000000000 ) ) ;
#8011 = FACE_OUTER_BOUND ( 'NONE', #7052, .T. ) ;
#8012 = VERTEX_POINT ( 'NONE', #5806 ) ;
#8013 = CIRCLE ( 'NONE', #3418, 0.03125000000000011100 ) ;
#8014 = CARTESIAN_POINT ( 'NONE',  ( 0.03073770478198045400, 0.09999999999999997800, 0.06414884664522621500 ) ) ;
#8015 = DIRECTION ( 'NONE',  ( 0.0000000000000000000, 0.0000000000000000000, -1.000000000000000000 ) ) ;
#8016 = CARTESIAN_POINT ( 'NONE',  ( 0.0000000000000000000, 4.345012756430420200, 0.0000000000000000000 ) ) ;
#8017 = DIRECTION ( 'NONE',  ( -3.308348408967438100E-016, 0.0000000000000000000, -1.000000000000000000 ) ) ;
#8018 = CARTESIAN_POINT ( 'NONE',  ( -0.01749999884862273700, 0.09999999999999999200, 0.03031088713821078500 ) ) ;
#8019 = ORIENTED_EDGE ( 'NONE', *, *, #7567, .F. ) ;
#8020 = CARTESIAN_POINT ( 'NONE',  ( 0.02727906251727345600, 0.09749999999999996200, 0.07126107135454309800 ) ) ;
#8021 = VERTEX_POINT ( 'NONE', #3954 ) ;
#8022 = DIRECTION ( 'NONE',  ( 1.000000000000000000, 0.0000000000000000000, -1.224646799147353200E-016 ) ) ;
#8023 = VERTEX_POINT ( 'NONE', #194 ) ;
#8024 = CARTESIAN_POINT ( 'NONE',  ( -0.01499999999999998400, 0.09565461545040961100, -0.1032531754530813000 ) ) ;
#8025 = CARTESIAN_POINT ( 'NONE',  ( -0.002033628562705709700, 0.09999999999999999200, 0.02970628604055313200 ) ) ;
#8026 = CARTESIAN_POINT ( 'NONE',  ( 0.0000000000000000000, 0.03125000000000000000, -1.337757700231430900 ) ) ;
#8027 = FACE_OUTER_BOUND ( 'NONE', #494, .T. ) ;
#8028 = CARTESIAN_POINT ( 'NONE',  ( 0.02341071355748341700, 0.09750000000000005900, 0.07375390644869674100 ) ) ;
#8029 = ORIENTED_EDGE ( 'NONE', *, *, #3052, .F. ) ;
#8030 = AXIS2_PLACEMENT_3D ( 'NONE', #653, #5039, #1285 ) ;
#8031 = EDGE_LOOP ( 'NONE', ( #4599, #3866, #7390, #6749 ) ) ;
#8032 = DIRECTION ( 'NONE',  ( 0.0000000000000000000, 1.000000000000000000, -0.0000000000000000000 ) ) ;
#8033 = CARTESIAN_POINT ( 'NONE',  ( 0.0001492476314818371200, 0.09999999999999999200, 0.07927602585988048600 ) ) ;
#8034 = DIRECTION ( 'NONE',  ( 0.5000000000000078800, 0.0000000000000000000, -0.8660254037844340400 ) ) ;
#8035 = DIRECTION ( 'NONE',  ( 0.0000000000000000000, -1.000000000000000000, 0.0000000000000000000 ) ) ;
#8036 = ORIENTED_EDGE ( 'NONE', *, *, #2317, .T. ) ;
#8037 = EDGE_LOOP ( 'NONE', ( #1792, #7433, #7941, #6856 ) ) ;
#8038 = AXIS2_PLACEMENT_3D ( 'NONE', #185, #2651, #4570 ) ;
#8039 = CARTESIAN_POINT ( 'NONE',  ( -0.09241025403784511300, 0.09499999999999998700, 0.07644709581221534300 ) ) ;
#8040 = CARTESIAN_POINT ( 'NONE',  ( 0.0000000000000000000, 0.03125000000000000000, -1.337757700231430900 ) ) ;
#8041 = CARTESIAN_POINT ( 'NONE',  ( 0.0000000000000000000, 0.03396325277604581000, 0.0000000000000000000 ) ) ;
#8042 = CARTESIAN_POINT ( 'NONE',  ( 0.02083094959209070800, 0.08999999999999999700, -0.1082531754730547700 ) ) ;
#8043 = ORIENTED_EDGE ( 'NONE', *, *, #4253, .T. ) ;
#8044 = EDGE_CURVE ( 'NONE', #5136, #6390, #938, .T. ) ;
#8045 = CARTESIAN_POINT ( 'NONE',  ( 0.02606627914099458900, 0.09999999999999997800, 0.07263058779599382300 ) ) ;
#8046 = ADVANCED_FACE ( 'NONE', ( #7421 ), #7228, .T. ) ;
#8047 = DIRECTION ( 'NONE',  ( 0.0000000000000000000, -1.000000000000000000, 0.0000000000000000000 ) ) ;
#8048 = DIRECTION ( 'NONE',  ( -1.000000000000000000, 0.0000000000000000000, 0.0000000000000000000 ) ) ;
#8049 = CARTESIAN_POINT ( 'NONE',  ( -0.002036022316327621800, 0.09961968282111836900, 0.02838057408498849800 ) ) ;
#8050 = EDGE_CURVE ( 'NONE', #7891, #2137, #730, .T. ) ;
#8051 = ORIENTED_EDGE ( 'NONE', *, *, #4260, .T. ) ;
#8052 = CARTESIAN_POINT ( 'NONE',  ( -0.1182179676972449200, 0.08999999999999999700, -0.1032531754730548200 ) ) ;
#8053 = CARTESIAN_POINT ( 'NONE',  ( 0.03240268750317244100, 0.09500000000000002900, -0.02135735674762916100 ) ) ;
#8054 = CARTESIAN_POINT ( 'NONE',  ( 0.02999999769724550100, 0.09207106781186545600, -0.1296428581747729200 ) ) ;
#8055 = DIRECTION ( 'NONE',  ( 0.0000000000000000000, 0.0000000000000000000, 1.000000000000000000 ) ) ;
#8056 = FACE_OUTER_BOUND ( 'NONE', #5323, .T. ) ;
#8057 = CARTESIAN_POINT ( 'NONE',  ( 5.473540530734001800E-016, 0.09499999999999998700, -0.1232531754730548400 ) ) ;
#8058 = ORIENTED_EDGE ( 'NONE', *, *, #1629, .T. ) ;
#8059 = CARTESIAN_POINT ( 'NONE',  ( 0.02553538602941185900, 0.09750000000000000300, 0.05960477941176470200 ) ) ;
#8060 = AXIS2_PLACEMENT_3D ( 'NONE', #6537, #2790, #7180 ) ;
#8061 = DIRECTION ( 'NONE',  ( 0.0000000000000000000, -1.000000000000000000, 0.0000000000000000000 ) ) ;
#8063 = EDGE_CURVE ( 'NONE', #7174, #8012, #5729, .T. ) ;
#8062 = DIRECTION ( 'NONE',  ( 0.0000000000000000000, 0.0000000000000000000, 1.000000000000000000 ) ) ;
#8064 = FACE_OUTER_BOUND ( 'NONE', #5648, .T. ) ;
#8065 = ORIENTED_EDGE ( 'NONE', *, *, #116, .T. ) ;
#8066 = ORIENTED_EDGE ( 'NONE', *, *, #5046, .F. ) ;
#8067 = ORIENTED_EDGE ( 'NONE', *, *, #2051, .F. ) ;
#8068 = CARTESIAN_POINT ( 'NONE',  ( 0.03447255928257794000, 0.09928007339448920200, -0.009242785064383160200 ) ) ;
#8069 = CARTESIAN_POINT ( 'NONE',  ( 0.02812224746173610000, 0.09434550615857317800, -0.1300609456941488900 ) ) ;
#8070 = CIRCLE ( 'NONE', #456, 0.01562499999999991800 ) ;
#8072 = AXIS2_PLACEMENT_3D ( 'NONE', #3675, #8061, #4295 ) ;
#8071 = CARTESIAN_POINT ( 'NONE',  ( -0.05092173599089793600, 0.09993895377690019400, 0.007909020683971987700 ) ) ;
#8073 = CARTESIAN_POINT ( 'NONE',  ( 0.003332950367647150900, 0.09499999999999998700, 0.06397058823529411200 ) ) ;
#8074 = CARTESIAN_POINT ( 'NONE',  ( 0.01919467456653822100, 0.09999999999999999200, 0.07763135727774450600 ) ) ;
#8075 = CARTESIAN_POINT ( 'NONE',  ( -0.008960248161764612600, 0.09750000000000000300, -0.05183823529411765700 ) ) ;
#8076 = ORIENTED_EDGE ( 'NONE', *, *, #581, .T. ) ;
#8077 = AXIS2_PLACEMENT_3D ( 'NONE', #4288, #539, #4914 ) ;
#8078 = CARTESIAN_POINT ( 'NONE',  ( 0.003878676470588326300, 0.09750000000000000300, 0.07683823529411763800 ) ) ;
#8079 = CIRCLE ( 'NONE', #1338, 1.800000000000006500 ) ;
#8080 = ORIENTED_EDGE ( 'NONE', *, *, #7733, .F. ) ;
#8081 = CARTESIAN_POINT ( 'NONE',  ( 0.02064661237343000700, 0.09750000000000000300, -0.04171024164587808900 ) ) ;
#8082 = CARTESIAN_POINT ( 'NONE',  ( 0.0000000000000000000, 4.156250000000000000, 0.0000000000000000000 ) ) ;
#8083 = LINE ( 'NONE', #853, #2888 ) ;
#8084 = ORIENTED_EDGE ( 'NONE', *, *, #6962, .F. ) ;
#8085 = ORIENTED_EDGE ( 'NONE', *, *, #5151, .F. ) ;
#8086 =( BOUNDED_CURVE ( )  B_SPLINE_CURVE ( 3, ( #316, #5961, #2878, #7269 ),
 .UNSPECIFIED., .F., .F. ) 
 B_SPLINE_CURVE_WITH_KNOTS ( ( 4, 4 ),
 ( 1.570796326794895700, 3.141592653589793100 ),
 .UNSPECIFIED. ) 
 CURVE ( )  GEOMETRIC_REPRESENTATION_ITEM ( )  RATIONAL_B_SPLINE_CURVE ( ( 1.000000000000000000, 0.8047378541243648300, 0.8047378541243648300, 1.000000000000000000 ) ) 
 REPRESENTATION_ITEM ( '' )  );
#8087 = CARTESIAN_POINT ( 'NONE',  ( 0.0000000000000000000, 3.594344986626658100, 1.671781169333928800 ) ) ;
#8088 = ADVANCED_FACE ( 'NONE', ( #4071 ), #541, .F. ) ;
#8089 = AXIS2_PLACEMENT_3D ( 'NONE', #1432, #2031, #2698 ) ;
#8090 = DIRECTION ( 'NONE',  ( 7.953156139100003700E-018, 0.9978890110698353000, -0.06494244826048865800 ) ) ;
#8091 = VECTOR ( 'NONE', #5513, 39.37007874015748900 ) ;
#8092 = CARTESIAN_POINT ( 'NONE',  ( 0.02553538602941185900, 0.09750000000000000300, 0.05960477941176470200 ) ) ;
#8093 = CARTESIAN_POINT ( 'NONE',  ( -0.04515765949318623800, 0.09999999999999358000, -0.02687558556628803100 ) ) ;
#8094 = EDGE_LOOP ( 'NONE', ( #6661, #7151, #5073, #2880 ) ) ;
#8095 = EDGE_CURVE ( 'NONE', #5364, #1305, #2212, .T. ) ;
#8096 = CIRCLE ( 'NONE', #1710, 1.775000000000000100 ) ;
#8097 = CARTESIAN_POINT ( 'NONE',  ( 0.03050857773674334500, 0.09999999999999996400, 0.06114451167597096500 ) ) ;
#8098 = CARTESIAN_POINT ( 'NONE',  ( 0.02760993297911884900, 0.09053886747000790300, -0.1227397445780805700 ) ) ;
#8099 = EDGE_CURVE ( 'NONE', #6473, #6447, #2599, .T. ) ;
#8100 = DIRECTION ( 'NONE',  ( 0.0000000000000000000, 0.9978890110698350700, 0.06494244826048947700 ) ) ;
#8101 = CARTESIAN_POINT ( 'NONE',  ( 0.03325718933554656200, 0.09750000000000116900, 0.0005881551593292122900 ) ) ;
#8102 = CARTESIAN_POINT ( 'NONE',  ( 0.006469045671087962600, 0.09749999999999998900, 0.07678664195946749400 ) ) ;
#8103 = DIRECTION ( 'NONE',  ( -0.0000000000000000000, 1.000000000000000000, -0.0000000000000000000 ) ) ;
#8104 = TOROIDAL_SURFACE ( 'NONE', #3447, 1.663177721231778900, 0.03125000000000000000 ) ;
#8105 = ORIENTED_EDGE ( 'NONE', *, *, #5631, .F. ) ;
#8106 = DIRECTION ( 'NONE',  ( -0.5000000000000004400, 0.0000000000000000000, -0.8660254037844383700 ) ) ;
#8107 = CIRCLE ( 'NONE', #5362, 1.796875000000000200 ) ;
#8108 = EDGE_CURVE ( 'NONE', #642, #4423, #5932, .T. ) ;
#8109 = DIRECTION ( 'NONE',  ( -0.4999999999999922300, 0.0000000000000000000, -0.8660254037844431500 ) ) ;
#8110 = CARTESIAN_POINT ( 'NONE',  ( -0.007186751891697545600, 0.09499999999999998700, -0.05179527807137430900 ) ) ;
#8111 = CARTESIAN_POINT ( 'NONE',  ( -0.1282102497889041300, 0.09197492569165555100, 0.04007861657918945100 ) ) ;
#8112 = EDGE_CURVE ( 'NONE', #2972, #657, #3876, .T. ) ;
#8113 = ORIENTED_EDGE ( 'NONE', *, *, #4761, .F. ) ;
#8114 = VECTOR ( 'NONE', #3263, 39.37007874015748100 ) ;
#8115 = CARTESIAN_POINT ( 'NONE',  ( 0.0000000000000000000, 4.375631378215179400, -1.800000000000006500 ) ) ;
#8116 = DIRECTION ( 'NONE',  ( 0.4853627795187343000, 0.0000000000000000000, 0.8743128571957800000 ) ) ;
#8117 = CARTESIAN_POINT ( 'NONE',  ( 0.02546615516371617000, 0.09996664896218672400, 0.05752821407231716000 ) ) ;
#8118 = CARTESIAN_POINT ( 'NONE',  ( -0.03285974763048177300, 0.09999999999999996400, -0.04811828672864466200 ) ) ;
#8119 = CIRCLE ( 'NONE', #7266, 0.05000000000000000300 ) ;
#8120 = EDGE_LOOP ( 'NONE', ( #2028, #5256, #6405, #330 ) ) ;
#8121 = ORIENTED_EDGE ( 'NONE', *, *, #11, .F. ) ;
#8122 = VERTEX_POINT ( 'NONE', #3414 ) ;
#8123 = CARTESIAN_POINT ( 'NONE',  ( 0.01334982235644386100, 0.09499999999999997300, -0.02362620690294496200 ) ) ;
#8124 = CARTESIAN_POINT ( 'NONE',  ( 0.02644863251904271800, 0.09999999999999995000, 0.01623571429378487700 ) ) ;
#8125 = CARTESIAN_POINT ( 'NONE',  ( 0.03372843831414285000, 0.09500000000000001500, -0.01061371829795089600 ) ) ;
#8126 = ADVANCED_FACE ( 'NONE', ( #7029 ), #6829, .T. ) ;
#8127 = FACE_OUTER_BOUND ( 'NONE', #7203, .T. ) ;
#8128 = CARTESIAN_POINT ( 'NONE',  ( -0.07575961894323397800, 0.09999999999999999200, 0.05528684177437111200 ) ) ;
#8129 = CARTESIAN_POINT ( 'NONE',  ( 0.02694633254311616300, 0.09499999999999997300, 0.05994977922545319900 ) ) ;
#8130 = CARTESIAN_POINT ( 'NONE',  ( 0.0000000000000000000, 1.530235274245928000, 0.0000000000000000000 ) ) ;
#8131 = DIRECTION ( 'NONE',  ( 0.4999999999999922300, -0.0000000000000000000, 0.8660254037844431500 ) ) ;
#8132 = EDGE_CURVE ( 'NONE', #1591, #4508, #342, .T. ) ;
#8133 = CARTESIAN_POINT ( 'NONE',  ( -0.1198484896065270300, 0.09053886747000845800, 0.03843293619705350600 ) ) ;
#8134 = CARTESIAN_POINT ( 'NONE',  ( 0.02810764378847642500, 0.09749999999999998900, 0.06210744943166979900 ) ) ;
#8135 = ORIENTED_EDGE ( 'NONE', *, *, #643, .T. ) ;
#8136 = ORIENTED_EDGE ( 'NONE', *, *, #6306, .F. ) ;
#8137 = DIRECTION ( 'NONE',  ( 0.0000000000000000000, -1.000000000000000000, 0.0000000000000000000 ) ) ;
#8138 = CARTESIAN_POINT ( 'NONE',  ( 0.0000000000000000000, 4.345012756430420200, 0.0000000000000000000 ) ) ;
#8139 = ORIENTED_EDGE ( 'NONE', *, *, #2632, .T. ) ;
#8140 = DIRECTION ( 'NONE',  ( 0.0000000000000000000, 0.0000000000000000000, -1.000000000000000000 ) ) ;
#8141 = CARTESIAN_POINT ( 'NONE',  ( -0.01547672094762192100, 0.09749999999999998900, -0.05159963852645346700 ) ) ;
ENDSEC;
END-ISO-10303-21;
