# https://github.com/mikedh/trimesh
v -0.00063915 0.00307045 -0.00270141
v -0.00063915 0.00307045 -0.00193941
v -0.00230944 0.00307045 0.00183350
v -0.00038515 0.00307045 -0.01534128
v 0.00025136 0.00306947 -0.00295588
v -0.00015226 0.00307045 -0.00232041
v 0.00179314 0.00307045 0.00139356
v -0.00253094 0.00307045 0.00096844
v 0.00022077 0.00307045 -0.00169870
v -0.00338789 0.00307045 -0.00270141
v -0.01564285 0.00307045 -0.00355967
v -0.01046866 0.00299208 -0.01247467
v -0.00155149 0.00307045 -0.00035122
v -0.00144534 0.00307045 -0.00055911
v -0.00251180 0.00307045 0.00089242
v -0.00159499 0.00307045 0.00459498
v -0.01002367 0.00307045 0.01291151
v 0.00046335 0.00306872 -0.00170143
v 0.00049725 0.00306997 -0.00193877
v 0.00261758 0.00307045 -0.00193941
v -0.01606104 0.00307045 -0.00129562
v -0.00254833 0.00307045 0.00079547
v -0.00136533 0.00307045 -0.00066212
v -0.00296936 0.00307045 0.00221450
v 0.00524856 0.00307045 0.01515912
v 0.00108544 0.00304356 0.00215646
v 0.00286017 0.00307045 -0.00268019
v 0.00415832 0.00307045 -0.01467262
v -0.00287709 0.00306997 0.00084902
v -0.00393782 0.00307045 -0.00098691
v 0.00082468 0.00307045 0.00459498
v 0.00188155 0.00307045 0.00276443
v 0.00213138 0.00306365 0.00282310
v 0.00121502 0.00306995 0.00237510
v 0.00016478 0.00307045 0.00421398
v 0.00261758 0.00307045 -0.00270141
v 0.00050385 0.00307045 -0.00270141
v 0.00050314 0.00307046 -0.00288156
v -0.00459773 0.00307045 -0.00060591
v -0.00354086 0.00307045 0.00122464
v -0.00370180 0.00306620 0.00151144
v 0.00225009 0.00307045 0.00268313
v 0.00242512 0.00307626 0.00188536
v 0.00186421 0.00306838 0.00202594
v 0.00049477 0.00307045 -0.00291551
v -0.00372174 0.00307045 0.00133955
v -0.00288285 0.00307045 0.00160234
v 0.00037915 0.00306806 0.00210917
v -0.00470064 0.00307045 -0.00082661
v -0.00265710 0.00306867 0.00076049
v 0.00105661 0.00306830 0.00224926
v -0.03618194 0.02528965 -0.00545891
v -0.03672859 0.03790336 -0.00570041
v -0.03623381 0.03790336 -0.00826757
v -0.03558143 0.03790336 -0.01048936
v -0.03377518 0.00841766 -0.00992802
v -0.03524480 0.03790336 -0.01163582
v -0.03269281 0.00841766 -0.01295305
v -0.03394010 0.03790336 -0.01489481
v -0.03206849 0.00841766 -0.01427308
v -0.03383748 0.03790336 -0.01509385
v -0.02988354 0.00839621 -0.01821243
v -0.03233152 0.03790336 -0.01801503
v -0.03144316 0.03790336 -0.01939733
v -0.02450594 0.03093897 -0.02707822
v -0.02016489 0.00841766 -0.02838607
v -0.02124101 0.03790336 -0.02995360
v -0.01981320 0.00841766 -0.02864691
v -0.02032857 0.03790336 -0.03060335
v -0.01686969 0.00841766 -0.03041118
v -0.01728843 0.03790336 -0.03235857
v -0.01614386 0.00841766 -0.03075447
v -0.01701683 0.03790336 -0.03248261
v -0.01376742 0.00841766 -0.03187844
v -0.01409522 0.03790336 -0.03381686
v -0.01184237 0.00841766 -0.03256724
v -0.01247183 0.03790336 -0.03437872
v -0.01053628 0.00841766 -0.03303456
v -0.01077784 0.03790336 -0.03496502
v -0.00734893 0.00841766 -0.03383295
v -0.00772907 0.03790336 -0.03570464
v -0.00720737 0.00841766 -0.03386841
v -0.00736634 0.03790336 -0.03579264
v -0.00476881 0.00799505 -0.03418055
v -0.00389162 0.03790336 -0.03629223
v -0.00284737 0.03790336 -0.03634197
v -0.00362217 0.01877297 -0.03520112
v 0.01741450 0.00841766 0.03048136
v 0.01609939 0.00841766 0.03126962
v 0.01326098 0.00841766 0.03261208
v 0.01400409 0.03790336 0.03436514
v 0.01299712 0.00841766 0.03273688
v 0.01332491 0.03790336 0.03467530
v 0.00976598 0.00841766 0.03389300
v 0.01000753 0.03790336 0.03582346
v 0.00884546 0.00841766 0.03412358
v 0.00935451 0.03790336 0.03598188
v 0.00135523 0.03337155 0.03738565
v -0.01290893 0.03810205 0.03518378
v -0.03502236 0.00016092 0.00380669
v -0.00806106 0.00110580 0.02430004
v 0.01440456 0.00299313 -0.00906068
v 0.01759526 0.09334765 -0.03865094
v 0.01790469 0.10458621 -0.03932414
v 0.01804234 0.09334765 -0.03846285
v 0.01811209 0.10458621 -0.03923824
v 0.02149895 0.10458621 -0.03747515
v 0.02263539 0.10458621 -0.03675115
v -0.02487885 0.09187836 0.03414190
v -0.02780223 0.09187836 0.03181059
v -0.02512675 0.03937265 0.02960506
v -0.02654340 0.03937265 0.02828470
v -0.02888319 0.09187836 0.03077708
v -0.02775011 0.03937265 0.02716002
v -0.03050486 0.09187836 0.02922660
v -0.02984717 0.03937265 0.02480150
v -0.03247311 0.09187836 0.02697375
v -0.03013298 0.03937265 0.02448007
v -0.03296498 0.09187836 0.02641077
v -0.03225443 0.03937265 0.02158876
v -0.03516279 0.09187836 0.02338573
v -0.03265940 0.03937265 0.02091198
v -0.03554623 0.09187836 0.02274397
v -0.03729514 0.07780070 0.01827994
v -0.03691387 0.03957164 0.01211087
v -0.03793141 0.03937265 0.00759231
v -0.04127857 0.09187836 0.00823042
v -0.03837672 0.03937265 0.00490324
v -0.04167919 0.09187836 0.00602288
v -0.03852290 0.03937265 0.00282833
v -0.04194735 0.09187836 0.00304337
v -0.03868584 0.03976969 0.00066482
v -0.04127857 0.09187836 -0.00737199
v -0.03812526 0.03937265 -0.00582064
v -0.04167919 0.09187836 -0.00516444
v -0.03854467 0.03937265 -0.00225913
v -0.04194735 0.09187836 -0.00218493
v -0.04209529 0.09196589 0.00045212
v -0.02487885 0.09187836 -0.03328346
v -0.02373202 0.03937265 -0.02987425
v -0.02780223 0.09187836 -0.03095215
v -0.02646710 0.03937265 -0.02755486
v -0.02888319 0.09187836 -0.02991864
v -0.02656727 0.03937265 -0.02745231
v -0.03050486 0.09187836 -0.02836817
v -0.02897297 0.03937265 -0.02498954
v -0.03247311 0.09187836 -0.02611531
v -0.02982963 0.03937265 -0.02392995
v -0.03296498 0.09187836 -0.02555233
v -0.03122760 0.03937265 -0.02220085
v -0.03516279 0.09187836 -0.02252730
v -0.03265591 0.03937265 -0.02004960
v -0.03554623 0.09187836 -0.02188554
v -0.03321119 0.03937265 -0.01921328
v -0.03708059 0.09187836 -0.01931744
v -0.03490631 0.03937265 -0.01605309
v -0.03805406 0.09187836 -0.01729602
v -0.03498976 0.03937265 -0.01585491
v -0.03870295 0.09187836 -0.01594859
v -0.03629804 0.03937265 -0.01274805
v -0.04001679 0.09187836 -0.01244788
v -0.03672846 0.03937265 -0.01137984
v -0.04101153 0.09187836 -0.00884349
v -0.03737418 0.03937265 -0.00932722
v -0.03793003 0.03937265 -0.00673211
v 0.01363039 0.03937265 -0.03516490
v 0.01023572 0.03937265 -0.03632093
v 0.00997207 0.09187836 -0.03990659
v 0.00911975 0.03937265 -0.03658747
v 0.00245206 0.05456078 -0.03888795
v 0.00483223 0.09187836 -0.04087344
v 0.00151867 0.09187259 -0.04124030
v -0.00123929 0.06068079 -0.03930096
v -0.00560253 0.09187836 -0.04087344
v -0.00300168 0.05460308 -0.03893142
v -0.01074237 0.09187836 -0.03990659
v -0.00989006 0.03937265 -0.03658747
v -0.01147121 0.09187836 -0.03974024
v -0.01100602 0.03937265 -0.03632093
v -0.01502735 0.09187836 -0.03858478
v -0.01440069 0.03937265 -0.03516490
v -0.01571478 0.09187836 -0.03829096
v -0.01446607 0.03937265 -0.03513554
v -0.01846559 0.09187836 -0.03711521
v -0.01767219 0.03937265 -0.03369606
v -0.02044130 0.09187836 -0.03605203
v -0.01879509 0.03937265 -0.03305940
v -0.02175826 0.09187836 -0.03534334
v -0.02079177 0.03937265 -0.03192733
v -0.02285013 0.03937265 -0.03049005
v 0.02309777 0.08498082 -0.03379544
v 0.02688043 0.03929988 -0.02641112
v 0.01070092 0.09187836 -0.03974024
v 0.01425705 0.09187836 -0.03858478
v 0.01369577 0.03937265 -0.03513554
v 0.01494447 0.09187836 -0.03829096
v 0.01690189 0.03937265 -0.03369606
v 0.01769529 0.09187836 -0.03711521
v 0.01802479 0.03937265 -0.03305940
v 0.01967100 0.09187836 -0.03605203
v 0.03045730 0.03937265 -0.02220085
v 0.02905933 0.03937265 -0.02392995
v 0.03170281 0.09187836 -0.02611531
v 0.03413601 0.03937265 -0.01605309
v 0.03477592 0.09187836 -0.02188554
v 0.03631029 0.09187836 -0.01931744
v 0.03421945 0.03937265 -0.01585491
v 0.03219469 0.09187836 -0.02555233
v 0.03439249 0.09187836 -0.02252730
v 0.03188561 0.03937265 -0.02004960
v 0.03244089 0.03937265 -0.01921328
v 0.03924648 0.09187836 -0.01244788
v 0.03552775 0.03937265 -0.01274805
v 0.03793265 0.09187836 -0.01594859
v 0.03728376 0.09187836 -0.01729602
v 0.03924648 0.09187836 0.01330632
v 0.03610592 0.03937265 0.01190869
v 0.04024123 0.09187836 0.00970192
v 0.03702053 0.03937265 0.00844117
v 0.04050826 0.09187836 0.00823042
v 0.03716111 0.03937265 0.00759231
v 0.04090888 0.09187836 0.00602288
v 0.03760642 0.03937265 0.00490324
v 0.04117705 0.09187836 0.00304337
v 0.03775260 0.03937265 0.00282833
v 0.04124406 0.09187836 0.00229879
v 0.03785844 0.03937265 0.00132599
v 0.04124406 0.09187836 -0.00144035
v 0.03778110 0.03937265 -0.00197249
v 0.04117705 0.09187836 -0.00218493
v 0.03777438 0.03937265 -0.00225913
v 0.04090888 0.09187836 -0.00516444
v 0.03735496 0.03937265 -0.00582064
v 0.04050826 0.09187836 -0.00737199
v 0.03715973 0.03937265 -0.00673211
v 0.04024123 0.09187836 -0.00884349
v 0.03660388 0.03937265 -0.00932722
v 0.03595817 0.03937265 -0.01137984
v 0.01967100 0.09187836 0.03691047
v 0.01803475 0.03937265 0.03393349
v 0.01848242 0.03937265 0.03370671
v 0.02098796 0.09187836 0.03620177
v 0.02151567 0.03937265 0.03179370
v 0.02410855 0.09187836 0.03414190
v 0.02208363 0.03937265 0.03135612
v 0.02703192 0.09187836 0.03181059
v 0.02435645 0.03937265 0.02960506
v 0.02811289 0.09187836 0.03077708
v 0.02577310 0.03937265 0.02828470
v 0.02973456 0.09187836 0.02922660
v 0.02697980 0.03937265 0.02716002
v 0.03170281 0.09187836 0.02697375
v 0.02907687 0.03937265 0.02480150
v 0.03219469 0.09187836 0.02641077
v 0.02936267 0.03937265 0.02448007
v 0.03439249 0.09187836 0.02338573
v 0.03148412 0.03937265 0.02158876
v 0.03477592 0.09187836 0.02274397
v 0.03188909 0.03937265 0.02091198
v 0.03496209 0.06565541 0.01908157
v 0.03728376 0.09187836 0.01815446
v 0.03419080 0.03937265 0.01669917
v 0.03793265 0.09187836 0.01680703
v 0.03487062 0.03937265 0.01527532
v 0.03598245 0.03937265 0.01224517
v 0.01528336 0.03937265 0.03532727
v 0.01769529 0.09187836 0.03797364
v 0.01368174 0.03937265 0.03595792
v 0.01494447 0.09187836 0.03914940
v 0.01194661 0.03937265 0.03664115
v 0.00483223 0.09187836 0.04173188
v 0.00497826 0.03937265 0.03830547
v 0.00705552 0.09187836 0.04143071
v 0.00850148 0.03937265 0.03763680
v 0.00997207 0.09187836 0.04076504
v 0.00912136 0.03937265 0.03745766
v 0.01070092 0.09187836 0.04059868
v 0.01425705 0.09187836 0.03944322
v -0.02285393 0.03937265 0.03135612
v -0.02228597 0.03937265 0.03179370
v -0.02175826 0.09187836 0.03620177
v -0.01925272 0.03937265 0.03370671
v -0.02044130 0.09187836 0.03691047
v -0.01880506 0.03937265 0.03393349
v -0.01846559 0.09187836 0.03797364
v -0.01605367 0.03937265 0.03532727
v -0.01571478 0.09187836 0.03914940
v -0.01445205 0.03937265 0.03595792
v -0.01502735 0.09187836 0.03944322
v -0.01271691 0.03937265 0.03664115
v -0.01147121 0.09187836 0.04059868
v -0.00989167 0.03937265 0.03745766
v -0.01074237 0.09187836 0.04076504
v -0.00927178 0.03937265 0.03763680
v -0.00782582 0.09187836 0.04143071
v -0.00574856 0.03937265 0.03830547
v -0.00560253 0.09187836 0.04173188
v -0.00517755 0.03937265 0.03835918
v -0.00412053 0.09187836 0.04193263
v -0.00217821 0.03937265 0.03864127
v -0.00038515 0.09187836 0.04210039
v -0.00038515 0.03937265 0.03864127
v 0.00335022 0.09187836 0.04193263
v 0.00140791 0.03937265 0.03864127
v 0.00440725 0.03937265 0.03835918
v -0.02659979 0.11514025 0.04018197
v -0.02820314 0.11487010 0.03842058
v -0.03289936 0.11484649 0.03435394
v -0.03106285 0.11484649 0.03597027
v -0.03117443 0.11488490 0.03609895
v -0.03392962 0.11484649 0.03327898
v -0.03405122 0.11488490 0.03339747
v -0.03565925 0.11484649 0.03147432
v -0.03669186 0.11488490 0.03046474
v -0.03907783 0.11488490 0.02732133
v -0.04119241 0.11488490 0.02398930
v -0.04399784 0.11321085 0.01740258
v -0.04242731 0.11485071 0.02160884
v -0.03917778 0.11494492 0.02739079
v -0.03678564 0.11494492 0.03054232
v -0.03687017 0.11502479 0.03061225
v -0.03421656 0.11502479 0.03355939
v -0.03428408 0.11512220 0.03362550
v -0.03138740 0.11512220 0.03634567
v -0.03705345 0.11725892 0.03153615
v -0.03413818 0.11494492 0.03348263
v -0.03132565 0.11502479 0.03627414
v -0.02827326 0.11512220 0.03881390
v -0.02815323 0.11494492 0.03864870
v -0.03125396 0.11494492 0.03619108
v -0.02821771 0.11502479 0.03873746
v -0.02597950 0.11167149 0.03829639
v -0.02296057 0.11167149 0.04018684
v -0.02274604 0.11170990 0.04045705
v -0.02267681 0.11167149 0.04033220
v -0.01945924 0.11167149 0.04198035
v -0.01927089 0.11170990 0.04220920
v -0.01921325 0.11167149 0.04208071
v -0.01581670 0.11167149 0.04346624
v -0.01565966 0.11170990 0.04366030
v -0.01561373 0.11167149 0.04352930
v -0.01205990 0.11167149 0.04463350
v -0.01193839 0.11170990 0.04479993
v -0.01190418 0.11167149 0.04466753
v -0.00821667 0.11167149 0.04547348
v -0.00813387 0.11170990 0.04561987
v -0.00811129 0.11167149 0.04548717
v -0.00431546 0.11167149 0.04597997
v -0.00427351 0.11170990 0.04611420
v -0.03877114 0.11217357 0.02640204
v -0.03504826 0.11194719 0.03093659
v -0.03510571 0.11205926 0.03098715
v -0.03238914 0.11205926 0.03382158
v -0.03242810 0.11218273 0.03386224
v -0.03497732 0.11184980 0.03087416
v -0.03233618 0.11194719 0.03376633
v -0.03489496 0.11176992 0.03080167
v -0.03219488 0.11176992 0.03361889
v -0.03227079 0.11184980 0.03369810
v -0.02933452 0.11184980 0.03628234
v -0.02939389 0.11194719 0.03635587
v -0.02606008 0.11170990 0.03841652
v -0.02711696 0.11173449 0.03779234
v -0.02280540 0.11176992 0.04056332
v -0.02414786 0.11218150 0.04019153
v -0.01932102 0.11176992 0.04232011
v -0.01570021 0.11176992 0.04377506
v -0.01196906 0.11176992 0.04491772
v -0.00815443 0.11176992 0.04573983
v -0.00428384 0.11176992 0.04623547
v -0.00388416 0.11225506 0.04643400
v -0.03181026 0.11240535 0.03451052
v -0.03514798 0.11218273 0.03102436
v -0.03757212 0.11205926 0.02793256
v 0.00348681 0.10531693 -0.04382749
v 0.00343380 0.10531693 -0.04382980
v 0.00344418 0.10534723 -0.04395126
v 0.00722409 0.10531693 -0.04333547
v 0.00724517 0.10534723 -0.04345778
v 0.00975713 0.10564143 -0.04354639
v 0.03967506 0.10554148 -0.02021393
v 0.03987826 0.10531693 -0.01834592
v 0.03971013 0.10535120 -0.01899676
v 0.04136140 0.10531693 -0.01476529
v 0.04107706 0.10531693 -0.01545176
v 0.04121297 0.10534723 -0.01550458
v 0.04252684 0.10531693 -0.01106901
v 0.04228744 0.10531693 -0.01182829
v 0.04242873 0.10534723 -0.01186962
v 0.04336568 0.10531693 -0.00728523
v 0.04318188 0.10531693 -0.00811433
v 0.04332751 0.10534723 -0.00814361
v 0.04387155 0.10531693 -0.00344268
v 0.04375378 0.10531693 -0.00433733
v 0.04390266 0.10534723 -0.00435413
v 0.04387155 0.10531693 0.00430118
v 0.04407502 0.10535217 0.00332944
v 0.04350425 0.10531693 0.00709115
v 0.04365586 0.10534723 0.00711349
v 0.04336569 0.10531693 0.00814367
v 0.04291821 0.10534723 0.01087473
v 0.04185996 0.10534723 0.01455862
v 0.04087568 0.10531961 0.01703970
v -0.04411381 0.09658993 -0.00240450
v -0.04425818 0.10509118 -0.00425740
v -0.04198328 0.10534723 -0.01550458
v -0.04045954 0.10534723 -0.01902157
v -0.03895680 0.10529137 -0.02162612
v -0.03863911 0.10534723 -0.02239456
v -0.03435254 0.10529007 -0.02803384
v -0.03653546 0.10534723 -0.02559856
v -0.03179889 0.10531693 -0.03098456
v -0.03416416 0.10534723 -0.02860987
v -0.02894148 0.10531693 -0.03360289
v -0.03144677 0.10531693 -0.03130721
v -0.03154278 0.10534723 -0.03140617
v -0.02586672 0.10531693 -0.03596223
v -0.02860467 0.10531693 -0.03386133
v -0.02869072 0.10534723 -0.03396679
v -0.02259803 0.10531693 -0.03804461
v -0.02555343 0.10531693 -0.03616182
v -0.02562909 0.10534723 -0.03627274
v -0.01916029 0.10531693 -0.03983419
v -0.02231561 0.10531693 -0.03819163
v -0.02238057 0.10534723 -0.03830696
v -0.01557965 0.10531693 -0.04131734
v -0.01891516 0.10531693 -0.03993573
v -0.01896920 0.10534723 -0.04005440
v -0.01188338 0.10531693 -0.04248277
v -0.01537723 0.10531693 -0.04138116
v -0.01542023 0.10534723 -0.04150211
v -0.00809960 0.10531693 -0.04332161
v -0.01172797 0.10531693 -0.04251722
v -0.01175996 0.10534723 -0.04263938
v -0.00425711 0.10531693 -0.04382749
v -0.00799439 0.10531693 -0.04333547
v -0.00801547 0.10534723 -0.04345778
v -0.00038515 0.10531693 -0.04399654
v -0.00420410 0.10531693 -0.04382980
v -0.00421449 0.10534723 -0.04395126
v -0.00423323 0.10546117 -0.04416851
v -0.00038515 0.10546117 -0.04433422
v -0.00038515 0.10539570 -0.04422963
v 0.00728252 0.10546117 -0.04367262
v 0.00726460 0.10539570 -0.04356957
v -0.00903322 0.10592735 -0.04379381
v -0.00810137 0.10585614 -0.04395186
v -0.00809335 0.10574196 -0.04390575
v -0.02105597 0.10589227 -0.03966040
v -0.01915889 0.10574196 -0.04046763
v -0.01557370 0.10574196 -0.04193012
v -0.01555212 0.10563643 -0.04186994
v -0.01185974 0.10563643 -0.04301718
v -0.01183944 0.10554207 -0.04294030
v -0.00806878 0.10554207 -0.04376442
v -0.00805282 0.10546117 -0.04367262
v -0.00422424 0.10539570 -0.04406431
v -0.00038515 0.10534723 -0.04411616
v -0.01178894 0.10539570 -0.04274909
v -0.01545853 0.10539570 -0.04160893
v -0.01549384 0.10546117 -0.04170738
v -0.01906017 0.10546117 -0.04025258
v -0.01909904 0.10554207 -0.04033727
v -0.02253425 0.10554207 -0.03857762
v -0.02257352 0.10563643 -0.03864677
v -0.02585054 0.10563643 -0.03659470
v -0.01901654 0.10539570 -0.04015753
v -0.02248824 0.10546117 -0.03849659
v -0.02580547 0.10554207 -0.03652918
v -0.02893902 0.10563643 -0.03426851
v -0.02569340 0.10539570 -0.03636623
v -0.02876283 0.10539570 -0.03405440
v -0.02882928 0.10546117 -0.03413517
v -0.03169531 0.10546117 -0.03156202
v -0.03176048 0.10554207 -0.03162861
v -0.03440018 0.10554207 -0.02881277
v -0.03446048 0.10563643 -0.02886460
v -0.03685258 0.10563643 -0.02582688
v -0.03425022 0.10539570 -0.02868384
v -0.03662755 0.10539570 -0.02566486
v -0.03671243 0.10546117 -0.02572598
v -0.03882638 0.10546117 -0.02250629
v -0.03890640 0.10554207 -0.02255403
v -0.04073955 0.10554207 -0.01915748
v -0.04081108 0.10563643 -0.01919220
v -0.04234818 0.10563643 -0.01564436
v -0.03873656 0.10539570 -0.02245270
v -0.04065572 0.10546117 -0.01911679
v -0.04227393 0.10554207 -0.01561592
v -0.04357461 0.10563643 -0.01197751
v -0.04208925 0.10539570 -0.01554517
v -0.04330810 0.10539570 -0.01190095
v -0.04340863 0.10546117 -0.01192983
v -0.04423944 0.10567585 -0.01000025
v 0.03740071 0.10511682 0.02320644
v 0.04159315 0.10565056 0.01671812
v 0.04215514 0.10554207 0.01465735
v 0.04329808 0.10563643 0.01096635
v 0.04206678 0.10546117 0.01462779
v 0.04322079 0.10554207 0.01094771
v 0.04404220 0.10563643 0.00717213
v 0.04302853 0.10539570 0.01090133
v 0.04376805 0.10539570 0.00713052
v 0.04387146 0.10546117 0.00714621
v 0.04425879 0.10564158 0.00662622
v 0.04301094 0.10687151 -0.01132432
v 0.04272788 0.10554207 -0.01195556
v 0.04343887 0.10539570 -0.00816545
v 0.04263833 0.10546117 -0.01192983
v 0.04150363 0.10554207 -0.01561592
v 0.04131895 0.10539570 -0.01554517
v 0.03979133 0.10539570 -0.01907112
v 0.03988542 0.10546117 -0.01911679
v -0.00038515 0.10554207 -0.04442740
v -0.00424808 0.10563643 -0.04434057
v -0.00038515 0.10563643 -0.04450691
v -0.00425357 0.10574196 -0.04440426
v -0.00038515 0.10574196 -0.04457085
v -0.00425760 0.10585614 -0.04445089
v -0.01187606 0.10574196 -0.04307899
v -0.00808240 0.10563643 -0.04384276
v -0.00424124 0.10554207 -0.04426135
v -0.01913222 0.10563643 -0.04040953
v -0.01552528 0.10554207 -0.04179509
v -0.01181564 0.10546117 -0.04285021
v -0.00803490 0.10539570 -0.04356957
v -0.02243660 0.10539570 -0.03840564
v -0.02575267 0.10546117 -0.03645241
v -0.02888849 0.10554207 -0.03420712
v -0.03181610 0.10563643 -0.03168544
v -0.03897468 0.10563643 -0.02259477
v -0.03678805 0.10554207 -0.02578042
v -0.03432953 0.10546117 -0.02875202
v -0.03162215 0.10539570 -0.03148727
v -0.04056163 0.10539570 -0.01907112
v -0.04218692 0.10546117 -0.01558258
v -0.04349818 0.10554207 -0.01195556
v -0.04727129 0.11291711 -0.00715284
v -0.04494437 0.10527709 -0.00213883
v -0.04258780 0.10610674 0.01747353
v 0.04196758 0.10539570 0.01459462
v 0.04313020 0.10546117 0.01092586
v 0.04396358 0.10554207 0.00716019
v 0.04253780 0.10539570 -0.01190095
v 0.04141661 0.10546117 -0.01558258
v 0.03996925 0.10554207 -0.01915748
v 0.00345394 0.10539570 -0.04406431
v 0.00346293 0.10546117 -0.04416851
v 0.00347094 0.10554207 -0.04426135
v 0.00165356 0.10631623 -0.04453119
v 0.01452590 0.09321365 -0.03992022
v 0.02748117 0.09261300 -0.03146635
v 0.02714654 0.09261300 -0.03173322
v 0.02724311 0.09264306 -0.03184695
v 0.03022809 0.09261300 -0.02884003
v 0.02988004 0.09261300 -0.02917280
v 0.02998757 0.09264306 -0.02927886
v 0.03272852 0.09261300 -0.02597806
v 0.03237650 0.09261300 -0.02638099
v 0.03249432 0.09264306 -0.02647827
v 0.03496235 0.09261300 -0.02290346
v 0.03461639 0.09261300 -0.02337962
v 0.03474374 0.09264306 -0.02346708
v 0.03691158 0.09261300 -0.01964100
v 0.03658225 0.09261300 -0.02019220
v 0.03671823 0.09264306 -0.02026888
v 0.03856051 0.09261300 -0.01621695
v 0.03825870 0.09261300 -0.01684367
v 0.03840234 0.09264306 -0.01690868
v 0.03989587 0.09261300 -0.01265888
v 0.03963265 0.09261300 -0.01336024
v 0.03978288 0.09264306 -0.01341279
v 0.04090692 0.09261300 -0.00899543
v 0.04069338 0.09261300 -0.00976916
v 0.04084905 0.09264306 -0.00980857
v 0.04158552 0.09261300 -0.00525609
v 0.04143264 0.09261300 -0.00609852
v 0.04159252 0.09264306 -0.00612422
v 0.04192618 0.09261300 -0.00147099
v 0.04184463 0.09261300 -0.00237704
v 0.04200744 0.09264306 -0.00238859
v 0.04192618 0.09261300 0.00232942
v 0.04192618 0.09261300 0.00136618
v 0.04209059 0.09264306 0.00136910
v 0.04158552 0.09261300 0.00611453
v 0.04167666 0.09261300 0.00510184
v 0.04184131 0.09264306 0.00511943
v 0.04090692 0.09261300 0.00985386
v 0.04109804 0.09261300 0.00880075
v 0.04126155 0.09264306 0.00883306
v 0.03989587 0.09261300 0.01351731
v 0.04019486 0.09261300 0.01243397
v 0.04035584 0.09264306 0.01248091
v 0.03856051 0.09261300 0.01707539
v 0.03897420 0.09261300 0.01597308
v 0.03913129 0.09264306 0.01603445
v 0.03744565 0.09261300 0.01939042
v 0.03759747 0.09264306 0.01946585
v 0.03318416 0.09281568 0.02728202
v 0.03708892 0.09280471 0.02132079
v 0.02583485 0.09285777 0.03408580
v 0.01783410 0.10636102 0.04356443
v -0.01799350 0.09281525 0.03952810
v -0.02034645 0.09263246 0.03790092
v -0.02528020 0.09261300 0.03469430
v -0.02340387 0.09261300 0.03593285
v -0.02349848 0.09264306 0.03607815
v -0.02825147 0.09261300 0.03232479
v -0.02645187 0.09261300 0.03375993
v -0.02655869 0.09264306 0.03389590
v -0.03099839 0.09261300 0.02969847
v -0.02929597 0.09261300 0.03132615
v -0.02941406 0.09264306 0.03145171
v -0.03349882 0.09261300 0.02683649
v -0.03191394 0.09261300 0.02865054
v -0.03204223 0.09264306 0.02876473
v -0.03573265 0.09261300 0.02376190
v -0.03428528 0.09261300 0.02575403
v -0.03442265 0.09264306 0.02585600
v -0.03768187 0.09261300 0.02049944
v -0.03639145 0.09261300 0.02265925
v -0.03653668 0.09264306 0.02274826
v -0.03933081 0.09261300 0.01707539
v -0.03821595 0.09261300 0.01939042
v -0.03836777 0.09264306 0.01946585
v -0.03974451 0.09261300 0.01597308
v -0.03990159 0.09264306 0.01603445
v -0.04066618 0.09261300 0.01351731
v -0.04284261 0.09282024 0.00695830
v -0.03349882 0.09261300 -0.02597806
v -0.03538670 0.09261300 -0.02337962
v -0.03551404 0.09264306 -0.02346708
v -0.03099839 0.09261300 -0.02884003
v -0.03314680 0.09261300 -0.02638099
v -0.03326462 0.09264306 -0.02647827
v -0.02825147 0.09261300 -0.03146635
v -0.03065034 0.09261300 -0.02917280
v -0.03075787 0.09264306 -0.02927886
v -0.02528020 0.09261300 -0.03383587
v -0.02791684 0.09261300 -0.03173322
v -0.02801341 0.09264306 -0.03184695
v -0.02210847 0.09261300 -0.03592950
v -0.02496764 0.09261300 -0.03404219
v -0.02505273 0.09264306 -0.03416244
v -0.01876185 0.09261300 -0.03773040
v -0.02182581 0.09261300 -0.03608161
v -0.02189899 0.09264306 -0.03620720
v -0.01526727 0.09261300 -0.03922405
v -0.01851589 0.09261300 -0.03783553
v -0.01857686 0.09264306 -0.03796523
v -0.01165287 0.09261300 -0.04039844
v -0.01506376 0.09261300 -0.03929018
v -0.01511237 0.09264306 -0.03942277
v -0.00794775 0.09261300 -0.04124411
v -0.01149641 0.09261300 -0.04043415
v -0.01153262 0.09264306 -0.04056842
v -0.00418173 0.09261300 -0.04175426
v -0.00784172 0.09261300 -0.04125848
v -0.00786562 0.09264306 -0.04139320
v -0.00038515 0.09261300 -0.04192476
v -0.00412829 0.09261300 -0.04175665
v -0.00414008 0.09264306 -0.04189067
v 0.02419733 0.09261300 -0.03404219
v 0.02133817 0.09261300 -0.03592950
v 0.02112868 0.09264306 -0.03620720
v 0.02105551 0.09261300 -0.03608161
v 0.01799155 0.09261300 -0.03773040
v 0.01780656 0.09264306 -0.03796523
v 0.01774559 0.09261300 -0.03783553
v 0.01449697 0.09261300 -0.03922405
v 0.01434207 0.09264306 -0.03942277
v 0.01429346 0.09261300 -0.03929018
v 0.01088257 0.09261300 -0.04039844
v 0.01076232 0.09264306 -0.04056842
v 0.01072610 0.09261300 -0.04043415
v 0.00717744 0.09261300 -0.04124411
v 0.00709532 0.09264306 -0.04139320
v 0.00707142 0.09261300 -0.04125848
v 0.00341143 0.09261300 -0.04175426
v 0.00336978 0.09264306 -0.04189067
v 0.01438544 0.09269516 -0.03954014
v 0.01079515 0.09269516 -0.04068916
v 0.01082518 0.09276778 -0.04079959
v 0.00713750 0.09276778 -0.04162902
v 0.00715518 0.09285882 -0.04172787
v 0.00339983 0.09285882 -0.04222931
v 0.00340720 0.09296562 -0.04231245
v -0.00038515 0.09296562 -0.04248036
v -0.00038515 0.09308505 -0.04254443
v -0.00418317 0.09308505 -0.04237627
v 0.00338084 0.09269516 -0.04201530
v -0.00038515 0.09269516 -0.04218205
v -0.00038515 0.09276778 -0.04229649
v -0.00416126 0.09276778 -0.04212929
v -0.00417013 0.09285882 -0.04222931
v -0.00792548 0.09285882 -0.04172787
v -0.00794018 0.09296562 -0.04181002
v -0.01164372 0.09296562 -0.04097702
v -0.01166053 0.09308505 -0.04103885
v -0.01408519 0.09333823 -0.04043523
v 0.00335799 0.09261300 -0.04175665
v -0.00038515 0.09264306 -0.04205692
v -0.00415114 0.09269516 -0.04201530
v -0.00790780 0.09276778 -0.04162902
v -0.01162182 0.09285882 -0.04089648
v -0.01525915 0.09296562 -0.03981995
v -0.01156545 0.09269516 -0.04068916
v -0.01515574 0.09269516 -0.03954014
v -0.01519542 0.09276778 -0.03964748
v -0.01867944 0.09276778 -0.03818172
v -0.01872244 0.09285882 -0.03827246
v -0.02207114 0.09285882 -0.03650037
v -0.02211340 0.09296562 -0.03657234
v -0.02529857 0.09296562 -0.03450719
v -0.02196235 0.09269516 -0.03631510
v -0.02512538 0.09269516 -0.03426432
v -0.02519182 0.09276778 -0.03435749
v -0.02816920 0.09276778 -0.03202895
v -0.02823450 0.09285882 -0.03210523
v -0.03100091 0.09285882 -0.02951659
v -0.03106058 0.09296562 -0.02957495
v -0.03359231 0.09296562 -0.02674644
v -0.02809478 0.09269516 -0.03194201
v -0.03092913 0.09276778 -0.02944637
v -0.03352772 0.09285882 -0.02669358
v -0.03586415 0.09296562 -0.02370524
v -0.03084732 0.09269516 -0.02936636
v -0.03336145 0.09269516 -0.02655751
v -0.03345002 0.09276778 -0.02662999
v -0.03571212 0.09276778 -0.02360182
v -0.03579515 0.09285882 -0.02365830
v -0.03561750 0.09269516 -0.02353746
v -0.04029543 0.09296562 0.01618997
v -0.03880360 0.09308505 0.01968429
v -0.04076840 0.09292935 0.01535346
v -0.04012441 0.09276778 0.01612244
v -0.04021780 0.09285882 0.01615932
v -0.03867170 0.09285882 0.01961818
v -0.03874632 0.09296562 0.01965557
v -0.03689697 0.09296562 0.02297070
v -0.03695149 0.09308505 0.02300436
v -0.03481321 0.09308505 0.02614776
v -0.04001797 0.09269516 0.01608041
v -0.03858193 0.09276778 0.01957318
v -0.03682596 0.09285882 0.02292686
v -0.03476188 0.09296562 0.02610941
v -0.03240548 0.09308505 0.02908987
v -0.03664314 0.09269516 0.02281400
v -0.03452289 0.09269516 0.02593089
v -0.03461457 0.09276778 0.02599937
v -0.03222073 0.09276778 0.02892451
v -0.03229555 0.09285882 0.02899148
v -0.02964635 0.09285882 0.03169996
v -0.02970337 0.09296562 0.03176089
v -0.02681954 0.09296562 0.03422943
v -0.02685902 0.09308505 0.03427991
v -0.02376369 0.09308505 0.03648721
v -0.03213547 0.09269516 0.02884819
v -0.02957774 0.09276778 0.03162663
v -0.02676813 0.09285882 0.03416370
v -0.02372883 0.09296562 0.03643345
v -0.02280704 0.09329476 0.03699804
v -0.02663577 0.09269516 0.03399445
v -0.02356655 0.09269516 0.03618314
v -0.02362881 0.09276778 0.03627916
v -0.02036943 0.09276778 0.03819315
v -0.02041640 0.09285882 0.03828191
v 0.03781163 0.09276778 0.01957318
v 0.03944749 0.09285882 0.01615932
v 0.03924767 0.09269516 0.01608041
v 0.04047583 0.09269516 0.01251641
v 0.04058557 0.09276778 0.01254887
v 0.04149638 0.09276778 0.00888045
v 0.04159480 0.09285882 0.00890031
v 0.04138420 0.09269516 0.00885781
v 0.04269800 0.09322560 -0.00226277
v 0.04218423 0.09296295 0.00642682
v 0.04221568 0.09269516 0.00137187
v 0.04224648 0.09276778 -0.00240448
v 0.04234666 0.09285882 -0.00241114
v 0.04192842 0.09285882 -0.00617666
v 0.04201089 0.09296562 -0.00618954
v 0.04126002 0.09296562 -0.00991060
v 0.04132220 0.09308505 -0.00992604
v 0.04024379 0.09308505 -0.01357162
v 0.04213230 0.09269516 -0.00239689
v 0.04182921 0.09276778 -0.00616117
v 0.04117901 0.09285882 -0.00989049
v 0.04018321 0.09296562 -0.01355075
v 0.03938809 0.09347043 -0.01630715
v 0.04097050 0.09269516 -0.00983872
v 0.03990118 0.09269516 -0.01345356
v 0.04000938 0.09276778 -0.01349084
v 0.03862105 0.09276778 -0.01700644
v 0.03871272 0.09285882 -0.01704742
v 0.03701514 0.09285882 -0.02043450
v 0.03708802 0.09296562 -0.02047516
v 0.03509386 0.09296562 -0.02370524
v 0.03514683 0.09308505 -0.02374128
v 0.03287160 0.09308505 -0.02678702
v 0.03851658 0.09269516 -0.01695974
v 0.03692744 0.09276778 -0.02038558
v 0.03502485 0.09285882 -0.02365830
v 0.03282201 0.09296562 -0.02674644
v 0.03682751 0.09269516 -0.02032983
v 0.03484720 0.09269516 -0.02353746
v 0.03494182 0.09276778 -0.02360182
v 0.03267972 0.09276778 -0.02662999
v 0.03275742 0.09285882 -0.02669358
v 0.03023061 0.09285882 -0.02951659
v 0.03179307 0.09413451 -0.02812813
v 0.02751847 0.09296562 -0.03216863
v 0.02456548 0.09308505 -0.03455936
v 0.02624643 0.09356941 -0.03358443
v 0.02139723 0.09321365 -0.03666451
v 0.03259116 0.09269516 -0.02655751
v 0.03015883 0.09276778 -0.02944637
v 0.02746420 0.09285882 -0.03210523
v 0.02452827 0.09296562 -0.03450719
v 0.02137555 0.09308505 -0.03662759
v 0.01803365 0.09321365 -0.03844449
v 0.02732448 0.09269516 -0.03194201
v 0.02435507 0.09269516 -0.03426432
v 0.02442152 0.09276778 -0.03435749
v 0.02124999 0.09276778 -0.03641378
v 0.02130083 0.09285882 -0.03650037
v 0.01795213 0.09285882 -0.03827246
v 0.01798787 0.09296562 -0.03834789
v 0.01448885 0.09296562 -0.03981995
v 0.01451106 0.09308505 -0.03988005
v 0.01089023 0.09308505 -0.04103885
v 0.01211544 0.09379466 -0.04065452
v 0.02450990 0.09261300 -0.03383587
v 0.02428242 0.09264306 -0.03416244
v 0.02119204 0.09269516 -0.03631510
v 0.01790914 0.09276778 -0.03818172
v 0.01445992 0.09285882 -0.03974167
v 0.01087342 0.09296562 -0.04097702
v 0.00718116 0.09308505 -0.04187310
v 0.01786014 0.09269516 -0.03807831
v 0.01442511 0.09276778 -0.03964748
v 0.01085152 0.09285882 -0.04089648
v 0.00716988 0.09296562 -0.04181002
v 0.00341286 0.09308505 -0.04237627
v -0.00795146 0.09308505 -0.04187310
v -0.00417751 0.09296562 -0.04231245
v -0.00038515 0.09285882 -0.04239690
v 0.00339095 0.09276778 -0.04212929
v 0.00711735 0.09269516 -0.04151637
v -0.00788765 0.09269516 -0.04151637
v -0.01159548 0.09276778 -0.04079959
v -0.01523022 0.09285882 -0.03974167
v -0.01875818 0.09296562 -0.03834789
v -0.02828877 0.09296562 -0.03216863
v -0.02525012 0.09285882 -0.03443925
v -0.02202029 0.09276778 -0.03641378
v -0.01863044 0.09269516 -0.03807831
v -0.03847963 0.09269516 0.01952191
v -0.03674052 0.09276778 0.02287411
v -0.03469502 0.09285882 0.02605946
v -0.03235774 0.09296562 0.02904714
v -0.02974715 0.09308505 0.03180768
v -0.02949955 0.09269516 0.03154308
v -0.02670627 0.09276778 0.03408459
v -0.02368343 0.09285882 0.03636341
v -0.02045543 0.09296562 0.03835567
v -0.02031590 0.09269516 0.03809200
v 0.03770932 0.09269516 0.01952191
v 0.03935411 0.09276778 0.01612244
v 0.04068185 0.09285882 0.01257735
v 0.04071858 0.09341378 0.01312298
v 0.04171615 0.09269516 -0.00614352
v 0.04108156 0.09276778 -0.00986629
v 0.04010431 0.09285882 -0.01352356
v 0.03878891 0.09296562 -0.01708147
v 0.03714398 0.09308505 -0.02050638
v 0.03007702 0.09269516 -0.02936636
v 0.02739890 0.09276778 -0.03202895
v 0.02447982 0.09285882 -0.03443925
v 0.02134310 0.09296562 -0.03657234
v 0.01801530 0.09308505 -0.03840579
v 0.02001063 0.03923865 -0.03191015
v 0.03044092 0.03923865 -0.02218883
v 0.03658424 0.03923865 -0.00932203
v 0.03758624 0.03923865 0.00490086
v 0.03330759 0.03923865 0.01850189
v 0.02434331 0.03923865 0.02958956
v 0.01194006 0.03923865 0.03662193
v -0.00217725 0.03923865 0.03862098
v -0.01604535 0.03923865 0.03530874
v -0.02773557 0.03923865 0.02714582
v -0.03835655 0.03923865 0.00490086
v -0.03735454 0.03923865 -0.00932203
v -0.03121122 0.03923865 -0.02218883
v -0.02078094 0.03923865 -0.03191015
v -0.01766301 0.03923865 -0.03367794
v 0.02532136 0.03866806 -0.02715204
v 0.02262566 0.03866806 -0.02943805
v 0.02270202 0.03872016 -0.02953717
v 0.00318623 0.03863801 -0.03697195
v 0.00313296 0.03863801 -0.03697449
v 0.00314545 0.03866806 -0.03710857
v 0.00672526 0.03863801 -0.03646311
v 0.00661969 0.03863801 -0.03647829
v 0.00664504 0.03866806 -0.03661302
v 0.01019991 0.03863801 -0.03562017
v 0.01004443 0.03863801 -0.03565789
v 0.01008284 0.03866806 -0.03579194
v 0.01357869 0.03863801 -0.03445077
v 0.01337709 0.03863801 -0.03452054
v 0.01342865 0.03866806 -0.03465254
v 0.01683102 0.03863801 -0.03296548
v 0.01658845 0.03863801 -0.03307626
v 0.01665305 0.03866806 -0.03320485
v 0.01992742 0.03863801 -0.03117776
v 0.01965029 0.03863801 -0.03133777
v 0.01972773 0.03866806 -0.03146158
v 0.02800934 0.03863801 -0.02417475
v 0.02767807 0.03863801 -0.02452218
v 0.02779115 0.03866806 -0.02462366
v 0.03021952 0.03863801 -0.02136427
v 0.02988979 0.03863801 -0.02178356
v 0.03001334 0.03866806 -0.02187510
v 0.03215254 0.03863801 -0.01835643
v 0.03183531 0.03863801 -0.01885004
v 0.03196838 0.03866806 -0.01893053
v 0.03379089 0.03863801 -0.01517846
v 0.03349758 0.03863801 -0.01574742
v 0.03363909 0.03866806 -0.01581584
v 0.03511975 0.03863801 -0.01185915
v 0.03486201 0.03863801 -0.01250295
v 0.03501080 0.03866806 -0.01255837
v 0.03612708 0.03863801 -0.00842855
v 0.03591665 0.03863801 -0.00914514
v 0.03607144 0.03866806 -0.00918678
v 0.03680372 0.03863801 -0.00491774
v 0.03665227 0.03863801 -0.00570348
v 0.03681171 0.03866806 -0.00573067
v 0.03714359 0.03863801 -0.00135850
v 0.03706245 0.03863801 -0.00220821
v 0.03722509 0.03866806 -0.00222044
v 0.03714359 0.03863801 0.00221693
v 0.03714359 0.03863801 0.00130999
v 0.03730795 0.03866806 0.00131308
v 0.03680372 0.03863801 0.00577617
v 0.03689500 0.03863801 0.00482020
v 0.03705955 0.03866806 0.00483884
v 0.03612708 0.03863801 0.00928699
v 0.03631891 0.03863801 0.00829161
v 0.03648210 0.03866806 0.00832584
v 0.03511975 0.03863801 0.01271758
v 0.03542039 0.03863801 0.01169374
v 0.03558065 0.03866806 0.01174345
v 0.03379089 0.03863801 0.01603690
v 0.03420732 0.03863801 0.01499672
v 0.03436313 0.03866806 0.01506162
v 0.03215254 0.03863801 0.01921486
v 0.03269041 0.03863801 0.01817154
v 0.03284025 0.03866806 0.01825121
v 0.03021952 0.03863801 0.02222271
v 0.03088300 0.03863801 0.02119032
v 0.03102538 0.03866806 0.02128418
v 0.02800934 0.03863801 0.02503319
v 0.02880094 0.03863801 0.02402658
v 0.02893447 0.03866806 0.02413387
v 0.02554201 0.03863801 0.02762084
v 0.02646254 0.03863801 0.02665542
v 0.02658590 0.03866806 0.02677525
v 0.02283988 0.03863801 0.02996225
v 0.02388836 0.03863801 0.02905373
v 0.02400031 0.03866806 0.02918509
v 0.01992742 0.03863801 0.03203620
v 0.02110100 0.03863801 0.03120050
v 0.02120042 0.03866806 0.03134222
v 0.01683102 0.03863801 0.03382391
v 0.01812494 0.03863801 0.03307687
v 0.01821083 0.03866806 0.03322770
v 0.01357869 0.03863801 0.03530920
v 0.01498634 0.03863801 0.03466635
v 0.01505782 0.03866806 0.03482494
v 0.01019991 0.03863801 0.03647861
v 0.01171273 0.03863801 0.03595502
v 0.01176910 0.03866806 0.03611990
v 0.00672526 0.03863801 0.03732156
v 0.00833289 0.03863801 0.03693155
v 0.00837357 0.03866806 0.03710122
v 0.00318623 0.03863801 0.03783038
v 0.00487648 0.03863801 0.03758736
v 0.00490106 0.03866806 0.03776026
v -0.00038515 0.03863801 0.03800051
v 0.00137387 0.03863801 0.03791673
v 0.00138210 0.03866806 0.03809124
v -0.00395653 0.03863801 0.03783038
v -0.00214418 0.03863801 0.03791673
v -0.00215240 0.03866806 0.03809124
v -0.00749556 0.03863801 0.03732156
v -0.00564679 0.03863801 0.03758736
v -0.00567136 0.03866806 0.03776026
v -0.01097021 0.03863801 0.03647861
v -0.00910319 0.03863801 0.03693155
v -0.00914387 0.03866806 0.03710122
v -0.01434899 0.03863801 0.03530920
v -0.01248303 0.03863801 0.03595502
v -0.01253940 0.03866806 0.03611990
v -0.01760131 0.03863801 0.03382391
v -0.01575663 0.03863801 0.03466635
v -0.01582812 0.03866806 0.03482494
v -0.02069773 0.03863801 0.03203620
v -0.01889524 0.03863801 0.03307687
v -0.01898113 0.03866806 0.03322770
v -0.02361018 0.03863801 0.02996225
v -0.02187130 0.03863801 0.03120050
v -0.02197072 0.03866806 0.03134222
v -0.02631231 0.03863801 0.02762084
v -0.02465866 0.03863801 0.02905373
v -0.02477061 0.03866806 0.02918509
v -0.02877964 0.03863801 0.02503319
v -0.02723285 0.03863801 0.02665542
v -0.02735621 0.03866806 0.02677525
v -0.03098982 0.03863801 0.02222271
v -0.02957124 0.03863801 0.02402658
v -0.02970478 0.03866806 0.02413387
v -0.03292285 0.03863801 0.01921486
v -0.03165330 0.03863801 0.02119032
v -0.03179568 0.03866806 0.02128418
v -0.03456120 0.03863801 0.01603690
v -0.03346072 0.03863801 0.01817154
v -0.03361055 0.03866806 0.01825121
v -0.03589005 0.03863801 0.01271758
v -0.03497763 0.03863801 0.01499672
v -0.03513344 0.03866806 0.01506162
v -0.03689737 0.03863801 0.00928699
v -0.03619068 0.03863801 0.01169374
v -0.03635096 0.03866806 0.01174345
v -0.03757402 0.03863801 0.00577617
v -0.03708921 0.03863801 0.00829161
v -0.03725240 0.03866806 0.00832584
v -0.03791389 0.03863801 0.00221693
v -0.03766531 0.03863801 0.00482020
v -0.03782986 0.03866806 0.00483884
v -0.03791389 0.03863801 -0.00135850
v -0.03791389 0.03863801 0.00130999
v -0.03807825 0.03866806 0.00131308
v -0.03757402 0.03863801 -0.00491774
v -0.03783275 0.03863801 -0.00220821
v -0.03799539 0.03866806 -0.00222044
v -0.03689737 0.03863801 -0.00842855
v -0.03742258 0.03863801 -0.00570348
v -0.03758201 0.03866806 -0.00573067
v -0.03589005 0.03863801 -0.01185915
v -0.03668696 0.03863801 -0.00914514
v -0.03684175 0.03866806 -0.00918678
v -0.03456120 0.03863801 -0.01517846
v -0.03563231 0.03863801 -0.01250295
v -0.03578110 0.03866806 -0.01255837
v -0.03292285 0.03863801 -0.01835643
v -0.03426788 0.03863801 -0.01574742
v -0.03440939 0.03866806 -0.01581584
v -0.03098982 0.03863801 -0.02136427
v -0.03260562 0.03863801 -0.01885004
v -0.03273868 0.03866806 -0.01893053
v -0.02877964 0.03863801 -0.02417475
v -0.03066009 0.03863801 -0.02178356
v -0.03078364 0.03866806 -0.02187510
v -0.02631231 0.03863801 -0.02676241
v -0.02844837 0.03863801 -0.02452218
v -0.02856146 0.03866806 -0.02462366
v -0.02361018 0.03863801 -0.02910381
v -0.02598983 0.03863801 -0.02704184
v -0.02609166 0.03866806 -0.02715204
v -0.02069773 0.03863801 -0.03117776
v -0.02330606 0.03863801 -0.02932038
v -0.02339596 0.03866806 -0.02943805
v -0.01760131 0.03863801 -0.03296548
v -0.02042059 0.03863801 -0.03133777
v -0.02049803 0.03866806 -0.03146158
v -0.01434899 0.03863801 -0.03445077
v -0.01735875 0.03863801 -0.03307626
v -0.01742336 0.03866806 -0.03320485
v -0.01097021 0.03863801 -0.03562017
v -0.01414740 0.03863801 -0.03452054
v -0.01419894 0.03866806 -0.03465254
v -0.00749556 0.03863801 -0.03646311
v -0.01081473 0.03863801 -0.03565789
v -0.01085314 0.03866806 -0.03579194
v -0.00395653 0.03863801 -0.03697195
v -0.00739000 0.03863801 -0.03647829
v -0.00741534 0.03866806 -0.03661302
v -0.00038515 0.03863801 -0.03714207
v -0.00390326 0.03863801 -0.03697449
v -0.00391576 0.03866806 -0.03710857
v 0.02554201 0.03863801 -0.02676241
v 0.02521954 0.03863801 -0.02704184
v 0.02283988 0.03863801 -0.02910381
v 0.02253576 0.03863801 -0.02932038
v 0.01985552 0.03879279 -0.03166421
v 0.01979447 0.03872016 -0.03156741
v 0.01680669 0.03888382 -0.03350813
v 0.01676131 0.03879279 -0.03341855
v 0.01670960 0.03872016 -0.03331647
v 0.01358378 0.03899062 -0.03504653
v 0.01355320 0.03888382 -0.03496887
v 0.01351641 0.03879279 -0.03487544
v 0.01347449 0.03872016 -0.03476897
v 0.01021819 0.03911005 -0.03626028
v 0.01020040 0.03899062 -0.03619872
v 0.01017723 0.03888382 -0.03611854
v 0.01014935 0.03879279 -0.03602208
v 0.01011758 0.03872016 -0.03591214
v 0.00674392 0.03923865 -0.03713405
v 0.00673594 0.03911005 -0.03709198
v 0.00672399 0.03899062 -0.03702903
v 0.00670843 0.03888382 -0.03694703
v 0.00668971 0.03879279 -0.03684838
v 0.00666837 0.03872016 -0.03673595
v -0.01100038 0.03923865 -0.03630141
v -0.00751423 0.03923865 -0.03713405
v -0.00750624 0.03911005 -0.03709198
v -0.01439325 0.03923865 -0.03514599
v -0.01098850 0.03911005 -0.03626028
v -0.00749429 0.03899062 -0.03702903
v -0.00743867 0.03872016 -0.03673595
v -0.01088788 0.03872016 -0.03591214
v -0.01091965 0.03879279 -0.03602208
v -0.01428672 0.03879279 -0.03487544
v -0.01432351 0.03888382 -0.03496887
v -0.01757699 0.03888382 -0.03350813
v -0.01761470 0.03899062 -0.03358258
v -0.02072391 0.03899062 -0.03181973
v -0.02075809 0.03911005 -0.03187392
v -0.02369349 0.03911005 -0.02982423
v -0.02371962 0.03923865 -0.02985815
v -0.02645325 0.03923865 -0.02754000
v -0.02056478 0.03872016 -0.03156741
v -0.02347232 0.03872016 -0.02953717
v -0.02354217 0.03879279 -0.02962782
v -0.02625500 0.03879279 -0.02732729
v -0.02632346 0.03888382 -0.02740075
v -0.02881553 0.03888382 -0.02484956
v -0.02887790 0.03899062 -0.02490501
v -0.03112504 0.03899062 -0.02212559
v -0.03117670 0.03911005 -0.02216350
v -0.03315701 0.03911005 -0.01918086
v -0.03319376 0.03923865 -0.01920284
v -0.03488797 0.03923865 -0.01604433
v -0.03088452 0.03872016 -0.02194912
v -0.03284605 0.03872016 -0.01899478
v -0.03294425 0.03879279 -0.01905354
v -0.03462558 0.03879279 -0.01591906
v -0.03471619 0.03888382 -0.01596231
v -0.03610027 0.03888382 -0.01267548
v -0.03617862 0.03899062 -0.01270423
v -0.03725118 0.03899062 -0.00929477
v -0.03731313 0.03911005 -0.00931111
v -0.03806297 0.03911005 -0.00581032
v -0.03810522 0.03923865 -0.00581731
v -0.03852441 0.03923865 -0.00225771
v -0.03696273 0.03872016 -0.00921869
v -0.03770546 0.03872016 -0.00575112
v -0.03781835 0.03879279 -0.00576981
v -0.03823436 0.03879279 -0.00223727
v -0.03833452 0.03888382 -0.00224433
v -0.03841813 0.03888382 0.00132105
v -0.03850157 0.03899062 0.00132301
v -0.03825039 0.03899062 0.00488836
v -0.03831402 0.03911005 0.00489585
v -0.03772910 0.03911005 0.00842794
v -0.03777097 0.03923865 0.00843691
v -0.03685684 0.03923865 0.01190259
v -0.03820334 0.03872016 0.00131602
v -0.03795412 0.03872016 0.00485347
v -0.03806777 0.03879279 0.00486686
v -0.03748665 0.03879279 0.00837601
v -0.03758483 0.03888382 0.00839705
v -0.03667526 0.03888382 0.01184547
v -0.03675487 0.03899062 0.01187051
v -0.03552368 0.03899062 0.01522596
v -0.03558274 0.03911005 0.01525082
v -0.03404016 0.03911005 0.01848165
v -0.03407789 0.03923865 0.01850189
v -0.03223750 0.03923865 0.02157751
v -0.03737475 0.03872016 0.00835205
v -0.03657948 0.03879279 0.01181533
v -0.03544677 0.03888382 0.01519357
v -0.03398370 0.03899062 0.01845136
v -0.03220182 0.03911005 0.02155383
v -0.03011718 0.03923865 0.02446729
v -0.03524876 0.03872016 0.01511018
v -0.03372082 0.03872016 0.01831036
v -0.03382166 0.03879279 0.01836445
v -0.03199526 0.03879279 0.02141668
v -0.03207891 0.03888382 0.02147222
v -0.02996915 0.03888382 0.02434761
v -0.03003405 0.03899062 0.02440009
v -0.02765911 0.03899062 0.02707113
v -0.02770494 0.03911005 0.02711590
v -0.02508592 0.03911005 0.02955690
v -0.02511362 0.03923865 0.02958956
v -0.02227434 0.03923865 0.03177704
v -0.03189992 0.03872016 0.02135339
v -0.02989107 0.03879279 0.02428448
v -0.02759940 0.03888382 0.02701280
v -0.02504448 0.03899062 0.02950803
v -0.02224982 0.03911005 0.03174194
v -0.01924270 0.03923865 0.03368904
v -0.02744571 0.03872016 0.02686268
v -0.02485154 0.03872016 0.02928052
v -0.02492555 0.03879279 0.02936780
v -0.02210787 0.03879279 0.03153864
v -0.02216536 0.03888382 0.03162096
v -0.01914881 0.03888382 0.03352345
v -0.01918998 0.03899062 0.03359604
v -0.01600156 0.03899062 0.03521122
v -0.01602781 0.03911005 0.03526968
v -0.01269656 0.03911005 0.03658138
v -0.01271036 0.03923865 0.03662193
v -0.00926707 0.03923865 0.03761704
v -0.02204235 0.03872016 0.03144481
v -0.01909929 0.03879279 0.03343609
v -0.01596737 0.03888382 0.03513509
v -0.01267590 0.03899062 0.03652074
v -0.00925711 0.03911005 0.03757539
v -0.00574571 0.03923865 0.03828535
v -0.01587938 0.03872016 0.03493908
v -0.01257973 0.03872016 0.03623834
v -0.01261663 0.03879279 0.03634667
v -0.00919952 0.03879279 0.03733423
v -0.00922284 0.03888382 0.03743190
v -0.00571902 0.03888382 0.03809688
v -0.00573073 0.03899062 0.03817952
v -0.00217225 0.03899062 0.03851421
v -0.00217525 0.03911005 0.03857822
v 0.00140495 0.03911005 0.03857822
v 0.00140695 0.03923865 0.03862098
v 0.00497541 0.03923865 0.03828535
v -0.00917294 0.03872016 0.03722292
v -0.00570495 0.03879279 0.03799746
v -0.00216833 0.03888382 0.03843084
v 0.00140194 0.03899062 0.03851421
v 0.00496941 0.03911005 0.03824295
v 0.00849676 0.03923865 0.03761704
v -0.00215826 0.03872016 0.03821622
v 0.00138796 0.03872016 0.03821622
v 0.00139333 0.03879279 0.03833054
v 0.00493465 0.03879279 0.03799746
v 0.00494872 0.03888382 0.03809688
v 0.00845254 0.03888382 0.03743190
v 0.00847193 0.03899062 0.03751307
v 0.01190560 0.03899062 0.03652074
v 0.01192625 0.03911005 0.03658138
v 0.01525750 0.03911005 0.03526968
v 0.01527504 0.03923865 0.03530874
v 0.01847240 0.03923865 0.03368904
v 0.00491860 0.03872016 0.03788415
v 0.00842922 0.03879279 0.03733423
v 0.01187870 0.03888382 0.03644173
v 0.01523125 0.03899062 0.03521122
v 0.01845128 0.03911005 0.03365179
v 0.02150404 0.03923865 0.03177704
v 0.01180943 0.03872016 0.03623834
v 0.01510907 0.03872016 0.03493908
v 0.01515594 0.03879279 0.03504348
v 0.01832899 0.03879279 0.03343609
v 0.01837852 0.03888382 0.03352345
v 0.02139505 0.03888382 0.03162096
v 0.02144284 0.03899062 0.03168939
v 0.02427417 0.03899062 0.02950803
v 0.02431562 0.03911005 0.02955690
v 0.02693464 0.03911005 0.02711590
v 0.02696527 0.03923865 0.02714582
v 0.02934688 0.03923865 0.02446729
v 0.01827254 0.03872016 0.03333655
v 0.02133757 0.03879279 0.03153864
v 0.02422019 0.03888382 0.02944438
v 0.02688881 0.03899062 0.02707113
v 0.02931358 0.03911005 0.02444037
v 0.03146719 0.03923865 0.02157751
v 0.02408124 0.03872016 0.02928052
v 0.02667541 0.03872016 0.02686268
v 0.02675727 0.03879279 0.02694264
v 0.02912077 0.03879279 0.02428448
v 0.02919885 0.03888382 0.02434761
v 0.03130862 0.03888382 0.02147222
v 0.03137814 0.03899062 0.02151839
v 0.03321339 0.03899062 0.01845136
v 0.03326987 0.03911005 0.01848165
v 0.03481243 0.03911005 0.01525082
v 0.03485190 0.03923865 0.01526744
v 0.03608654 0.03923865 0.01190259
v 0.02903178 0.03872016 0.02421253
v 0.03122496 0.03879279 0.02141668
v 0.03313985 0.03888382 0.01841191
v 0.03475338 0.03899062 0.01522596
v 0.03604569 0.03911005 0.01188974
v 0.03700066 0.03923865 0.00843691
v 0.03295052 0.03872016 0.01831036
v 0.03447845 0.03872016 0.01511018
v 0.03458392 0.03879279 0.01515459
v 0.03580917 0.03879279 0.01181533
v 0.03590495 0.03888382 0.01184547
v 0.03681454 0.03888382 0.00839705
v 0.03689614 0.03899062 0.00841452
v 0.03748008 0.03899062 0.00488836
v 0.03754372 0.03911005 0.00489585
v 0.03779532 0.03911005 0.00132451
v 0.03783813 0.03923865 0.00132552
v 0.03775410 0.03923865 -0.00225771
v 0.03570001 0.03872016 0.01178099
v 0.03671635 0.03879279 0.00837601
v 0.03739720 0.03888382 0.00487860
v 0.03773126 0.03899062 0.00132301
v 0.03771140 0.03911005 -0.00225470
v 0.03733492 0.03923865 -0.00581731
v 0.03718381 0.03872016 0.00485347
v 0.03743304 0.03872016 0.00131602
v 0.03754744 0.03879279 0.00131870
v 0.03746407 0.03879279 -0.00223727
v 0.03756422 0.03888382 -0.00224433
v 0.03714712 0.03888382 -0.00578622
v 0.03722946 0.03899062 -0.00579985
v 0.03648088 0.03899062 -0.00929477
v 0.03654283 0.03911005 -0.00931111
v 0.03546847 0.03911005 -0.01272631
v 0.03550867 0.03923865 -0.01274105
v 0.03411767 0.03923865 -0.01604433
v 0.03734991 0.03872016 -0.00222923
v 0.03704805 0.03879279 -0.00576981
v 0.03640018 0.03888382 -0.00927348
v 0.03540832 0.03899062 -0.01270423
v 0.03407903 0.03911005 -0.01602588
v 0.03242345 0.03923865 -0.01920284
v 0.03619243 0.03872016 -0.00921869
v 0.03512826 0.03872016 -0.01260147
v 0.03523570 0.03879279 -0.01264090
v 0.03385527 0.03879279 -0.01591906
v 0.03394588 0.03888382 -0.01596231
v 0.03226012 0.03888382 -0.01910510
v 0.03233173 0.03899062 -0.01914796
v 0.03035474 0.03899062 -0.02212559
v 0.03040639 0.03911005 -0.02216350
v 0.02815548 0.03911005 -0.02494759
v 0.02818748 0.03923865 -0.02497604
v 0.03375201 0.03872016 -0.01586975
v 0.03217394 0.03879279 -0.01905354
v 0.03028744 0.03888382 -0.02207622
v 0.02810760 0.03899062 -0.02490501
v 0.02565375 0.03911005 -0.02750867
v 0.02382035 0.03943979 -0.02925512
v 0.03011422 0.03872016 -0.02194912
v 0.02788467 0.03872016 -0.02470680
v 0.02797018 0.03879279 -0.02478284
v 0.02548470 0.03879279 -0.02732729
v 0.02555316 0.03888382 -0.02740075
v 0.02283315 0.03888382 -0.02970736
v 0.02288408 0.03899062 -0.02977348
v 0.01995361 0.03899062 -0.03181973
v 0.01998779 0.03911005 -0.03187392
v 0.01687335 0.03911005 -0.03363974
v 0.01689272 0.03923865 -0.03367794
v 0.01362294 0.03923865 -0.03514599
v 0.02540667 0.03872016 -0.02724358
v 0.02277186 0.03879279 -0.02962782
v 0.01990910 0.03888382 -0.03174914
v 0.01684441 0.03899062 -0.03358258
v 0.01360726 0.03911005 -0.03510615
v 0.01023008 0.03923865 -0.03630141
v -0.00038515 0.03879279 -0.03751380
v -0.00394759 0.03888382 -0.03744705
v -0.00038515 0.03888382 -0.03761421
v -0.00395541 0.03899062 -0.03753014
v -0.00038515 0.03899062 -0.03769767
v -0.00396141 0.03911005 -0.03759394
v -0.00038515 0.03911005 -0.03776175
v -0.00396542 0.03923865 -0.03763657
v 0.00087053 0.03941102 -0.03784292
v -0.01437756 0.03911005 -0.03510615
v -0.01097070 0.03899062 -0.03619872
v -0.00747873 0.03888382 -0.03694703
v -0.00393819 0.03879279 -0.03734708
v -0.00038515 0.03872016 -0.03739936
v -0.01764366 0.03911005 -0.03363974
v -0.01435408 0.03899062 -0.03504653
v -0.01094753 0.03888382 -0.03611854
v -0.00746001 0.03879279 -0.03684838
v -0.00392748 0.03872016 -0.03723315
v -0.00038515 0.03866806 -0.03727424
v -0.02895778 0.03923865 -0.02497604
v -0.02642405 0.03911005 -0.02750867
v -0.02365438 0.03899062 -0.02977348
v -0.02067939 0.03888382 -0.03174914
v -0.01753162 0.03879279 -0.03341855
v -0.01424479 0.03872016 -0.03476897
v -0.01747990 0.03872016 -0.03331647
v -0.02062583 0.03879279 -0.03166421
v -0.02360345 0.03888382 -0.02970736
v -0.02638036 0.03899062 -0.02746180
v -0.02892578 0.03911005 -0.02494759
v -0.03627897 0.03923865 -0.01274105
v -0.03484933 0.03911005 -0.01602588
v -0.03310203 0.03899062 -0.01914796
v -0.03105775 0.03888382 -0.02207622
v -0.02874049 0.03879279 -0.02478284
v -0.02617698 0.03872016 -0.02724358
v -0.02865497 0.03872016 -0.02470680
v -0.03097679 0.03879279 -0.02201682
v -0.03303041 0.03888382 -0.01910510
v -0.03479151 0.03899062 -0.01599828
v -0.03623877 0.03911005 -0.01272631
v -0.03860843 0.03923865 0.00132552
v -0.03848169 0.03911005 -0.00225470
v -0.03799976 0.03899062 -0.00579985
v -0.03717048 0.03888382 -0.00927348
v -0.03600600 0.03879279 -0.01264090
v -0.03452231 0.03872016 -0.01586975
v -0.03589857 0.03872016 -0.01260147
v -0.03707339 0.03879279 -0.00924788
v -0.03791742 0.03888382 -0.00578622
v -0.03841778 0.03899062 -0.00225019
v -0.03856562 0.03911005 0.00132451
v -0.03562220 0.03923865 0.01526744
v -0.03681599 0.03911005 0.01188974
v -0.03766644 0.03899062 0.00841452
v -0.03816750 0.03888382 0.00487860
v -0.03831774 0.03879279 0.00131870
v -0.03812021 0.03872016 -0.00222923
v -0.03647031 0.03872016 0.01178099
v -0.03535422 0.03879279 0.01515459
v -0.03391015 0.03888382 0.01841191
v -0.03214844 0.03899062 0.02151839
v -0.03008388 0.03911005 0.02444037
v -0.02980208 0.03872016 0.02421253
v -0.02752757 0.03879279 0.02694264
v -0.02499050 0.03888382 0.02944438
v -0.02221314 0.03899062 0.03168939
v -0.01922158 0.03911005 0.03365179
v -0.01904285 0.03872016 0.03333655
v -0.01592625 0.03879279 0.03504348
v -0.01264900 0.03888382 0.03644173
v -0.00924223 0.03899062 0.03751307
v -0.00573971 0.03911005 0.03824295
v -0.00568890 0.03872016 0.03788415
v -0.00216363 0.03879279 0.03833054
v 0.00139803 0.03888382 0.03843084
v 0.00496043 0.03899062 0.03817952
v 0.00848681 0.03911005 0.03757539
v 0.00840263 0.03872016 0.03722292
v 0.01184632 0.03879279 0.03634667
v 0.01519707 0.03888382 0.03513509
v 0.01841968 0.03899062 0.03359604
v 0.02147952 0.03911005 0.03174194
v 0.02127205 0.03872016 0.03144481
v 0.02415526 0.03879279 0.02936780
v 0.02682910 0.03888382 0.02701280
v 0.02926376 0.03899062 0.02440009
v 0.03143152 0.03911005 0.02155383
v 0.03112962 0.03872016 0.02135339
v 0.03305136 0.03879279 0.01836445
v 0.03467647 0.03888382 0.01519357
v 0.03598457 0.03899062 0.01187051
v 0.03695879 0.03911005 0.00842794
v 0.03660445 0.03872016 0.00835205
v 0.03729747 0.03879279 0.00486686
v 0.03764783 0.03888382 0.00132105
v 0.03764748 0.03899062 -0.00225019
v 0.03729267 0.03911005 -0.00581032
v 0.03693515 0.03872016 -0.00575112
v 0.03630309 0.03879279 -0.00924788
v 0.03532996 0.03888382 -0.01267548
v 0.03402121 0.03899062 -0.01599828
v 0.03238671 0.03911005 -0.01918086
v 0.03207574 0.03872016 -0.01899478
v 0.03020648 0.03879279 -0.02201682
v 0.02804523 0.03888382 -0.02484956
v 0.02561006 0.03899062 -0.02746180
v 0.02292319 0.03911005 -0.02982423
v 0.00319512 0.03923865 -0.03763657
v 0.00315718 0.03872016 -0.03723315
v 0.00316789 0.03879279 -0.03734708
v 0.00317729 0.03888382 -0.03744705
v 0.00318511 0.03899062 -0.03753014
v 0.00319111 0.03911005 -0.03759394
v 0.00847167 0.00121083 -0.03191955
v 0.01462706 0.00000000 0.03266466
v 0.03151589 0.00611645 0.01774112
v 0.00900867 0.00758685 0.03353767
v -0.03262063 0.00763992 -0.01117656
v -0.03215665 0.00770422 -0.01273096
v -0.03204393 0.00765941 -0.01268428
v -0.03060614 0.00765941 -0.01572424
v -0.03050644 0.00759530 -0.01567094
v -0.02878330 0.00759530 -0.01854582
v -0.03071373 0.00770422 -0.01578175
v -0.02887730 0.00765941 -0.01860863
v -0.02765986 0.00756821 -0.02012194
v -0.02897874 0.00770422 -0.01867641
v -0.02696838 0.00770422 -0.02138707
v -0.02687407 0.00765941 -0.02130968
v -0.02461573 0.00765941 -0.02380136
v -0.02212420 0.00071524 -0.02827780
v -0.02470200 0.00770422 -0.02388763
v -0.02220144 0.00770422 -0.02615401
v -0.02212404 0.00765941 -0.02605970
v -0.01942300 0.00765941 -0.02806293
v -0.01949078 0.00770422 -0.02816437
v -0.01659612 0.00770422 -0.02989936
v -0.01653860 0.00765941 -0.02979177
v -0.01349865 0.00765941 -0.03122956
v -0.01354533 0.00770422 -0.03134228
v -0.01651136 0.00809542 0.03191971
v 0.00643369 0.00829641 0.03470982
v -0.03121024 0.00829641 -0.01604713
v -0.02255859 0.00829641 -0.02658920
v -0.00720399 0.00829641 -0.03385138
v -0.01052084 0.00817927 -0.03298368
v -0.01374707 0.00817927 -0.03182932
v -0.01376078 0.00829641 -0.03186240
v -0.01686150 0.00829641 -0.03039587
v -0.01154871 0.00733661 -0.03178076
v -0.01372664 0.00806903 -0.03177997
v -0.01684462 0.00817927 -0.03036428
v -0.01980355 0.00829641 -0.02863247
v -0.01363051 0.00780482 -0.03154791
v -0.01366765 0.00787955 -0.03163757
v -0.01674678 0.00787955 -0.03018125
v -0.01678657 0.00796833 -0.03025568
v -0.01971524 0.00796833 -0.02850031
v -0.01975398 0.00806903 -0.02855829
v -0.02250199 0.00806903 -0.02652023
v -0.02253587 0.00817927 -0.02656151
v -0.02507476 0.00817927 -0.02426039
v -0.02510009 0.00829641 -0.02428572
v -0.01358941 0.00774591 -0.03144869
v -0.01670104 0.00780482 -0.03009566
v -0.01966835 0.00787955 -0.02843013
v -0.02245775 0.00796833 -0.02646632
v -0.02503700 0.00806903 -0.02422263
v -0.01955477 0.00774591 -0.02826014
v -0.02227451 0.00774591 -0.02624304
v -0.02234264 0.00780482 -0.02632606
v -0.02485938 0.00780482 -0.02404502
v -0.02492801 0.00787955 -0.02411364
v -0.02721545 0.00787955 -0.02158984
v -0.02728069 0.00796833 -0.02164338
v -0.02931467 0.00796833 -0.01890087
v -0.02937266 0.00806903 -0.01893961
v -0.03113155 0.00806903 -0.01600507
v -0.03117865 0.00817927 -0.01603025
v -0.03264368 0.00817927 -0.01293270
v -0.03267677 0.00829641 -0.01294641
v -0.03383232 0.00829641 -0.00971687
v -0.02478345 0.00774591 -0.02396908
v -0.02714043 0.00780482 -0.02152827
v -0.02924450 0.00787955 -0.01885398
v -0.03107005 0.00796833 -0.01597220
v -0.03259434 0.00806903 -0.01291227
v -0.03379805 0.00817927 -0.00970647
v -0.03445661 0.00850420 -0.00765342
v -0.02907451 0.00774591 -0.01874040
v -0.03081531 0.00774591 -0.01583604
v -0.03091003 0.00780482 -0.01588667
v -0.03236228 0.00780482 -0.01281614
v -0.03245194 0.00787955 -0.01285328
v -0.03359944 0.00787955 -0.00964623
v -0.03368021 0.00796833 -0.00967073
v -0.03387684 0.00696469 -0.00883684
v -0.00894312 0.00797223 0.03420603
v -0.00190660 0.00848851 0.03555500
v -0.00378721 0.00787955 0.03497092
v -0.00038515 0.00787955 0.03513806
v -0.00038515 0.00796833 0.03522246
v 0.00302518 0.00796833 0.03505492
v 0.00303202 0.00806903 0.03512432
v 0.00641628 0.00806903 0.03462231
v 0.00642670 0.00817927 0.03467469
v 0.00975054 0.00817927 0.03384212
v 0.00976093 0.00829641 0.03387638
v 0.01299048 0.00829641 0.03272083
v 0.00882873 0.00780140 0.03384610
v 0.00638621 0.00787955 0.03447114
v 0.01864732 0.00806422 0.02975651
v -0.01053123 0.00829641 -0.03301795
v -0.00719700 0.00817927 -0.03381626
v -0.01369995 0.00796833 -0.03171554
v -0.01681944 0.00806903 -0.03031718
v -0.01978365 0.00817927 -0.02860269
v -0.01665041 0.00774591 -0.03000094
v -0.01961443 0.00780482 -0.02834944
v -0.02240421 0.00787955 -0.02640108
v -0.02498769 0.00796833 -0.02417332
v -0.02674138 0.00824071 -0.02254358
v -0.02705741 0.00774591 -0.02146014
v -0.02916381 0.00780482 -0.01880006
v -0.03099562 0.00787955 -0.01593241
v -0.03252991 0.00796833 -0.01288558
v -0.03374694 0.00806903 -0.00969097
v -0.03350657 0.00780482 -0.00961806
v -0.03226306 0.00774591 -0.01277504
v -0.03340380 0.00774591 -0.00958688
v -0.02818561 0.00389862 0.02263091
v -0.00640634 0.00633549 0.03467353
v -0.00715651 0.00787955 0.03447114
v -0.00379549 0.00796833 0.03505492
v -0.00038515 0.00806903 0.03529220
v 0.00303725 0.00817927 0.03517747
v 0.01609120 0.00829641 0.03125431
v 0.01297677 0.00817927 0.03268775
v 0.00973503 0.00806903 0.03379101
v 0.00640268 0.00796833 0.03455392
v 0.00301691 0.00787955 0.03497092
v 0.00138886 0.00779552 0.03502293
v -0.00038515 0.03803737 -0.03647958
v -0.02320066 0.03803737 -0.02858306
v -0.03625355 0.03803737 -0.00827236
v -0.03395858 0.03803737 0.01576169
v -0.02585514 0.03803737 0.02714137
v 0.02545081 0.03860796 0.02752518
v 0.02275818 0.03860796 0.02985836
v 0.02268084 0.03855586 0.02976000
v -0.00038515 0.03860796 0.03786835
v 0.02790945 0.03860796 0.02494663
v 0.03011186 0.03860796 0.02214605
v 0.03203809 0.03860796 0.01914878
v 0.03367068 0.03860796 0.01598199
v 0.03499486 0.03860796 0.01267436
v 0.03599863 0.03860796 0.00925583
v 0.03667290 0.03860796 0.00575736
v 0.03701157 0.03860796 0.00221064
v 0.03701157 0.03860796 -0.00135221
v 0.03667290 0.03860796 -0.00489893
v 0.03599863 0.03860796 -0.00839739
v 0.03499486 0.03860796 -0.01181592
v 0.03367068 0.03860796 -0.01512356
v 0.03203809 0.03860796 -0.01829035
v 0.03011186 0.03860796 -0.02128761
v 0.02790945 0.03860796 -0.02408820
v 0.02545081 0.03860796 -0.02666675
v 0.02275818 0.03860796 -0.02899993
v -0.00038515 0.03860796 -0.03700991
v -0.00394397 0.03860796 -0.03684039
v -0.00747055 0.03860796 -0.03633334
v -0.01093297 0.03860796 -0.03549336
v -0.01429987 0.03860796 -0.03432807
v -0.01754075 0.03860796 -0.03284801
v -0.02062627 0.03860796 -0.03106658
v -0.02352848 0.03860796 -0.02899993
v -0.02622111 0.03860796 -0.02666675
v -0.02867976 0.03860796 -0.02408820
v -0.03088217 0.03860796 -0.02128761
v -0.03280839 0.03860796 -0.01829035
v -0.03444098 0.03860796 -0.01512356
v -0.03576516 0.03860796 -0.01181592
v -0.03676893 0.03860796 -0.00839739
v -0.03744320 0.03860796 -0.00489893
v -0.03778188 0.03860796 -0.00135221
v -0.03778188 0.03860796 0.00221064
v -0.03744320 0.03860796 0.00575736
v -0.03676893 0.03860796 0.00925583
v -0.03576516 0.03860796 0.01267436
v -0.03444098 0.03860796 0.01598199
v -0.03280839 0.03860796 0.01914878
v -0.03088217 0.03860796 0.02214605
v -0.02867976 0.03860796 0.02494663
v -0.02622111 0.03860796 0.02752518
v -0.02352848 0.03860796 0.02985836
v -0.02062627 0.03860796 0.03192502
v -0.01754075 0.03860796 0.03370644
v -0.01429987 0.03860796 0.03518650
v -0.01093297 0.03860796 0.03635180
v -0.00747055 0.03860796 0.03719177
v -0.00394397 0.03860796 0.03769882
v 0.00670025 0.03860796 -0.03633334
v 0.01016267 0.03860796 -0.03549336
v 0.01352956 0.03860796 -0.03432807
v 0.01677045 0.03860796 -0.03284801
v 0.01985597 0.03860796 -0.03106658
v 0.01985597 0.03860796 0.03192502
v 0.01677045 0.03860796 0.03370644
v 0.01352956 0.03860796 0.03518650
v 0.01016267 0.03860796 0.03635180
v 0.00670025 0.03860796 0.03719177
v 0.00317366 0.03860796 0.03769882
v 0.01972645 0.03848324 0.03172349
v 0.01978832 0.03855586 0.03181976
v -0.00392119 0.03848324 0.03746034
v -0.00038515 0.03848324 0.03762878
v -0.00038515 0.03855586 0.03774323
v 0.01661466 0.03839220 0.03340426
v 0.01666067 0.03848324 0.03349352
v 0.01671312 0.03855586 0.03359523
v 0.01337219 0.03828540 0.03479341
v 0.01340321 0.03839220 0.03487088
v 0.01344053 0.03848324 0.03496410
v 0.01348307 0.03855586 0.03507034
v 0.01002533 0.03816597 0.03588404
v 0.01004337 0.03828540 0.03594552
v 0.01006689 0.03839220 0.03602560
v 0.01009518 0.03848324 0.03612194
v 0.01012742 0.03855586 0.03623174
v 0.00659988 0.03803737 0.03667103
v 0.00660799 0.03816597 0.03671308
v 0.00662012 0.03828540 0.03677599
v 0.00663591 0.03839220 0.03685795
v 0.00665491 0.03848324 0.03695654
v 0.00667657 0.03855586 0.03706891
v -0.01078356 0.03803737 0.03584296
v -0.00737019 0.03803737 0.03667103
v -0.00737829 0.03816597 0.03671308
v -0.01079563 0.03816597 0.03588404
v -0.00739042 0.03828540 0.03677599
v -0.02033955 0.03803737 0.03147887
v -0.01729774 0.03803737 0.03323507
v -0.01731737 0.03816597 0.03327313
v -0.01411868 0.03816597 0.03473392
v -0.01414249 0.03828540 0.03479341
v -0.01081368 0.03828540 0.03594552
v -0.01083719 0.03839220 0.03602560
v -0.00740621 0.03839220 0.03685795
v -0.00742522 0.03848324 0.03695654
v -0.00393208 0.03855586 0.03757426
v -0.00744687 0.03855586 0.03706891
v -0.01086548 0.03848324 0.03612194
v -0.01417351 0.03839220 0.03487088
v -0.01734672 0.03828540 0.03333009
v -0.02036271 0.03816597 0.03151490
v -0.02320066 0.03803737 0.02944149
v -0.01425337 0.03855586 0.03507034
v -0.01748342 0.03855586 0.03359523
v -0.01743098 0.03848324 0.03349352
v -0.02049676 0.03848324 0.03172349
v -0.02044247 0.03839220 0.03163902
v -0.02331833 0.03839220 0.02959113
v -0.02326674 0.03828540 0.02952552
v -0.02592891 0.03828540 0.02721873
v -0.02588469 0.03816597 0.02717236
v -0.02831132 0.03816597 0.02462738
v -0.02827896 0.03803737 0.02459934
v -0.03045017 0.03803737 0.02183842
v -0.02055862 0.03855586 0.03181976
v -0.02338040 0.03848324 0.02967005
v -0.02598650 0.03839220 0.02727914
v -0.02835975 0.03828540 0.02466934
v -0.03048505 0.03816597 0.02186326
v -0.03234911 0.03803737 0.01888361
v -0.02613476 0.03855586 0.02743463
v -0.02858519 0.03855586 0.02486470
v -0.02849871 0.03848324 0.02478975
v -0.03068702 0.03848324 0.02200709
v -0.03060523 0.03839220 0.02194884
v -0.03251396 0.03839220 0.01897880
v -0.03244168 0.03828540 0.01893707
v -0.03405581 0.03828540 0.01580610
v -0.03399753 0.03816597 0.01577947
v -0.03530446 0.03816597 0.01251491
v -0.03526400 0.03803737 0.01250091
v -0.03625355 0.03803737 0.00913080
v -0.03270003 0.03855586 0.01908622
v -0.03432716 0.03855586 0.01593002
v -0.03422307 0.03848324 0.01588248
v -0.03553877 0.03848324 0.01259600
v -0.03544388 0.03839220 0.01256316
v -0.03643854 0.03839220 0.00917567
v -0.03635743 0.03828540 0.00915600
v -0.03702408 0.03828540 0.00569710
v -0.03696066 0.03816597 0.00568798
v -0.03729492 0.03816597 0.00218745
v -0.03725215 0.03803737 0.00218541
v -0.03725215 0.03803737 -0.00132697
v -0.03564692 0.03855586 0.01263343
v -0.03653612 0.03848324 0.00919935
v -0.03710669 0.03839220 0.00570898
v -0.03735892 0.03828540 0.00219049
v -0.03729492 0.03816597 -0.00132901
v -0.03691827 0.03803737 -0.00482345
v -0.03731935 0.03855586 0.00573956
v -0.03765689 0.03855586 0.00220469
v -0.03754259 0.03848324 0.00219925
v -0.03754259 0.03848324 -0.00134081
v -0.03744229 0.03839220 -0.00133603
v -0.03710669 0.03839220 -0.00485054
v -0.03702408 0.03828540 -0.00483866
v -0.03635743 0.03828540 -0.00829756
v -0.03629517 0.03816597 -0.00828246
v -0.03530446 0.03816597 -0.01165647
v -0.03526400 0.03803737 -0.01164247
v -0.03395858 0.03803737 -0.01490325
v -0.03731935 0.03855586 -0.00488112
v -0.03664733 0.03855586 -0.00836789
v -0.03653612 0.03848324 -0.00834091
v -0.03553877 0.03848324 -0.01173757
v -0.03544388 0.03839220 -0.01170473
v -0.03413173 0.03839220 -0.01498233
v -0.03405581 0.03828540 -0.01494766
v -0.03244168 0.03828540 -0.01807863
v -0.03238619 0.03816597 -0.01804659
v -0.03048505 0.03816597 -0.02100482
v -0.03045017 0.03803737 -0.02097999
v -0.02827896 0.03803737 -0.02374091
v -0.03564692 0.03855586 -0.01177500
v -0.03422307 0.03848324 -0.01502404
v -0.03251396 0.03839220 -0.01812036
v -0.03053725 0.03828540 -0.02104199
v -0.02831132 0.03816597 -0.02376895
v -0.02585514 0.03803737 -0.02628294
v -0.03270003 0.03855586 -0.01822778
v -0.03078024 0.03855586 -0.02121503
v -0.03068702 0.03848324 -0.02114865
v -0.02849871 0.03848324 -0.02393132
v -0.02842282 0.03839220 -0.02386556
v -0.02598650 0.03839220 -0.02642070
v -0.02592891 0.03828540 -0.02636030
v -0.02326674 0.03828540 -0.02866708
v -0.02322713 0.03816597 -0.02861672
v -0.02036271 0.03816597 -0.03065646
v -0.02033955 0.03803737 -0.03062044
v -0.01729774 0.03803737 -0.03237663
v -0.02613476 0.03855586 -0.02657620
v -0.02345114 0.03855586 -0.02890157
v -0.02338040 0.03848324 -0.02881162
v -0.02049676 0.03848324 -0.03086505
v -0.02044247 0.03839220 -0.03078058
v -0.01738496 0.03839220 -0.03254583
v -0.01734672 0.03828540 -0.03247164
v -0.01414249 0.03828540 -0.03393497
v -0.01411868 0.03816597 -0.03387548
v -0.01079563 0.03816597 -0.03502560
v -0.01078356 0.03803737 -0.03498452
v -0.00737019 0.03803737 -0.03581259
v -0.02055862 0.03855586 -0.03096132
v -0.01743098 0.03848324 -0.03263508
v -0.01417351 0.03839220 -0.03401245
v -0.01081368 0.03828540 -0.03508708
v -0.00737829 0.03816597 -0.03585464
v -0.00389355 0.03803737 -0.03631246
v -0.01425337 0.03855586 -0.03421191
v -0.01089772 0.03855586 -0.03537331
v -0.01086548 0.03848324 -0.03526351
v -0.00742522 0.03848324 -0.03609811
v -0.00740621 0.03839220 -0.03599951
v -0.00391165 0.03839220 -0.03650195
v -0.00390372 0.03828540 -0.03641887
v -0.00038515 0.03828540 -0.03658648
v -0.00038515 0.03816597 -0.03652240
v 0.00312732 0.03816597 -0.03635508
v 0.00312325 0.03803737 -0.03631246
v 0.00659988 0.03803737 -0.03581259
v -0.00393208 0.03855586 -0.03671583
v -0.00038515 0.03855586 -0.03688479
v -0.00038515 0.03848324 -0.03677035
v 0.00315089 0.03848324 -0.03660191
v 0.00314135 0.03839220 -0.03650195
v 0.00663591 0.03839220 -0.03599951
v 0.00662012 0.03828540 -0.03591756
v 0.01004337 0.03828540 -0.03508708
v 0.01002533 0.03816597 -0.03502560
v 0.01334838 0.03816597 -0.03387548
v 0.01158227 0.03785382 -0.03446287
v 0.00316177 0.03855586 -0.03671583
v 0.00665491 0.03848324 -0.03609811
v 0.01006689 0.03839220 -0.03516716
v 0.01337219 0.03828540 -0.03393497
v 0.01654707 0.03816597 -0.03241469
v 0.00317366 0.03860796 -0.03684039
v 0.00667657 0.03855586 -0.03621047
v 0.01012742 0.03855586 -0.03537331
v 0.01009518 0.03848324 -0.03526351
v 0.01344053 0.03848324 -0.03410567
v 0.01340321 0.03839220 -0.03401245
v 0.01661466 0.03839220 -0.03254583
v 0.01657642 0.03828540 -0.03247164
v 0.01962704 0.03828540 -0.03071037
v 0.01818038 0.03806742 -0.03151870
v 0.01348307 0.03855586 -0.03421191
v 0.01666067 0.03848324 -0.03263508
v 0.01967216 0.03839220 -0.03078058
v 0.02249644 0.03828540 -0.02866708
v 0.01978832 0.03855586 -0.03096132
v 0.02268084 0.03855586 -0.02890157
v 0.02261009 0.03848324 -0.02881162
v 0.02528549 0.03848324 -0.02649337
v 0.02521619 0.03839220 -0.02642070
v 0.02765252 0.03839220 -0.02386556
v 0.02758945 0.03828540 -0.02381091
v 0.02976694 0.03828540 -0.02104199
v 0.02536446 0.03855586 -0.02657620
v 0.02772840 0.03848324 -0.02393132
v 0.02983493 0.03839220 -0.02109040
v 0.03167139 0.03828540 -0.01807863
v 0.02781489 0.03855586 -0.02400626
v 0.03000993 0.03855586 -0.02121503
v 0.02991673 0.03848324 -0.02114865
v 0.03183062 0.03848324 -0.01817056
v 0.03174366 0.03839220 -0.01812036
v 0.03336143 0.03839220 -0.01498233
v 0.03328551 0.03828540 -0.01494766
v 0.03459471 0.03828540 -0.01167743
v 0.03192973 0.03855586 -0.01822778
v 0.03345277 0.03848324 -0.01502404
v 0.03467358 0.03839220 -0.01170473
v 0.03558713 0.03828540 -0.00829756
v 0.02756721 0.00311668 -0.01990174
v 0.03487661 0.03855586 -0.01177500
v 0.03587703 0.03855586 -0.00836789
v 0.03576582 0.03848324 -0.00834091
v 0.03643578 0.03848324 -0.00486483
v 0.03633639 0.03839220 -0.00485054
v 0.03667198 0.03839220 -0.00133603
v 0.03658862 0.03828540 -0.00133206
v 0.03658862 0.03828540 0.00219049
v 0.03654905 0.03855586 -0.00488112
v 0.03677229 0.03848324 -0.00134081
v 0.03667198 0.03839220 0.00219447
v 0.03625378 0.03828540 0.00569710
v 0.03688659 0.03855586 -0.00134626
v 0.03688659 0.03855586 0.00220469
v 0.03677229 0.03848324 0.00219925
v 0.03643578 0.03848324 0.00572327
v 0.03633639 0.03839220 0.00570898
v 0.03566824 0.03839220 0.00917567
v 0.03558713 0.03828540 0.00915600
v 0.03459471 0.03828540 0.01253587
v 0.03654905 0.03855586 0.00573956
v 0.03576582 0.03848324 0.00919935
v 0.03467358 0.03839220 0.01256316
v 0.03328551 0.03828540 0.01580610
v 0.03247946 0.03815405 0.01740113
v 0.03487661 0.03855586 0.01263343
v 0.03355686 0.03855586 0.01593002
v 0.03345277 0.03848324 0.01588248
v 0.03183062 0.03848324 0.01902900
v 0.03174366 0.03839220 0.01897880
v 0.02983493 0.03839220 0.02194884
v 0.02976694 0.03828540 0.02190043
v 0.02758945 0.03828540 0.02466934
v 0.02754102 0.03816597 0.02462738
v 0.02511438 0.03816597 0.02717236
v 0.02644171 0.03804263 0.02583986
v 0.03192973 0.03855586 0.01908622
v 0.02991673 0.03848324 0.02200709
v 0.02765252 0.03839220 0.02472400
v 0.02515860 0.03828540 0.02721873
v 0.02245683 0.03816597 0.02947515
v 0.03032199 0.03100639 0.02251599
v 0.03000993 0.03855586 0.02207346
v 0.02781489 0.03855586 0.02486470
v 0.02772840 0.03848324 0.02478975
v 0.02528549 0.03848324 0.02735181
v 0.02521619 0.03839220 0.02727914
v 0.02254802 0.03839220 0.02959113
v 0.02249644 0.03828540 0.02952552
v 0.01962704 0.03828540 0.03156880
v 0.01959240 0.03816597 0.03151490
v 0.01654707 0.03816597 0.03327313
v 0.01652744 0.03803737 0.03323507
v 0.01333247 0.03803737 0.03469417
v 0.02536446 0.03855586 0.02743463
v 0.02261009 0.03848324 0.02967005
v 0.01967216 0.03839220 0.03163902
v 0.01657642 0.03828540 0.03333009
v 0.01334838 0.03816597 0.03473392
v 0.01001326 0.03803737 0.03584296
v -0.00391165 0.03839220 0.03736039
v -0.00038515 0.03839220 0.03752837
v -0.00390372 0.03828540 0.03727731
v -0.00038515 0.03828540 0.03744492
v -0.00389763 0.03816597 0.03721352
v -0.00038515 0.03816597 0.03738084
v -0.00389355 0.03803737 0.03717089
v -0.00038515 0.03803737 0.03733802
v -0.02322713 0.03816597 0.02947515
v -0.02039735 0.03828540 0.03156880
v -0.01738496 0.03839220 0.03340426
v -0.01421083 0.03848324 0.03496410
v -0.01089772 0.03855586 0.03623174
v -0.02345114 0.03855586 0.02976000
v -0.02605579 0.03848324 0.02735181
v -0.02842282 0.03839220 0.02472400
v -0.03053725 0.03828540 0.02190043
v -0.03238619 0.03816597 0.01890503
v -0.03691827 0.03803737 0.00568189
v -0.03629517 0.03816597 0.00914090
v -0.03536501 0.03828540 0.01253587
v -0.03413173 0.03839220 0.01584076
v -0.03260092 0.03848324 0.01902900
v -0.03078024 0.03855586 0.02207346
v -0.03664733 0.03855586 0.00922633
v -0.03720608 0.03848324 0.00572327
v -0.03744229 0.03839220 0.00219447
v -0.03735892 0.03828540 -0.00133206
v -0.03696066 0.03816597 -0.00482955
v -0.03234911 0.03803737 -0.01802518
v -0.03399753 0.03816597 -0.01492104
v -0.03536501 0.03828540 -0.01167743
v -0.03643854 0.03839220 -0.00831724
v -0.03720608 0.03848324 -0.00486483
v -0.03765689 0.03855586 -0.00134626
v -0.03432716 0.03855586 -0.01507158
v -0.03260092 0.03848324 -0.01817056
v -0.03060523 0.03839220 -0.02109040
v -0.02835975 0.03828540 -0.02381091
v -0.02588469 0.03816597 -0.02631393
v -0.01410277 0.03803737 -0.03383573
v -0.01731737 0.03816597 -0.03241469
v -0.02039735 0.03828540 -0.03071037
v -0.02331833 0.03839220 -0.02873269
v -0.02605579 0.03848324 -0.02649337
v -0.02858519 0.03855586 -0.02400626
v -0.01748342 0.03855586 -0.03273679
v -0.01421083 0.03848324 -0.03410567
v -0.01083719 0.03839220 -0.03516716
v -0.00739042 0.03828540 -0.03591756
v -0.00389763 0.03816597 -0.03635508
v 0.01001326 0.03803737 -0.03498452
v 0.00660799 0.03816597 -0.03585464
v 0.00313342 0.03828540 -0.03641887
v -0.00038515 0.03839220 -0.03666994
v -0.00392119 0.03848324 -0.03660191
v -0.00744687 0.03855586 -0.03621047
v 0.01671312 0.03855586 -0.03273679
v 0.01972645 0.03848324 -0.03086505
v 0.02254802 0.03839220 -0.02873269
v 0.02515860 0.03828540 -0.02636030
v 0.00917530 0.00821709 -0.03353877
v 0.03355686 0.03855586 -0.01507158
v 0.03476847 0.03848324 -0.01173757
v 0.03566824 0.03839220 -0.00831724
v 0.03625378 0.03828540 -0.00483866
v 0.03587703 0.03855586 0.00922633
v 0.03476847 0.03848324 0.01259600
v 0.03336143 0.03839220 0.01584076
v 0.03167139 0.03828540 0.01893707
v 0.02971475 0.03816597 0.02186326
v 0.00312325 0.03803737 0.03717089
v 0.00316177 0.03855586 0.03757426
v 0.00315089 0.03848324 0.03746034
v 0.00314135 0.03839220 0.03736039
v 0.00313342 0.03828540 0.03727731
v 0.00312732 0.03816597 0.03721352
v 0.03679520 0.09258296 0.02043681
v 0.03843898 0.09258296 0.01702345
v 0.03977018 0.09258296 0.01347648
v 0.04077808 0.09258296 0.00982446
v 0.04145455 0.09258296 0.00609679
v 0.04179414 0.09258296 0.00232349
v 0.04179414 0.09258296 -0.00146505
v 0.04145455 0.09258296 -0.00523835
v 0.04077808 0.09258296 -0.00896602
v 0.03977018 0.09258296 -0.01261804
v 0.03843898 0.09258296 -0.01616501
v 0.03679520 0.09258296 -0.01957837
v 0.03485204 0.09258296 -0.02283065
v 0.03262519 0.09258296 -0.02589565
v 0.03013256 0.09258296 -0.02874870
v 0.02739422 0.09258296 -0.03136682
v 0.02443221 0.09258296 -0.03372895
v -0.00038515 0.09258296 -0.04179260
v -0.00416988 0.09258296 -0.04162262
v -0.00792415 0.09258296 -0.04111407
v -0.01161771 0.09258296 -0.04027104
v -0.01522083 0.09258296 -0.03910032
v -0.01870451 0.09258296 -0.03761132
v -0.02204069 0.09258296 -0.03581605
v -0.02520251 0.09258296 -0.03372895
v -0.02816452 0.09258296 -0.03136682
v -0.03090286 0.09258296 -0.02874870
v -0.03339550 0.09258296 -0.02589565
v -0.03562235 0.09258296 -0.02283065
v -0.04154838 0.09258296 0.00982446
v -0.04054048 0.09258296 0.01347648
v -0.03920928 0.09258296 0.01702345
v -0.03756549 0.09258296 0.02043681
v -0.03562235 0.09258296 0.02368909
v -0.03339550 0.09258296 0.02675409
v -0.03090286 0.09258296 0.02960713
v -0.02816452 0.09258296 0.03222526
v -0.02520251 0.09258296 0.03458739
v -0.02204069 0.09258296 0.03667448
v -0.01870451 0.09258296 0.03846976
v -0.01522083 0.09258296 0.03995876
v -0.01161771 0.09258296 0.04112948
v -0.00792415 0.09258296 0.04197250
v -0.00416988 0.09258296 0.04248106
v 0.00715385 0.09258296 -0.04111407
v 0.01084741 0.09258296 -0.04027104
v 0.01445053 0.09258296 -0.03910032
v 0.01793420 0.09258296 -0.03761132
v 0.02127039 0.09258296 -0.03581605
v -0.00414841 0.09245823 0.04224246
v -0.00391735 0.09279383 0.04321293
v 0.01778670 0.09236720 0.03816345
v 0.01430175 0.09226040 0.03956232
v 0.01433108 0.09236720 0.03964046
v 0.01071771 0.09214097 0.04065953
v 0.01073476 0.09226040 0.04072130
v 0.01075696 0.09236720 0.04080176
v 0.00705915 0.09201237 0.04145071
v 0.00706680 0.09214097 0.04149284
v 0.00707824 0.09226040 0.04155589
v 0.00709314 0.09236720 0.04163800
v -0.01147662 0.09201237 0.04061826
v -0.00782945 0.09201237 0.04145071
v -0.00783710 0.09214097 0.04149284
v -0.01503449 0.09201237 0.03946224
v -0.01148801 0.09214097 0.04065953
v -0.00784854 0.09226040 0.04155589
v -0.02176868 0.09201237 0.03621922
v -0.01847441 0.09201237 0.03799195
v -0.01849299 0.09214097 0.03803053
v -0.01504954 0.09214097 0.03950233
v -0.01507205 0.09226040 0.03956232
v -0.01150506 0.09226040 0.04072130
v -0.01152726 0.09236720 0.04080176
v -0.00786345 0.09236720 0.04163800
v -0.00788137 0.09245823 0.04173680
v -0.00415867 0.09253087 0.04235643
v -0.00790181 0.09253087 0.04184939
v -0.01158442 0.09253087 0.04100886
v -0.01155398 0.09245823 0.04089855
v -0.01513666 0.09245823 0.03973447
v -0.01510137 0.09236720 0.03964046
v -0.01855700 0.09236720 0.03816345
v -0.01852079 0.09226040 0.03808826
v -0.02182351 0.09226040 0.03631099
v -0.02179065 0.09214097 0.03625599
v -0.02491596 0.09214097 0.03419298
v -0.02489079 0.09201237 0.03415833
v -0.02781559 0.09201237 0.03182589
v -0.01517687 0.09253087 0.03984161
v -0.01865022 0.09253087 0.03835702
v -0.01860057 0.09245823 0.03825392
v -0.02191782 0.09245823 0.03646883
v -0.02186632 0.09236720 0.03638263
v -0.02500268 0.09236720 0.03431234
v -0.02495362 0.09226040 0.03424482
v -0.02788592 0.09226040 0.03190638
v -0.02784377 0.09214097 0.03185813
v -0.03055049 0.09214097 0.02927023
v -0.03051954 0.09201237 0.02924065
v -0.03298087 0.09201237 0.02642343
v -0.02197651 0.09253087 0.03656707
v -0.02506170 0.09245823 0.03439357
v -0.02794083 0.09236720 0.03196924
v -0.03059680 0.09226040 0.02931452
v -0.03301434 0.09214097 0.02645013
v -0.03517975 0.09201237 0.02339693
v -0.02512896 0.09253087 0.03448615
v -0.02808219 0.09253087 0.03213103
v -0.02800690 0.09245823 0.03204486
v -0.03072971 0.09245823 0.02944158
v -0.03065713 0.09236720 0.02937219
v -0.03312969 0.09236720 0.02654211
v -0.03306444 0.09226040 0.02649008
v -0.03526896 0.09226040 0.02345582
v -0.03521549 0.09214097 0.02342052
v -0.03713619 0.09214097 0.02020580
v -0.03709849 0.09201237 0.02018550
v -0.03872163 0.09201237 0.01681502
v -0.03081242 0.09253087 0.02952067
v -0.03329767 0.09253087 0.02667608
v -0.03320819 0.09245823 0.02660473
v -0.03542241 0.09245823 0.02355711
v -0.03533861 0.09236720 0.02350180
v -0.03726611 0.09236720 0.02027571
v -0.03719262 0.09226040 0.02023616
v -0.03881992 0.09226040 0.01685703
v -0.03876100 0.09214097 0.01683185
v -0.04007683 0.09214097 0.01332583
v -0.04003611 0.09201237 0.01331260
v -0.04103134 0.09201237 0.00970645
v -0.03551792 0.09253087 0.02362016
v -0.03745531 0.09253087 0.02037752
v -0.03735453 0.09245823 0.02032330
v -0.03898900 0.09245823 0.01692929
v -0.03889667 0.09236720 0.01688982
v -0.04021715 0.09236720 0.01337142
v -0.04013777 0.09226040 0.01334563
v -0.04113556 0.09226040 0.00973023
v -0.04107309 0.09214097 0.00971598
v -0.04174175 0.09214097 0.00603135
v -0.04169932 0.09201237 0.00602560
v -0.04203466 0.09201237 0.00229970
v -0.03909423 0.09253087 0.01697427
v -0.04031265 0.09245823 0.01340245
v -0.04121693 0.09236720 0.00974880
v -0.04180525 0.09226040 0.00603995
v -0.04207743 0.09214097 0.00230162
v -0.04203466 0.09201237 -0.00144127
v -0.04042148 0.09253087 0.01343781
v -0.04142639 0.09253087 0.00979661
v -0.04131482 0.09245823 0.00977115
v -0.04198745 0.09245823 0.00606463
v -0.04188795 0.09236720 0.00605116
v -0.04222482 0.09236720 0.00230824
v -0.04214144 0.09226040 0.00230450
v -0.04214144 0.09226040 -0.00144606
v -0.04207743 0.09214097 -0.00144318
v -0.04174175 0.09214097 -0.00517291
v -0.04169932 0.09201237 -0.00516717
v -0.04103134 0.09201237 -0.00884801
v -0.04210086 0.09253087 0.00607999
v -0.04232513 0.09245823 0.00231274
v -0.04222482 0.09236720 -0.00144980
v -0.04180525 0.09226040 -0.00518151
v -0.03988095 0.09283515 -0.01525365
v -0.04107309 0.09214097 -0.00885754
v -0.04003611 0.09201237 -0.01245416
v -0.03872163 0.09201237 -0.01595658
v -0.03876100 0.09214097 -0.01597341
v -0.03713619 0.09214097 -0.01934736
v -0.03709849 0.09201237 -0.01932707
v -0.03517975 0.09201237 -0.02253849
v -0.03652838 0.09281386 -0.02253838
v -0.03521549 0.09214097 -0.02256208
v -0.03298087 0.09201237 -0.02556500
v -0.03533861 0.09236720 -0.02264336
v -0.03526896 0.09226040 -0.02259738
v -0.03306444 0.09226040 -0.02563164
v -0.03301434 0.09214097 -0.02559170
v -0.03055049 0.09214097 -0.02841180
v -0.03051954 0.09201237 -0.02838221
v -0.02781559 0.09201237 -0.03096745
v -0.03551792 0.09253087 -0.02276172
v -0.03542241 0.09245823 -0.02269868
v -0.03320819 0.09245823 -0.02574629
v -0.03312969 0.09236720 -0.02568368
v -0.03065713 0.09236720 -0.02851376
v -0.03059680 0.09226040 -0.02845608
v -0.02788592 0.09226040 -0.03104795
v -0.02784377 0.09214097 -0.03099970
v -0.02491596 0.09214097 -0.03333454
v -0.02489079 0.09201237 -0.03329990
v -0.02176868 0.09201237 -0.03536079
v -0.03329767 0.09253087 -0.02581764
v -0.03081242 0.09253087 -0.02866223
v -0.03072971 0.09245823 -0.02858315
v -0.02800690 0.09245823 -0.03118642
v -0.02794083 0.09236720 -0.03111080
v -0.02500268 0.09236720 -0.03345390
v -0.02495362 0.09226040 -0.03338638
v -0.02182351 0.09226040 -0.03545255
v -0.02179065 0.09214097 -0.03539755
v -0.01849299 0.09214097 -0.03717209
v -0.01847441 0.09201237 -0.03713351
v -0.01503449 0.09201237 -0.03860380
v -0.02808219 0.09253087 -0.03127260
v -0.02506170 0.09245823 -0.03353514
v -0.02186632 0.09236720 -0.03552420
v -0.01852079 0.09226040 -0.03722982
v -0.01504954 0.09214097 -0.03864390
v -0.01147662 0.09201237 -0.03975982
v -0.02512896 0.09253087 -0.03362772
v -0.02197651 0.09253087 -0.03570863
v -0.02191782 0.09245823 -0.03561039
v -0.01860057 0.09245823 -0.03739548
v -0.01855700 0.09236720 -0.03730501
v -0.01510137 0.09236720 -0.03878202
v -0.01507205 0.09226040 -0.03870388
v -0.01150506 0.09226040 -0.03986287
v -0.01148801 0.09214097 -0.03980110
v -0.00783710 0.09214097 -0.04063440
v -0.00782945 0.09201237 -0.04059227
v -0.00412235 0.09201237 -0.04109443
v -0.01865022 0.09253087 -0.03749859
v -0.01517687 0.09253087 -0.03898317
v -0.01513666 0.09245823 -0.03887603
v -0.01155398 0.09245823 -0.04004011
v -0.01152726 0.09236720 -0.03994332
v -0.00786345 0.09236720 -0.04077956
v -0.00784854 0.09226040 -0.04069744
v -0.00413193 0.09226040 -0.04120089
v -0.00412618 0.09214097 -0.04113708
v -0.00038515 0.09214097 -0.04130509
v -0.00038515 0.09201237 -0.04126227
v 0.00335205 0.09201237 -0.04109443
v -0.01158442 0.09253087 -0.04015042
v -0.00790181 0.09253087 -0.04099096
v -0.00788137 0.09245823 -0.04087836
v -0.00414841 0.09245823 -0.04138402
v -0.00413941 0.09236720 -0.04128402
v -0.00038515 0.09236720 -0.04145262
v -0.00038515 0.09226040 -0.04136916
v 0.00336163 0.09226040 -0.04120089
v 0.00335588 0.09214097 -0.04113708
v 0.00706680 0.09214097 -0.04063440
v 0.00705915 0.09201237 -0.04059227
v 0.01070632 0.09201237 -0.03975982
v -0.00415867 0.09253087 -0.04149800
v -0.00038515 0.09245823 -0.04155303
v 0.00336911 0.09236720 -0.04128402
v 0.00707824 0.09226040 -0.04069744
v 0.01071771 0.09214097 -0.03980110
v 0.01426418 0.09201237 -0.03860380
v -0.00038515 0.09253087 -0.04166747
v 0.00338837 0.09253087 -0.04149800
v 0.00337811 0.09245823 -0.04138402
v 0.00711107 0.09245823 -0.04087836
v 0.00709314 0.09236720 -0.04077956
v 0.01075696 0.09236720 -0.03994332
v 0.01073476 0.09226040 -0.03986287
v 0.01430175 0.09226040 -0.03870388
v 0.01427924 0.09214097 -0.03864390
v 0.01772269 0.09214097 -0.03717209
v 0.01770411 0.09201237 -0.03713351
v 0.02099838 0.09201237 -0.03536079
v 0.00339959 0.09258296 -0.04162262
v 0.00713150 0.09253087 -0.04099096
v 0.01081412 0.09253087 -0.04015042
v 0.01078368 0.09245823 -0.04004011
v 0.01436636 0.09245823 -0.03887603
v 0.01433108 0.09236720 -0.03878202
v 0.01778670 0.09236720 -0.03730501
v 0.01775048 0.09226040 -0.03722982
v 0.02105321 0.09226040 -0.03545255
v 0.02102035 0.09214097 -0.03539755
v 0.02414566 0.09214097 -0.03333454
v 0.02412049 0.09201237 -0.03329990
v 0.02704529 0.09201237 -0.03096745
v 0.01440656 0.09253087 -0.03898317
v 0.01787991 0.09253087 -0.03749859
v 0.01783026 0.09245823 -0.03739548
v 0.02114751 0.09245823 -0.03561039
v 0.02109602 0.09236720 -0.03552420
v 0.02423238 0.09236720 -0.03345390
v 0.02418332 0.09226040 -0.03338638
v 0.02711562 0.09226040 -0.03104795
v 0.02707347 0.09214097 -0.03099970
v 0.02978019 0.09214097 -0.02841180
v 0.02974924 0.09201237 -0.02838221
v 0.03221057 0.09201237 -0.02556500
v 0.02120621 0.09253087 -0.03570863
v 0.02429140 0.09245823 -0.03353514
v 0.02717053 0.09236720 -0.03111080
v 0.02982650 0.09226040 -0.02845608
v 0.03224403 0.09214097 -0.02559170
v 0.03440945 0.09201237 -0.02253849
v 0.02435867 0.09253087 -0.03362772
v 0.02731189 0.09253087 -0.03127260
v 0.02723660 0.09245823 -0.03118642
v 0.02995940 0.09245823 -0.02858315
v 0.02988683 0.09236720 -0.02851376
v 0.03235939 0.09236720 -0.02568368
v 0.03229414 0.09226040 -0.02563164
v 0.03449866 0.09226040 -0.02259738
v 0.03444518 0.09214097 -0.02256208
v 0.03636589 0.09214097 -0.01934736
v 0.03632819 0.09201237 -0.01932707
v 0.03795133 0.09201237 -0.01595658
v 0.03004212 0.09253087 -0.02866223
v 0.03252737 0.09253087 -0.02581764
v 0.03243790 0.09245823 -0.02574629
v 0.03465211 0.09245823 -0.02269868
v 0.03456831 0.09236720 -0.02264336
v 0.03649581 0.09236720 -0.01941727
v 0.03642232 0.09226040 -0.01937772
v 0.03804962 0.09226040 -0.01599859
v 0.03799070 0.09214097 -0.01597341
v 0.03930653 0.09214097 -0.01246739
v 0.03926581 0.09201237 -0.01245416
v 0.04026104 0.09201237 -0.00884801
v 0.03474762 0.09253087 -0.02276172
v 0.03668500 0.09253087 -0.01951908
v 0.03658423 0.09245823 -0.01946486
v 0.03821870 0.09245823 -0.01607085
v 0.03812636 0.09236720 -0.01603139
v 0.03944684 0.09236720 -0.01251298
v 0.03936747 0.09226040 -0.01248719
v 0.04036526 0.09226040 -0.00887180
v 0.04030279 0.09214097 -0.00885754
v 0.04097145 0.09214097 -0.00517291
v 0.04092902 0.09201237 -0.00516717
v 0.04126435 0.09201237 -0.00144127
v 0.03832392 0.09253087 -0.01611583
v 0.03954234 0.09245823 -0.01254401
v 0.04044662 0.09236720 -0.00889037
v 0.04103495 0.09226040 -0.00518151
v 0.04130713 0.09214097 -0.00144318
v 0.04126435 0.09201237 0.00229970
v 0.03965118 0.09253087 -0.01257937
v 0.04065608 0.09253087 -0.00893818
v 0.04054452 0.09245823 -0.00891271
v 0.04121715 0.09245823 -0.00520620
v 0.04111765 0.09236720 -0.00519272
v 0.04145452 0.09236720 -0.00144980
v 0.04137114 0.09226040 -0.00144606
v 0.04137114 0.09226040 0.00230450
v 0.04130713 0.09214097 0.00230162
v 0.04097145 0.09214097 0.00603135
v 0.04092902 0.09201237 0.00602560
v 0.04026104 0.09201237 0.00970645
v 0.04133056 0.09253087 -0.00522156
v 0.04166915 0.09253087 -0.00145945
v 0.04155482 0.09245823 -0.00145431
v 0.04155482 0.09245823 0.00231274
v 0.04145452 0.09236720 0.00230824
v 0.04111765 0.09236720 0.00605116
v 0.04103495 0.09226040 0.00603995
v 0.04036526 0.09226040 0.00973023
v 0.04030279 0.09214097 0.00971598
v 0.03930653 0.09214097 0.01332583
v 0.03926581 0.09201237 0.01331260
v 0.03795133 0.09201237 0.01681502
v 0.04166915 0.09253087 0.00231788
v 0.04133056 0.09253087 0.00607999
v 0.04121715 0.09245823 0.00606463
v 0.04054452 0.09245823 0.00977115
v 0.04044662 0.09236720 0.00974880
v 0.03944684 0.09236720 0.01337142
v 0.03936747 0.09226040 0.01334563
v 0.03804962 0.09226040 0.01685703
v 0.03799070 0.09214097 0.01683185
v 0.03636589 0.09214097 0.02020580
v 0.03632819 0.09201237 0.02018550
v 0.03440945 0.09201237 0.02339693
v 0.04065608 0.09253087 0.00979661
v 0.03954234 0.09245823 0.01340245
v 0.03812636 0.09236720 0.01688982
v 0.03642232 0.09226040 0.02023616
v 0.03444518 0.09214097 0.02342052
v 0.03221057 0.09201237 0.02642343
v 0.03965118 0.09253087 0.01343781
v 0.03832392 0.09253087 0.01697427
v 0.03821870 0.09245823 0.01692929
v 0.03658423 0.09245823 0.02032330
v 0.03649581 0.09236720 0.02027571
v 0.03456831 0.09236720 0.02350180
v 0.03449866 0.09226040 0.02345582
v 0.03229414 0.09226040 0.02649008
v 0.03224403 0.09214097 0.02645013
v 0.02978019 0.09214097 0.02927023
v 0.02974924 0.09201237 0.02924065
v 0.02704529 0.09201237 0.03182589
v 0.03668500 0.09253087 0.02037752
v 0.03474762 0.09253087 0.02362016
v 0.03465211 0.09245823 0.02355711
v 0.03243790 0.09245823 0.02660473
v 0.03235939 0.09236720 0.02654211
v 0.02988683 0.09236720 0.02937219
v 0.02982650 0.09226040 0.02931452
v 0.02711562 0.09226040 0.03190638
v 0.02707347 0.09214097 0.03185813
v 0.02414566 0.09214097 0.03419298
v 0.02412049 0.09201237 0.03415833
v 0.02099838 0.09201237 0.03621922
v 0.02423238 0.09236720 0.03431234
v 0.02418332 0.09226040 0.03424482
v 0.02105321 0.09226040 0.03631099
v 0.02102035 0.09214097 0.03625599
v 0.01772269 0.09214097 0.03803053
v 0.01770411 0.09201237 0.03799195
v 0.01426418 0.09201237 0.03946224
v 0.02109602 0.09236720 0.03638263
v 0.01775048 0.09226040 0.03808826
v 0.01427924 0.09214097 0.03950233
v 0.01070632 0.09201237 0.04061826
v -0.00413941 0.09236720 0.04214246
v -0.00038515 0.09236720 0.04231106
v -0.00413193 0.09226040 0.04205933
v -0.00038515 0.09226040 0.04222760
v -0.00412618 0.09214097 0.04199551
v -0.00038515 0.09214097 0.04216352
v -0.00412235 0.09201237 0.04195287
v -0.00038515 0.09201237 0.04212070
v 0.00335205 0.09201237 0.04195287
v 0.00336911 0.09236720 0.04214246
v 0.00336163 0.09226040 0.04205933
v 0.00335588 0.09214097 0.04199551
v 0.04242629 0.10529173 0.01190545
v 0.04323952 0.10528371 0.00812143
v 0.04374392 0.10528371 0.00429001
v 0.04391249 0.10528371 0.00042922
v 0.04374392 0.10528371 -0.00343158
v 0.04323952 0.10528371 -0.00726299
v 0.04240308 0.10528371 -0.01103585
v 0.04124101 0.10528371 -0.01472147
v 0.03976215 0.10528371 -0.01829177
v 0.03797774 0.10528371 -0.02171960
v 0.03590135 0.10528371 -0.02497886
v 0.03354881 0.10528371 -0.02804476
v 0.03166563 0.10527731 -0.03014243
v -0.00038515 0.10528371 -0.04386842
v -0.00424595 0.10528371 -0.04369986
v -0.00807736 0.10528371 -0.04319544
v -0.01185022 0.10528371 -0.04235901
v -0.01553584 0.10528371 -0.04119695
v -0.01910614 0.10528371 -0.03971808
v -0.02253397 0.10528371 -0.03793366
v -0.02579323 0.10528371 -0.03585728
v -0.02885913 0.10528371 -0.03350474
v -0.03170831 0.10528371 -0.03089394
v 0.00730706 0.10528371 -0.04319544
v -0.03858340 0.10503069 -0.02197369
v -0.03027710 0.10220386 -0.03283186
v -0.02872257 0.10521561 -0.03357435
v -0.02576308 0.10499122 -0.03551151
v -0.02108367 0.10428407 -0.03871762
v -0.02247356 0.10522966 -0.03782904
v -0.01900853 0.10515628 -0.03950875
v -0.01905508 0.10522966 -0.03960858
v -0.01549451 0.10522966 -0.04108342
v -0.01545684 0.10515628 -0.04097991
v -0.01179044 0.10515628 -0.04213592
v -0.01356465 0.10505415 -0.04155232
v -0.01267945 0.10491062 -0.04193345
v -0.01181895 0.10522966 -0.04224232
v -0.00803725 0.10515628 -0.04296798
v -0.00491346 0.10421853 -0.04365796
v -0.00423541 0.10522966 -0.04357950
v -0.00038515 0.10522966 -0.04374761
v -0.00038515 0.10515628 -0.04363745
v 0.00345551 0.10515628 -0.04346977
v 0.00344711 0.10506562 -0.04337371
v 0.00725020 0.10506562 -0.04287302
v 0.00723631 0.10496019 -0.04279421
v 0.01097447 0.10496019 -0.04196548
v 0.01095858 0.10484294 -0.04190618
v 0.01460519 0.10484294 -0.04075641
v 0.01459115 0.10471711 -0.04071782
v 0.01812036 0.10471711 -0.03925598
v 0.00346511 0.10522966 -0.04357950
v 0.00726694 0.10515628 -0.04296798
v 0.01099519 0.10506562 -0.04204278
v 0.01462618 0.10496019 -0.04081410
v 0.01813771 0.10484294 -0.03929319
v 0.02150874 0.10471711 -0.03749210
v 0.00347564 0.10528371 -0.04369986
v 0.00728608 0.10522966 -0.04307646
v 0.01102014 0.10515628 -0.04213592
v 0.01468654 0.10515628 -0.04097991
v 0.01465356 0.10506562 -0.04088929
v 0.01819747 0.10506562 -0.03942136
v 0.01816366 0.10496019 -0.03934883
v 0.02155996 0.10496019 -0.03758083
v 0.02152926 0.10484294 -0.03752766
v 0.02475403 0.10484294 -0.03547325
v 0.02473048 0.10471711 -0.03543962
v 0.01823823 0.10515628 -0.03950875
v 0.02159998 0.10506562 -0.03765013
v 0.02478925 0.10496019 -0.03552354
v 0.02678668 0.10471872 -0.03391218
v 0.02056874 0.11305587 -0.04152050
v 0.02164819 0.10515628 -0.03773364
v 0.02489046 0.10515628 -0.03566808
v 0.02483514 0.10506562 -0.03558910
v 0.02787838 0.10506562 -0.03325394
v 0.02782693 0.10496019 -0.03319264
v 0.03064992 0.10496019 -0.03060585
v 0.03194957 0.10474025 -0.02915683
v 0.03357626 0.11085451 -0.03191842
v 0.02794036 0.10515628 -0.03332781
v 0.03077470 0.10515628 -0.03073062
v 0.03070650 0.10506562 -0.03066244
v 0.03329801 0.10506562 -0.02783431
v 0.03323671 0.10496019 -0.02778287
v 0.03556760 0.10496019 -0.02474518
v 0.03662523 0.10483214 -0.02311748
v 0.03345626 0.10522966 -0.02796710
v 0.03337188 0.10515628 -0.02789629
v 0.03571215 0.10515628 -0.02484639
v 0.03563316 0.10506562 -0.02479108
v 0.03769420 0.10506562 -0.02155590
v 0.03762489 0.10496019 -0.02151589
v 0.03939290 0.10496019 -0.01811959
v 0.04080048 0.10484294 -0.01456112
v 0.03997060 0.10456944 -0.01650191
v 0.03580239 0.10522966 -0.02490957
v 0.03777770 0.10515628 -0.02160412
v 0.03946542 0.10506562 -0.01815341
v 0.04085816 0.10496019 -0.01458212
v 0.04195024 0.10484294 -0.01091452
v 0.03965265 0.10522966 -0.01824071
v 0.04112749 0.10522966 -0.01468015
v 0.04102398 0.10515628 -0.01464247
v 0.04217998 0.10515628 -0.01097607
v 0.04208685 0.10506562 -0.01095112
v 0.04291708 0.10506562 -0.00720613
v 0.04283828 0.10496019 -0.00719224
v 0.04333806 0.10496019 -0.00339606
v 0.04300019 0.10459962 -0.00542850
v 0.04312053 0.10522966 -0.00724201
v 0.04362357 0.10522966 -0.00342104
v 0.04351383 0.10515628 -0.00341145
v 0.04368152 0.10515628 0.00042922
v 0.04358509 0.10506562 0.00042922
v 0.04349829 0.10487392 0.00143364
v 0.04379168 0.10522966 0.00042922
v 0.04351383 0.10515628 0.00426988
v 0.04362357 0.10522966 0.00427948
v 0.04312053 0.10522966 0.00810044
v 0.04301205 0.10515628 0.00808131
v 0.04217998 0.10515628 0.01183451
v 0.04228639 0.10522966 0.01186302
v 0.04194313 0.10498112 0.01238008
v -0.00805638 0.10522966 -0.04307646
v -0.00422581 0.10515628 -0.04346977
v -0.00224997 0.10505415 -0.04353294
v 0.00671395 0.10420125 -0.04311707
v 0.03787310 0.10522966 -0.02165919
v 0.03955282 0.10515628 -0.01819416
v 0.04093336 0.10506562 -0.01460949
v 0.04200954 0.10496019 -0.01093040
v 0.04277782 0.10484294 -0.00718158
v 0.04350507 0.10496019 0.00042922
v 0.04341778 0.10506562 -0.00340304
v 0.04301205 0.10515628 -0.00722288
v 0.04228639 0.10522966 -0.01100459
v -0.02622099 0.11163308 0.03799174
v -0.00819438 0.11163308 0.04534525
v -0.01202667 0.11163308 0.04450765
v -0.01577276 0.11163308 0.04334373
v -0.01940494 0.11163308 0.04186208
v -0.02289630 0.11163308 0.04007366
v 0.00612877 0.11477652 0.04741208
v -0.00430622 0.11163339 0.04585076
v -0.02853974 0.11178044 0.03694175
v -0.02192358 0.10450329 0.04119602
v -0.00733327 0.11452268 -0.04659458
v -0.03621165 0.11171706 0.02918450
v -0.03804725 0.11481892 0.02836410
v -0.03556154 0.11480809 0.03138833
v -0.03280930 0.11480809 0.03425996
v -0.02982344 0.11480809 0.03688785
v -0.02662548 0.11480809 0.03925305
v -0.01582744 0.11454034 0.04502888
v -0.02922283 0.11454322 0.03701264
v -0.02961869 0.11457079 0.03663427
v -0.03253082 0.11445872 0.03396941
v -0.02974698 0.11474806 0.03679315
v -0.02967805 0.11466819 0.03670779
v -0.03264916 0.11466819 0.03409289
v -0.03258377 0.11457079 0.03402466
v -0.03531687 0.11457079 0.03117300
v -0.03525942 0.11445872 0.03112244
v -0.03773676 0.11445872 0.02805432
v -0.03653154 0.11432604 0.02958509
v -0.03272508 0.11474806 0.03417209
v -0.03538781 0.11466819 0.03123544
v -0.03779828 0.11457079 0.02809983
v -0.03796247 0.11474806 0.02822126
v -0.03846114 0.11443622 0.02703773
v -0.03547017 0.11474806 0.03130791
v -0.03787426 0.11466819 0.02815602
v 0.04697016 0.11889720 0.01686471
v 0.03890327 0.12186778 0.03009680
v 0.00653689 0.12102084 0.04965613
v 0.00053403 0.12208985 0.04895994
v 0.01700600 0.12011865 0.04777115
v 0.01675482 0.12152052 0.04680392
v 0.01672090 0.12207933 0.04596523
v 0.01540077 0.12204545 0.04641203
v 0.01544792 0.12201267 0.04654940
v 0.01549260 0.12195569 0.04667951
v 0.01553346 0.12187616 0.04679858
v 0.01556935 0.12177641 0.04690312
v 0.01559923 0.12165932 0.04699011
v 0.01562219 0.12152831 0.04705704
v 0.01151312 0.12205307 0.04741441
v 0.01154962 0.12204545 0.04755856
v 0.01158528 0.12201267 0.04769936
v 0.01161905 0.12195569 0.04783272
v 0.01164995 0.12187616 0.04795474
v 0.01167708 0.12177641 0.04806190
v 0.01169966 0.12165932 0.04815106
v 0.01171703 0.12152831 0.04821965
v 0.00759247 0.12205307 0.04823649
v 0.00761695 0.12204545 0.04838316
v 0.00764085 0.12201267 0.04852642
v 0.00766349 0.12195569 0.04866211
v 0.00768422 0.12187616 0.04878627
v 0.00770241 0.12177641 0.04889530
v 0.00771754 0.12165932 0.04898603
v -0.00925385 0.12195496 0.04950934
v -0.03321185 0.12205307 0.03608852
v -0.03187802 0.12150530 0.03871134
v -0.03863346 0.12205307 0.03019907
v -0.03875081 0.12204545 0.03029041
v -0.03615385 0.12204545 0.03335662
v -0.03626071 0.12201267 0.03345500
v -0.03341093 0.12201267 0.03630477
v -0.03350410 0.12195569 0.03640598
v -0.03897398 0.12195569 0.03046410
v -0.03859705 0.12185275 0.02977284
v -0.04550357 0.12105403 0.02221287
v -0.04903369 0.12153735 0.00916583
v -0.04885123 0.12177641 0.00851678
v -0.04719161 0.12146903 0.01566762
v -0.03722037 0.11473336 -0.03114528
v -0.04904078 0.12180289 -0.00915991
v -0.04901174 0.12152831 0.00854356
v -0.04951574 0.12152831 0.00450029
v -0.04944523 0.12165932 0.00449445
v -0.04961337 0.12165932 0.00042922
v -0.04952139 0.12177641 0.00042922
v -0.04935356 0.12177641 -0.00362842
v -0.04924340 0.12187616 -0.00361929
v -0.04874220 0.12187616 -0.00764015
v -0.04861804 0.12195569 -0.00761943
v -0.03938757 0.12188261 -0.03146874
v -0.01077224 0.12182395 -0.04779052
v -0.00968574 0.12205381 -0.04711090
v -0.00841116 0.12201267 -0.04766799
v -0.00838725 0.12204545 -0.04752472
v -0.00439991 0.12204545 -0.04802175
v -0.00438763 0.12205307 -0.04787355
v -0.00038515 0.12205307 -0.04803910
v -0.00038515 0.12203532 -0.04789126
v 0.00051095 0.12197254 -0.04776632
v -0.00843380 0.12195569 -0.04780367
v -0.00441191 0.12201267 -0.04816649
v -0.00038515 0.12204545 -0.04818780
v 0.00361733 0.12205307 -0.04787355
v -0.00847271 0.12177641 -0.04803686
v -0.00845452 0.12187616 -0.04792783
v -0.00443366 0.12187616 -0.04842903
v -0.00442326 0.12195569 -0.04830358
v -0.00038515 0.12195569 -0.04847060
v -0.00038515 0.12201267 -0.04833304
v 0.00364161 0.12201267 -0.04816649
v 0.00362961 0.12204545 -0.04802175
v 0.00761695 0.12204545 -0.04752472
v 0.00759247 0.12205307 -0.04737805
v 0.00986215 0.12204677 -0.04688685
v -0.00848785 0.12165932 -0.04812759
v -0.00444279 0.12177641 -0.04853919
v -0.00038515 0.12187616 -0.04859648
v 0.00365296 0.12195569 -0.04830358
v 0.00764085 0.12201267 -0.04766799
v 0.01154962 0.12204545 -0.04670013
v 0.01830557 0.12183556 -0.04584053
v -0.00014905 0.11989304 -0.04919650
v -0.00445623 0.12152831 -0.04870137
v -0.00038515 0.12165932 -0.04879900
v 0.00368008 0.12165932 -0.04863086
v 0.00367249 0.12177641 -0.04853919
v 0.00770241 0.12177641 -0.04803686
v 0.00768422 0.12187616 -0.04792783
v 0.01164995 0.12187616 -0.04709631
v 0.01161905 0.12195569 -0.04697428
v 0.01209401 0.12068583 -0.04762175
v 0.03711018 0.12141440 -0.03183961
v 0.04961337 0.11917854 -0.00698017
v -0.03604445 0.12205307 0.03325591
v -0.03331256 0.12204545 0.03619791
v -0.03122055 0.12066436 0.03980526
v -0.03886543 0.12201267 0.03037962
v -0.03636192 0.12195569 0.03354816
v -0.04848236 0.12201267 -0.00759679
v -0.04911795 0.12195569 -0.00360889
v -0.04941085 0.12187616 0.00042922
v -0.04935356 0.12177641 0.00448686
v -0.04894196 0.12165932 0.00853191
v -0.00437542 0.12203532 -0.04772622
v -0.00836277 0.12205307 -0.04737805
v -0.00849949 0.12152831 -0.04819737
v -0.00445039 0.12165932 -0.04863086
v -0.00038515 0.12177641 -0.04870702
v 0.00366336 0.12187616 -0.04842903
v 0.00766349 0.12195569 -0.04780367
v 0.01158528 0.12201267 -0.04684093
v 0.00366336 0.12187616 0.04928747
v 0.00365296 0.12195569 0.04916202
v 0.00364161 0.12201267 0.04902493
v 0.00362961 0.12204545 0.04888018
v 0.00528634 0.12204677 0.04850885
v -0.04943459 0.11962872 -0.00386920
v -0.03154248 0.12189921 -0.03843317
v 0.04884923 0.12237107 -0.00363405
v 0.02884623 0.12203385 0.04145532
v -0.00223221 0.12244309 -0.04965613
v -0.02717869 0.00479173 0.02418098
v 0.00873414 0.00092238 -0.03247988
v 0.02958169 0.00092733 -0.01558839
v 0.02786739 0.00092733 -0.01844853
v 0.02588100 0.00092733 -0.02112686
v 0.02364166 0.00092733 -0.02359760
v 0.02117092 0.00092733 -0.02583694
v 0.01849260 0.00092733 -0.02782333
v 0.01563246 0.00092733 -0.02953762
v -0.00384746 0.00438027 0.00432217
v 0.03352151 0.00092823 0.00338586
v 0.03343027 0.00092733 -0.00290131
v 0.03294099 0.00092733 -0.00619976
v 0.03213078 0.00092733 -0.00943438
v 0.03100739 0.00092733 -0.01257400
v -0.01024875 0.00092733 -0.03208670
v -0.01338837 0.00092733 -0.03096333
v -0.01640276 0.00092733 -0.02953762
v -0.01926290 0.00092733 -0.02782333
v -0.02194123 0.00092733 -0.02583694
v -0.02441196 0.00092733 -0.02359760
v -0.02665131 0.00092733 -0.02112686
v -0.01362442 0.00597107 -0.03202841
v 0.02924043 0.00690941 -0.01754028
v -0.00373513 0.00098050 -0.03358369
v -0.00038515 0.00098050 -0.03374826
v 0.01293411 0.00589553 -0.03181082
v 0.02125704 0.00095126 -0.02594187
v 0.02373764 0.00095126 -0.02369358
v 0.02598594 0.00095126 -0.02121297
v 0.02798025 0.00095126 -0.01852394
v 0.02970141 0.00095126 -0.01565238
v 0.03113280 0.00095126 -0.01262595
v 0.03226067 0.00095126 -0.00947378
v 0.03307413 0.00095126 -0.00622625
v 0.03356536 0.00095126 -0.00291461
v 0.03372964 0.00095126 0.00042922
v 0.03356536 0.00095126 0.00377305
v 0.03307413 0.00095126 0.00708468
v 0.03172321 0.00093989 0.01197870
v 0.02994603 0.00409837 0.01658739
v -0.03211132 0.00572793 -0.01614222
v -0.02202734 0.00095126 -0.02594187
v -0.01933831 0.00095126 -0.02793619
v -0.01646675 0.00095126 -0.02965734
v -0.01344032 0.00095126 -0.03108873
v -0.01028815 0.00095126 -0.03221660
v -0.00704062 0.00095126 -0.03303006
v -0.00372898 0.00095126 -0.03352129
v -0.00038515 0.00095126 -0.03368557
v 0.00077394 0.00111095 -0.03397018
v 0.01853088 0.00093336 -0.02788063
v 0.02121465 0.00093336 -0.02589021
v 0.02369040 0.00093336 -0.02364633
v 0.02593428 0.00093336 -0.02117058
v 0.02792470 0.00093336 -0.01848682
v 0.02964247 0.00093336 -0.01562088
v 0.03107106 0.00093336 -0.01260037
v 0.03219672 0.00093336 -0.00945438
v 0.03300858 0.00093336 -0.00621321
v 0.03349886 0.00093336 -0.00290807
v 0.03366280 0.00093336 0.00042922
v 0.00863069 0.00553616 0.03434638
v -0.02446070 0.00093336 -0.02364633
v -0.02198495 0.00093336 -0.02589021
v -0.01930119 0.00093336 -0.02788063
v -0.01643525 0.00093336 -0.02959840
v -0.01341474 0.00093336 -0.03102700
v -0.01026875 0.00093336 -0.03215265
v -0.00702758 0.00093336 -0.03296452
v -0.00372244 0.00093336 -0.03345479
v -0.00038515 0.00093336 -0.03361874
v 0.03378141 0.00648528 0.00619693
v 0.02485442 0.00844343 0.02400211
v 0.02154806 0.00844343 0.02715491
v 0.02406202 0.00844343 0.02487639
v 0.02405588 0.00838281 0.02487025
v -0.03795707 0.03901397 -0.01187734
v 0.01882287 0.00844343 0.02917605
v 0.02142966 0.00844343 0.02724272
v 0.02154255 0.00838281 0.02714820
v 0.02479752 0.03792914 0.02684005
v 0.02262924 0.03792914 0.02871887
v 0.00126765 0.03933689 -0.03742474
v 0.00221059 0.03878813 -0.03723521
v 0.03648637 0.03939843 -0.00798699
v 0.03622094 0.03939843 -0.00922621
v 0.03594335 0.02832617 -0.01466239
v 0.03743963 0.03939843 0.00164166
v 0.03746252 0.03939843 0.00131671
v 0.03745236 0.03933143 0.00131647
v 0.03420927 0.03939843 0.01574232
v 0.03450563 0.03939843 0.01512163
v 0.03449627 0.03933143 0.01511768
v 0.02592841 0.03939843 0.02759917
v 0.02669650 0.03939843 0.02688328
v 0.02765471 0.03926608 0.02587611
v 0.01819024 0.03939843 0.03341125
v 0.01828709 0.03939843 0.03336220
v 0.01828208 0.03933143 0.03335336
v 0.01512115 0.03939843 0.03496598
v 0.01332829 0.03885531 0.03507132
v -0.03272404 0.03939843 0.02003351
v -0.03149656 0.03885866 0.02096040
v -0.03497957 0.03939843 0.01574232
v -0.03374680 0.03939843 0.01832429
v -0.03527593 0.03939843 0.01512163
v -0.00762017 0.03939843 -0.03672288
v -0.01089325 0.03933143 -0.03593071
v -0.00393024 0.03939843 -0.03726250
v -0.00744417 0.03939843 -0.03676491
v -0.00744227 0.03933143 -0.03675493
v -0.01681119 0.03870502 0.03493066
v -0.00611620 0.09285826 0.04182265
v -0.00216201 0.03933681 0.03823755
v -0.00215965 0.03939843 0.03824568
v -0.00038515 0.03939843 0.03828728
v 0.00416001 0.03885439 0.03744583
v 0.02128893 0.03939843 0.03146899
v 0.02128312 0.03933143 0.03146066
v 0.02223547 0.03939843 0.03073974
v 0.02410030 0.03939843 0.02930300
v 0.02409373 0.03933143 0.02929526
v 0.02905470 0.03939843 0.02423107
v 0.02904680 0.03933143 0.02422469
v 0.02920458 0.03939843 0.02402680
v 0.03115418 0.03939843 0.02136970
v 0.03114571 0.03933143 0.02136408
v 0.03195374 0.03939843 0.02003351
v 0.03297649 0.03939843 0.01832429
v 0.03296754 0.03933143 0.01831949
v 0.03572813 0.03939843 0.01178984
v 0.03571844 0.03933143 0.01178679
v 0.03588509 0.03939843 0.01119480
v 0.03663328 0.03939843 0.00835822
v 0.03662334 0.03933143 0.00835609
v 0.03694687 0.03939843 0.00646461
v 0.03721310 0.03939843 0.00485692
v 0.03720301 0.03933143 0.00485573
v 0.03737932 0.03939843 -0.00223130
v 0.03736918 0.03933143 -0.00223059
v 0.03726498 0.03939843 -0.00320214
v 0.03696424 0.03939843 -0.00575593
v 0.03695422 0.03933143 -0.00575427
v 0.03515594 0.03939843 -0.01261163
v 0.03514641 0.03933143 -0.01260813
v 0.03514190 0.03939843 -0.01264498
v 0.03377861 0.03939843 -0.01588245
v 0.03376945 0.03933143 -0.01587807
v 0.03314532 0.03939843 -0.01706310
v 0.03138558 0.03879855 -0.01917563
v 0.02560651 0.03914836 -0.02710518
v 0.02542678 0.03939843 -0.02726514
v 0.02412865 0.03939843 -0.02836597
v -0.00280904 0.03939843 -0.03731511
v -0.00249495 0.03922548 -0.03736283
v -0.01719291 0.03886084 -0.03303929
v -0.03521320 0.03894073 0.01424107
v 0.02242601 0.03875171 0.02962139
v 0.03122919 0.03872732 0.02045500
v 0.01889765 0.03887946 -0.03183062
v -0.00565783 0.09190413 0.04132514
v -0.03564633 0.09190413 0.02180505
v -0.03673185 0.09190413 0.01998821
v -0.03833878 0.09190413 0.01665138
v -0.00775511 0.09190413 -0.04018260
v -0.00409047 0.09206400 -0.04069918
v -0.00302814 0.09190413 -0.04072721
v -0.00136539 0.09280719 -0.04142477
v 0.02677135 0.09190413 -0.03065390
v 0.03619101 0.09190413 -0.01865328
v 0.03886983 0.09190413 -0.01232550
v 0.03985513 0.09190413 -0.00875536
v 0.04051643 0.09190413 -0.00511127
v 0.04084841 0.09190413 -0.00142258
v 0.04084841 0.09190413 0.00175215
v 0.04032753 0.09190413 0.00701067
v 0.03985513 0.09190413 0.00961380
v 0.03886983 0.09190413 0.01318394
v 0.03830144 0.09234548 0.01517024
v 0.03733901 0.09190413 0.01712788
v 0.03487603 0.09190413 0.02180505
v 0.03406197 0.09190413 0.02316756
v 0.02944830 0.09190413 0.02895292
v 0.02830110 0.09190413 0.03004976
v 0.02428925 0.09190413 0.03349175
v 0.02387576 0.09190413 0.03382150
v 0.02050997 0.09271877 0.03637568
v 0.01985320 0.09190413 0.03636314
v -0.00408502 0.09190413 0.04153819
v 0.00584286 0.09296228 -0.04139473
v -0.03925095 0.09273758 0.01534126
v 0.04081450 0.09230210 -0.00332048
v 0.01528958 0.09264765 0.03898426
v 0.02786276 0.09286514 -0.03073805
v -0.03786852 0.09271914 0.01914028
v -0.02583239 0.09278758 0.03529367
v 0.02530873 0.09269247 0.03326143
v 0.03593062 0.09270836 0.02095083
v 0.03872655 0.09317574 0.01819925
v 0.03942474 0.09270960 0.01270804
v 0.03563266 0.09283644 -0.02151490
v 0.01573151 0.10621597 -0.04247317
v 0.04358797 0.10181938 0.00727466
v 0.03457472 0.10109636 0.02794571
v -0.04046491 0.09504781 -0.01906811
v -0.04405207 0.10715700 0.01910531
v -0.04666286 0.11473490 0.00687647
v -0.04798375 0.12229327 -0.01269476
v -0.04844224 0.12238501 0.01194911
v -0.02988150 0.12251002 0.03890899
v 0.01319169 0.12228617 0.04809066
v 0.00361812 0.11549096 -0.04660582
v 0.00759255 0.11549096 -0.04609687
v 0.01150949 0.11549096 -0.04525271
v 0.01534074 0.11549096 -0.04407940
v 0.01905869 0.11549096 -0.04258541
v 0.02263654 0.11549096 -0.04078149
v 0.02604851 0.11549096 -0.03868066
v 0.02927003 0.11549096 -0.03629803
v 0.03227789 0.11549096 -0.03365078
v 0.03505040 0.11549096 -0.03075799
v 0.03756761 0.11549096 -0.02764050
v 0.03981136 0.11549096 -0.02432075
v 0.04176550 0.11549096 -0.02082269
v 0.04341594 0.11549096 -0.01717151
v 0.04475079 0.11549096 -0.01339351
v 0.04576044 0.11549096 -0.00951592
v 0.04643760 0.11549096 -0.00556667
v 0.04677740 0.11549096 -0.00157422
v 0.04677740 0.11549096 0.00243266
v 0.04643760 0.11549096 0.00642511
v 0.04576044 0.11549096 0.01037436
v 0.04475079 0.11549096 0.01425194
v 0.04341594 0.11549096 0.01802995
v 0.04176550 0.11549096 0.02168113
v 0.03981136 0.11549096 0.02517919
v 0.03756761 0.11549096 0.02849893
v 0.03505040 0.11549096 0.03161643
v 0.03227789 0.11549096 0.03450922
v 0.02927003 0.11549096 0.03715646
v 0.02604851 0.11549096 0.03953909
v 0.02263654 0.11549096 0.04163992
v 0.01905869 0.11549096 0.04344385
v 0.01534074 0.11549096 0.04493784
v 0.01150949 0.11549096 0.04611114
v 0.00759255 0.11549096 0.04695531
v 0.00361812 0.11549096 0.04746426
v -0.00038515 0.11549096 0.04763432
v -0.00438842 0.11549096 0.04746426
v -0.00836285 0.11549096 0.04695531
v -0.01227980 0.11549096 0.04611114
v -0.01611104 0.11549096 0.04493784
v -0.01982899 0.11549096 0.04344385
v -0.02340684 0.11549096 0.04163992
v -0.02681881 0.11549096 0.03953909
v -0.03004033 0.11549096 0.03715646
v -0.03304819 0.11549096 0.03450922
v -0.03582071 0.11549096 0.03161643
v -0.03833791 0.11549096 0.02849893
v -0.04058166 0.11549096 0.02517919
v -0.04253580 0.11549096 0.02168113
v -0.04418624 0.11549096 0.01802995
v -0.04552109 0.11549096 0.01425194
v -0.04653074 0.11549096 0.01037436
v -0.04720790 0.11549096 0.00642511
v -0.04754771 0.11549096 0.00243266
v -0.04754771 0.11549096 -0.00157422
v -0.04720790 0.11549096 -0.00556667
v -0.04653074 0.11549096 -0.00951592
v -0.04552109 0.11549096 -0.01339351
v -0.04418624 0.11549096 -0.01717151
v -0.04253580 0.11549096 -0.02082269
v -0.04058166 0.11549096 -0.02432075
v -0.03833791 0.11549096 -0.02764050
v -0.03582071 0.11549096 -0.03075799
v -0.03304819 0.11549096 -0.03365078
v -0.03004033 0.11549096 -0.03629803
v -0.02681881 0.11549096 -0.03868066
v -0.02340684 0.11549096 -0.04078149
v -0.01982899 0.11549096 -0.04258541
v -0.01611104 0.11549096 -0.04407940
v -0.01227980 0.11549096 -0.04525271
v -0.00836285 0.11549096 -0.04609687
v -0.00438842 0.11549096 -0.04660582
v -0.00038515 0.11549096 -0.04677588
v 0.00361573 0.11542923 -0.04657776
v 0.00758779 0.11542923 -0.04606912
v 0.01150240 0.11542923 -0.04522545
v 0.01533136 0.11542923 -0.04405285
v 0.01904708 0.11542923 -0.04255974
v 0.02262280 0.11542923 -0.04075691
v 0.02603275 0.11542923 -0.03865732
v 0.02925235 0.11542923 -0.03627612
v 0.03225840 0.11542923 -0.03363045
v 0.03502927 0.11542923 -0.03073939
v 0.03754497 0.11542923 -0.02762375
v 0.03978738 0.11542923 -0.02430599
v 0.04174036 0.11542923 -0.02081001
v 0.04338981 0.11542923 -0.01716101
v 0.04472386 0.11542923 -0.01338526
v 0.04573291 0.11542923 -0.00950998
v 0.04640967 0.11542923 -0.00556310
v 0.04674928 0.11542923 -0.00157303
v 0.04674928 0.11542923 0.00243147
v 0.04640967 0.11542923 0.00642153
v 0.04573291 0.11542923 0.01036842
v 0.04472386 0.11542923 0.01424370
v 0.04338981 0.11542923 0.01801944
v 0.04174036 0.11542923 0.02166845
v 0.03978738 0.11542923 0.02516443
v 0.03754497 0.11542923 0.02848219
v 0.03502927 0.11542923 0.03159782
v 0.03225840 0.11542923 0.03448889
v 0.02925235 0.11542923 0.03713456
v 0.02603275 0.11542923 0.03951576
v 0.02262280 0.11542923 0.04161535
v 0.01904708 0.11542923 0.04341818
v 0.01533136 0.11542923 0.04491129
v 0.01150240 0.11542923 0.04608389
v 0.00758779 0.11542923 0.04692756
v 0.00361573 0.11542923 0.04743620
v -0.00038515 0.11542923 0.04760615
v -0.00438604 0.11542923 0.04743620
v -0.00835809 0.11542923 0.04692756
v -0.01227271 0.11542923 0.04608389
v -0.01610166 0.11542923 0.04491129
v -0.01981739 0.11542923 0.04341818
v -0.02339310 0.11542923 0.04161535
v -0.02680304 0.11542923 0.03951576
v -0.03002264 0.11542923 0.03713456
v -0.03302870 0.11542923 0.03448889
v -0.03579957 0.11542923 0.03159782
v -0.03831527 0.11542923 0.02848219
v -0.04055768 0.11542923 0.02516443
v -0.04251066 0.11542923 0.02166845
v -0.04416011 0.11542923 0.01801944
v -0.04549417 0.11542923 0.01424370
v -0.04650321 0.11542923 0.01036842
v -0.04717997 0.11542923 0.00642153
v -0.04751958 0.11542923 0.00243147
v -0.04751958 0.11542923 -0.00157303
v -0.04717997 0.11542923 -0.00556310
v -0.04650321 0.11542923 -0.00950998
v -0.04549417 0.11542923 -0.01338526
v -0.04416011 0.11542923 -0.01716101
v -0.04251066 0.11542923 -0.02081001
v -0.04055768 0.11542923 -0.02430599
v -0.03831527 0.11542923 -0.02762375
v -0.03579957 0.11542923 -0.03073939
v -0.03302870 0.11542923 -0.03363045
v -0.03002264 0.11542923 -0.03627612
v -0.02680304 0.11542923 -0.03865732
v -0.02339310 0.11542923 -0.04075691
v -0.01981739 0.11542923 -0.04255974
v -0.01610166 0.11542923 -0.04405285
v -0.01227271 0.11542923 -0.04522545
v -0.00835809 0.11542923 -0.04606912
v -0.00438604 0.11542923 -0.04657776
v -0.00038515 0.11542923 -0.04674771
v 0.00361249 0.11537320 -0.04653963
v 0.00758132 0.11537320 -0.04603140
v 0.01149276 0.11537320 -0.04518843
v 0.01531861 0.11537320 -0.04401677
v 0.01903133 0.11537320 -0.04252488
v 0.02260414 0.11537320 -0.04072350
v 0.02601131 0.11537320 -0.03862562
v 0.02922830 0.11537320 -0.03624635
v 0.03223193 0.11537320 -0.03360283
v 0.03500054 0.11537320 -0.03071411
v 0.03751421 0.11537320 -0.02760100
v 0.03975481 0.11537320 -0.02428593
v 0.04170618 0.11537320 -0.02079279
v 0.04335430 0.11537320 -0.01714674
v 0.04468727 0.11537320 -0.01337406
v 0.04569550 0.11537320 -0.00950192
v 0.04671104 0.11537320 -0.00157140
v 0.04671104 0.11537320 0.00242984
v 0.04637171 0.11537320 0.00641667
v 0.04569550 0.11537320 0.01036036
v 0.04468727 0.11537320 0.01423249
v 0.04335430 0.11537320 0.01800518
v 0.04170618 0.11537320 0.02165122
v 0.03975481 0.11537320 0.02514437
v 0.03751421 0.11537320 0.02845943
v 0.03500054 0.11537320 0.03157255
v 0.03223193 0.11537320 0.03446127
v 0.02922830 0.11537320 0.03710479
v 0.02601131 0.11537320 0.03948405
v 0.02260414 0.11537320 0.04158195
v 0.01903133 0.11537320 0.04338332
v 0.01531861 0.11537320 0.04487521
v 0.01149276 0.11537320 0.04604686
v 0.00758132 0.11537320 0.04688985
v 0.00361249 0.11537320 0.04739807
v -0.00038515 0.11537320 0.04756789
v -0.00438279 0.11537320 0.04739807
v -0.00835162 0.11537320 0.04688985
v -0.01226306 0.11537320 0.04604686
v -0.01608891 0.11537320 0.04487521
v -0.01980163 0.11537320 0.04338332
v -0.02337444 0.11537320 0.04158195
v -0.03577085 0.11537320 0.03157255
v -0.03828450 0.11537320 0.02845943
v -0.04052510 0.11537320 0.02514437
v -0.04247649 0.11537320 0.02165122
v -0.04412460 0.11537320 0.01800518
v -0.04545758 0.11537320 0.01423249
v -0.04646580 0.11537320 0.01036036
v -0.04714201 0.11537320 0.00641667
v -0.04748134 0.11537320 0.00242984
v -0.04748134 0.11537320 -0.00157140
v -0.04714201 0.11537320 -0.00555823
v -0.04646580 0.11537320 -0.00950192
v -0.04545758 0.11537320 -0.01337406
v -0.04412460 0.11537320 -0.01714674
v -0.04247649 0.11537320 -0.02079279
v -0.04052510 0.11537320 -0.02428593
v -0.03828450 0.11537320 -0.02760100
v -0.03577085 0.11537320 -0.03071411
v -0.03300223 0.11537320 -0.03360283
v -0.02999860 0.11537320 -0.03624635
v -0.02678162 0.11537320 -0.03862562
v -0.02337444 0.11537320 -0.04072350
v -0.01980163 0.11537320 -0.04252488
v -0.01608891 0.11537320 -0.04401677
v -0.01226306 0.11537320 -0.04518843
v -0.00835162 0.11537320 -0.04603140
v -0.00438279 0.11537320 -0.04653963
v -0.00038515 0.11537320 -0.04670945
v 0.00360848 0.11532450 -0.04649255
v 0.00757334 0.11532450 -0.04598483
v 0.01148085 0.11532450 -0.04514270
v 0.01530288 0.11532450 -0.04397222
v 0.01901186 0.11532450 -0.04248182
v 0.02258109 0.11532450 -0.04068225
v 0.02598486 0.11532450 -0.03858648
v 0.02919862 0.11532450 -0.03620959
v 0.03219923 0.11532450 -0.03356872
v 0.04248933 0.10828678 -0.01867279
v 0.04475526 0.11530127 -0.01328498
v 0.04608667 0.11500573 -0.00228689
v 0.04666383 0.11532450 -0.00156940
v 0.04666383 0.11532450 0.00242783
v 0.04632484 0.11532450 0.00641067
v 0.04564931 0.11532450 0.01035040
v 0.04464210 0.11532450 0.01421866
v 0.04331046 0.11532450 0.01798756
v 0.04166399 0.11532450 0.02162995
v 0.03971456 0.11532450 0.02511959
v 0.03747621 0.11532450 0.02843134
v 0.03496507 0.11532450 0.03154133
v 0.03219923 0.11532450 0.03442715
v 0.02919862 0.11532450 0.03706802
v 0.02598486 0.11532450 0.03944491
v 0.02258109 0.11532450 0.04154070
v 0.01901186 0.11532450 0.04334026
v 0.01530288 0.11532450 0.04483065
v 0.01148085 0.11532450 0.04600114
v 0.00757334 0.11532450 0.04684327
v 0.00154206 0.11531498 0.04751259
v -0.00009624 0.10717146 0.04656205
v -0.03488091 0.11476353 0.03207031
v -0.04709515 0.11532450 0.00641067
v -0.04743414 0.11532450 0.00242783
v -0.04743414 0.11532450 -0.00156940
v -0.04709515 0.11532450 -0.00555223
v -0.04641961 0.11532450 -0.00949197
v -0.03315089 0.11469624 -0.03309439
v -0.03296953 0.11532450 -0.03356872
v -0.02996892 0.11532450 -0.03620959
v -0.02675516 0.11532450 -0.03858648
v -0.02335140 0.11532450 -0.04068225
v -0.01978216 0.11532450 -0.04248182
v -0.01607317 0.11532450 -0.04397222
v -0.01225116 0.11532450 -0.04514270
v -0.00629835 0.11531497 -0.04632109
v 0.00360383 0.11528457 -0.04643790
v 0.00756407 0.11528457 -0.04593076
v 0.01146703 0.11528457 -0.04508961
v 0.01528460 0.11528457 -0.04392049
v 0.04413556 0.11377120 0.01448171
v 0.02964847 0.11290192 0.03602246
v -0.03293158 0.11528457 -0.03352911
v -0.02829144 0.11527768 -0.03747307
v -0.02904128 0.10740450 -0.03780121
v 0.00250494 0.11484956 -0.04617201
v -0.00297392 0.00281645 0.00119061
v -0.00293106 0.00281645 0.00116586
v -0.00302276 0.00281761 0.00136310
v -0.00089315 0.00281645 -0.00244741
v -0.00367748 0.00281057 -0.00240881
v -0.00421351 0.00281646 -0.00097100
v -0.00437775 0.00281645 -0.00073291
v -0.00319389 0.00281645 0.00131761
v -0.00323674 0.00281645 0.00134235
v -0.00338789 0.00281838 -0.00246947
v -0.00089315 0.00281838 -0.00246947
v -0.00338789 0.00282411 -0.00249085
v -0.00089315 0.00282411 -0.00249085
v -0.00338789 0.00283347 -0.00251091
v -0.00089315 0.00283347 -0.00251091
v -0.00338789 0.00284617 -0.00252905
v -0.00089315 0.00284617 -0.00252905
v -0.00338789 0.00286182 -0.00254470
v -0.00089315 0.00286182 -0.00254470
v -0.00338789 0.00287995 -0.00255740
v -0.00089315 0.00287995 -0.00255740
v -0.00338789 0.00290002 -0.00256675
v -0.00089315 0.00290002 -0.00256675
v -0.00338789 0.00292140 -0.00257248
v -0.00089315 0.00292140 -0.00257248
v -0.00338789 0.00294345 -0.00257441
v -0.00338789 0.00281838 -0.00217136
v -0.00089315 0.00282411 -0.00214997
v -0.00338789 0.00282411 -0.00214997
v -0.00089315 0.00283347 -0.00212991
v -0.00338789 0.00283347 -0.00212991
v -0.00089315 0.00284617 -0.00211178
v -0.00338789 0.00284617 -0.00211178
v -0.00089315 0.00286182 -0.00209613
v -0.00338789 0.00286182 -0.00209613
v -0.00089315 0.00287995 -0.00208343
v -0.00338789 0.00287995 -0.00208343
v -0.00089315 0.00290002 -0.00207407
v -0.00338789 0.00290002 -0.00207407
v -0.00089315 0.00292140 -0.00206834
v -0.00338789 0.00292140 -0.00206834
v -0.00089315 0.00294345 -0.00206641
v -0.00338789 0.00294345 -0.00206641
v -0.00441537 0.00282411 -0.00071119
v -0.00448020 0.00281828 -0.00088601
v -0.00443275 0.00283347 -0.00070116
v -0.00444845 0.00284617 -0.00069209
v -0.00446201 0.00286182 -0.00068427
v -0.00447300 0.00287995 -0.00067792
v -0.00448111 0.00290002 -0.00067324
v -0.00432566 0.00279179 -0.00181298
v -0.00382410 0.00287161 -0.00249569
v -0.00448607 0.00292140 -0.00067038
v -0.00448774 0.00294345 -0.00066941
v -0.00404780 0.00294345 -0.00092341
v -0.00404947 0.00292140 -0.00092245
v -0.00405443 0.00290002 -0.00091958
v -0.00406253 0.00287995 -0.00091490
v -0.00407353 0.00286182 -0.00090855
v -0.00408709 0.00284617 -0.00090073
v -0.00410279 0.00283347 -0.00089166
v -0.00412017 0.00282411 -0.00088163
v -0.00418610 0.00285033 -0.00117667
v -0.00373669 0.00287997 -0.00203088
v -0.00413869 0.00281838 -0.00087094
v -0.00336190 0.00291180 0.00127259
v -0.00336440 0.00292145 0.00127192
v -0.00336604 0.00292774 0.00127148
v -0.00336737 0.00294345 0.00127112
v -0.00335450 0.00289545 0.00127457
v -0.00335660 0.00290009 0.00127401
v -0.00334309 0.00287865 0.00127763
v -0.00334400 0.00288000 0.00127739
v -0.00332655 0.00286162 0.00128206
v -0.00332676 0.00286183 0.00128201
v -0.00330361 0.00284508 0.00128821
v -0.00330526 0.00284627 0.00128777
v -0.00327328 0.00283053 0.00129633
v -0.00328388 0.00283474 0.00129313
v -0.00322387 0.00281915 0.00130957
v -0.00295077 0.00283388 0.00110423
v -0.00294759 0.00282746 0.00111976
v -0.00295812 0.00282490 0.00113168
v -0.00296250 0.00282027 0.00114860
v -0.00293831 0.00286183 0.00105774
v -0.00293837 0.00286162 0.00105795
v -0.00294407 0.00284627 0.00107923
v -0.00294452 0.00284508 0.00108089
v -0.00293032 0.00290009 0.00102789
v -0.00293088 0.00289545 0.00102999
v -0.00293369 0.00288000 0.00104049
v -0.00293482 0.00287750 0.00103995
v -0.00292743 0.00294345 0.00101712
v -0.00292779 0.00292774 0.00101846
v -0.00292822 0.00292145 0.00102009
v -0.00292890 0.00291180 0.00102260
v -0.00359476 0.00290004 0.00141131
v -0.00361193 0.00292141 0.00141462
v -0.00356645 0.00288003 0.00140586
v -0.00356047 0.00287641 0.00140471
v -0.00352865 0.00286184 0.00139857
v -0.00352774 0.00286143 0.00139840
v -0.00348100 0.00284644 0.00138940
v -0.00347156 0.00284341 0.00138758
v -0.00342554 0.00283449 0.00137872
v -0.00325175 0.00282409 0.00130982
v -0.00280516 0.00283449 0.00102054
v -0.00277448 0.00284341 0.00098513
v -0.00276819 0.00284644 0.00097786
v -0.00273702 0.00286143 0.00094188
v -0.00270222 0.00288818 0.00090171
v -0.00268885 0.00290495 0.00088628
v -0.00269426 0.00288838 0.00089706
v -0.00268088 0.00292141 0.00087707
v -0.00359985 0.00292141 0.00146127
v -0.00360133 0.00292411 0.00146175
v -0.00360220 0.00291884 0.00146069
v -0.00355583 0.00288003 0.00144685
v -0.00356887 0.00288818 0.00145113
v -0.00352781 0.00285957 0.00140049
v -0.00351925 0.00286184 0.00143487
v -0.00355005 0.00287641 0.00144496
v -0.00357734 0.00287203 0.00143288
v -0.00347135 0.00284224 0.00138937
v -0.00347313 0.00284644 0.00141977
v -0.00351837 0.00286143 0.00143459
v -0.00351944 0.00285957 0.00143279
v -0.00338147 0.00282557 0.00137144
v -0.00341946 0.00283449 0.00140220
v -0.00346400 0.00284341 0.00141678
v -0.00346468 0.00284224 0.00141511
v -0.00338120 0.00282519 0.00137263
v -0.00338093 0.00282488 0.00137383
v -0.00338064 0.00282463 0.00137504
v -0.00338035 0.00282444 0.00137627
v -0.00338005 0.00282431 0.00137749
v -0.00337973 0.00282425 0.00137872
v -0.00337942 0.00282425 0.00137996
v -0.00337909 0.00282431 0.00138118
v -0.00337876 0.00282444 0.00138240
v -0.00337843 0.00282463 0.00138361
v -0.00337809 0.00282488 0.00138481
v -0.00337774 0.00282519 0.00138600
v -0.00336228 0.00282499 0.00138346
v -0.00337740 0.00282557 0.00138716
v -0.00337706 0.00282600 0.00138830
v -0.00347108 0.00284121 0.00139124
v -0.00347077 0.00284034 0.00139319
v -0.00347040 0.00283964 0.00139519
v -0.00346999 0.00283911 0.00139724
v -0.00346953 0.00283876 0.00139931
v -0.00346902 0.00283858 0.00140139
v -0.00346848 0.00283858 0.00140348
v -0.00346791 0.00283876 0.00140554
v -0.00346731 0.00283911 0.00140758
v -0.00346668 0.00283964 0.00140957
v -0.00346603 0.00284034 0.00141149
v -0.00346536 0.00284121 0.00141335
v -0.00352050 0.00285793 0.00143078
v -0.00352152 0.00285653 0.00142859
v -0.00352250 0.00285539 0.00142622
v -0.00352343 0.00285452 0.00142373
v -0.00352429 0.00285394 0.00142113
v -0.00352508 0.00285365 0.00141846
v -0.00352578 0.00285365 0.00141575
v -0.00352639 0.00285394 0.00141304
v -0.00352690 0.00285452 0.00141035
v -0.00352729 0.00285539 0.00140772
v -0.00352758 0.00285653 0.00140518
v -0.00352775 0.00285793 0.00140276
v -0.00357333 0.00288086 0.00140857
v -0.00359336 0.00289537 0.00145295
v -0.00358324 0.00290004 0.00145583
v -0.00358828 0.00290495 0.00145748
v -0.00361933 0.00293030 0.00141750
v -0.00362369 0.00290630 0.00143146
v -0.00361381 0.00293001 0.00146091
v -0.00360564 0.00294345 0.00146317
v -0.00270006 0.00288557 0.00090226
v -0.00270968 0.00286184 0.00096747
v -0.00271037 0.00286143 0.00096809
v -0.00271139 0.00285957 0.00096626
v -0.00269400 0.00287523 0.00090825
v -0.00274582 0.00284644 0.00099986
v -0.00275298 0.00284341 0.00100627
v -0.00275407 0.00284224 0.00100484
v -0.00273518 0.00285957 0.00094287
v -0.00277304 0.00284224 0.00098620
v -0.00282276 0.00282519 0.00106557
v -0.00282193 0.00282557 0.00106646
v -0.00282449 0.00282463 0.00106380
v -0.00282361 0.00282488 0.00106469
v -0.00282536 0.00282444 0.00106290
v -0.00282626 0.00282431 0.00106200
v -0.00282716 0.00282425 0.00106111
v -0.00282806 0.00282425 0.00106022
v -0.00282898 0.00282431 0.00105933
v -0.00282988 0.00282444 0.00105846
v -0.00283080 0.00282463 0.00105759
v -0.00283170 0.00282488 0.00105674
v -0.00283261 0.00282519 0.00105590
v -0.00283350 0.00282557 0.00105507
v -0.00278787 0.00283449 0.00103754
v -0.00282111 0.00282600 0.00106733
v -0.00283268 0.00282499 0.00107770
v -0.00288188 0.00282072 0.00112179
v -0.00275526 0.00284121 0.00100337
v -0.00275653 0.00284034 0.00100187
v -0.00275788 0.00283964 0.00100034
v -0.00275929 0.00283911 0.00099880
v -0.00276075 0.00283876 0.00099726
v -0.00276226 0.00283858 0.00099573
v -0.00276379 0.00283858 0.00099422
v -0.00276534 0.00283876 0.00099275
v -0.00276691 0.00283911 0.00099131
v -0.00276847 0.00283964 0.00098993
v -0.00277002 0.00284034 0.00098861
v -0.00277155 0.00284121 0.00098736
v -0.00273324 0.00285793 0.00094405
v -0.00273123 0.00285653 0.00094540
v -0.00272918 0.00285539 0.00094692
v -0.00272710 0.00285452 0.00094858
v -0.00272502 0.00285394 0.00095037
v -0.00272297 0.00285365 0.00095225
v -0.00272097 0.00285365 0.00095421
v -0.00271906 0.00285394 0.00095623
v -0.00271724 0.00285452 0.00095827
v -0.00271554 0.00285539 0.00096033
v -0.00271399 0.00285653 0.00096236
v -0.00271260 0.00285793 0.00096434
v -0.00268706 0.00286964 0.00093564
v -0.00268102 0.00288003 0.00094178
v -0.00265694 0.00289331 0.00090504
v -0.00265060 0.00290946 0.00091270
v -0.00265954 0.00290004 0.00092253
v -0.00264652 0.00292141 0.00091086
v -0.00264536 0.00292411 0.00090982
v -0.00264198 0.00294345 0.00090680
v -0.00264425 0.00292981 0.00087451
v -0.00266562 0.00290936 0.00087484
v -0.00295690 0.00294345 0.00147408
v -0.00295773 0.00292447 0.00147263
v -0.00295814 0.00292144 0.00147194
v -0.00296027 0.00290562 0.00146825
v -0.00296154 0.00290014 0.00146604
v -0.00296459 0.00288711 0.00146076
v -0.00296703 0.00288016 0.00145654
v -0.00297084 0.00286928 0.00144993
v -0.00297443 0.00286212 0.00144371
v -0.00297916 0.00285268 0.00143552
v -0.00298354 0.00284656 0.00142794
v -0.00298959 0.00283811 0.00141745
v -0.00299408 0.00283394 0.00140969
v -0.00300202 0.00282655 0.00139593
v -0.00300571 0.00282458 0.00138953
v -0.00085904 0.00300693 -0.00204935
v -0.00338789 0.00300695 -0.00204940
v -0.00338789 0.00306852 -0.00196146
v -0.00338789 0.00306279 -0.00198285
v -0.00072544 0.00306201 -0.00198256
v -0.00068385 0.00306455 -0.00198250
v -0.00338789 0.00305344 -0.00200291
v -0.00338789 0.00304074 -0.00202105
v -0.00080222 0.00304064 -0.00202095
v -0.00079979 0.00304183 -0.00201973
v -0.00076562 0.00305302 -0.00200265
v -0.00074939 0.00305456 -0.00200138
v -0.00338789 0.00302509 -0.00203670
v -0.00085759 0.00300826 -0.00204863
v -0.00083369 0.00302507 -0.00203668
v -0.00083338 0.00302529 -0.00203653
v -0.00338789 0.00298689 -0.00205875
v -0.00087770 0.00298687 -0.00205869
v -0.00338789 0.00296551 -0.00206448
v -0.00088919 0.00296550 -0.00206443
v -0.00397543 0.00306279 -0.00096519
v -0.00399281 0.00305344 -0.00095516
v -0.00408125 0.00306384 -0.00120971
v -0.00400851 0.00304074 -0.00094609
v -0.00402206 0.00302509 -0.00093827
v -0.00403306 0.00300695 -0.00093192
v -0.00404116 0.00298689 -0.00092724
v -0.00404613 0.00296551 -0.00092438
v -0.00066110 0.00306776 -0.00198331
v -0.00066110 0.00306776 -0.00265752
v -0.00066988 0.00306668 -0.00200087
v -0.00070455 0.00305095 -0.00204084
v -0.00068113 0.00306459 -0.00265934
v -0.00078268 0.00298075 -0.00209845
v -0.00292707 0.00295917 0.00101579
v -0.00292663 0.00296546 0.00101415
v -0.00292596 0.00297511 0.00101165
v -0.00292454 0.00298682 0.00100635
v -0.00292398 0.00299146 0.00100425
v -0.00291655 0.00302508 0.00097651
v -0.00292092 0.00300826 0.00099283
v -0.00290409 0.00305302 0.00093002
v -0.00291035 0.00304183 0.00095336
v -0.00291079 0.00304064 0.00095501
v -0.00291649 0.00302529 0.00097630
v -0.00288898 0.00306776 0.00087362
v -0.00289219 0.00306668 0.00088561
v -0.00289674 0.00306201 0.00090257
v -0.00290222 0.00305637 0.00092303
v -0.00089256 0.00295211 -0.00257471
v -0.00338789 0.00296551 -0.00257634
v -0.00338789 0.00298689 -0.00258207
v -0.00088843 0.00296782 -0.00257677
v -0.00087399 0.00299184 -0.00258399
v -0.00338789 0.00300695 -0.00259143
v -0.00338789 0.00302509 -0.00260413
v -0.00085759 0.00300826 -0.00259219
v -0.00338789 0.00304074 -0.00261978
v -0.00083338 0.00302529 -0.00260430
v -0.00338789 0.00305344 -0.00263791
v -0.00079979 0.00304183 -0.00262109
v -0.00338789 0.00306279 -0.00265797
v -0.00075540 0.00305637 -0.00264329
v -0.00068305 0.00306776 -0.00267947
v -0.00364888 0.00306997 -0.00267485
v -0.00270864 0.00305344 0.00081748
v -0.00269957 0.00304074 0.00083318
v -0.00269175 0.00302509 0.00084674
v -0.00268072 0.00298689 0.00086584
v -0.00267786 0.00296551 0.00087080
v -0.00448941 0.00296551 -0.00066845
v -0.00449422 0.00304196 -0.00209358
v -0.00372901 0.00303440 -0.00256065
v -0.00449437 0.00298689 -0.00066558
v -0.00450248 0.00300695 -0.00066090
v -0.00451347 0.00302509 -0.00065455
v -0.00452703 0.00304074 -0.00064673
v -0.00454273 0.00305344 -0.00063766
v -0.00456010 0.00306279 -0.00062763
v -0.00457862 0.00306852 -0.00061694
v -0.00466527 0.00302027 -0.00100573
v -0.00264030 0.00296551 0.00090773
v -0.00263528 0.00298689 0.00091051
v -0.00262608 0.00302370 0.00085281
v -0.00262711 0.00300695 0.00091505
v -0.00261601 0.00302509 0.00092122
v -0.00260232 0.00304074 0.00092882
v -0.00255315 0.00306414 0.00086534
v -0.00258646 0.00305344 0.00093762
v -0.00256892 0.00306279 0.00094736
v -0.00253172 0.00306960 0.00093071
v -0.00349888 0.00306668 0.00123589
v -0.00348479 0.00306191 0.00123982
v -0.00346146 0.00305637 0.00124591
v -0.00345448 0.00305302 0.00124778
v -0.00343113 0.00304183 0.00125404
v -0.00342948 0.00304064 0.00125448
v -0.00340820 0.00302529 0.00126019
v -0.00340798 0.00302508 0.00126024
v -0.00339166 0.00300826 0.00126461
v -0.00338024 0.00299146 0.00126767
v -0.00337814 0.00298682 0.00126823
v -0.00337284 0.00297511 0.00126965
v -0.00336870 0.00295917 0.00127076
v -0.00295354 0.00298129 0.00147990
v -0.00295567 0.00296546 0.00147622
v -0.00295607 0.00296244 0.00147552
v -0.00294921 0.00299980 0.00148740
v -0.00295226 0.00298677 0.00148212
v -0.00294296 0.00301763 0.00149823
v -0.00294678 0.00300674 0.00149162
v -0.00293464 0.00303422 0.00151263
v -0.00293937 0.00302479 0.00150444
v -0.00292421 0.00304880 0.00153070
v -0.00293026 0.00304034 0.00152022
v -0.00291178 0.00306036 0.00155223
v -0.00291973 0.00305297 0.00153847
v -0.00289569 0.00306821 0.00158010
v -0.00289776 0.00306785 0.00157651
v -0.00290809 0.00306233 0.00155862
v -0.00337679 0.00296327 0.00126564
v -0.00338792 0.00299589 0.00126264
v -0.00363277 0.00302509 0.00139004
v -0.00364059 0.00304074 0.00137648
v -0.00351892 0.00306826 0.00123027
v -0.00360740 0.00306852 0.00156810
v -0.00360704 0.00306279 0.00154671
v -0.00360671 0.00305344 0.00152666
v -0.00360640 0.00304074 0.00150853
v -0.00360614 0.00302509 0.00149287
v -0.00360593 0.00300695 0.00148018
v -0.00360577 0.00298689 0.00147083
v -0.00360567 0.00296551 0.00146510
v -0.00365145 0.00301245 0.00144911
v -0.00370004 0.00306750 0.00135686
v -0.00363626 0.00306942 0.00156965
v -0.00369820 0.00306156 0.00138843
v -0.00083965 0.00299852 -0.00205592
v -0.00081987 0.00301929 -0.00204292
v -0.00078795 0.00303720 -0.00202890
v -0.00086120 0.00294668 -0.00206966
v -0.00083809 0.00285904 -0.00209685
v -0.00078916 0.00303694 -0.00261480
v -0.00084330 0.00299373 -0.00258233
v -0.00085645 0.00297761 -0.00257731
v -0.00086439 0.00295682 -0.00257260
v -0.00073016 0.00305152 -0.00263013
v -0.00077476 0.00302415 -0.00259340
v -0.00084428 0.00294710 -0.00256910
v -0.00078051 0.00296346 -0.00255043
v -0.00083834 0.00281215 -0.00243295
v 0.00012490 0.00281761 -0.00232195
v 0.00024985 0.00281645 -0.00249690
v 0.00024985 0.00281645 -0.00244741
v 0.00236008 0.00281645 0.00142759
v 0.00371882 0.00281057 -0.00100300
v 0.00274167 0.00281646 -0.00218613
v 0.00261758 0.00281645 -0.00244741
v 0.00024985 0.00281645 -0.00219341
v 0.00024985 0.00281645 -0.00214392
v 0.00156861 0.00281645 0.00229046
v 0.00152576 0.00281645 0.00226572
v 0.00174241 0.00281761 0.00224652
v 0.00060471 0.00281645 0.00446798
v 0.00178859 0.00281645 0.00241746
v 0.00183144 0.00281645 0.00244220
v 0.00014115 0.00284363 0.00449804
v 0.00031640 0.00281646 0.00444479
v 0.00236881 0.00291111 0.00155506
v 0.00362655 0.00281838 -0.00072189
v 0.00366244 0.00283347 -0.00070116
v 0.00240252 0.00282671 0.00145210
v 0.00364507 0.00282411 -0.00071119
v 0.00239770 0.00282411 0.00144931
v 0.00370270 0.00287995 -0.00067792
v 0.00244434 0.00286182 0.00147624
v 0.00369171 0.00286182 -0.00068427
v 0.00243628 0.00285252 0.00147159
v 0.00367815 0.00284617 -0.00069209
v 0.00243078 0.00284617 0.00146841
v 0.00246344 0.00290002 0.00148726
v 0.00371081 0.00290002 -0.00067324
v 0.00246467 0.00290533 0.00148798
v 0.00371577 0.00292140 -0.00067038
v 0.00244455 0.00290749 0.00151884
v 0.00246862 0.00292429 0.00149026
v 0.00371744 0.00294345 -0.00066941
v 0.00203180 0.00292140 0.00123806
v 0.00328413 0.00290002 -0.00091958
v 0.00210250 0.00282411 0.00127887
v 0.00333249 0.00283347 -0.00089166
v 0.00208512 0.00283347 0.00126884
v 0.00331678 0.00284617 -0.00090073
v 0.00206633 0.00283874 0.00128911
v 0.00330323 0.00286182 -0.00090855
v 0.00205974 0.00285734 0.00125419
v 0.00204486 0.00287995 0.00124560
v 0.00329223 0.00287995 -0.00091490
v 0.00203999 0.00289203 0.00124279
v 0.00327750 0.00294345 -0.00092341
v 0.00203013 0.00294345 0.00123709
v 0.00261758 0.00282411 -0.00249085
v 0.00280138 0.00281828 -0.00245958
v 0.00261758 0.00283347 -0.00251091
v 0.00261758 0.00284617 -0.00252905
v 0.00261758 0.00286182 -0.00254470
v 0.00261758 0.00287995 -0.00255740
v 0.00261758 0.00290002 -0.00256675
v 0.00386737 0.00287160 -0.00108655
v 0.00261758 0.00292140 -0.00257248
v 0.00261758 0.00294345 -0.00257441
v 0.00261758 0.00294345 -0.00206641
v 0.00261758 0.00292140 -0.00206834
v 0.00342021 0.00287958 -0.00125083
v 0.00333048 0.00291393 -0.00102504
v 0.00261758 0.00290002 -0.00207407
v 0.00261758 0.00287995 -0.00208343
v 0.00261758 0.00286182 -0.00209613
v 0.00261758 0.00284617 -0.00211178
v 0.00261758 0.00283347 -0.00212991
v 0.00261758 0.00282411 -0.00214997
v 0.00281453 0.00284616 -0.00208012
v 0.00324366 0.00297255 -0.00174130
v 0.00343852 0.00282064 -0.00104739
v 0.00261758 0.00281838 -0.00217136
v 0.00037284 0.00291180 -0.00257040
v 0.00037468 0.00292145 -0.00257224
v 0.00037587 0.00292774 -0.00257344
v 0.00037685 0.00294345 -0.00257441
v 0.00036743 0.00289545 -0.00256499
v 0.00036896 0.00290009 -0.00256653
v 0.00035907 0.00287865 -0.00255664
v 0.00035974 0.00288000 -0.00255730
v 0.00034697 0.00286162 -0.00254453
v 0.00034712 0.00286183 -0.00254468
v 0.00033017 0.00284508 -0.00252773
v 0.00033138 0.00284627 -0.00252895
v 0.00030797 0.00283053 -0.00250554
v 0.00031603 0.00283473 -0.00251311
v 0.00027180 0.00281915 -0.00246937
v 0.00031308 0.00283388 -0.00213018
v 0.00029807 0.00282746 -0.00213517
v 0.00029299 0.00282490 -0.00215027
v 0.00028052 0.00282027 -0.00216252
v 0.00034712 0.00286183 -0.00209614
v 0.00034697 0.00286162 -0.00209630
v 0.00033138 0.00284627 -0.00211188
v 0.00033017 0.00284508 -0.00211309
v 0.00036896 0.00290009 -0.00207430
v 0.00036743 0.00289545 -0.00207584
v 0.00035974 0.00288000 -0.00208352
v 0.00036091 0.00287775 -0.00208409
v 0.00037685 0.00294345 -0.00206641
v 0.00037587 0.00292774 -0.00206739
v 0.00037468 0.00292145 -0.00206858
v 0.00037284 0.00291180 -0.00207042
v 0.00036914 0.00290004 -0.00284144
v 0.00037485 0.00292141 -0.00285796
v 0.00035970 0.00288003 -0.00281419
v 0.00035771 0.00287641 -0.00280844
v 0.00034711 0.00286184 -0.00277781
v 0.00034681 0.00286143 -0.00277694
v 0.00033123 0.00284644 -0.00273195
v 0.00032809 0.00284341 -0.00272287
v 0.00031275 0.00283449 -0.00267859
v 0.00028552 0.00282410 -0.00249365
v 0.00031275 0.00283449 -0.00196223
v 0.00032809 0.00284341 -0.00191795
v 0.00033123 0.00284644 -0.00190887
v 0.00034681 0.00286143 -0.00186389
v 0.00036419 0.00288818 -0.00181367
v 0.00037088 0.00290495 -0.00179437
v 0.00036424 0.00288836 -0.00180448
v 0.00037485 0.00292141 -0.00178287
v 0.00032842 0.00292141 -0.00287082
v 0.00032874 0.00292411 -0.00287234
v 0.00033009 0.00291884 -0.00287256
v 0.00031889 0.00288003 -0.00282549
v 0.00032171 0.00288818 -0.00283892
v 0.00034503 0.00285957 -0.00277804
v 0.00031097 0.00286184 -0.00278782
v 0.00031764 0.00287641 -0.00281954
v 0.00034175 0.00287204 -0.00283715
v 0.00032643 0.00284224 -0.00272358
v 0.00030099 0.00284644 -0.00274033
v 0.00031079 0.00286143 -0.00278691
v 0.00031287 0.00285957 -0.00278695
v 0.00029702 0.00282557 -0.00263678
v 0.00028938 0.00283449 -0.00268506
v 0.00029902 0.00284341 -0.00273092
v 0.00030080 0.00284224 -0.00273068
v 0.00029586 0.00282519 -0.00263715
v 0.00029468 0.00282488 -0.00263751
v 0.00029348 0.00282463 -0.00263787
v 0.00029228 0.00282444 -0.00263822
v 0.00029107 0.00282431 -0.00263857
v 0.00028984 0.00282425 -0.00263892
v 0.00028862 0.00282425 -0.00263926
v 0.00028740 0.00282431 -0.00263959
v 0.00028617 0.00282444 -0.00263992
v 0.00028495 0.00282463 -0.00264023
v 0.00028375 0.00282488 -0.00264054
v 0.00028255 0.00282519 -0.00264083
v 0.00027701 0.00282499 -0.00262618
v 0.00028137 0.00282557 -0.00264112
v 0.00028021 0.00282600 -0.00264139
v 0.00032468 0.00284121 -0.00272429
v 0.00032284 0.00284034 -0.00272499
v 0.00032092 0.00283964 -0.00272567
v 0.00031894 0.00283911 -0.00272633
v 0.00031692 0.00283876 -0.00272697
v 0.00031486 0.00283858 -0.00272758
v 0.00031279 0.00283858 -0.00272815
v 0.00031071 0.00283876 -0.00272869
v 0.00030865 0.00283911 -0.00272919
v 0.00030661 0.00283964 -0.00272963
v 0.00030461 0.00284034 -0.00273004
v 0.00030268 0.00284121 -0.00273038
v 0.00031514 0.00285793 -0.00278685
v 0.00031756 0.00285653 -0.00278664
v 0.00032009 0.00285539 -0.00278631
v 0.00032272 0.00285452 -0.00278587
v 0.00032540 0.00285394 -0.00278532
v 0.00032810 0.00285365 -0.00278466
v 0.00033080 0.00285365 -0.00278392
v 0.00033345 0.00285394 -0.00278308
v 0.00033604 0.00285452 -0.00278218
v 0.00033852 0.00285539 -0.00278121
v 0.00034086 0.00285653 -0.00278019
v 0.00034304 0.00285793 -0.00277913
v 0.00036081 0.00288087 -0.00282148
v 0.00033237 0.00289537 -0.00286104
v 0.00032482 0.00290004 -0.00285371
v 0.00032591 0.00290495 -0.00285890
v 0.00036629 0.00290482 -0.00287456
v 0.00034149 0.00292750 -0.00288709
v 0.00037606 0.00293025 -0.00286578
v 0.00032967 0.00294345 -0.00287678
v 0.00036264 0.00288556 -0.00181207
v 0.00031097 0.00286184 -0.00185300
v 0.00031079 0.00286143 -0.00185391
v 0.00031287 0.00285957 -0.00185388
v 0.00035442 0.00287523 -0.00180982
v 0.00030099 0.00284644 -0.00190050
v 0.00029902 0.00284341 -0.00190990
v 0.00030080 0.00284224 -0.00191014
v 0.00034503 0.00285957 -0.00186279
v 0.00028938 0.00283449 -0.00195576
v 0.00028021 0.00282600 -0.00199944
v 0.00028137 0.00282557 -0.00199971
v 0.00032643 0.00284224 -0.00191724
v 0.00028255 0.00282519 -0.00200000
v 0.00028375 0.00282488 -0.00200029
v 0.00028495 0.00282463 -0.00200060
v 0.00028617 0.00282444 -0.00200091
v 0.00028740 0.00282431 -0.00200124
v 0.00028862 0.00282425 -0.00200157
v 0.00028984 0.00282425 -0.00200191
v 0.00029107 0.00282431 -0.00200225
v 0.00029228 0.00282444 -0.00200260
v 0.00029348 0.00282463 -0.00200296
v 0.00029468 0.00282488 -0.00200332
v 0.00029586 0.00282519 -0.00200368
v 0.00029702 0.00282557 -0.00200404
v 0.00027701 0.00282499 -0.00201464
v 0.00026343 0.00282072 -0.00207930
v 0.00030268 0.00284121 -0.00191044
v 0.00030461 0.00284034 -0.00191079
v 0.00030661 0.00283964 -0.00191119
v 0.00030865 0.00283911 -0.00191164
v 0.00031071 0.00283876 -0.00191213
v 0.00031279 0.00283858 -0.00191267
v 0.00031486 0.00283858 -0.00191324
v 0.00031692 0.00283876 -0.00191385
v 0.00031894 0.00283911 -0.00191449
v 0.00032092 0.00283964 -0.00191515
v 0.00032284 0.00284034 -0.00191583
v 0.00032468 0.00284121 -0.00191653
v 0.00034304 0.00285793 -0.00186170
v 0.00034086 0.00285653 -0.00186064
v 0.00033852 0.00285539 -0.00185962
v 0.00033604 0.00285452 -0.00185865
v 0.00033345 0.00285394 -0.00185774
v 0.00033080 0.00285365 -0.00185691
v 0.00032810 0.00285365 -0.00185616
v 0.00032540 0.00285394 -0.00185551
v 0.00032272 0.00285452 -0.00185495
v 0.00032009 0.00285539 -0.00185452
v 0.00031756 0.00285653 -0.00185418
v 0.00031514 0.00285793 -0.00185397
v 0.00032724 0.00286964 -0.00181751
v 0.00031889 0.00288003 -0.00181533
v 0.00033867 0.00289331 -0.00177611
v 0.00032886 0.00290946 -0.00177448
v 0.00032482 0.00290004 -0.00178711
v 0.00032842 0.00292141 -0.00177000
v 0.00032874 0.00292411 -0.00176848
v 0.00032967 0.00294345 -0.00176405
v 0.00035876 0.00292980 -0.00174987
v 0.00036916 0.00290936 -0.00176854
v -0.00000415 0.00294345 -0.00232041
v -0.00000248 0.00292447 -0.00232041
v -0.00000167 0.00292144 -0.00232041
v 0.00000257 0.00290562 -0.00232041
v 0.00000514 0.00290014 -0.00232041
v 0.00001122 0.00288711 -0.00232041
v 0.00001610 0.00288016 -0.00232041
v 0.00002373 0.00286928 -0.00232041
v 0.00003091 0.00286212 -0.00232041
v 0.00004037 0.00285268 -0.00232041
v 0.00004913 0.00284656 -0.00232041
v 0.00006124 0.00283811 -0.00232041
v 0.00007020 0.00283394 -0.00232041
v 0.00008609 0.00282655 -0.00232041
v 0.00009347 0.00282458 -0.00232041
v -0.00241344 0.00281838 0.00216138
v -0.00255007 0.00288260 0.00210661
v -0.00240098 0.00283935 0.00209543
v -0.00242343 0.00282420 0.00214222
v -0.00264410 0.00282411 0.00226986
v -0.00242413 0.00282411 0.00214286
v -0.00264134 0.00282263 0.00227465
v -0.00242350 0.00282377 0.00214395
v -0.00148333 0.00292140 0.00453051
v -0.00272574 0.00290002 0.00236715
v -0.00267738 0.00283347 0.00233922
v -0.00143001 0.00283347 0.00449973
v -0.00246962 0.00281004 0.00222318
v -0.00141264 0.00282411 0.00448970
v -0.00270664 0.00286182 0.00235612
v -0.00271464 0.00285872 0.00233703
v -0.00144571 0.00284617 0.00450880
v -0.00269308 0.00284617 0.00234829
v -0.00147027 0.00287995 0.00452297
v -0.00273106 0.00292611 0.00237022
v -0.00148500 0.00294345 0.00453148
v -0.00238332 0.00281838 0.00216945
v -0.00111743 0.00282411 0.00431926
v -0.00104736 0.00281684 0.00448363
v -0.00236480 0.00282411 0.00215876
v -0.00110006 0.00283347 0.00430923
v -0.00234742 0.00283347 0.00214872
v -0.00108435 0.00284617 0.00430016
v -0.00234233 0.00283808 0.00214366
v -0.00233172 0.00284617 0.00213966
v -0.00107079 0.00286182 0.00429234
v -0.00230717 0.00287995 0.00212548
v -0.00105169 0.00290002 0.00428131
v -0.00229906 0.00290002 0.00212080
v -0.00104673 0.00292140 0.00427845
v -0.00230947 0.00290902 0.00210030
v -0.00229410 0.00292140 0.00211794
v -0.00104506 0.00294345 0.00427748
v -0.00229243 0.00294345 0.00211698
v 0.00071320 0.00292360 0.00453061
v 0.00071470 0.00294345 0.00453148
v 0.00070906 0.00290429 0.00452822
v 0.00061794 0.00291744 0.00467389
v 0.00060968 0.00289077 0.00467037
v 0.00069337 0.00286907 0.00451916
v 0.00069997 0.00287995 0.00452297
v 0.00068219 0.00285399 0.00451271
v 0.00068897 0.00286182 0.00451662
v 0.00056496 0.00286182 0.00469372
v 0.00066913 0.00284109 0.00450517
v 0.00067541 0.00284617 0.00450880
v 0.00055297 0.00284617 0.00468366
v 0.00065450 0.00283066 0.00449672
v 0.00065971 0.00283347 0.00449973
v 0.00053908 0.00283347 0.00467200
v 0.00063863 0.00282297 0.00448756
v 0.00064233 0.00282411 0.00448970
v 0.00052371 0.00282411 0.00465911
v 0.00053760 0.00281760 0.00460248
v -0.00126020 0.00281931 0.00472181
v -0.00127527 0.00287699 0.00479347
v -0.00136721 0.00290219 0.00469499
v 0.00027476 0.00294345 0.00427748
v 0.00027643 0.00292140 0.00427845
v -0.00041547 0.00305046 0.00463379
v -0.00080578 0.00293272 0.00456038
v 0.00028139 0.00290002 0.00428131
v 0.00028950 0.00287995 0.00428598
v -0.00100125 0.00287163 0.00438243
v 0.00030049 0.00286182 0.00429234
v 0.00031405 0.00284617 0.00430016
v -0.00080686 0.00282303 0.00466925
v 0.00032975 0.00283347 0.00430923
v 0.00034713 0.00282411 0.00431926
v 0.00036565 0.00281838 0.00432995
v 0.00183480 0.00292949 0.00258978
v 0.00183443 0.00292362 0.00258854
v 0.00183360 0.00291180 0.00258547
v 0.00183269 0.00290430 0.00258208
v 0.00182989 0.00288595 0.00257162
v 0.00183162 0.00289545 0.00257808
v 0.00182856 0.00287865 0.00256666
v 0.00182132 0.00285404 0.00253961
v 0.00182494 0.00286398 0.00255238
v 0.00181799 0.00284508 0.00252718
v 0.00181580 0.00284116 0.00251902
v 0.00180986 0.00283053 0.00249686
v 0.00180968 0.00283035 0.00249619
v 0.00180286 0.00282334 0.00247073
v 0.00179582 0.00281888 0.00244445
v 0.00179983 0.00282023 0.00245943
v 0.00148223 0.00283388 0.00231361
v 0.00149409 0.00282745 0.00230311
v 0.00150968 0.00282490 0.00230625
v 0.00152653 0.00282027 0.00230157
v 0.00143574 0.00286183 0.00232606
v 0.00143595 0.00286162 0.00232600
v 0.00145724 0.00284627 0.00232030
v 0.00145889 0.00284508 0.00231986
v 0.00140590 0.00290009 0.00233406
v 0.00140800 0.00289545 0.00233350
v 0.00141850 0.00288000 0.00233068
v 0.00141834 0.00287783 0.00233199
v 0.00139513 0.00294345 0.00233694
v 0.00139646 0.00292774 0.00233659
v 0.00139810 0.00292145 0.00233615
v 0.00140060 0.00291180 0.00233548
v 0.00207313 0.00290422 0.00272118
v 0.00208245 0.00292359 0.00273195
v 0.00205771 0.00288585 0.00270338
v 0.00204901 0.00287478 0.00269106
v 0.00203652 0.00286900 0.00267893
v 0.00204115 0.00286434 0.00267767
v 0.00198906 0.00284714 0.00262879
v 0.00198027 0.00284116 0.00261401
v 0.00194587 0.00283116 0.00257428
v 0.00191090 0.00282490 0.00253691
v 0.00133696 0.00283449 0.00222935
v 0.00129094 0.00284341 0.00222049
v 0.00128151 0.00284644 0.00221867
v 0.00123476 0.00286143 0.00220966
v 0.00118258 0.00288818 0.00219962
v 0.00116253 0.00290495 0.00219575
v 0.00117459 0.00288836 0.00219505
v 0.00115057 0.00292141 0.00219345
v 0.00211598 0.00292141 0.00269721
v 0.00211715 0.00292411 0.00269825
v 0.00208149 0.00288003 0.00266629
v 0.00209171 0.00288818 0.00267545
v 0.00205282 0.00286184 0.00264060
v 0.00207696 0.00287641 0.00266223
v 0.00201668 0.00284644 0.00260821
v 0.00205213 0.00286143 0.00263998
v 0.00205111 0.00285957 0.00264181
v 0.00192900 0.00282557 0.00255299
v 0.00197463 0.00283449 0.00257052
v 0.00200953 0.00284341 0.00260180
v 0.00200842 0.00284224 0.00260322
v 0.00192989 0.00282519 0.00255217
v 0.00193079 0.00282488 0.00255133
v 0.00193171 0.00282463 0.00255048
v 0.00193261 0.00282444 0.00254961
v 0.00193352 0.00282431 0.00254873
v 0.00193443 0.00282425 0.00254785
v 0.00193534 0.00282425 0.00254696
v 0.00193624 0.00282431 0.00254607
v 0.00193713 0.00282444 0.00254517
v 0.00193801 0.00282463 0.00254427
v 0.00193888 0.00282488 0.00254338
v 0.00193974 0.00282519 0.00254249
v 0.00192982 0.00282499 0.00253037
v 0.00194057 0.00282557 0.00254161
v 0.00194139 0.00282600 0.00254074
v 0.00198946 0.00284224 0.00262187
v 0.00200723 0.00284121 0.00260469
v 0.00200596 0.00284034 0.00260620
v 0.00200462 0.00283964 0.00260773
v 0.00200321 0.00283911 0.00260926
v 0.00200175 0.00283876 0.00261081
v 0.00200024 0.00283858 0.00261234
v 0.00199871 0.00283858 0.00261385
v 0.00199716 0.00283876 0.00261532
v 0.00199559 0.00283911 0.00261676
v 0.00199403 0.00283964 0.00261814
v 0.00199248 0.00284034 0.00261946
v 0.00199096 0.00284121 0.00262070
v 0.00202926 0.00285793 0.00266402
v 0.00203127 0.00285653 0.00266266
v 0.00203333 0.00285539 0.00266114
v 0.00203540 0.00285452 0.00265948
v 0.00203748 0.00285394 0.00265770
v 0.00203953 0.00285365 0.00265582
v 0.00204153 0.00285365 0.00265385
v 0.00204345 0.00285394 0.00265184
v 0.00204526 0.00285452 0.00264979
v 0.00204696 0.00285539 0.00264774
v 0.00204851 0.00285653 0.00264571
v 0.00204990 0.00285793 0.00264373
v 0.00207273 0.00287402 0.00269589
v 0.00208753 0.00287742 0.00268517
v 0.00210444 0.00289749 0.00269002
v 0.00210296 0.00290004 0.00268554
v 0.00210008 0.00289634 0.00272421
v 0.00210691 0.00290495 0.00268908
v 0.00209531 0.00292030 0.00273666
v 0.00211785 0.00291670 0.00270369
v 0.00212216 0.00292703 0.00272332
v 0.00208913 0.00295327 0.00273925
v 0.00212052 0.00294345 0.00270127
v 0.00118195 0.00288556 0.00219745
v 0.00124325 0.00286184 0.00217319
v 0.00124413 0.00286143 0.00217348
v 0.00124306 0.00285957 0.00217528
v 0.00118415 0.00287522 0.00218925
v 0.00128937 0.00284644 0.00218830
v 0.00129850 0.00284341 0.00219129
v 0.00129782 0.00284224 0.00219296
v 0.00123470 0.00285957 0.00220758
v 0.00134304 0.00283449 0.00220588
v 0.00138544 0.00282600 0.00221976
v 0.00138510 0.00282557 0.00222091
v 0.00129115 0.00284224 0.00221870
v 0.00138476 0.00282519 0.00222207
v 0.00138441 0.00282488 0.00222326
v 0.00138408 0.00282463 0.00222445
v 0.00138374 0.00282444 0.00222567
v 0.00138341 0.00282431 0.00222689
v 0.00138308 0.00282425 0.00222811
v 0.00138277 0.00282425 0.00222935
v 0.00138245 0.00282431 0.00223058
v 0.00138215 0.00282444 0.00223180
v 0.00138185 0.00282463 0.00223302
v 0.00138157 0.00282488 0.00223424
v 0.00138130 0.00282519 0.00223544
v 0.00138103 0.00282557 0.00223662
v 0.00140021 0.00282499 0.00222460
v 0.00146300 0.00282072 0.00224516
v 0.00129714 0.00284121 0.00219472
v 0.00129647 0.00284034 0.00219658
v 0.00129582 0.00283964 0.00219851
v 0.00129519 0.00283911 0.00220049
v 0.00129459 0.00283876 0.00220253
v 0.00129402 0.00283858 0.00220459
v 0.00129348 0.00283858 0.00220668
v 0.00129297 0.00283876 0.00220876
v 0.00129251 0.00283911 0.00221083
v 0.00129210 0.00283964 0.00221288
v 0.00129173 0.00284034 0.00221488
v 0.00129142 0.00284121 0.00221682
v 0.00123475 0.00285793 0.00220531
v 0.00123492 0.00285653 0.00220289
v 0.00123521 0.00285539 0.00220035
v 0.00123560 0.00285452 0.00219772
v 0.00123611 0.00285394 0.00219503
v 0.00123672 0.00285365 0.00219231
v 0.00123742 0.00285365 0.00218961
v 0.00123821 0.00285394 0.00218693
v 0.00123907 0.00285452 0.00218434
v 0.00124000 0.00285539 0.00218184
v 0.00124098 0.00285653 0.00217948
v 0.00124200 0.00285793 0.00217728
v 0.00120439 0.00286963 0.00216954
v 0.00120667 0.00288003 0.00216121
v 0.00116281 0.00289332 0.00215873
v 0.00116633 0.00290938 0.00214944
v 0.00117926 0.00290004 0.00215224
v 0.00116265 0.00292141 0.00214680
v 0.00116116 0.00292411 0.00214631
v 0.00115686 0.00294345 0.00214490
v 0.00113004 0.00292981 0.00216302
v 0.00114101 0.00290936 0.00218136
v 0.00180560 0.00294345 0.00213399
v 0.00180477 0.00292447 0.00213543
v 0.00180436 0.00292144 0.00213614
v 0.00180223 0.00290562 0.00213982
v 0.00180096 0.00290014 0.00214203
v 0.00179791 0.00288711 0.00214730
v 0.00179547 0.00288016 0.00215152
v 0.00179166 0.00286928 0.00215814
v 0.00178807 0.00286212 0.00216435
v 0.00178334 0.00285268 0.00217255
v 0.00177896 0.00284656 0.00218013
v 0.00177291 0.00283811 0.00219062
v 0.00176842 0.00283394 0.00219838
v 0.00176048 0.00282655 0.00221214
v 0.00175679 0.00282458 0.00221853
v 0.00199830 0.00300693 0.00125811
v 0.00326276 0.00300695 -0.00093192
v 0.00318661 0.00306852 -0.00097589
v 0.00320513 0.00306279 -0.00096519
v 0.00187365 0.00306201 0.00134041
v 0.00185281 0.00306455 0.00137639
v 0.00322251 0.00305344 -0.00095516
v 0.00323821 0.00304074 -0.00094609
v 0.00194529 0.00304064 0.00129311
v 0.00194302 0.00304183 0.00129461
v 0.00191114 0.00305302 0.00131565
v 0.00190193 0.00305456 0.00132909
v 0.00325177 0.00302509 -0.00093827
v 0.00199695 0.00300826 0.00125900
v 0.00197465 0.00302507 0.00127372
v 0.00197436 0.00302529 0.00127391
v 0.00327086 0.00298689 -0.00092724
v 0.00201572 0.00298687 0.00124661
v 0.00327583 0.00296551 -0.00092438
v 0.00202643 0.00296550 0.00123953
v 0.00293828 0.00305505 -0.00194972
v 0.00261758 0.00306279 -0.00198285
v 0.00261758 0.00305344 -0.00200291
v 0.00261758 0.00304074 -0.00202105
v 0.00334037 0.00305616 -0.00135834
v 0.00261758 0.00302509 -0.00203670
v 0.00261758 0.00300695 -0.00204940
v 0.00261758 0.00298689 -0.00205875
v 0.00261758 0.00296551 -0.00206448
v 0.00201145 0.00300343 0.00138293
v 0.00243761 0.00306459 0.00171718
v 0.00037783 0.00295917 -0.00206544
v 0.00037902 0.00296546 -0.00206424
v 0.00038086 0.00297511 -0.00206240
v 0.00038473 0.00298682 -0.00205853
v 0.00038627 0.00299146 -0.00205699
v 0.00040658 0.00302508 -0.00203668
v 0.00039463 0.00300826 -0.00204863
v 0.00044062 0.00305302 -0.00200264
v 0.00042353 0.00304183 -0.00201973
v 0.00042232 0.00304064 -0.00202095
v 0.00040673 0.00302529 -0.00203653
v 0.00048190 0.00306776 -0.00196136
v 0.00047312 0.00306668 -0.00197014
v 0.00046070 0.00306201 -0.00198255
v 0.00044573 0.00305637 -0.00199754
v 0.00247003 0.00295211 0.00149175
v 0.00371911 0.00296551 -0.00066845
v 0.00372407 0.00298689 -0.00066558
v 0.00246975 0.00296782 0.00149636
v 0.00246879 0.00299184 0.00151247
v 0.00373217 0.00300695 -0.00066090
v 0.00374317 0.00302509 -0.00065455
v 0.00246769 0.00300826 0.00153078
v 0.00375673 0.00304074 -0.00064673
v 0.00246607 0.00302529 0.00155780
v 0.00245306 0.00301953 0.00156885
v 0.00377243 0.00305344 -0.00063766
v 0.00246382 0.00304183 0.00159528
v 0.00378980 0.00306279 -0.00062763
v 0.00246084 0.00305637 0.00164483
v 0.00243682 0.00305152 0.00166010
v 0.00245599 0.00306776 0.00172557
v 0.00393678 0.00307010 -0.00084733
v 0.00044035 0.00305344 -0.00177711
v 0.00042222 0.00304074 -0.00177711
v 0.00040656 0.00302509 -0.00177711
v 0.00038451 0.00298689 -0.00177711
v 0.00037878 0.00296551 -0.00177711
v 0.00261758 0.00296551 -0.00257634
v 0.00390599 0.00304673 -0.00155935
v 0.00390720 0.00303912 -0.00106564
v 0.00261758 0.00298689 -0.00258207
v 0.00261758 0.00300695 -0.00259143
v 0.00261758 0.00302509 -0.00260413
v 0.00261758 0.00304074 -0.00261978
v 0.00366531 0.00290983 -0.00208288
v 0.00261758 0.00305344 -0.00263791
v 0.00261758 0.00306279 -0.00265797
v 0.00261758 0.00306852 -0.00267936
v 0.00292588 0.00300804 -0.00256980
v 0.00032801 0.00296551 -0.00176305
v 0.00032310 0.00298689 -0.00176011
v 0.00036810 0.00302692 -0.00172130
v 0.00031508 0.00300695 -0.00175529
v 0.00030419 0.00302509 -0.00174876
v 0.00029077 0.00304074 -0.00174071
v 0.00027521 0.00305344 -0.00173138
v 0.00029856 0.00306905 -0.00164831
v 0.00025801 0.00306279 -0.00172105
v 0.00047312 0.00306668 -0.00267068
v 0.00046255 0.00306186 -0.00266030
v 0.00044573 0.00305637 -0.00264329
v 0.00044062 0.00305302 -0.00263818
v 0.00042353 0.00304183 -0.00262109
v 0.00042232 0.00304064 -0.00261988
v 0.00040673 0.00302529 -0.00260430
v 0.00040658 0.00302508 -0.00260415
v 0.00039463 0.00300826 -0.00259219
v 0.00038627 0.00299146 -0.00258383
v 0.00038473 0.00298682 -0.00258229
v 0.00038086 0.00297511 -0.00257842
v 0.00037783 0.00295917 -0.00257539
v -0.00001088 0.00298129 -0.00232041
v -0.00000663 0.00296546 -0.00232041
v -0.00000582 0.00296244 -0.00232041
v -0.00001952 0.00299980 -0.00232041
v -0.00001344 0.00298677 -0.00232041
v -0.00003204 0.00301763 -0.00232041
v -0.00002440 0.00300674 -0.00232041
v -0.00004867 0.00303422 -0.00232041
v -0.00003921 0.00302479 -0.00232041
v -0.00006954 0.00304880 -0.00232041
v -0.00005743 0.00304034 -0.00232041
v -0.00009439 0.00306036 -0.00232041
v -0.00007850 0.00305297 -0.00232041
v -0.00012658 0.00306821 -0.00232041
v -0.00012243 0.00306785 -0.00232041
v -0.00010177 0.00306233 -0.00232041
v 0.00038613 0.00296098 -0.00257787
v 0.00039895 0.00300249 -0.00259328
v 0.00040656 0.00302509 -0.00286371
v 0.00042222 0.00304074 -0.00286371
v 0.00048802 0.00306826 -0.00268524
v 0.00023968 0.00306852 -0.00293077
v 0.00025801 0.00306279 -0.00291977
v 0.00027521 0.00305344 -0.00290945
v 0.00029077 0.00304074 -0.00290012
v 0.00030419 0.00302509 -0.00289206
v 0.00031508 0.00300695 -0.00288553
v 0.00032310 0.00298689 -0.00288072
v 0.00032801 0.00296551 -0.00287777
v 0.00036547 0.00303983 -0.00292459
v 0.00043066 0.00305446 -0.00291179
v 0.00047846 0.00306957 -0.00291783
v -0.00229472 0.00300693 0.00207890
v -0.00103033 0.00300695 0.00426897
v -0.00095417 0.00306852 0.00422501
v -0.00097269 0.00306279 0.00423570
v -0.00230367 0.00306201 0.00192980
v -0.00232450 0.00306454 0.00189373
v -0.00099007 0.00305344 0.00424573
v -0.00100577 0.00304074 0.00425480
v -0.00229852 0.00304064 0.00201549
v -0.00230098 0.00305302 0.00197465
v -0.00230738 0.00305472 0.00196027
v -0.00101933 0.00302509 0.00426262
v -0.00229481 0.00300826 0.00207729
v -0.00229641 0.00302507 0.00205062
v -0.00229643 0.00302529 0.00205027
v -0.00103843 0.00298689 0.00427365
v -0.00229346 0.00298687 0.00209974
v -0.00104339 0.00296551 0.00427652
v -0.00229270 0.00296550 0.00211255
v -0.00000411 0.00305243 0.00451939
v 0.00020239 0.00306279 0.00423570
v 0.00021977 0.00305344 0.00424573
v 0.00023547 0.00304074 0.00425480
v 0.00024903 0.00302509 0.00426262
v 0.00026002 0.00300695 0.00426897
v 0.00026813 0.00298689 0.00427365
v 0.00027309 0.00296551 0.00427652
v -0.00233649 0.00306776 0.00187446
v -0.00292037 0.00306776 0.00221156
v -0.00290077 0.00306668 0.00221039
v -0.00234730 0.00306668 0.00189084
v -0.00234603 0.00305221 0.00193236
v -0.00291184 0.00306458 0.00223013
v -0.00237334 0.00297936 0.00204040
v 0.00139379 0.00295917 0.00233730
v 0.00139216 0.00296546 0.00233774
v 0.00138965 0.00297511 0.00233841
v 0.00138436 0.00298682 0.00233983
v 0.00138226 0.00299146 0.00234039
v 0.00135451 0.00302508 0.00234783
v 0.00137084 0.00300826 0.00234345
v 0.00130802 0.00305302 0.00236029
v 0.00133137 0.00304183 0.00235403
v 0.00133302 0.00304064 0.00235359
v 0.00135431 0.00302529 0.00234789
v 0.00125163 0.00306776 0.00237540
v 0.00126362 0.00306668 0.00237218
v 0.00128058 0.00306201 0.00236764
v 0.00130104 0.00305637 0.00236216
v -0.00273292 0.00295211 0.00237061
v -0.00148668 0.00296551 0.00453244
v -0.00149164 0.00298689 0.00453531
v -0.00273677 0.00296782 0.00236807
v -0.00275024 0.00299184 0.00235918
v -0.00149974 0.00300695 0.00453999
v -0.00151073 0.00302509 0.00454633
v -0.00276555 0.00300826 0.00234907
v -0.00152429 0.00304074 0.00455416
v -0.00278814 0.00302529 0.00233416
v -0.00153999 0.00305344 0.00456323
v -0.00281948 0.00304183 0.00231347
v -0.00155737 0.00306279 0.00457326
v -0.00286090 0.00305637 0.00228611
v -0.00292840 0.00306776 0.00224155
v -0.00144059 0.00307010 0.00481039
v 0.00111284 0.00305344 0.00224729
v 0.00112191 0.00304074 0.00223159
v 0.00112973 0.00302509 0.00221803
v 0.00114076 0.00298689 0.00219893
v 0.00114363 0.00296551 0.00219397
v 0.00071637 0.00296551 0.00453244
v -0.00050349 0.00295582 0.00522061
v -0.00130251 0.00303440 0.00482003
v 0.00072134 0.00298689 0.00453531
v 0.00072944 0.00300695 0.00453999
v 0.00029768 0.00284368 0.00492756
v 0.00074043 0.00302509 0.00454633
v 0.00075399 0.00304074 0.00455416
v 0.00076969 0.00305344 0.00456323
v 0.00055029 0.00304590 0.00480637
v 0.00078707 0.00306279 0.00457326
v 0.00080559 0.00306852 0.00458395
v 0.00115683 0.00296551 0.00214297
v 0.00115673 0.00298689 0.00213725
v 0.00115657 0.00300695 0.00212789
v 0.00115636 0.00302509 0.00211520
v 0.00115610 0.00304074 0.00209954
v 0.00115579 0.00305344 0.00208141
v 0.00110511 0.00306841 0.00205280
v 0.00183718 0.00305991 0.00204248
v 0.00187031 0.00306668 0.00272245
v 0.00186665 0.00306190 0.00270824
v 0.00186028 0.00305637 0.00268504
v 0.00185841 0.00305302 0.00267805
v 0.00185215 0.00304183 0.00265471
v 0.00185171 0.00304064 0.00265306
v 0.00184601 0.00302529 0.00263177
v 0.00184595 0.00302508 0.00263156
v 0.00184158 0.00300826 0.00261523
v 0.00183852 0.00299146 0.00260382
v 0.00183796 0.00298682 0.00260172
v 0.00183654 0.00297511 0.00259642
v 0.00183543 0.00295917 0.00259228
v 0.00180896 0.00298129 0.00212816
v 0.00180684 0.00296546 0.00213184
v 0.00180643 0.00296244 0.00213255
v 0.00181329 0.00299980 0.00212067
v 0.00181024 0.00298677 0.00212595
v 0.00181954 0.00301763 0.00210984
v 0.00181572 0.00300674 0.00211646
v 0.00182786 0.00303422 0.00209543
v 0.00182313 0.00302479 0.00210363
v 0.00183829 0.00304880 0.00207736
v 0.00183224 0.00304034 0.00208784
v 0.00184277 0.00305297 0.00206960
v 0.00185441 0.00306233 0.00204945
v 0.00183343 0.00296102 0.00260066
v 0.00184030 0.00300224 0.00261932
v 0.00207075 0.00302509 0.00276133
v 0.00206293 0.00304074 0.00277488
v 0.00187547 0.00306826 0.00274263
v 0.00221227 0.00306852 0.00265033
v 0.00219358 0.00306279 0.00266071
v 0.00217603 0.00305344 0.00267045
v 0.00216018 0.00304074 0.00267925
v 0.00214649 0.00302509 0.00268685
v 0.00213539 0.00300695 0.00269301
v 0.00212721 0.00298689 0.00269755
v 0.00212220 0.00296551 0.00270033
v 0.00213183 0.00302124 0.00275314
v 0.00201616 0.00296083 0.00126418
v 0.00200839 0.00297884 0.00126912
v 0.00199430 0.00299851 0.00127818
v 0.00197314 0.00301929 0.00128881
v 0.00194504 0.00303720 0.00130944
v 0.00208809 0.00282694 0.00134103
v 0.00209399 0.00282592 0.00128565
v 0.00201870 0.00293104 0.00126315
v 0.00202033 0.00289712 0.00128079
v 0.00202579 0.00287353 0.00129465
v 0.00245981 0.00293254 0.00150530
v 0.00240678 0.00303766 0.00164238
v 0.00245201 0.00299375 0.00153823
v 0.00245423 0.00297760 0.00152431
v 0.00241453 0.00283707 0.00147291
v 0.00245337 0.00295907 0.00151680
v 0.00235887 0.00282469 0.00148661
v -0.00230123 0.00295395 0.00210274
v -0.00230738 0.00300448 0.00206333
v -0.00230745 0.00301983 0.00204258
v -0.00238947 0.00281947 0.00215259
v -0.00231042 0.00289231 0.00210970
v -0.00231940 0.00293569 0.00208214
v -0.00235153 0.00288463 0.00207121
v -0.00273986 0.00293172 0.00235395
v -0.00274657 0.00296108 0.00234367
v -0.00281934 0.00303694 0.00230110
v -0.00276416 0.00299375 0.00233178
v -0.00275921 0.00299010 0.00224472
v -0.00286211 0.00305152 0.00225768
v -0.00280803 0.00302417 0.00227792
v -0.00269467 0.00284303 0.00233581
v -0.00266657 0.00282180 0.00230550
v -0.00274155 0.00292083 0.00234833
v -0.00269779 0.00284480 0.00226248
v -0.00274599 0.00288890 0.00229208
v -0.00091245 0.00302874 0.00136802
v -0.00015600 0.00288993 -0.00026179
v -0.00140439 0.00306496 -0.00058149
v 0.00025822 0.00303142 0.00233550
f 1 4493 2
f 4493 4492 3
f 4323 5 4
f 4 5 6
f 18 4215 7
f 8 3600 3
f 4279 4493 9
f 10 11 1
f 1 11 12
f 3600 13 3
f 3 13 4493
f 3597 14 15
f 16 4390 17
f 4493 4279 18
f 18 3732 4215
f 3732 18 19
f 3732 19 20
f 10 3574 11
f 11 3574 3581
f 3581 21 11
f 14 4494 15
f 15 4494 13
f 15 13 3600
f 17 4390 101
f 101 4390 4397
f 20 4211 3732
f 14 3597 22
f 14 22 23
f 24 100 21
f 4397 25 101
f 26 4492 4414
f 27 28 4267
f 4267 28 102
f 4267 102 4261
f 4261 102 4254
f 4254 102 43
f 43 102 1483
f 28 4323 1482
f 1482 4323 4
f 3305 50 29
f 3305 29 30
f 17 100 16
f 16 100 24
f 31 32 33
f 4414 4492 7
f 43 1483 25
f 4492 4493 7
f 18 7 4493
f 1 12 4
f 1 4 4493
f 4493 4 6
f 4493 6 9
f 3989 34 35
f 36 37 38
f 39 40 3644
f 21 41 24
f 30 3532 3305
f 4397 4405 25
f 25 4405 31
f 25 33 42
f 25 42 43
f 7 43 44
f 7 44 4414
f 36 38 45
f 36 45 27
f 27 45 4325
f 27 4325 28
f 28 4325 4323
f 41 21 46
f 24 41 3645
f 24 3645 3
f 3 3645 47
f 3 47 8
f 31 33 25
f 4495 48 26
f 26 48 4492
f 3 4492 3989
f 3989 35 4345
f 2 4493 23
f 39 3644 46
f 39 46 49
f 49 46 21
f 49 21 3590
f 3590 21 3581
f 22 50 23
f 23 50 2
f 2 50 3305
f 34 3989 51
f 51 3989 4495
f 1509 99 1599
f 52 53 1557
f 1557 53 54
f 1557 54 55
f 1557 55 56
f 56 55 57
f 56 57 58
f 58 57 59
f 58 59 60
f 60 59 61
f 60 61 62
f 62 61 63
f 62 63 64
f 62 65 1590
f 66 65 67
f 66 67 68
f 68 67 69
f 68 69 70
f 70 69 71
f 70 71 72
f 72 71 73
f 72 73 74
f 74 73 75
f 74 75 76
f 76 75 77
f 76 77 78
f 78 77 79
f 78 79 80
f 80 79 81
f 80 81 82
f 82 81 83
f 82 83 84
f 84 83 85
f 84 85 87
f 87 85 86
f 88 1942 89
f 89 1942 90
f 90 1942 91
f 90 91 92
f 92 91 93
f 92 93 94
f 94 93 95
f 94 95 96
f 96 95 97
f 96 97 98
f 1567 98 1509
f 1565 100 1599
f 101 1599 100
f 100 1499 1482
f 2611 602 2641
f 103 832 104
f 103 104 105
f 105 104 106
f 105 106 814
f 814 106 107
f 814 107 108
f 814 108 2538
f 814 2538 811
f 776 2577 2583
f 2583 871 776
f 776 871 777
f 495 601 599
f 404 629 735
f 404 735 2614
f 109 110 111
f 111 110 112
f 112 110 113
f 112 113 114
f 114 113 115
f 114 115 116
f 116 115 117
f 116 117 118
f 118 117 119
f 118 119 120
f 120 119 121
f 120 121 122
f 122 121 123
f 122 123 124
f 125 124 126
f 126 124 127
f 126 127 128
f 128 127 129
f 128 129 130
f 130 129 131
f 130 131 132
f 133 134 135
f 135 134 136
f 135 136 137
f 137 136 132
f 137 132 138
f 138 132 131
f 139 140 141
f 141 140 142
f 141 142 143
f 143 142 144
f 143 144 145
f 145 144 146
f 145 146 147
f 147 146 148
f 147 148 149
f 149 148 150
f 149 150 151
f 151 150 152
f 151 152 153
f 153 152 154
f 153 154 155
f 155 154 156
f 155 156 157
f 157 156 158
f 157 158 159
f 159 158 160
f 159 160 161
f 161 160 162
f 161 162 163
f 163 162 164
f 163 164 133
f 133 164 165
f 133 165 134
f 166 167 168
f 168 167 169
f 168 169 170
f 171 170 172
f 172 170 1375
f 172 1375 173
f 174 173 175
f 176 175 177
f 176 177 178
f 178 177 179
f 178 179 180
f 180 179 181
f 180 181 182
f 182 181 183
f 182 183 184
f 184 183 185
f 184 185 186
f 186 185 187
f 186 187 188
f 188 187 189
f 188 189 139
f 139 189 190
f 139 190 140
f 1348 191 192
f 168 193 166
f 166 193 194
f 166 194 195
f 195 194 196
f 195 196 197
f 197 196 198
f 197 198 199
f 199 198 200
f 199 200 191
f 201 202 203
f 203 202 192
f 203 192 191
f 204 205 206
f 204 206 207
f 203 208 201
f 201 208 209
f 201 209 210
f 210 209 205
f 210 205 211
f 211 205 204
f 212 213 214
f 214 213 207
f 214 207 215
f 215 207 206
f 216 217 218
f 218 217 219
f 218 219 220
f 220 219 221
f 220 221 222
f 222 221 223
f 222 223 224
f 224 223 225
f 224 225 226
f 226 225 227
f 226 227 228
f 228 227 229
f 228 229 230
f 230 229 231
f 230 231 232
f 232 231 233
f 232 233 234
f 234 233 235
f 234 235 236
f 236 235 237
f 236 237 212
f 212 237 238
f 212 238 213
f 239 240 241
f 239 241 242
f 242 241 243
f 242 243 244
f 244 243 245
f 244 245 246
f 246 245 247
f 246 247 248
f 248 247 249
f 248 249 250
f 250 249 251
f 250 251 252
f 252 251 253
f 252 253 254
f 254 253 255
f 254 255 256
f 256 255 257
f 256 257 258
f 258 257 259
f 258 259 260
f 261 260 262
f 261 262 263
f 263 262 264
f 263 264 216
f 216 264 265
f 216 265 217
f 240 239 266
f 266 239 267
f 266 267 268
f 268 267 269
f 268 269 270
f 271 272 273
f 273 272 274
f 273 274 275
f 275 274 276
f 275 276 277
f 277 276 270
f 277 270 278
f 278 270 269
f 111 279 109
f 109 279 280
f 109 280 281
f 281 280 282
f 281 282 283
f 283 282 284
f 283 284 285
f 285 284 286
f 285 286 287
f 287 286 288
f 287 288 289
f 289 288 290
f 289 290 291
f 291 290 292
f 291 292 293
f 293 292 294
f 293 294 295
f 295 294 296
f 295 296 297
f 297 296 298
f 297 298 299
f 299 298 300
f 299 300 301
f 301 300 302
f 301 302 303
f 303 302 304
f 303 304 271
f 271 304 305
f 271 305 272
f 308 309 310
f 313 311 312
f 2617 313 314
f 317 318 2684
f 316 318 315
f 316 315 319
f 319 315 320
f 319 320 321
f 321 320 322
f 321 322 323
f 323 322 324
f 323 324 325
f 318 2617 315
f 315 2617 314
f 315 314 320
f 320 314 326
f 320 326 322
f 322 326 327
f 322 327 324
f 324 327 328
f 324 328 325
f 325 328 306
f 309 307 310
f 310 307 329
f 329 307 306
f 2739 2547 2738
f 538 317 2684
f 318 316 2684
f 2684 316 319
f 2684 319 325
f 325 319 321
f 325 321 323
f 314 313 312
f 314 312 326
f 326 312 330
f 326 330 327
f 327 330 331
f 327 331 328
f 328 331 306
f 311 308 312
f 312 308 310
f 312 310 330
f 330 310 329
f 330 329 331
f 331 329 306
f 2738 2547 2539
f 332 333 334
f 335 336 337
f 338 339 340
f 341 342 343
f 344 345 346
f 347 348 349
f 317 540 350
f 2616 351 352
f 352 351 353
f 352 353 354
f 354 353 372
f 2616 355 351
f 351 355 356
f 351 356 353
f 353 356 372
f 357 2616 358
f 357 358 359
f 359 358 360
f 359 360 361
f 361 360 2613
f 361 2613 365
f 2616 2613 358
f 358 2613 360
f 363 362 364
f 363 364 365
f 365 364 2622
f 333 335 334
f 334 335 337
f 334 337 366
f 366 337 367
f 366 367 2622
f 339 341 340
f 340 341 343
f 340 343 368
f 368 343 369
f 368 369 371
f 342 344 343
f 343 344 346
f 343 346 369
f 369 346 370
f 369 370 371
f 348 2612 349
f 349 2612 371
f 2612 2611 371
f 372 317 373
f 373 317 350
f 373 350 374
f 374 350 540
f 317 372 2638
f 540 2616 374
f 374 2616 352
f 374 352 373
f 373 352 354
f 373 354 372
f 2616 357 355
f 355 357 359
f 355 359 356
f 356 359 361
f 356 361 372
f 372 361 365
f 2613 363 365
f 363 332 362
f 362 332 334
f 362 334 364
f 364 334 366
f 364 366 2622
f 336 338 337
f 337 338 340
f 337 340 367
f 367 340 368
f 367 368 2622
f 2622 368 371
f 345 347 346
f 346 347 349
f 346 349 370
f 370 349 371
f 375 376 377
f 380 378 379
f 384 385 386
f 387 388 389
f 390 391 392
f 393 394 395
f 400 398 399
f 2466 400 401
f 414 415 416
f 417 418 419
f 420 421 422
f 423 424 425
f 426 427 428
f 429 430 431
f 432 433 434
f 435 436 437
f 438 439 440
f 375 377 378
f 441 442 443
f 444 380 445
f 445 380 379
f 446 447 448
f 450 449 451
f 450 451 452
f 452 451 453
f 452 453 454
f 454 453 455
f 454 455 456
f 456 455 441
f 456 441 457
f 457 441 443
f 457 443 458
f 436 432 437
f 437 432 434
f 437 434 459
f 459 434 460
f 459 460 461
f 461 460 462
f 461 462 463
f 463 462 464
f 463 464 465
f 465 464 466
f 465 466 2685
f 433 429 434
f 434 429 431
f 434 431 460
f 460 431 467
f 460 467 462
f 462 467 468
f 462 468 464
f 464 468 469
f 464 469 466
f 466 469 470
f 466 470 2685
f 424 420 425
f 425 420 422
f 425 422 471
f 471 422 472
f 471 472 473
f 473 472 474
f 473 474 475
f 475 474 476
f 475 476 477
f 477 476 478
f 477 478 2685
f 415 412 416
f 416 412 413
f 416 413 479
f 479 413 480
f 479 480 481
f 481 480 482
f 481 482 483
f 483 482 484
f 483 484 485
f 485 484 486
f 485 486 538
f 412 410 413
f 413 410 411
f 413 411 480
f 480 411 487
f 480 487 482
f 482 487 488
f 482 488 484
f 484 488 489
f 484 489 486
f 486 489 490
f 486 490 538
f 538 490 494
f 407 408 406
f 407 406 491
f 491 406 492
f 491 492 493
f 493 492 494
f 539 404 540
f 496 497 498
f 496 498 2641
f 2641 498 505
f 2641 495 496
f 496 499 497
f 497 499 500
f 497 500 498
f 498 500 501
f 498 501 505
f 403 2466 402
f 402 2466 401
f 402 401 502
f 502 401 503
f 502 503 504
f 504 503 505
f 401 400 399
f 401 399 503
f 503 399 505
f 2739 393 395
f 2739 395 508
f 2739 508 506
f 506 508 509
f 506 509 507
f 507 509 510
f 507 510 506
f 388 384 389
f 389 384 386
f 389 386 511
f 511 386 512
f 511 512 513
f 513 512 381
f 385 382 386
f 386 382 383
f 386 383 512
f 512 383 381
f 514 515 516
f 516 515 517
f 516 517 518
f 518 517 519
f 518 519 550
f 515 448 517
f 517 448 447
f 517 447 519
f 519 447 446
f 519 446 550
f 2615 446 520
f 520 446 448
f 520 448 521
f 521 448 515
f 521 515 522
f 522 515 514
f 522 514 442
f 442 441 522
f 522 441 455
f 522 455 521
f 521 455 453
f 521 453 520
f 520 453 451
f 520 451 2615
f 2615 451 449
f 449 450 523
f 523 450 452
f 523 452 524
f 524 452 454
f 524 454 525
f 525 454 456
f 525 456 526
f 526 456 457
f 526 457 440
f 440 457 458
f 440 458 438
f 438 458 376
f 449 2685 2615
f 439 435 440
f 440 435 437
f 440 437 526
f 526 437 459
f 526 459 525
f 525 459 461
f 525 461 524
f 524 461 463
f 524 463 523
f 523 463 465
f 523 465 449
f 449 465 2685
f 430 426 431
f 431 426 428
f 431 428 467
f 467 428 527
f 467 527 468
f 468 527 528
f 468 528 469
f 469 528 529
f 469 529 470
f 470 529 530
f 470 530 2685
f 427 423 428
f 428 423 425
f 428 425 527
f 527 425 471
f 527 471 528
f 528 471 473
f 528 473 529
f 529 473 475
f 529 475 530
f 530 475 477
f 530 477 2685
f 531 2685 478
f 531 478 532
f 532 478 476
f 532 476 533
f 533 476 474
f 533 474 534
f 534 474 472
f 534 472 419
f 419 472 422
f 419 422 417
f 417 422 421
f 418 414 419
f 419 414 416
f 419 416 534
f 534 416 479
f 534 479 533
f 533 479 481
f 533 481 532
f 532 481 483
f 532 483 531
f 531 483 485
f 531 485 2685
f 2685 485 538
f 410 408 411
f 411 408 409
f 411 409 487
f 487 409 535
f 487 535 488
f 488 535 536
f 488 536 489
f 489 536 537
f 489 537 490
f 490 537 494
f 409 408 407
f 409 407 535
f 535 407 491
f 535 491 536
f 536 491 493
f 536 493 537
f 537 493 494
f 539 538 494
f 539 494 492
f 539 492 406
f 539 406 405
f 405 406 408
f 539 540 538
f 2614 540 404
f 2641 602 495
f 495 403 496
f 496 403 541
f 496 541 499
f 499 541 542
f 499 542 500
f 500 542 543
f 500 543 501
f 501 543 505
f 403 402 541
f 541 402 502
f 541 502 542
f 542 502 504
f 542 504 543
f 543 504 505
f 398 396 399
f 399 396 397
f 399 397 505
f 505 397 2739
f 394 390 395
f 395 390 392
f 395 392 508
f 508 392 544
f 508 544 509
f 509 544 545
f 509 545 510
f 510 545 546
f 510 546 506
f 506 546 381
f 391 387 392
f 392 387 389
f 392 389 544
f 544 389 511
f 544 511 545
f 545 511 513
f 545 513 546
f 546 513 381
f 378 377 379
f 379 377 547
f 379 547 445
f 445 547 548
f 445 548 444
f 444 548 549
f 444 549 380
f 380 549 550
f 376 458 377
f 377 458 443
f 377 443 547
f 547 443 442
f 547 442 548
f 548 442 514
f 548 514 549
f 549 514 516
f 549 516 550
f 550 516 518
f 552 553 554
f 555 556 557
f 558 559 560
f 561 562 563
f 564 565 566
f 567 568 569
f 570 571 572
f 573 574 575
f 576 577 578
f 579 580 581
f 582 583 584
f 585 586 587
f 588 589 590
f 591 592 593
f 594 595 596
f 600 597 598
f 605 606 607
f 608 609 610
f 611 612 613
f 614 615 616
f 617 618 619
f 620 621 622
f 623 624 625
f 628 626 627
f 629 628 735
f 630 631 632
f 633 634 635
f 636 637 638
f 639 640 641
f 642 643 644
f 645 646 647
f 648 649 650
f 651 652 653
f 654 655 656
f 657 658 659
f 660 661 662
f 663 664 665
f 666 667 668
f 669 670 671
f 672 673 674
f 675 676 677
f 678 679 680
f 667 669 668
f 668 669 671
f 668 671 681
f 681 671 682
f 681 682 683
f 683 682 684
f 683 684 685
f 685 684 686
f 685 686 687
f 687 686 688
f 687 688 689
f 689 688 690
f 689 690 2505
f 676 678 677
f 677 678 680
f 677 680 691
f 691 680 692
f 691 692 693
f 693 692 694
f 693 694 695
f 695 694 696
f 695 696 697
f 697 696 698
f 697 698 699
f 699 698 700
f 679 701 680
f 680 701 702
f 680 702 692
f 692 702 703
f 692 703 694
f 694 703 704
f 694 704 696
f 696 704 705
f 696 705 698
f 698 705 706
f 698 706 700
f 700 706 2494
f 658 654 659
f 659 654 656
f 659 656 707
f 707 656 708
f 707 708 709
f 709 708 710
f 709 710 711
f 711 710 712
f 711 712 713
f 713 712 714
f 713 714 2491
f 649 645 650
f 650 645 647
f 650 647 715
f 715 647 716
f 715 716 717
f 717 716 718
f 717 718 719
f 719 718 720
f 719 720 721
f 721 720 722
f 721 722 2491
f 646 642 647
f 647 642 644
f 647 644 716
f 716 644 723
f 716 723 718
f 718 723 724
f 718 724 720
f 720 724 725
f 720 725 722
f 722 725 726
f 722 726 2491
f 2491 726 2211
f 640 636 641
f 641 636 638
f 641 638 727
f 727 638 728
f 727 728 729
f 729 728 730
f 729 730 731
f 731 730 2211
f 637 633 638
f 638 633 635
f 638 635 728
f 728 635 732
f 728 732 730
f 730 732 2211
f 735 733 734
f 735 734 2614
f 735 736 737
f 737 736 738
f 737 738 739
f 739 738 740
f 739 740 741
f 741 740 742
f 741 742 2614
f 735 743 736
f 736 743 744
f 736 744 738
f 738 744 745
f 738 745 740
f 740 745 746
f 740 746 742
f 742 746 747
f 742 747 2614
f 624 620 625
f 625 620 622
f 625 622 748
f 748 622 749
f 748 749 750
f 750 749 751
f 750 751 752
f 752 751 753
f 752 753 754
f 754 753 755
f 754 755 756
f 756 755 757
f 756 757 2614
f 2614 757 762
f 621 617 622
f 622 617 619
f 622 619 749
f 749 619 758
f 749 758 751
f 751 758 759
f 751 759 753
f 753 759 760
f 753 760 755
f 755 760 761
f 755 761 757
f 757 761 762
f 612 608 613
f 613 608 610
f 613 610 763
f 763 610 764
f 763 764 765
f 765 764 766
f 765 766 767
f 767 766 603
f 600 768 769
f 600 769 871
f 597 594 598
f 598 594 596
f 598 596 770
f 770 596 771
f 770 771 772
f 772 771 773
f 772 773 774
f 774 773 777
f 595 591 596
f 596 591 593
f 596 593 771
f 771 593 775
f 771 775 773
f 773 775 777
f 589 585 590
f 590 585 587
f 590 587 777
f 777 587 778
f 777 778 776
f 776 778 779
f 776 779 780
f 780 779 781
f 780 781 782
f 782 781 783
f 782 783 784
f 784 783 785
f 784 785 790
f 586 582 587
f 587 582 584
f 587 584 778
f 778 584 786
f 778 786 779
f 779 786 787
f 779 787 781
f 781 787 788
f 781 788 783
f 783 788 789
f 783 789 785
f 785 789 790
f 577 573 578
f 578 573 575
f 578 575 791
f 791 575 792
f 791 792 793
f 793 792 794
f 793 794 795
f 795 794 796
f 795 796 797
f 797 796 798
f 797 798 799
f 799 798 800
f 799 800 811
f 574 570 575
f 575 570 572
f 575 572 792
f 792 572 801
f 792 801 794
f 794 801 802
f 794 802 796
f 796 802 803
f 796 803 798
f 798 803 804
f 798 804 800
f 800 804 811
f 568 564 569
f 569 564 566
f 569 566 805
f 805 566 806
f 805 806 807
f 807 806 808
f 807 808 809
f 809 808 810
f 809 810 811
f 811 810 812
f 811 812 814
f 814 812 813
f 814 813 815
f 565 561 566
f 566 561 563
f 566 563 806
f 806 563 816
f 806 816 808
f 808 816 817
f 808 817 810
f 810 817 818
f 810 818 812
f 812 818 819
f 812 819 813
f 813 819 820
f 813 820 815
f 815 820 821
f 815 821 105
f 105 821 103
f 556 552 557
f 557 552 554
f 557 554 822
f 822 554 823
f 822 823 824
f 824 823 825
f 824 825 826
f 826 825 827
f 826 827 828
f 828 827 829
f 828 829 830
f 830 829 831
f 830 831 832
f 832 831 2595
f 553 833 554
f 554 833 834
f 554 834 823
f 823 834 835
f 823 835 825
f 825 835 836
f 825 836 827
f 827 836 837
f 827 837 829
f 829 837 838
f 829 838 831
f 831 838 839
f 831 839 2595
f 664 666 665
f 665 666 668
f 665 668 840
f 840 668 681
f 840 681 841
f 841 681 683
f 841 683 842
f 842 683 685
f 842 685 843
f 843 685 687
f 843 687 844
f 844 687 689
f 844 689 2505
f 700 2505 845
f 845 2505 690
f 845 690 846
f 846 690 688
f 846 688 847
f 847 688 686
f 847 686 848
f 848 686 684
f 848 684 849
f 849 684 682
f 849 682 674
f 674 682 671
f 674 671 672
f 672 671 670
f 673 675 674
f 674 675 677
f 674 677 849
f 849 677 691
f 849 691 848
f 848 691 693
f 848 693 847
f 847 693 695
f 847 695 846
f 846 695 697
f 846 697 845
f 845 697 699
f 845 699 700
f 700 2494 2502
f 701 660 702
f 702 660 662
f 702 662 703
f 703 662 850
f 703 850 704
f 704 850 851
f 704 851 705
f 705 851 852
f 705 852 706
f 706 852 853
f 706 853 2494
f 2494 853 2491
f 661 657 662
f 662 657 659
f 662 659 850
f 850 659 707
f 850 707 851
f 851 707 709
f 851 709 852
f 852 709 711
f 852 711 853
f 853 711 713
f 853 713 2491
f 854 2491 714
f 854 714 855
f 855 714 712
f 855 712 856
f 856 712 710
f 856 710 857
f 857 710 708
f 857 708 653
f 653 708 656
f 653 656 651
f 651 656 655
f 652 648 653
f 653 648 650
f 653 650 857
f 857 650 715
f 857 715 856
f 856 715 717
f 856 717 855
f 855 717 719
f 855 719 854
f 854 719 721
f 854 721 2491
f 643 639 644
f 644 639 641
f 644 641 723
f 723 641 727
f 723 727 724
f 724 727 729
f 724 729 725
f 725 729 731
f 725 731 726
f 726 731 2211
f 2211 732 632
f 632 732 635
f 632 635 630
f 630 635 634
f 631 2211 632
f 735 737 733
f 733 737 739
f 733 739 734
f 734 739 741
f 734 741 2614
f 735 628 627
f 735 627 743
f 743 627 858
f 743 858 744
f 744 858 859
f 744 859 745
f 745 859 860
f 745 860 746
f 746 860 861
f 746 861 747
f 747 861 862
f 747 862 2614
f 626 623 627
f 627 623 625
f 627 625 858
f 858 625 748
f 858 748 859
f 859 748 750
f 859 750 860
f 860 750 752
f 860 752 861
f 861 752 754
f 861 754 862
f 862 754 756
f 862 756 2614
f 618 614 619
f 619 614 616
f 619 616 758
f 758 616 863
f 758 863 759
f 759 863 864
f 759 864 760
f 760 864 865
f 760 865 761
f 761 865 866
f 761 866 762
f 762 866 603
f 615 611 616
f 616 611 613
f 616 613 863
f 863 613 763
f 863 763 864
f 864 763 765
f 864 765 865
f 865 765 767
f 865 767 866
f 866 767 603
f 603 766 867
f 867 766 764
f 867 764 607
f 607 764 610
f 607 610 605
f 605 610 609
f 606 604 607
f 607 604 867
f 867 604 603
f 600 871 599
f 600 868 768
f 768 868 869
f 768 869 769
f 769 869 870
f 769 870 871
f 600 598 868
f 868 598 770
f 868 770 869
f 869 770 772
f 869 772 870
f 870 772 774
f 870 774 871
f 871 774 777
f 592 588 593
f 593 588 590
f 593 590 775
f 775 590 777
f 776 780 782
f 776 782 784
f 776 784 790
f 583 579 584
f 584 579 581
f 584 581 786
f 786 581 872
f 786 872 787
f 787 872 873
f 787 873 788
f 788 873 874
f 788 874 789
f 789 874 875
f 789 875 790
f 790 875 876
f 790 876 811
f 580 576 581
f 581 576 578
f 581 578 872
f 872 578 791
f 872 791 873
f 873 791 793
f 873 793 874
f 874 793 795
f 874 795 875
f 875 795 797
f 875 797 876
f 876 797 799
f 876 799 811
f 571 567 572
f 572 567 569
f 572 569 801
f 801 569 805
f 801 805 802
f 802 805 807
f 802 807 803
f 803 807 809
f 803 809 804
f 804 809 811
f 105 814 815
f 562 558 563
f 563 558 560
f 563 560 816
f 816 560 877
f 816 877 817
f 817 877 878
f 817 878 818
f 818 878 879
f 818 879 819
f 819 879 880
f 819 880 820
f 820 880 881
f 820 881 821
f 821 881 551
f 821 551 103
f 103 551 832
f 559 555 560
f 560 555 557
f 560 557 877
f 877 557 822
f 877 822 878
f 878 822 824
f 878 824 879
f 879 824 826
f 879 826 880
f 880 826 828
f 880 828 881
f 881 828 830
f 881 830 551
f 551 830 832
f 833 663 834
f 834 663 665
f 834 665 835
f 835 665 840
f 835 840 836
f 836 840 841
f 836 841 837
f 837 841 842
f 837 842 838
f 838 842 843
f 838 843 839
f 839 843 844
f 839 844 2595
f 2595 844 2505
f 199 191 882
f 202 201 883
f 238 237 884
f 225 223 885
f 262 260 886
f 249 247 887
f 268 270 888
f 302 300 889
f 288 286 890
f 112 114 891
f 126 128 892
f 165 164 893
f 152 150 894
f 190 189 895
f 187 185 896
f 897 898 899
f 900 901 902
f 903 904 905
f 906 907 908
f 909 910 911
f 912 913 914
f 915 916 917
f 918 919 920
f 921 922 923
f 924 925 926
f 927 928 929
f 930 931 932
f 933 934 935
f 936 937 938
f 939 940 941
f 942 943 944
f 945 946 947
f 948 949 950
f 951 952 953
f 954 955 956
f 957 958 959
f 960 961 962
f 963 964 965
f 966 967 968
f 969 970 971
f 972 973 974
f 975 976 977
f 978 979 980
f 981 982 983
f 984 985 986
f 987 988 989
f 990 991 992
f 993 994 995
f 996 997 998
f 999 1000 1001
f 1002 1003 1004
f 1005 1006 1007
f 1008 1009 1010
f 1011 1012 1013
f 1014 1015 1016
f 1017 1018 1019
f 1020 1021 1022
f 1023 1024 1025
f 1026 1027 1028
f 1029 1030 1031
f 1032 1033 1034
f 1035 1036 1037
f 1038 1039 1040
f 1041 1042 1043
f 1044 1045 1046
f 1047 1048 1049
f 1050 1051 1052
f 1053 1054 1055
f 1056 1057 1058
f 1059 1060 1061
f 1062 1063 1064
f 1065 1066 1067
f 1068 1069 1070
f 1071 1072 1073
f 1074 1075 1076
f 1077 1078 1079
f 1080 1081 1082
f 1083 1084 1085
f 1086 1087 1088
f 1089 1090 1091
f 1092 1093 897
f 897 1093 1094
f 897 1094 898
f 898 1094 1095
f 900 902 904
f 1096 899 1097
f 1097 899 898
f 1097 898 917
f 917 898 1095
f 917 1095 915
f 1098 1096 1099
f 1099 1096 1097
f 1099 1097 1100
f 1100 1097 917
f 1100 917 914
f 914 917 916
f 914 916 912
f 1101 1098 1102
f 1102 1098 1099
f 1102 1099 1103
f 1103 1099 1100
f 1103 1100 1104
f 1104 1100 914
f 1104 914 911
f 911 914 913
f 911 913 909
f 1105 1101 1106
f 1106 1101 1102
f 1106 1102 1107
f 1107 1102 1103
f 1107 1103 1108
f 1108 1103 1104
f 1108 1104 1109
f 1109 1104 911
f 1109 911 908
f 908 911 910
f 908 910 906
f 1110 1105 1111
f 1111 1105 1106
f 1111 1106 1112
f 1112 1106 1107
f 1112 1107 1113
f 1113 1107 1108
f 1113 1108 1114
f 1114 1108 1109
f 1114 1109 1115
f 1115 1109 908
f 1115 908 905
f 905 908 907
f 905 907 903
f 1116 1117 1118
f 183 181 1119
f 1119 181 1116
f 1119 1116 1120
f 1120 1116 1118
f 1120 1118 1121
f 1090 1086 1091
f 1091 1086 1088
f 1091 1088 1122
f 1122 1088 1123
f 1122 1123 1124
f 1124 1123 1125
f 1124 1125 1126
f 1126 1125 1127
f 1126 1127 1128
f 1128 1127 1129
f 1128 1129 1130
f 1130 1129 1131
f 1130 1131 1132
f 1132 1131 1133
f 1078 1074 1079
f 1079 1074 1076
f 1079 1076 1134
f 1134 1076 1135
f 1134 1135 1136
f 1136 1135 1137
f 1136 1137 1138
f 1138 1137 1139
f 1138 1139 1140
f 1140 1139 1141
f 1140 1141 1142
f 1142 1141 1143
f 1142 1143 1144
f 1144 1143 1145
f 1066 1062 1067
f 1067 1062 1064
f 1067 1064 1146
f 1146 1064 1147
f 1146 1147 1148
f 1148 1147 1149
f 1148 1149 1150
f 1150 1149 1151
f 1150 1151 1152
f 1152 1151 1153
f 1152 1153 1154
f 1154 1153 1155
f 1154 1155 1156
f 1156 1155 1157
f 1054 1050 1055
f 1055 1050 1052
f 1055 1052 1158
f 1158 1052 1159
f 1158 1159 1160
f 1160 1159 1161
f 1160 1161 1162
f 1162 1161 1163
f 1162 1163 1164
f 1164 1163 1165
f 1164 1165 1166
f 1166 1165 1167
f 1166 1167 1168
f 1168 1167 1169
f 1045 1041 1046
f 1046 1041 1043
f 1046 1043 1170
f 1170 1043 1171
f 1170 1171 1172
f 1172 1171 1173
f 1172 1173 1174
f 1174 1173 1175
f 1174 1175 1176
f 1176 1175 1177
f 1176 1177 1178
f 1178 1177 1179
f 1178 1179 1180
f 1180 1179 1181
f 1042 1038 1043
f 1043 1038 1040
f 1043 1040 1171
f 1171 1040 1182
f 1171 1182 1173
f 1173 1182 1183
f 1173 1183 1175
f 1175 1183 1184
f 1175 1184 1177
f 1177 1184 1185
f 1177 1185 1179
f 1179 1185 1186
f 1179 1186 1181
f 1181 1186 1187
f 1181 1187 118
f 118 1187 116
f 1033 1029 1034
f 1034 1029 1031
f 1034 1031 1188
f 1188 1031 1189
f 1188 1189 1190
f 1190 1189 1191
f 1190 1191 1192
f 1192 1191 1193
f 1192 1193 1194
f 1194 1193 1195
f 1194 1195 1196
f 1196 1195 1197
f 1196 1197 1198
f 1198 1197 1199
f 1030 1026 1031
f 1031 1026 1028
f 1031 1028 1189
f 1189 1028 1200
f 1189 1200 1191
f 1191 1200 1201
f 1191 1201 1193
f 1193 1201 1202
f 1193 1202 1195
f 1195 1202 1203
f 1195 1203 1197
f 1197 1203 1204
f 1197 1204 1199
f 1199 1204 1205
f 1199 1205 282
f 282 1205 284
f 1021 1017 1022
f 1022 1017 1019
f 1022 1019 1206
f 1206 1019 1207
f 1206 1207 1208
f 1208 1207 1209
f 1208 1209 1210
f 1210 1209 1211
f 1210 1211 1212
f 1212 1211 1213
f 1212 1213 1214
f 1214 1213 1215
f 1214 1215 1216
f 1216 1215 1217
f 1018 1014 1019
f 1019 1014 1016
f 1019 1016 1207
f 1207 1016 1218
f 1207 1218 1209
f 1209 1218 1219
f 1209 1219 1211
f 1211 1219 1220
f 1211 1220 1213
f 1213 1220 1221
f 1213 1221 1215
f 1215 1221 1222
f 1215 1222 1217
f 1217 1222 1223
f 1217 1223 296
f 296 1223 298
f 1009 1005 1010
f 1010 1005 1007
f 1010 1007 1224
f 1224 1007 1225
f 1224 1225 1226
f 1226 1225 1227
f 1226 1227 1228
f 1228 1227 1229
f 1228 1229 1230
f 1230 1229 1231
f 1230 1231 1232
f 1232 1231 1233
f 1232 1233 1234
f 1234 1233 1235
f 1006 1002 1007
f 1007 1002 1004
f 1007 1004 1225
f 1225 1004 1236
f 1225 1236 1227
f 1227 1236 1237
f 1227 1237 1229
f 1229 1237 1238
f 1229 1238 1231
f 1231 1238 1239
f 1231 1239 1233
f 1233 1239 1240
f 1233 1240 1235
f 1235 1240 1241
f 1235 1241 274
f 274 1241 276
f 997 993 998
f 998 993 995
f 998 995 1242
f 1242 995 1243
f 1242 1243 1244
f 1244 1243 1245
f 1244 1245 1246
f 1246 1245 1247
f 1246 1247 1248
f 1248 1247 1249
f 1248 1249 1250
f 1250 1249 1251
f 1250 1251 1252
f 1252 1251 1253
f 994 990 995
f 995 990 992
f 995 992 1243
f 1243 992 1254
f 1243 1254 1245
f 1245 1254 1255
f 1245 1255 1247
f 1247 1255 1256
f 1247 1256 1249
f 1249 1256 1257
f 1249 1257 1251
f 1251 1257 1258
f 1251 1258 1253
f 1253 1258 1259
f 1253 1259 243
f 243 1259 245
f 985 981 986
f 986 981 983
f 986 983 1260
f 1260 983 1261
f 1260 1261 1262
f 1262 1261 1263
f 1262 1263 1264
f 1264 1263 1265
f 1264 1265 1266
f 1266 1265 1267
f 1266 1267 1268
f 1268 1267 1269
f 1268 1269 1270
f 1270 1269 1271
f 982 978 983
f 983 978 980
f 983 980 1261
f 1261 980 1272
f 1261 1272 1263
f 1263 1272 1273
f 1263 1273 1265
f 1265 1273 1274
f 1265 1274 1267
f 1267 1274 1275
f 1267 1275 1269
f 1269 1275 1276
f 1269 1276 1271
f 1271 1276 1277
f 1271 1277 257
f 257 1277 259
f 973 969 974
f 974 969 971
f 974 971 1278
f 1278 971 1279
f 1278 1279 1280
f 1280 1279 1281
f 1280 1281 1282
f 1282 1281 1283
f 1282 1283 1284
f 1284 1283 1285
f 1284 1285 1286
f 1286 1285 1287
f 1286 1287 1288
f 1288 1287 1289
f 970 966 971
f 971 966 968
f 971 968 1279
f 1279 968 1290
f 1279 1290 1281
f 1281 1290 1291
f 1281 1291 1283
f 1283 1291 1292
f 1283 1292 1285
f 1285 1292 1293
f 1285 1293 1287
f 1287 1293 1294
f 1287 1294 1289
f 1289 1294 1295
f 1289 1295 219
f 219 1295 221
f 961 957 962
f 962 957 959
f 962 959 1296
f 1296 959 1297
f 1296 1297 1298
f 1298 1297 1299
f 1298 1299 1300
f 1300 1299 1301
f 1300 1301 1302
f 1302 1301 1303
f 1302 1303 1304
f 1304 1303 1305
f 1304 1305 1306
f 1306 1305 1307
f 958 954 959
f 959 954 956
f 959 956 1297
f 1297 956 1308
f 1297 1308 1299
f 1299 1308 1309
f 1299 1309 1301
f 1301 1309 1310
f 1301 1310 1303
f 1303 1310 1311
f 1303 1311 1305
f 1305 1311 1312
f 1305 1312 1307
f 1307 1312 1313
f 1307 1313 233
f 233 1313 235
f 949 945 950
f 950 945 947
f 950 947 1314
f 1314 947 1315
f 1314 1315 1316
f 1316 1315 1317
f 1316 1317 1318
f 1318 1317 1319
f 1318 1319 1320
f 1320 1319 1321
f 1320 1321 1322
f 1322 1321 1323
f 1322 1323 1324
f 1324 1323 1325
f 946 942 947
f 947 942 944
f 947 944 1315
f 1315 944 1326
f 1315 1326 1317
f 1317 1326 1327
f 1317 1327 1319
f 1319 1327 1328
f 1319 1328 1321
f 1321 1328 1329
f 1321 1329 1323
f 1323 1329 1330
f 1323 1330 1325
f 1325 1330 1331
f 1325 1331 211
f 211 1331 210
f 937 933 938
f 938 933 935
f 938 935 1332
f 1332 935 1333
f 1332 1333 1334
f 1334 1333 1335
f 1334 1335 1336
f 1336 1335 1337
f 1336 1337 1338
f 1338 1337 1339
f 1338 1339 1340
f 1340 1339 1341
f 1340 1341 1342
f 1342 1341 192
f 934 930 935
f 935 930 932
f 935 932 1333
f 1333 932 1343
f 1333 1343 1335
f 1335 1343 1344
f 1335 1344 1337
f 1337 1344 1345
f 1337 1345 1339
f 1339 1345 1346
f 1339 1346 1341
f 1341 1346 1347
f 1341 1347 192
f 192 1347 1348
f 925 921 926
f 926 921 923
f 926 923 1349
f 1349 923 1350
f 1349 1350 1351
f 1351 1350 1352
f 1351 1352 1353
f 1353 1352 1354
f 1353 1354 1355
f 1355 1354 1356
f 1355 1356 1357
f 1357 1356 1358
f 1357 1358 1359
f 1359 1358 1360
f 922 918 923
f 923 918 920
f 923 920 1350
f 1350 920 1361
f 1350 1361 1352
f 1352 1361 1362
f 1352 1362 1354
f 1354 1362 1363
f 1354 1363 1356
f 1356 1363 1364
f 1356 1364 1358
f 1358 1364 1365
f 1358 1365 1360
f 1360 1365 1366
f 1360 1366 167
f 167 1366 169
f 1367 1368 1369
f 1369 1368 1370
f 1369 1370 1371
f 1371 1370 1372
f 1371 1372 1373
f 1373 1372 1374
f 1373 1374 1375
f 1375 1374 173
f 1368 1121 1370
f 1370 1121 1118
f 1370 1118 1372
f 1372 1118 1117
f 1372 1117 1374
f 1374 1117 175
f 1374 175 173
f 181 179 1116
f 1116 179 177
f 1116 177 1117
f 1117 177 175
f 185 183 896
f 896 183 1119
f 896 1119 1376
f 1376 1119 1120
f 1376 1120 1377
f 1377 1120 1121
f 1377 1121 1378
f 1378 1121 1368
f 1378 1368 1379
f 1379 1368 1367
f 1379 1367 1380
f 189 187 895
f 895 187 896
f 895 896 1381
f 1381 896 1376
f 1381 1376 1382
f 1382 1376 1377
f 1382 1377 1383
f 1383 1377 1378
f 1383 1378 1384
f 1384 1378 1379
f 1384 1379 1385
f 1385 1379 1380
f 1385 1380 1386
f 901 1089 1386
f 1386 1089 1091
f 1386 1091 1385
f 1385 1091 1122
f 1385 1122 1384
f 1384 1122 1124
f 1384 1124 1383
f 1383 1124 1126
f 1383 1126 1382
f 1382 1126 1128
f 1382 1128 1381
f 1381 1128 1130
f 1381 1130 895
f 895 1130 1132
f 895 1132 190
f 148 146 1387
f 1387 146 1133
f 1387 1133 1388
f 1388 1133 1131
f 1388 1131 1389
f 1389 1131 1129
f 1389 1129 1390
f 1390 1129 1127
f 1390 1127 1391
f 1391 1127 1125
f 1391 1125 1392
f 1392 1125 1123
f 1392 1123 1085
f 1085 1123 1088
f 1085 1088 1083
f 1083 1088 1087
f 146 144 1133
f 1133 144 142
f 1133 142 1132
f 1132 142 140
f 1132 140 190
f 1084 1080 1085
f 1085 1080 1082
f 1085 1082 1392
f 1392 1082 1393
f 1392 1393 1391
f 1391 1393 1394
f 1391 1394 1390
f 1390 1394 1395
f 1390 1395 1389
f 1389 1395 1396
f 1389 1396 1388
f 1388 1396 1397
f 1388 1397 1387
f 1387 1397 894
f 1387 894 148
f 148 894 150
f 1081 1077 1082
f 1082 1077 1079
f 1082 1079 1393
f 1393 1079 1134
f 1393 1134 1394
f 1394 1134 1136
f 1394 1136 1395
f 1395 1136 1138
f 1395 1138 1396
f 1396 1138 1140
f 1396 1140 1397
f 1397 1140 1142
f 1397 1142 894
f 894 1142 1144
f 894 1144 152
f 162 160 1398
f 1398 160 1145
f 1398 1145 1399
f 1399 1145 1143
f 1399 1143 1400
f 1400 1143 1141
f 1400 1141 1401
f 1401 1141 1139
f 1401 1139 1402
f 1402 1139 1137
f 1402 1137 1403
f 1403 1137 1135
f 1403 1135 1073
f 1073 1135 1076
f 1073 1076 1071
f 1071 1076 1075
f 160 158 1145
f 1145 158 156
f 1145 156 1144
f 1144 156 154
f 1144 154 152
f 1072 1068 1073
f 1073 1068 1070
f 1073 1070 1403
f 1403 1070 1404
f 1403 1404 1402
f 1402 1404 1405
f 1402 1405 1401
f 1401 1405 1406
f 1401 1406 1400
f 1400 1406 1407
f 1400 1407 1399
f 1399 1407 1408
f 1399 1408 1398
f 1398 1408 893
f 1398 893 162
f 162 893 164
f 1069 1065 1070
f 1070 1065 1067
f 1070 1067 1404
f 1404 1067 1146
f 1404 1146 1405
f 1405 1146 1148
f 1405 1148 1406
f 1406 1148 1150
f 1406 1150 1407
f 1407 1150 1152
f 1407 1152 1408
f 1408 1152 1154
f 1408 1154 893
f 893 1154 1156
f 893 1156 165
f 130 132 1409
f 1409 132 1157
f 1409 1157 1410
f 1410 1157 1155
f 1410 1155 1411
f 1411 1155 1153
f 1411 1153 1412
f 1412 1153 1151
f 1412 1151 1413
f 1413 1151 1149
f 1413 1149 1414
f 1414 1149 1147
f 1414 1147 1061
f 1061 1147 1064
f 1061 1064 1059
f 1059 1064 1063
f 1157 132 136
f 1157 136 1156
f 1156 136 134
f 1156 134 165
f 1060 1056 1061
f 1061 1056 1058
f 1061 1058 1414
f 1414 1058 1415
f 1414 1415 1413
f 1413 1415 1416
f 1413 1416 1412
f 1412 1416 1417
f 1412 1417 1411
f 1411 1417 1418
f 1411 1418 1410
f 1410 1418 1419
f 1410 1419 1409
f 1409 1419 892
f 1409 892 130
f 130 892 128
f 1057 1053 1058
f 1058 1053 1055
f 1058 1055 1415
f 1415 1055 1158
f 1415 1158 1416
f 1416 1158 1160
f 1416 1160 1417
f 1417 1160 1162
f 1417 1162 1418
f 1418 1162 1164
f 1418 1164 1419
f 1419 1164 1166
f 1419 1166 892
f 892 1166 1168
f 892 1168 126
f 124 125 1420
f 1420 125 1169
f 1420 1169 1421
f 1421 1169 1167
f 1421 1167 1422
f 1422 1167 1165
f 1422 1165 1423
f 1423 1165 1163
f 1423 1163 1424
f 1424 1163 1161
f 1424 1161 1425
f 1425 1161 1159
f 1425 1159 1049
f 1049 1159 1052
f 1049 1052 1047
f 1047 1052 1051
f 1169 125 1168
f 1168 125 126
f 1048 1044 1049
f 1049 1044 1046
f 1049 1046 1425
f 1425 1046 1170
f 1425 1170 1424
f 1424 1170 1172
f 1424 1172 1423
f 1423 1172 1174
f 1423 1174 1422
f 1422 1174 1176
f 1422 1176 1421
f 1421 1176 1178
f 1421 1178 1420
f 1420 1178 1180
f 1420 1180 124
f 118 120 1181
f 1181 120 122
f 1181 122 1180
f 1180 122 124
f 1039 1035 1040
f 1040 1035 1037
f 1040 1037 1182
f 1182 1037 1426
f 1182 1426 1183
f 1183 1426 1427
f 1183 1427 1184
f 1184 1427 1428
f 1184 1428 1185
f 1185 1428 1429
f 1185 1429 1186
f 1186 1429 1430
f 1186 1430 1187
f 1187 1430 891
f 1187 891 116
f 116 891 114
f 1036 1032 1037
f 1037 1032 1034
f 1037 1034 1426
f 1426 1034 1188
f 1426 1188 1427
f 1427 1188 1190
f 1427 1190 1428
f 1428 1190 1192
f 1428 1192 1429
f 1429 1192 1194
f 1429 1194 1430
f 1430 1194 1196
f 1430 1196 891
f 891 1196 1198
f 891 1198 112
f 282 280 1199
f 1199 280 279
f 1199 279 1198
f 1198 279 111
f 1198 111 112
f 1027 1023 1028
f 1028 1023 1025
f 1028 1025 1200
f 1200 1025 1431
f 1200 1431 1201
f 1201 1431 1432
f 1201 1432 1202
f 1202 1432 1433
f 1202 1433 1203
f 1203 1433 1434
f 1203 1434 1204
f 1204 1434 1435
f 1204 1435 1205
f 1205 1435 890
f 1205 890 284
f 284 890 286
f 1024 1020 1025
f 1025 1020 1022
f 1025 1022 1431
f 1431 1022 1206
f 1431 1206 1432
f 1432 1206 1208
f 1432 1208 1433
f 1433 1208 1210
f 1433 1210 1434
f 1434 1210 1212
f 1434 1212 1435
f 1435 1212 1214
f 1435 1214 890
f 890 1214 1216
f 890 1216 288
f 296 294 1217
f 1217 294 292
f 1217 292 1216
f 1216 292 290
f 1216 290 288
f 1015 1011 1016
f 1016 1011 1013
f 1016 1013 1218
f 1218 1013 1436
f 1218 1436 1219
f 1219 1436 1437
f 1219 1437 1220
f 1220 1437 1438
f 1220 1438 1221
f 1221 1438 1439
f 1221 1439 1222
f 1222 1439 1440
f 1222 1440 1223
f 1223 1440 889
f 1223 889 298
f 298 889 300
f 1012 1008 1013
f 1013 1008 1010
f 1013 1010 1436
f 1436 1010 1224
f 1436 1224 1437
f 1437 1224 1226
f 1437 1226 1438
f 1438 1226 1228
f 1438 1228 1439
f 1439 1228 1230
f 1439 1230 1440
f 1440 1230 1232
f 1440 1232 889
f 889 1232 1234
f 889 1234 302
f 274 272 1235
f 1235 272 305
f 1235 305 1234
f 1234 305 304
f 1234 304 302
f 1003 999 1004
f 1004 999 1001
f 1004 1001 1236
f 1236 1001 1441
f 1236 1441 1237
f 1237 1441 1442
f 1237 1442 1238
f 1238 1442 1443
f 1238 1443 1239
f 1239 1443 1444
f 1239 1444 1240
f 1240 1444 1445
f 1240 1445 1241
f 1241 1445 888
f 1241 888 276
f 276 888 270
f 1000 996 1001
f 1001 996 998
f 1001 998 1441
f 1441 998 1242
f 1441 1242 1442
f 1442 1242 1244
f 1442 1244 1443
f 1443 1244 1246
f 1443 1246 1444
f 1444 1246 1248
f 1444 1248 1445
f 1445 1248 1250
f 1445 1250 888
f 888 1250 1252
f 888 1252 268
f 243 241 1253
f 1253 241 240
f 1253 240 1252
f 1252 240 266
f 1252 266 268
f 991 987 992
f 992 987 989
f 992 989 1254
f 1254 989 1446
f 1254 1446 1255
f 1255 1446 1447
f 1255 1447 1256
f 1256 1447 1448
f 1256 1448 1257
f 1257 1448 1449
f 1257 1449 1258
f 1258 1449 1450
f 1258 1450 1259
f 1259 1450 887
f 1259 887 245
f 245 887 247
f 988 984 989
f 989 984 986
f 989 986 1446
f 1446 986 1260
f 1446 1260 1447
f 1447 1260 1262
f 1447 1262 1448
f 1448 1262 1264
f 1448 1264 1449
f 1449 1264 1266
f 1449 1266 1450
f 1450 1266 1268
f 1450 1268 887
f 887 1268 1270
f 887 1270 249
f 257 255 1271
f 1271 255 253
f 1271 253 1270
f 1270 253 251
f 1270 251 249
f 979 975 980
f 980 975 977
f 980 977 1272
f 1272 977 1451
f 1272 1451 1273
f 1273 1451 1452
f 1273 1452 1274
f 1274 1452 1453
f 1274 1453 1275
f 1275 1453 1454
f 1275 1454 1276
f 1276 1454 1455
f 1276 1455 1277
f 1277 1455 886
f 1277 886 259
f 259 886 260
f 976 972 977
f 977 972 974
f 977 974 1451
f 1451 974 1278
f 1451 1278 1452
f 1452 1278 1280
f 1452 1280 1453
f 1453 1280 1282
f 1453 1282 1454
f 1454 1282 1284
f 1454 1284 1455
f 1455 1284 1286
f 1455 1286 886
f 886 1286 1288
f 886 1288 262
f 219 217 1289
f 1289 217 265
f 1289 265 1288
f 1288 265 264
f 1288 264 262
f 967 963 968
f 968 963 965
f 968 965 1290
f 1290 965 1456
f 1290 1456 1291
f 1291 1456 1457
f 1291 1457 1292
f 1292 1457 1458
f 1292 1458 1293
f 1293 1458 1459
f 1293 1459 1294
f 1294 1459 1460
f 1294 1460 1295
f 1295 1460 885
f 1295 885 221
f 221 885 223
f 964 960 965
f 965 960 962
f 965 962 1456
f 1456 962 1296
f 1456 1296 1457
f 1457 1296 1298
f 1457 1298 1458
f 1458 1298 1300
f 1458 1300 1459
f 1459 1300 1302
f 1459 1302 1460
f 1460 1302 1304
f 1460 1304 885
f 885 1304 1306
f 885 1306 225
f 233 231 1307
f 1307 231 229
f 1307 229 1306
f 1306 229 227
f 1306 227 225
f 955 951 956
f 956 951 953
f 956 953 1308
f 1308 953 1461
f 1308 1461 1309
f 1309 1461 1462
f 1309 1462 1310
f 1310 1462 1463
f 1310 1463 1311
f 1311 1463 1464
f 1311 1464 1312
f 1312 1464 1465
f 1312 1465 1313
f 1313 1465 884
f 1313 884 235
f 235 884 237
f 952 948 953
f 953 948 950
f 953 950 1461
f 1461 950 1314
f 1461 1314 1462
f 1462 1314 1316
f 1462 1316 1463
f 1463 1316 1318
f 1463 1318 1464
f 1464 1318 1320
f 1464 1320 1465
f 1465 1320 1322
f 1465 1322 884
f 884 1322 1324
f 884 1324 238
f 211 204 1325
f 1325 204 207
f 1325 207 1324
f 1324 207 213
f 1324 213 238
f 943 939 944
f 944 939 941
f 944 941 1326
f 1326 941 1466
f 1326 1466 1327
f 1327 1466 1467
f 1327 1467 1328
f 1328 1467 1468
f 1328 1468 1329
f 1329 1468 1469
f 1329 1469 1330
f 1330 1469 1470
f 1330 1470 1331
f 1331 1470 883
f 1331 883 210
f 210 883 201
f 940 936 941
f 941 936 938
f 941 938 1466
f 1466 938 1332
f 1466 1332 1467
f 1467 1332 1334
f 1467 1334 1468
f 1468 1334 1336
f 1468 1336 1469
f 1469 1336 1338
f 1469 1338 1470
f 1470 1338 1340
f 1470 1340 883
f 883 1340 1342
f 883 1342 202
f 1342 192 202
f 931 927 932
f 932 927 929
f 932 929 1343
f 1343 929 1471
f 1343 1471 1344
f 1344 1471 1472
f 1344 1472 1345
f 1345 1472 1473
f 1345 1473 1346
f 1346 1473 1474
f 1346 1474 1347
f 1347 1474 1475
f 1347 1475 1348
f 1348 1475 882
f 1348 882 191
f 928 924 929
f 929 924 926
f 929 926 1471
f 1471 926 1349
f 1471 1349 1472
f 1472 1349 1351
f 1472 1351 1473
f 1473 1351 1353
f 1473 1353 1474
f 1474 1353 1355
f 1474 1355 1475
f 1475 1355 1357
f 1475 1357 882
f 882 1357 1359
f 882 1359 199
f 167 166 1360
f 1360 166 195
f 1360 195 1359
f 1359 195 197
f 1359 197 199
f 919 1092 920
f 920 1092 897
f 920 897 1361
f 1361 897 899
f 1361 899 1362
f 1362 899 1096
f 1362 1096 1363
f 1363 1096 1098
f 1363 1098 1364
f 1364 1098 1101
f 1364 1101 1365
f 1365 1101 1105
f 1365 1105 1366
f 1366 1105 1110
f 1366 1110 169
f 169 1110 170
f 1476 1375 170
f 904 902 905
f 905 902 1477
f 905 1477 1115
f 1115 1477 1478
f 1115 1478 1114
f 1114 1478 1479
f 1114 1479 1113
f 1113 1479 1480
f 1113 1480 1112
f 1112 1480 1481
f 1112 1481 1111
f 1111 1481 1476
f 1111 1476 1110
f 1110 1476 170
f 901 1386 902
f 902 1386 1380
f 902 1380 1477
f 1477 1380 1367
f 1477 1367 1478
f 1478 1367 1369
f 1478 1369 1479
f 1479 1369 1371
f 1479 1371 1480
f 1480 1371 1373
f 1480 1373 1481
f 1481 1373 1375
f 1481 1375 1476
f 100 12 11
f 100 11 21
f 17 101 100
f 25 1483 101
f 4 12 1482
f 28 1482 102
f 100 1482 12
f 1900 102 1482
f 102 1900 1483
f 1483 1900 1484
f 1565 1499 100
f 1599 101 1483
f 1599 1483 1600
f 1486 1487 1488
f 1488 1487 1489
f 1488 1489 1490
f 1490 1489 1491
f 1490 1491 1494
f 1565 1494 1499
f 1487 1492 1489
f 1489 1492 1493
f 1489 1493 1491
f 1491 1493 1494
f 1495 1496 1497
f 1497 1496 1498
f 1497 1498 1499
f 1518 1482 1499
f 1500 1501 1502
f 1502 1501 1503
f 1502 1503 1518
f 1504 1505 1506
f 1506 1505 1507
f 1506 1507 1518
f 1505 1508 1507
f 1507 1508 1518
f 1484 1600 1483
f 1484 1485 1600
f 1509 1599 1600
f 1486 1488 1490
f 1486 1490 1565
f 1565 1490 1494
f 1492 1495 1493
f 1493 1495 1497
f 1493 1497 1494
f 1494 1497 1499
f 1496 1500 1498
f 1498 1500 1502
f 1498 1502 1499
f 1499 1502 1518
f 1501 1504 1503
f 1503 1504 1506
f 1503 1506 1518
f 2022 1482 1518
f 96 98 1510
f 60 62 1511
f 84 1518 1514
f 1514 1518 1515
f 1514 1515 1516
f 1516 1515 1517
f 1518 1519 1515
f 1515 1519 1520
f 1515 1520 1517
f 1517 1520 1521
f 1517 1521 68
f 68 1521 66
f 1518 1522 1523
f 1523 1522 1524
f 1523 1524 1525
f 1525 1524 1526
f 1525 1526 1527
f 1527 1526 1528
f 1527 1528 1529
f 1529 1528 1530
f 1529 1530 1531
f 1531 1530 1590
f 1518 1532 1522
f 1522 1532 1533
f 1522 1533 1524
f 1524 1533 1534
f 1524 1534 1526
f 1526 1534 1535
f 1526 1535 1528
f 1528 1535 1536
f 1528 1536 1530
f 1530 1536 1590
f 1505 1504 1537
f 1537 1504 1538
f 1537 1538 1539
f 1539 1538 1540
f 1539 1540 1541
f 1541 1540 1542
f 1541 1542 1543
f 1543 1542 1544
f 1543 1544 1545
f 1545 1544 1546
f 1545 1546 1547
f 1547 1546 1548
f 1547 1548 1549
f 1549 1548 1550
f 1504 1501 1538
f 1538 1501 1551
f 1538 1551 1540
f 1540 1551 1552
f 1540 1552 1542
f 1542 1552 1553
f 1542 1553 1544
f 1544 1553 1554
f 1544 1554 1546
f 1546 1554 1555
f 1546 1555 1548
f 1548 1555 1556
f 1548 1556 1550
f 1550 1556 1557
f 1496 1495 1558
f 1558 1495 1559
f 1558 1559 1560
f 1560 1559 1561
f 1560 1561 1562
f 1562 1561 1563
f 1562 1563 1564
f 1564 1563 1565
f 1568 1600 1569
f 1568 1569 1570
f 1570 1569 1571
f 1570 1571 1572
f 1572 1571 1573
f 1572 1573 1574
f 1574 1573 1575
f 1574 1575 1576
f 1576 1575 1577
f 1600 1485 1610
f 1610 1485 1578
f 1610 1578 1579
f 1580 1484 1942
f 2022 84 87
f 76 78 1581
f 1581 78 1513
f 1581 1513 1582
f 1582 1513 84
f 78 80 1513
f 1513 80 82
f 1513 82 84
f 1900 1482 2022
f 1582 84 1514
f 1582 1514 1581
f 1581 1514 1516
f 1581 1516 76
f 68 70 1517
f 1517 70 72
f 1517 72 1516
f 1516 72 74
f 1516 74 76
f 2022 1518 84
f 1518 1583 1519
f 1519 1583 1584
f 1519 1584 1520
f 1520 1584 1585
f 1520 1585 1521
f 1521 1585 1512
f 1521 1512 66
f 66 1512 65
f 1518 1523 1583
f 1583 1523 1525
f 1583 1525 1584
f 1584 1525 1527
f 1584 1527 1585
f 1585 1527 1529
f 1585 1529 1512
f 1512 1529 1531
f 1512 1531 65
f 1531 1590 65
f 1518 1508 1532
f 1532 1508 1586
f 1532 1586 1533
f 1533 1586 1587
f 1533 1587 1534
f 1534 1587 1588
f 1534 1588 1535
f 1535 1588 1589
f 1535 1589 1536
f 1536 1589 1590
f 1508 1505 1586
f 1586 1505 1537
f 1586 1537 1587
f 1587 1537 1539
f 1587 1539 1588
f 1588 1539 1541
f 1588 1541 1589
f 1589 1541 1543
f 1589 1543 1590
f 1590 1543 1545
f 1590 1545 62
f 62 1545 1547
f 62 1547 1511
f 1511 1547 1549
f 1511 1549 60
f 1550 1557 56
f 1550 56 1549
f 1549 56 58
f 1549 58 60
f 1501 1500 1551
f 1551 1500 1591
f 1551 1591 1552
f 1552 1591 1592
f 1552 1592 1553
f 1553 1592 1593
f 1553 1593 1554
f 1554 1593 1594
f 1554 1594 1555
f 1555 1594 1595
f 1555 1595 1556
f 1556 1595 1565
f 1556 1565 1557
f 1557 1565 1599
f 1557 1599 52
f 1500 1496 1591
f 1591 1496 1558
f 1591 1558 1592
f 1592 1558 1560
f 1592 1560 1593
f 1593 1560 1562
f 1593 1562 1594
f 1594 1562 1564
f 1594 1564 1595
f 1595 1564 1565
f 1565 1563 1596
f 1596 1563 1561
f 1596 1561 1597
f 1597 1561 1559
f 1597 1559 1492
f 1492 1559 1495
f 1492 1487 1597
f 1597 1487 1598
f 1597 1598 1596
f 1596 1598 1565
f 1487 1486 1598
f 1598 1486 1565
f 1509 1566 1567
f 1509 1600 1566
f 1566 1600 1601
f 1566 1601 1602
f 1566 1602 1567
f 1567 1602 1603
f 1567 1603 1604
f 1567 1604 1510
f 1567 1510 98
f 1601 1600 1568
f 1601 1568 1602
f 1602 1568 1570
f 1602 1570 1603
f 1603 1570 1572
f 1603 1572 1604
f 1604 1572 1574
f 1604 1574 1510
f 1510 1574 1576
f 1510 1576 96
f 88 89 1605
f 1605 89 1577
f 1605 1577 1606
f 1606 1577 1575
f 1606 1575 1607
f 1607 1575 1573
f 1607 1573 1608
f 1608 1573 1571
f 1608 1571 1609
f 1609 1571 1569
f 1609 1569 1610
f 1610 1569 1600
f 89 90 1577
f 1577 90 92
f 1577 92 1576
f 1576 92 94
f 1576 94 96
f 1609 1610 1579
f 1609 1579 1608
f 1608 1579 1578
f 1608 1578 1607
f 1607 1578 1485
f 1607 1485 1606
f 1606 1485 1580
f 1606 1580 1605
f 1605 1580 88
f 1580 1942 88
f 1485 1484 1580
f 2022 87 1611
f 67 65 1612
f 55 54 1613
f 1616 1617 1618
f 991 990 1619
f 964 963 1620
f 961 960 1621
f 958 957 1622
f 955 954 1623
f 952 951 1624
f 949 948 1625
f 946 945 1626
f 943 942 1627
f 940 939 1628
f 937 936 1629
f 934 933 1630
f 931 930 1631
f 928 927 1632
f 925 924 1633
f 922 921 1634
f 919 918 1635
f 1093 1092 1636
f 1095 1094 1637
f 1090 1089 1638
f 1087 1086 1639
f 1084 1083 1640
f 1081 1080 1641
f 1078 1077 1642
f 1075 1074 1643
f 1072 1071 1644
f 1069 1068 1645
f 1066 1065 1646
f 1063 1062 1647
f 1060 1059 1648
f 1057 1056 1649
f 1054 1053 1650
f 1051 1050 1651
f 1048 1047 1652
f 1045 1044 1653
f 1042 1041 1654
f 1039 1038 1655
f 1036 1035 1656
f 1033 1032 1657
f 1030 1029 1658
f 1027 1026 1659
f 1024 1023 1660
f 1021 1020 1661
f 1018 1017 1662
f 1015 1014 1663
f 1012 1011 1664
f 1009 1008 1665
f 1006 1005 1666
f 1003 1002 1667
f 1000 999 1668
f 997 996 1669
f 994 993 1670
f 900 904 1671
f 903 907 1672
f 906 910 1673
f 909 913 1674
f 912 916 1675
f 1095 1637 915
f 967 966 1616
f 1616 966 970
f 1616 970 1617
f 1617 970 969
f 1617 969 973
f 1676 972 976
f 1677 975 979
f 1678 978 982
f 1679 981 985
f 1680 984 988
f 988 987 1681
f 1681 987 991
f 1682 1618 1683
f 1683 1618 1617
f 1683 1617 1676
f 1676 1617 973
f 1676 973 972
f 1684 1685 1686
f 1687 1682 1688
f 1688 1682 1683
f 1688 1683 1689
f 1689 1683 1676
f 1689 1676 1677
f 1677 1676 976
f 1677 976 975
f 1690 1687 1691
f 1691 1687 1688
f 1691 1688 1692
f 1692 1688 1689
f 1692 1689 1693
f 1693 1689 1677
f 1693 1677 1678
f 1678 1677 979
f 1678 979 978
f 1694 1690 1695
f 1695 1690 1691
f 1695 1691 1696
f 1696 1691 1692
f 1696 1692 1697
f 1697 1692 1693
f 1697 1693 1698
f 1698 1693 1678
f 1698 1678 1679
f 1679 1678 982
f 1679 982 981
f 1699 1694 1700
f 1700 1694 1695
f 1700 1695 1701
f 1701 1695 1696
f 1701 1696 1702
f 1702 1696 1697
f 1702 1697 1703
f 1703 1697 1698
f 1703 1698 1704
f 1704 1698 1679
f 1704 1679 1680
f 1680 1679 985
f 1680 985 984
f 1705 1706 1707
f 99 1705 1708
f 1708 1705 1707
f 1708 1707 1709
f 1710 1711 1712
f 1712 1711 1713
f 1712 1713 1714
f 1714 1713 1715
f 1714 1715 1716
f 1716 1715 1717
f 1716 1717 1718
f 1718 1717 1684
f 1718 1684 1719
f 1719 1684 1686
f 1719 1686 1619
f 990 994 1619
f 1619 994 1670
f 1619 1670 1719
f 1719 1670 1720
f 1719 1720 1718
f 1718 1720 1721
f 1718 1721 1716
f 1716 1721 1722
f 1716 1722 1714
f 1714 1722 1723
f 1714 1723 1712
f 1712 1723 1724
f 1712 1724 1710
f 1710 1724 1725
f 1710 1725 1599
f 999 1003 1668
f 1668 1003 1667
f 1668 1667 1726
f 1726 1667 1727
f 1726 1727 1728
f 1728 1727 1729
f 1728 1729 1730
f 1730 1729 1731
f 1730 1731 1732
f 1732 1731 1733
f 1732 1733 1734
f 1734 1733 1735
f 1734 1735 1736
f 1736 1735 1737
f 1002 1006 1667
f 1667 1006 1666
f 1667 1666 1727
f 1727 1666 1738
f 1727 1738 1729
f 1729 1738 1739
f 1729 1739 1731
f 1731 1739 1740
f 1731 1740 1733
f 1733 1740 1741
f 1733 1741 1735
f 1735 1741 1742
f 1735 1742 1737
f 1737 1742 1743
f 1737 1743 1599
f 1011 1015 1664
f 1664 1015 1663
f 1664 1663 1744
f 1744 1663 1745
f 1744 1745 1746
f 1746 1745 1747
f 1746 1747 1748
f 1748 1747 1749
f 1748 1749 1750
f 1750 1749 1751
f 1750 1751 1752
f 1752 1751 1753
f 1752 1753 1754
f 1754 1753 1755
f 1020 1024 1661
f 1661 1024 1660
f 1661 1660 1756
f 1756 1660 1757
f 1756 1757 1758
f 1758 1757 1759
f 1758 1759 1760
f 1760 1759 1761
f 1760 1761 1762
f 1762 1761 1763
f 1762 1763 1764
f 1764 1763 1765
f 1764 1765 1766
f 1766 1765 1767
f 1023 1027 1660
f 1660 1027 1659
f 1660 1659 1757
f 1757 1659 1768
f 1757 1768 1759
f 1759 1768 1769
f 1759 1769 1761
f 1761 1769 1770
f 1761 1770 1763
f 1763 1770 1771
f 1763 1771 1765
f 1765 1771 1772
f 1765 1772 1767
f 1767 1772 1773
f 1767 1773 52
f 52 1773 53
f 1032 1036 1657
f 1657 1036 1656
f 1657 1656 1774
f 1774 1656 1775
f 1774 1775 1776
f 1776 1775 1777
f 1776 1777 1778
f 1778 1777 1779
f 1778 1779 1780
f 1780 1779 1781
f 1780 1781 1782
f 1782 1781 1783
f 1782 1783 1784
f 1784 1783 1785
f 1041 1045 1654
f 1654 1045 1653
f 1654 1653 1786
f 1786 1653 1787
f 1786 1787 1788
f 1788 1787 1789
f 1788 1789 1790
f 1790 1789 1791
f 1790 1791 1792
f 1792 1791 1793
f 1792 1793 1794
f 1794 1793 1795
f 1794 1795 1796
f 1796 1795 1797
f 1044 1048 1653
f 1653 1048 1652
f 1653 1652 1787
f 1787 1652 1798
f 1787 1798 1789
f 1789 1798 1799
f 1789 1799 1791
f 1791 1799 1800
f 1791 1800 1793
f 1793 1800 1801
f 1793 1801 1795
f 1795 1801 1802
f 1795 1802 1797
f 1797 1802 1803
f 1797 1803 65
f 1053 1057 1650
f 1650 1057 1649
f 1650 1649 1804
f 1804 1649 1805
f 1804 1805 1806
f 1806 1805 1807
f 1806 1807 1808
f 1808 1807 1809
f 1808 1809 1810
f 1810 1809 1811
f 1810 1811 1812
f 1812 1811 1813
f 1812 1813 1814
f 1814 1813 1815
f 1062 1066 1647
f 1647 1066 1646
f 1647 1646 1816
f 1816 1646 1817
f 1816 1817 1818
f 1818 1817 1819
f 1818 1819 1820
f 1820 1819 1821
f 1820 1821 1822
f 1822 1821 1823
f 1822 1823 1824
f 1824 1823 1825
f 1824 1825 1826
f 1826 1825 1827
f 1065 1069 1646
f 1646 1069 1645
f 1646 1645 1817
f 1817 1645 1828
f 1817 1828 1819
f 1819 1828 1829
f 1819 1829 1821
f 1821 1829 1830
f 1821 1830 1823
f 1823 1830 1831
f 1823 1831 1825
f 1825 1831 1832
f 1825 1832 1827
f 1827 1832 1833
f 1827 1833 85
f 85 1833 86
f 1074 1078 1643
f 1643 1078 1642
f 1643 1642 1834
f 1834 1642 1835
f 1834 1835 1836
f 1836 1835 1837
f 1836 1837 1838
f 1838 1837 1839
f 1838 1839 1840
f 1840 1839 1841
f 1840 1841 1842
f 1842 1841 1843
f 1842 1843 1844
f 1844 1843 1845
f 1083 1087 1640
f 1640 1087 1639
f 1640 1639 1846
f 1846 1639 1847
f 1846 1847 1848
f 1848 1847 1849
f 1848 1849 1850
f 1850 1849 1851
f 1850 1851 1852
f 1852 1851 1853
f 1852 1853 1854
f 1854 1853 1855
f 1854 1855 1856
f 1856 1855 1871
f 1086 1090 1639
f 1639 1090 1638
f 1639 1638 1847
f 1847 1638 1857
f 1847 1857 1849
f 1849 1857 1858
f 1849 1858 1851
f 1851 1858 1859
f 1851 1859 1853
f 1853 1859 1860
f 1853 1860 1855
f 1855 1860 1861
f 1855 1861 1871
f 901 900 1862
f 1862 900 1671
f 1862 1671 1863
f 1863 1671 1864
f 1863 1864 1865
f 1865 1864 1866
f 1865 1866 1867
f 1867 1866 1868
f 1867 1868 1869
f 1869 1868 1870
f 1869 1870 1871
f 1871 1870 2022
f 904 903 1671
f 1671 903 1672
f 1671 1672 1864
f 1864 1672 1872
f 1864 1872 1866
f 1866 1872 1873
f 1866 1873 1868
f 1868 1873 1874
f 1868 1874 1870
f 1870 1874 1875
f 1870 1875 2022
f 913 912 1674
f 1674 912 1675
f 1674 1675 1876
f 1876 1675 1877
f 1876 1877 1878
f 1878 1877 1879
f 1878 1879 1880
f 1880 1879 1881
f 1880 1881 1882
f 1882 1881 1883
f 1882 1883 1900
f 916 915 1675
f 1675 915 1637
f 1675 1637 1877
f 1877 1637 1884
f 1877 1884 1879
f 1879 1884 1885
f 1879 1885 1881
f 1881 1885 1886
f 1881 1886 1883
f 1883 1886 1887
f 1883 1887 1900
f 1092 919 1636
f 1636 919 1635
f 1636 1635 1888
f 1888 1635 1889
f 1888 1889 1890
f 1890 1889 1891
f 1890 1891 1892
f 1892 1891 1893
f 1892 1893 1894
f 1894 1893 1895
f 1894 1895 1900
f 918 922 1635
f 1635 922 1634
f 1635 1634 1889
f 1889 1634 1896
f 1889 1896 1891
f 1891 1896 1897
f 1891 1897 1893
f 1893 1897 1898
f 1893 1898 1895
f 1895 1898 1899
f 1895 1899 1900
f 927 931 1632
f 1632 931 1631
f 1632 1631 1901
f 1901 1631 1902
f 1901 1902 1903
f 1903 1902 1904
f 1903 1904 1905
f 1905 1904 1906
f 1905 1906 1907
f 1907 1906 1908
f 1907 1908 1900
f 1900 1908 1942
f 930 934 1631
f 1631 934 1630
f 1631 1630 1902
f 1902 1630 1909
f 1902 1909 1904
f 1904 1909 1910
f 1904 1910 1906
f 1906 1910 1911
f 1906 1911 1908
f 1908 1911 1912
f 1908 1912 1942
f 936 940 1629
f 1629 940 1628
f 1629 1628 1913
f 1913 1628 1914
f 1913 1914 1915
f 1915 1914 1916
f 1915 1916 1917
f 1917 1916 1918
f 1917 1918 1919
f 1919 1918 1920
f 1919 1920 1942
f 1942 1920 1925
f 939 943 1628
f 1628 943 1627
f 1628 1627 1914
f 1914 1627 1921
f 1914 1921 1916
f 1916 1921 1922
f 1916 1922 1918
f 1918 1922 1923
f 1918 1923 1920
f 1920 1923 1924
f 1920 1924 1925
f 948 952 1625
f 1625 952 1624
f 1625 1624 1926
f 1926 1624 1927
f 1926 1927 1928
f 1928 1927 1929
f 1928 1929 1930
f 1930 1929 1931
f 1930 1931 1932
f 1932 1931 1933
f 1932 1933 1934
f 1934 1933 1935
f 1934 1935 1936
f 1936 1935 1942
f 951 955 1624
f 1624 955 1623
f 1624 1623 1927
f 1927 1623 1937
f 1927 1937 1929
f 1929 1937 1938
f 1929 1938 1931
f 1931 1938 1939
f 1931 1939 1933
f 1933 1939 1940
f 1933 1940 1935
f 1935 1940 1941
f 1935 1941 1942
f 957 961 1622
f 1622 961 1621
f 1622 1621 1943
f 1943 1621 1944
f 1943 1944 1945
f 1945 1944 1946
f 1945 1946 1947
f 1947 1946 1948
f 1947 1948 1949
f 1949 1948 1950
f 1949 1950 1951
f 1951 1950 1952
f 1951 1952 1953
f 1953 1952 1954
f 960 964 1621
f 1621 964 1620
f 1621 1620 1944
f 1944 1620 1955
f 1944 1955 1946
f 1946 1955 1956
f 1946 1956 1948
f 1948 1956 1957
f 1948 1957 1950
f 1950 1957 1958
f 1950 1958 1952
f 1952 1958 1959
f 1952 1959 1954
f 1954 1959 1960
f 1954 1960 95
f 95 1960 97
f 1685 1961 1962
f 1962 1961 1963
f 1962 1963 1964
f 1964 1963 1965
f 1964 1965 1966
f 1966 1965 1967
f 1966 1967 1968
f 1968 1967 98
f 1961 1709 1963
f 1963 1709 1707
f 1963 1707 1965
f 1965 1707 1706
f 1965 1706 1967
f 1967 1706 98
f 1705 99 1509
f 1705 1509 1706
f 1706 1509 98
f 1685 1684 1961
f 1961 1684 1717
f 1961 1717 1709
f 1709 1717 1715
f 1709 1715 1708
f 1708 1715 1713
f 1708 1713 99
f 99 1713 1711
f 99 1711 1599
f 1710 1599 1711
f 1615 1599 1725
f 1615 1725 1969
f 1969 1725 1724
f 1969 1724 1970
f 1970 1724 1723
f 1970 1723 1971
f 1971 1723 1722
f 1971 1722 1972
f 1972 1722 1721
f 1972 1721 1973
f 1973 1721 1720
f 1973 1720 1669
f 1669 1720 1670
f 1669 1670 997
f 997 1670 993
f 996 1000 1669
f 1669 1000 1668
f 1669 1668 1973
f 1973 1668 1726
f 1973 1726 1972
f 1972 1726 1728
f 1972 1728 1971
f 1971 1728 1730
f 1971 1730 1970
f 1970 1730 1732
f 1970 1732 1969
f 1969 1732 1734
f 1969 1734 1615
f 1615 1734 1736
f 1615 1736 1599
f 1737 1599 1736
f 1005 1009 1666
f 1666 1009 1665
f 1666 1665 1738
f 1738 1665 1974
f 1738 1974 1739
f 1739 1974 1975
f 1739 1975 1740
f 1740 1975 1976
f 1740 1976 1741
f 1741 1976 1977
f 1741 1977 1742
f 1742 1977 1978
f 1742 1978 1743
f 1743 1978 1614
f 1743 1614 1599
f 1008 1012 1665
f 1665 1012 1664
f 1665 1664 1974
f 1974 1664 1744
f 1974 1744 1975
f 1975 1744 1746
f 1975 1746 1976
f 1976 1746 1748
f 1976 1748 1977
f 1977 1748 1750
f 1977 1750 1978
f 1978 1750 1752
f 1978 1752 1614
f 1614 1752 1754
f 1614 1754 1599
f 1979 1599 1755
f 1979 1755 1980
f 1980 1755 1753
f 1980 1753 1981
f 1981 1753 1751
f 1981 1751 1982
f 1982 1751 1749
f 1982 1749 1983
f 1983 1749 1747
f 1983 1747 1984
f 1984 1747 1745
f 1984 1745 1662
f 1662 1745 1663
f 1662 1663 1018
f 1018 1663 1014
f 1755 1599 1754
f 1017 1021 1662
f 1662 1021 1661
f 1662 1661 1984
f 1984 1661 1756
f 1984 1756 1983
f 1983 1756 1758
f 1983 1758 1982
f 1982 1758 1760
f 1982 1760 1981
f 1981 1760 1762
f 1981 1762 1980
f 1980 1762 1764
f 1980 1764 1979
f 1979 1764 1766
f 1979 1766 1599
f 1767 52 1766
f 1766 52 1599
f 1026 1030 1659
f 1659 1030 1658
f 1659 1658 1768
f 1768 1658 1985
f 1768 1985 1769
f 1769 1985 1986
f 1769 1986 1770
f 1770 1986 1987
f 1770 1987 1771
f 1771 1987 1988
f 1771 1988 1772
f 1772 1988 1989
f 1772 1989 1773
f 1773 1989 1613
f 1773 1613 53
f 53 1613 54
f 1029 1033 1658
f 1658 1033 1657
f 1658 1657 1985
f 1985 1657 1774
f 1985 1774 1986
f 1986 1774 1776
f 1986 1776 1987
f 1987 1776 1778
f 1987 1778 1988
f 1988 1778 1780
f 1988 1780 1989
f 1989 1780 1782
f 1989 1782 1613
f 1613 1782 1784
f 1613 1784 55
f 64 63 1990
f 1990 63 1785
f 1990 1785 1991
f 1991 1785 1783
f 1991 1783 1992
f 1992 1783 1781
f 1992 1781 1993
f 1993 1781 1779
f 1993 1779 1994
f 1994 1779 1777
f 1994 1777 1995
f 1995 1777 1775
f 1995 1775 1655
f 1655 1775 1656
f 1655 1656 1039
f 1039 1656 1035
f 63 61 1785
f 1785 61 59
f 1785 59 1784
f 1784 59 57
f 1784 57 55
f 1038 1042 1655
f 1655 1042 1654
f 1655 1654 1995
f 1995 1654 1786
f 1995 1786 1994
f 1994 1786 1788
f 1994 1788 1993
f 1993 1788 1790
f 1993 1790 1992
f 1992 1790 1792
f 1992 1792 1991
f 1991 1792 1794
f 1991 1794 1990
f 1990 1794 1796
f 1990 1796 64
f 1797 65 1796
f 1796 65 62
f 1796 62 64
f 1047 1051 1652
f 1652 1051 1651
f 1652 1651 1798
f 1798 1651 1996
f 1798 1996 1799
f 1799 1996 1997
f 1799 1997 1800
f 1800 1997 1998
f 1800 1998 1801
f 1801 1998 1999
f 1801 1999 1802
f 1802 1999 2000
f 1802 2000 1803
f 1803 2000 1612
f 1803 1612 65
f 1050 1054 1651
f 1651 1054 1650
f 1651 1650 1996
f 1996 1650 1804
f 1996 1804 1997
f 1997 1804 1806
f 1997 1806 1998
f 1998 1806 1808
f 1998 1808 1999
f 1999 1808 1810
f 1999 1810 2000
f 2000 1810 1812
f 2000 1812 1612
f 1612 1812 1814
f 1612 1814 67
f 77 75 2001
f 2001 75 1815
f 2001 1815 2002
f 2002 1815 1813
f 2002 1813 2003
f 2003 1813 1811
f 2003 1811 2004
f 2004 1811 1809
f 2004 1809 2005
f 2005 1809 1807
f 2005 1807 2006
f 2006 1807 1805
f 2006 1805 1648
f 1648 1805 1649
f 1648 1649 1060
f 1060 1649 1056
f 75 73 1815
f 1815 73 71
f 1815 71 1814
f 1814 71 69
f 1814 69 67
f 1059 1063 1648
f 1648 1063 1647
f 1648 1647 2006
f 2006 1647 1816
f 2006 1816 2005
f 2005 1816 1818
f 2005 1818 2004
f 2004 1818 1820
f 2004 1820 2003
f 2003 1820 1822
f 2003 1822 2002
f 2002 1822 1824
f 2002 1824 2001
f 2001 1824 1826
f 2001 1826 77
f 85 83 1827
f 1827 83 81
f 1827 81 1826
f 1826 81 79
f 1826 79 77
f 1068 1072 1645
f 1645 1072 1644
f 1645 1644 1828
f 1828 1644 2007
f 1828 2007 1829
f 1829 2007 2008
f 1829 2008 1830
f 1830 2008 2009
f 1830 2009 1831
f 1831 2009 2010
f 1831 2010 1832
f 1832 2010 2011
f 1832 2011 1833
f 1833 2011 1611
f 1833 1611 86
f 86 1611 87
f 1071 1075 1644
f 1644 1075 1643
f 1644 1643 2007
f 2007 1643 1834
f 2007 1834 2008
f 2008 1834 1836
f 2008 1836 2009
f 2009 1836 1838
f 2009 1838 2010
f 2010 1838 1840
f 2010 1840 2011
f 2011 1840 1842
f 2011 1842 1611
f 1611 1842 1844
f 1611 1844 2022
f 2012 1856 1845
f 2012 1845 2013
f 2013 1845 1843
f 2013 1843 2014
f 2014 1843 1841
f 2014 1841 2015
f 2015 1841 1839
f 2015 1839 2016
f 2016 1839 1837
f 2016 1837 2017
f 2017 1837 1835
f 2017 1835 1641
f 1641 1835 1642
f 1641 1642 1081
f 1081 1642 1077
f 1856 2022 1845
f 1845 2022 1844
f 1080 1084 1641
f 1641 1084 1640
f 1641 1640 2017
f 2017 1640 1846
f 2017 1846 2016
f 2016 1846 1848
f 2016 1848 2015
f 2015 1848 1850
f 2015 1850 2014
f 2014 1850 1852
f 2014 1852 2013
f 2013 1852 1854
f 2013 1854 2012
f 2012 1854 1856
f 1871 2022 1856
f 1089 901 1638
f 1638 901 1862
f 1638 1862 1857
f 1857 1862 1863
f 1857 1863 1858
f 1858 1863 1865
f 1858 1865 1859
f 1859 1865 1867
f 1859 1867 1860
f 1860 1867 1869
f 1860 1869 1861
f 1861 1869 1871
f 907 906 1672
f 1672 906 1673
f 1672 1673 1872
f 1872 1673 2018
f 1872 2018 1873
f 1873 2018 2019
f 1873 2019 1874
f 1874 2019 2020
f 1874 2020 1875
f 1875 2020 2021
f 1875 2021 2022
f 910 909 1673
f 1673 909 1674
f 1673 1674 2018
f 2018 1674 1876
f 2018 1876 2019
f 2019 1876 1878
f 2019 1878 2020
f 2020 1878 1880
f 2020 1880 2021
f 2021 1880 1882
f 2021 1882 2022
f 2022 1882 1900
f 1094 1093 1637
f 1637 1093 1636
f 1637 1636 1884
f 1884 1636 1888
f 1884 1888 1885
f 1885 1888 1890
f 1885 1890 1886
f 1886 1890 1892
f 1886 1892 1887
f 1887 1892 1894
f 1887 1894 1900
f 921 925 1634
f 1634 925 1633
f 1634 1633 1896
f 1896 1633 2023
f 1896 2023 1897
f 1897 2023 2024
f 1897 2024 1898
f 1898 2024 2025
f 1898 2025 1899
f 1899 2025 2026
f 1899 2026 1900
f 924 928 1633
f 1633 928 1632
f 1633 1632 2023
f 2023 1632 1901
f 2023 1901 2024
f 2024 1901 1903
f 2024 1903 2025
f 2025 1903 1905
f 2025 1905 2026
f 2026 1905 1907
f 2026 1907 1900
f 1900 1942 1484
f 933 937 1630
f 1630 937 1629
f 1630 1629 1909
f 1909 1629 1913
f 1909 1913 1910
f 1910 1913 1915
f 1910 1915 1911
f 1911 1915 1917
f 1911 1917 1912
f 1912 1917 1919
f 1912 1919 1942
f 942 946 1627
f 1627 946 1626
f 1627 1626 1921
f 1921 1626 2027
f 1921 2027 1922
f 1922 2027 2028
f 1922 2028 1923
f 1923 2028 2029
f 1923 2029 1924
f 1924 2029 2030
f 1924 2030 1925
f 1925 2030 2031
f 1925 2031 1942
f 1942 2031 1936
f 945 949 1626
f 1626 949 1625
f 1626 1625 2027
f 2027 1625 1926
f 2027 1926 2028
f 2028 1926 1928
f 2028 1928 2029
f 2029 1928 1930
f 2029 1930 2030
f 2030 1930 1932
f 2030 1932 2031
f 2031 1932 1934
f 2031 1934 1936
f 954 958 1623
f 1623 958 1622
f 1623 1622 1937
f 1937 1622 1943
f 1937 1943 1938
f 1938 1943 1945
f 1938 1945 1939
f 1939 1945 1947
f 1939 1947 1940
f 1940 1947 1949
f 1940 1949 1941
f 1941 1949 1951
f 1941 1951 1942
f 1942 1951 1953
f 95 93 1954
f 1954 93 91
f 1954 91 1953
f 1953 91 1942
f 963 967 1620
f 1620 967 1616
f 1620 1616 1955
f 1955 1616 1618
f 1955 1618 1956
f 1956 1618 1682
f 1956 1682 1957
f 1957 1682 1687
f 1957 1687 1958
f 1958 1687 1690
f 1958 1690 1959
f 1959 1690 1694
f 1959 1694 1960
f 1960 1694 1699
f 1960 1699 97
f 97 1699 98
f 988 1681 1680
f 1680 1681 2033
f 1680 2033 1704
f 1704 2033 2034
f 1704 2034 1703
f 1703 2034 2035
f 1703 2035 1702
f 1702 2035 2036
f 1702 2036 1701
f 1701 2036 2037
f 1701 2037 1700
f 1700 2037 2032
f 1700 2032 1699
f 1699 2032 98
f 991 1619 1681
f 1681 1619 1686
f 1681 1686 2033
f 2033 1686 1685
f 2033 1685 2034
f 2034 1685 1962
f 2034 1962 2035
f 2035 1962 1964
f 2035 1964 2036
f 2036 1964 1966
f 2036 1966 2037
f 2037 1966 1968
f 2037 1968 2032
f 2032 1968 98
f 597 600 2038
f 595 594 2039
f 592 591 2040
f 589 588 2041
f 586 585 2042
f 583 582 2043
f 580 579 2044
f 577 576 2045
f 574 573 2046
f 571 570 2047
f 568 567 2048
f 565 564 2049
f 562 561 2050
f 559 558 2051
f 556 555 2052
f 553 552 2053
f 663 833 2054
f 661 660 2055
f 658 657 2056
f 655 654 2057
f 652 651 2058
f 649 648 2059
f 646 645 2060
f 643 642 2061
f 640 639 2062
f 637 636 2063
f 634 633 2064
f 631 630 2065
f 628 629 2067
f 626 628 2068
f 624 623 2069
f 621 620 2070
f 618 617 2071
f 615 614 2072
f 612 611 2073
f 609 608 2074
f 606 605 2075
f 603 604 2077
f 2088 2614 2080
f 679 678 2082
f 676 675 2083
f 673 672 2084
f 670 669 2085
f 667 666 2086
f 663 2054 664
f 2090 2089 2091
f 2091 2089 602
f 2092 2090 2093
f 2093 2090 2091
f 2093 2091 2094
f 2094 2091 602
f 2095 2092 2096
f 2096 2092 2093
f 2096 2093 2097
f 2097 2093 2094
f 2097 2094 2098
f 2098 2094 602
f 2099 2100 2101
f 287 289 2102
f 2102 289 2099
f 2102 2099 2103
f 2103 2099 2101
f 2103 2101 2104
f 2105 2106 2107
f 2107 2106 2108
f 2107 2108 2109
f 2109 2108 2110
f 2109 2110 2111
f 2111 2110 2112
f 2111 2112 2113
f 2113 2112 2087
f 2113 2087 2114
f 2114 2087 2088
f 2081 2088 2080
f 2081 2080 2115
f 2115 2080 2116
f 2115 2116 2117
f 2117 2116 2118
f 2117 2118 2119
f 2119 2118 2120
f 2119 2120 2121
f 2121 2120 2122
f 2121 2122 2123
f 2123 2122 2124
f 2123 2124 2125
f 2125 2124 2126
f 2125 2126 110
f 110 2126 113
f 2079 2614 2078
f 2079 2078 2127
f 2127 2078 2128
f 2127 2128 2129
f 2129 2128 2130
f 2129 2130 2131
f 2131 2130 2132
f 2131 2132 2133
f 2133 2132 2134
f 2133 2134 2135
f 2135 2134 2136
f 2135 2136 2137
f 2137 2136 2138
f 2614 603 2078
f 2078 603 2077
f 2078 2077 2128
f 2128 2077 2139
f 2128 2139 2130
f 2130 2139 2140
f 2130 2140 2132
f 2132 2140 2141
f 2132 2141 2134
f 2134 2141 2142
f 2134 2142 2136
f 2136 2142 2143
f 2136 2143 2138
f 2138 2143 2144
f 2138 2144 121
f 121 2144 123
f 604 606 2076
f 2076 606 2075
f 2076 2075 2145
f 2145 2075 2146
f 2145 2146 2147
f 2147 2146 2148
f 2147 2148 2149
f 2149 2148 2150
f 2149 2150 2151
f 2151 2150 2152
f 2151 2152 2153
f 2153 2152 2154
f 2153 2154 2155
f 2155 2154 2156
f 608 612 2074
f 2074 612 2073
f 2074 2073 2157
f 2157 2073 2158
f 2157 2158 2159
f 2159 2158 2160
f 2159 2160 2161
f 2161 2160 2162
f 2161 2162 2163
f 2163 2162 2164
f 2163 2164 2165
f 2165 2164 2166
f 2165 2166 2167
f 2167 2166 2168
f 2167 2168 124
f 124 2168 127
f 614 618 2072
f 2072 618 2071
f 2072 2071 2169
f 2169 2071 2170
f 2169 2170 2171
f 2171 2170 2172
f 2171 2172 2173
f 2173 2172 2174
f 2173 2174 2175
f 2175 2174 2176
f 2175 2176 2177
f 2177 2176 2178
f 2177 2178 2179
f 2179 2178 2180
f 617 621 2071
f 2071 621 2070
f 2071 2070 2170
f 2170 2070 2181
f 2170 2181 2172
f 2172 2181 2182
f 2172 2182 2174
f 2174 2182 2183
f 2174 2183 2176
f 2176 2183 2184
f 2176 2184 2178
f 2178 2184 2185
f 2178 2185 2180
f 2180 2185 2186
f 2180 2186 138
f 138 2186 137
f 623 626 2069
f 2069 626 2068
f 2069 2068 2187
f 2187 2068 2188
f 2187 2188 2189
f 2189 2188 2190
f 2189 2190 2191
f 2191 2190 2192
f 2191 2192 2193
f 2193 2192 2194
f 2193 2194 2195
f 2195 2194 2196
f 2195 2196 2197
f 2197 2196 2198
f 2067 629 2199
f 2199 629 404
f 2199 404 2200
f 2200 404 2201
f 2201 404 2202
f 2202 404 2203
f 2202 2203 2204
f 2204 2203 2205
f 2205 2203 2206
f 2205 2206 159
f 159 2206 157
f 2207 2203 2208
f 2207 2208 2209
f 2209 2208 2210
f 2203 2211 2208
f 2208 2211 2212
f 2208 2212 2210
f 2210 2212 2213
f 2210 2213 149
f 149 2213 147
f 2211 2214 2215
f 2215 2214 2216
f 2215 2216 2217
f 2217 2216 2218
f 2217 2218 2219
f 2219 2218 2220
f 2211 2221 2222
f 2222 2221 2223
f 2222 2223 2224
f 2224 2223 2225
f 2224 2225 2226
f 2226 2225 2227
f 2226 2227 2228
f 2228 2227 2229
f 2228 2229 2230
f 2230 2229 2231
f 2230 2231 188
f 188 2231 186
f 2211 631 2066
f 2066 631 2065
f 2066 2065 2232
f 2232 2065 2233
f 2232 2233 2234
f 2234 2233 2235
f 2234 2235 2236
f 2236 2235 2237
f 2236 2237 2238
f 2238 2237 2239
f 2238 2239 2240
f 2240 2239 2241
f 2240 2241 2242
f 2242 2241 2243
f 630 634 2065
f 2065 634 2064
f 2065 2064 2233
f 2233 2064 2244
f 2233 2244 2235
f 2235 2244 2245
f 2235 2245 2237
f 2237 2245 2246
f 2237 2246 2239
f 2239 2246 2247
f 2239 2247 2241
f 2241 2247 2248
f 2241 2248 2243
f 2243 2248 2249
f 2243 2249 178
f 178 2249 176
f 636 640 2063
f 2063 640 2062
f 2063 2062 2250
f 2250 2062 2251
f 2250 2251 2252
f 2252 2251 2253
f 2252 2253 2254
f 2254 2253 2255
f 2254 2255 2256
f 2256 2255 2257
f 2256 2257 2258
f 2258 2257 2259
f 2258 2259 2260
f 2260 2259 2261
f 642 646 2061
f 2061 646 2060
f 2061 2060 2262
f 2262 2060 2263
f 2262 2263 2264
f 2264 2263 2265
f 2264 2265 2266
f 2266 2265 2267
f 2266 2267 2268
f 2268 2267 2269
f 2268 2269 2270
f 2270 2269 2271
f 2270 2271 2272
f 2272 2271 2273
f 2272 2273 172
f 172 2273 171
f 648 652 2059
f 2059 652 2058
f 2059 2058 2274
f 2274 2058 2275
f 2274 2275 2276
f 2276 2275 2277
f 2276 2277 2278
f 2278 2277 2279
f 2278 2279 2280
f 2280 2279 2281
f 2280 2281 2282
f 2282 2281 2283
f 2282 2283 2284
f 2284 2283 2285
f 651 655 2058
f 2058 655 2057
f 2058 2057 2275
f 2275 2057 2286
f 2275 2286 2277
f 2277 2286 2287
f 2277 2287 2279
f 2279 2287 2288
f 2279 2288 2281
f 2281 2288 2289
f 2281 2289 2283
f 2283 2289 2290
f 2283 2290 2285
f 2285 2290 2291
f 2285 2291 194
f 194 2291 196
f 657 661 2056
f 2056 661 2055
f 2056 2055 2292
f 2292 2055 2293
f 2292 2293 2294
f 2294 2293 2295
f 2294 2295 2296
f 2296 2295 2297
f 2296 2297 2298
f 2298 2297 2299
f 2298 2299 2300
f 2300 2299 2301
f 2300 2301 2302
f 2302 2301 2303
f 701 679 2304
f 2304 679 2082
f 2304 2082 2305
f 2305 2082 2306
f 2305 2306 2307
f 2307 2306 2308
f 2307 2308 2309
f 2309 2308 2310
f 2309 2310 2311
f 2311 2310 2312
f 2311 2312 2313
f 2313 2312 2314
f 2313 2314 2315
f 2315 2314 2316
f 2315 2316 191
f 675 673 2083
f 2083 673 2084
f 2083 2084 2317
f 2317 2084 2318
f 2317 2318 2319
f 2319 2318 2320
f 2319 2320 2321
f 2321 2320 2322
f 2321 2322 2323
f 2323 2322 2324
f 2323 2324 2325
f 2325 2324 2326
f 2325 2326 2327
f 2327 2326 2328
f 672 670 2084
f 2084 670 2085
f 2084 2085 2318
f 2318 2085 2329
f 2318 2329 2320
f 2320 2329 2330
f 2320 2330 2322
f 2322 2330 2331
f 2322 2331 2324
f 2324 2331 2332
f 2324 2332 2326
f 2326 2332 2333
f 2326 2333 2328
f 2328 2333 2334
f 2328 2334 209
f 209 2334 205
f 666 664 2086
f 2086 664 2054
f 2086 2054 2335
f 2335 2054 2336
f 2335 2336 2337
f 2337 2336 2338
f 2337 2338 2339
f 2339 2338 2340
f 2339 2340 2341
f 2341 2340 2342
f 2341 2342 2343
f 2343 2342 2344
f 2343 2344 2345
f 2345 2344 2346
f 552 556 2053
f 2053 556 2052
f 2053 2052 2347
f 2347 2052 2348
f 2347 2348 2349
f 2349 2348 2350
f 2349 2350 2351
f 2351 2350 2352
f 2351 2352 2353
f 2353 2352 2354
f 2353 2354 2355
f 2355 2354 2356
f 2355 2356 2357
f 2357 2356 2358
f 2357 2358 236
f 236 2358 234
f 558 562 2051
f 2051 562 2050
f 2051 2050 2359
f 2359 2050 2360
f 2359 2360 2361
f 2361 2360 2362
f 2361 2362 2363
f 2363 2362 2364
f 2363 2364 2365
f 2365 2364 2366
f 2365 2366 2367
f 2367 2366 2368
f 2367 2368 2369
f 2369 2368 2370
f 561 565 2050
f 2050 565 2049
f 2050 2049 2360
f 2360 2049 2371
f 2360 2371 2362
f 2362 2371 2372
f 2362 2372 2364
f 2364 2372 2373
f 2364 2373 2366
f 2366 2373 2374
f 2366 2374 2368
f 2368 2374 2375
f 2368 2375 2370
f 2370 2375 2376
f 2370 2376 226
f 226 2376 224
f 567 571 2048
f 2048 571 2047
f 2048 2047 2377
f 2377 2047 2378
f 2377 2378 2379
f 2379 2378 2380
f 2379 2380 2381
f 2381 2380 2382
f 2381 2382 2383
f 2383 2382 2384
f 2383 2384 2385
f 2385 2384 2386
f 2385 2386 2387
f 2387 2386 2388
f 573 577 2046
f 2046 577 2045
f 2046 2045 2389
f 2389 2045 2390
f 2389 2390 2391
f 2391 2390 2392
f 2391 2392 2393
f 2393 2392 2394
f 2393 2394 2395
f 2395 2394 2396
f 2395 2396 2397
f 2397 2396 2398
f 2397 2398 2399
f 2399 2398 2400
f 2399 2400 263
f 263 2400 261
f 579 583 2044
f 2044 583 2043
f 2044 2043 2401
f 2401 2043 2402
f 2401 2402 2403
f 2403 2402 2404
f 2403 2404 2405
f 2405 2404 2406
f 2405 2406 2407
f 2407 2406 2408
f 2407 2408 2409
f 2409 2408 2410
f 2409 2410 2411
f 2411 2410 2412
f 582 586 2043
f 2043 586 2042
f 2043 2042 2402
f 2402 2042 2413
f 2402 2413 2404
f 2404 2413 2414
f 2404 2414 2406
f 2406 2414 2415
f 2406 2415 2408
f 2408 2415 2416
f 2408 2416 2410
f 2410 2416 2417
f 2410 2417 2412
f 2412 2417 2418
f 2412 2418 254
f 254 2418 252
f 588 592 2041
f 2041 592 2040
f 2041 2040 2419
f 2419 2040 2420
f 2419 2420 2421
f 2421 2420 2422
f 2421 2422 2423
f 2423 2422 2424
f 2423 2424 2425
f 2425 2424 2426
f 2425 2426 2427
f 2427 2426 2428
f 2427 2428 2429
f 2429 2428 2430
f 594 597 2039
f 2039 597 2038
f 2039 2038 2431
f 2431 2038 2432
f 2431 2432 2433
f 2433 2432 2434
f 2433 2434 2435
f 2435 2434 2436
f 2435 2436 2437
f 2437 2436 2438
f 2437 2438 2439
f 2439 2438 2440
f 2439 2440 2441
f 2441 2440 2442
f 2441 2442 242
f 242 2442 239
f 601 2443 2444
f 2444 2443 2445
f 2444 2445 2446
f 2446 2445 2447
f 2446 2447 2448
f 2448 2447 2449
f 2443 601 2450
f 2443 2450 2445
f 2445 2450 2451
f 2445 2451 2447
f 2447 2451 2452
f 2447 2452 2449
f 2449 2452 2453
f 2449 2453 277
f 277 2453 275
f 2088 2454 2455
f 2455 2454 2456
f 2455 2456 2457
f 2457 2456 2458
f 2457 2458 2459
f 2459 2458 2460
f 2459 2460 2461
f 2461 2460 299
f 2461 299 301
f 2454 2104 2456
f 2456 2104 2101
f 2456 2101 2458
f 2458 2101 2100
f 2458 2100 2460
f 2460 2100 297
f 2460 297 299
f 289 291 2099
f 2099 291 293
f 2099 293 2100
f 2100 293 295
f 2100 295 297
f 2088 2087 2454
f 2454 2087 2112
f 2454 2112 2104
f 2104 2112 2110
f 2104 2110 2103
f 2103 2110 2108
f 2103 2108 2102
f 2102 2108 2106
f 2102 2106 287
f 109 281 2105
f 2105 281 283
f 2105 283 2106
f 2106 283 285
f 2106 285 287
f 2088 2081 2114
f 2114 2081 2115
f 2114 2115 2113
f 2113 2115 2117
f 2113 2117 2111
f 2111 2117 2119
f 2111 2119 2109
f 2109 2119 2121
f 2109 2121 2107
f 2107 2121 2123
f 2107 2123 2105
f 2105 2123 2125
f 2105 2125 109
f 109 2125 110
f 2080 2614 2079
f 2080 2079 2116
f 2116 2079 2127
f 2116 2127 2118
f 2118 2127 2129
f 2118 2129 2120
f 2120 2129 2131
f 2120 2131 2122
f 2122 2131 2133
f 2122 2133 2124
f 2124 2133 2135
f 2124 2135 2126
f 2126 2135 2137
f 2126 2137 113
f 121 119 2138
f 2138 119 117
f 2138 117 2137
f 2137 117 115
f 2137 115 113
f 2077 604 2076
f 2077 2076 2139
f 2139 2076 2145
f 2139 2145 2140
f 2140 2145 2147
f 2140 2147 2141
f 2141 2147 2149
f 2141 2149 2142
f 2142 2149 2151
f 2142 2151 2143
f 2143 2151 2153
f 2143 2153 2144
f 2144 2153 2155
f 2144 2155 123
f 2156 124 2155
f 2155 124 123
f 605 609 2075
f 2075 609 2074
f 2075 2074 2146
f 2146 2074 2157
f 2146 2157 2148
f 2148 2157 2159
f 2148 2159 2150
f 2150 2159 2161
f 2150 2161 2152
f 2152 2161 2163
f 2152 2163 2154
f 2154 2163 2165
f 2154 2165 2156
f 2156 2165 2167
f 2156 2167 124
f 611 615 2073
f 2073 615 2072
f 2073 2072 2158
f 2158 2072 2169
f 2158 2169 2160
f 2160 2169 2171
f 2160 2171 2162
f 2162 2171 2173
f 2162 2173 2164
f 2164 2173 2175
f 2164 2175 2166
f 2166 2175 2177
f 2166 2177 2168
f 2168 2177 2179
f 2168 2179 127
f 2180 138 131
f 2180 131 2179
f 2179 131 129
f 2179 129 127
f 620 624 2070
f 2070 624 2069
f 2070 2069 2181
f 2181 2069 2187
f 2181 2187 2182
f 2182 2187 2189
f 2182 2189 2183
f 2183 2189 2191
f 2183 2191 2184
f 2184 2191 2193
f 2184 2193 2185
f 2185 2193 2195
f 2185 2195 2186
f 2186 2195 2197
f 2186 2197 137
f 161 163 2198
f 2198 163 133
f 2198 133 2197
f 2197 133 135
f 2197 135 137
f 2068 628 2067
f 2068 2067 2188
f 2188 2067 2199
f 2188 2199 2190
f 2190 2199 2200
f 2190 2200 2192
f 2192 2200 2201
f 2192 2201 2194
f 2194 2201 2202
f 2194 2202 2196
f 2196 2202 2204
f 2196 2204 2198
f 2198 2204 2205
f 2198 2205 161
f 161 2205 159
f 2203 2207 2206
f 2206 2207 2209
f 2206 2209 157
f 149 151 2210
f 2210 151 153
f 2210 153 2209
f 2209 153 155
f 2209 155 157
f 2211 2215 2212
f 2212 2215 2217
f 2212 2217 2213
f 2213 2217 2219
f 2213 2219 147
f 139 141 2220
f 2220 141 143
f 2220 143 2219
f 2219 143 145
f 2219 145 147
f 2211 2222 2214
f 2214 2222 2224
f 2214 2224 2216
f 2216 2224 2226
f 2216 2226 2218
f 2218 2226 2228
f 2218 2228 2220
f 2220 2228 2230
f 2220 2230 139
f 139 2230 188
f 2211 2066 2221
f 2221 2066 2232
f 2221 2232 2223
f 2223 2232 2234
f 2223 2234 2225
f 2225 2234 2236
f 2225 2236 2227
f 2227 2236 2238
f 2227 2238 2229
f 2229 2238 2240
f 2229 2240 2231
f 2231 2240 2242
f 2231 2242 186
f 178 180 2243
f 2243 180 182
f 2243 182 2242
f 2242 182 184
f 2242 184 186
f 633 637 2064
f 2064 637 2063
f 2064 2063 2244
f 2244 2063 2250
f 2244 2250 2245
f 2245 2250 2252
f 2245 2252 2246
f 2246 2252 2254
f 2246 2254 2247
f 2247 2254 2256
f 2247 2256 2248
f 2248 2256 2258
f 2248 2258 2249
f 2249 2258 2260
f 2249 2260 176
f 172 173 2261
f 2261 173 174
f 2261 174 2260
f 2260 174 175
f 2260 175 176
f 639 643 2062
f 2062 643 2061
f 2062 2061 2251
f 2251 2061 2262
f 2251 2262 2253
f 2253 2262 2264
f 2253 2264 2255
f 2255 2264 2266
f 2255 2266 2257
f 2257 2266 2268
f 2257 2268 2259
f 2259 2268 2270
f 2259 2270 2261
f 2261 2270 2272
f 2261 2272 172
f 645 649 2060
f 2060 649 2059
f 2060 2059 2263
f 2263 2059 2274
f 2263 2274 2265
f 2265 2274 2276
f 2265 2276 2267
f 2267 2276 2278
f 2267 2278 2269
f 2269 2278 2280
f 2269 2280 2271
f 2271 2280 2282
f 2271 2282 2273
f 2273 2282 2284
f 2273 2284 171
f 194 193 2285
f 2285 193 168
f 2285 168 2284
f 2284 168 170
f 2284 170 171
f 654 658 2057
f 2057 658 2056
f 2057 2056 2286
f 2286 2056 2292
f 2286 2292 2287
f 2287 2292 2294
f 2287 2294 2288
f 2288 2294 2296
f 2288 2296 2289
f 2289 2296 2298
f 2289 2298 2290
f 2290 2298 2300
f 2290 2300 2291
f 2291 2300 2302
f 2291 2302 196
f 2303 191 200
f 2303 200 2302
f 2302 200 198
f 2302 198 196
f 660 701 2055
f 2055 701 2304
f 2055 2304 2293
f 2293 2304 2305
f 2293 2305 2295
f 2295 2305 2307
f 2295 2307 2297
f 2297 2307 2309
f 2297 2309 2299
f 2299 2309 2311
f 2299 2311 2301
f 2301 2311 2313
f 2301 2313 2303
f 2303 2313 2315
f 2303 2315 191
f 678 676 2082
f 2082 676 2083
f 2082 2083 2306
f 2306 2083 2317
f 2306 2317 2308
f 2308 2317 2319
f 2308 2319 2310
f 2310 2319 2321
f 2310 2321 2312
f 2312 2321 2323
f 2312 2323 2314
f 2314 2323 2325
f 2314 2325 2316
f 2316 2325 2327
f 2316 2327 191
f 209 208 2328
f 2328 208 203
f 2328 203 2327
f 2327 203 191
f 669 667 2085
f 2085 667 2086
f 2085 2086 2329
f 2329 2086 2335
f 2329 2335 2330
f 2330 2335 2337
f 2330 2337 2331
f 2331 2337 2339
f 2331 2339 2332
f 2332 2339 2341
f 2332 2341 2333
f 2333 2341 2343
f 2333 2343 2334
f 2334 2343 2345
f 2334 2345 205
f 212 214 2346
f 2346 214 215
f 2346 215 2345
f 2345 215 206
f 2345 206 205
f 833 553 2054
f 2054 553 2053
f 2054 2053 2336
f 2336 2053 2347
f 2336 2347 2338
f 2338 2347 2349
f 2338 2349 2340
f 2340 2349 2351
f 2340 2351 2342
f 2342 2351 2353
f 2342 2353 2344
f 2344 2353 2355
f 2344 2355 2346
f 2346 2355 2357
f 2346 2357 212
f 212 2357 236
f 555 559 2052
f 2052 559 2051
f 2052 2051 2348
f 2348 2051 2359
f 2348 2359 2350
f 2350 2359 2361
f 2350 2361 2352
f 2352 2361 2363
f 2352 2363 2354
f 2354 2363 2365
f 2354 2365 2356
f 2356 2365 2367
f 2356 2367 2358
f 2358 2367 2369
f 2358 2369 234
f 226 228 2370
f 2370 228 230
f 2370 230 2369
f 2369 230 232
f 2369 232 234
f 564 568 2049
f 2049 568 2048
f 2049 2048 2371
f 2371 2048 2377
f 2371 2377 2372
f 2372 2377 2379
f 2372 2379 2373
f 2373 2379 2381
f 2373 2381 2374
f 2374 2381 2383
f 2374 2383 2375
f 2375 2383 2385
f 2375 2385 2376
f 2376 2385 2387
f 2376 2387 224
f 216 218 2388
f 2388 218 220
f 2388 220 2387
f 2387 220 222
f 2387 222 224
f 570 574 2047
f 2047 574 2046
f 2047 2046 2378
f 2378 2046 2389
f 2378 2389 2380
f 2380 2389 2391
f 2380 2391 2382
f 2382 2391 2393
f 2382 2393 2384
f 2384 2393 2395
f 2384 2395 2386
f 2386 2395 2397
f 2386 2397 2388
f 2388 2397 2399
f 2388 2399 216
f 216 2399 263
f 576 580 2045
f 2045 580 2044
f 2045 2044 2390
f 2390 2044 2401
f 2390 2401 2392
f 2392 2401 2403
f 2392 2403 2394
f 2394 2403 2405
f 2394 2405 2396
f 2396 2405 2407
f 2396 2407 2398
f 2398 2407 2409
f 2398 2409 2400
f 2400 2409 2411
f 2400 2411 261
f 254 256 2412
f 2412 256 258
f 2412 258 2411
f 2411 258 260
f 2411 260 261
f 585 589 2042
f 2042 589 2041
f 2042 2041 2413
f 2413 2041 2419
f 2413 2419 2414
f 2414 2419 2421
f 2414 2421 2415
f 2415 2421 2423
f 2415 2423 2416
f 2416 2423 2425
f 2416 2425 2417
f 2417 2425 2427
f 2417 2427 2418
f 2418 2427 2429
f 2418 2429 252
f 244 246 2430
f 2430 246 248
f 2430 248 2429
f 2429 248 250
f 2429 250 252
f 591 595 2040
f 2040 595 2039
f 2040 2039 2420
f 2420 2039 2431
f 2420 2431 2422
f 2422 2431 2433
f 2422 2433 2424
f 2424 2433 2435
f 2424 2435 2426
f 2426 2435 2437
f 2426 2437 2428
f 2428 2437 2439
f 2428 2439 2430
f 2430 2439 2441
f 2430 2441 244
f 244 2441 242
f 2038 600 599
f 2038 599 2432
f 2432 599 2434
f 2434 599 2436
f 2436 599 601
f 2436 601 2438
f 2438 601 2444
f 2438 2444 2440
f 2440 2444 2446
f 2440 2446 2442
f 2442 2446 2448
f 2442 2448 239
f 277 278 2449
f 2449 278 269
f 2449 269 2448
f 2448 269 267
f 2448 267 239
f 601 602 2450
f 2450 602 2089
f 2450 2089 2451
f 2451 2089 2090
f 2451 2090 2452
f 2452 2090 2092
f 2452 2092 2453
f 2453 2092 2095
f 2453 2095 275
f 275 2095 273
f 2462 303 271
f 602 2463 2098
f 2098 2463 2464
f 2098 2464 2097
f 2097 2464 2465
f 2097 2465 2096
f 2096 2465 2462
f 2096 2462 2095
f 2095 2462 271
f 2095 271 273
f 602 2088 2455
f 602 2455 2463
f 2463 2455 2457
f 2463 2457 2464
f 2464 2457 2459
f 2464 2459 2465
f 2465 2459 2461
f 2465 2461 2462
f 2462 2461 301
f 2462 301 303
f 762 603 2614
f 398 400 2467
f 397 396 2468
f 393 2739 2469
f 394 393 2470
f 391 390 2471
f 388 387 2472
f 385 384 2473
f 383 382 2474
f 2478 2547 2477
f 439 438 2479
f 436 435 2480
f 433 432 2481
f 430 429 2482
f 427 426 2483
f 424 423 2484
f 421 420 2485
f 418 417 2486
f 415 414 2487
f 375 378 2489
f 2614 2088 602
f 412 415 2488
f 2488 415 2487
f 2488 2487 2492
f 414 418 2487
f 2487 418 2486
f 2487 2486 2492
f 2492 2486 2495
f 2492 2495 2493
f 2493 2495 2496
f 2493 2496 2494
f 2494 2496 2501
f 2494 2501 2502
f 420 424 2485
f 2485 424 2484
f 2485 2484 2497
f 2497 2484 2498
f 2497 2498 2499
f 2499 2498 2500
f 2499 2500 2501
f 2501 2500 2502
f 423 427 2484
f 2484 427 2483
f 2484 2483 2498
f 2498 2483 2503
f 2498 2503 2500
f 2500 2503 2504
f 2500 2504 2502
f 2502 2504 2594
f 2502 2594 2505
f 432 436 2481
f 2481 436 2480
f 2481 2480 2506
f 2506 2480 2507
f 2506 2507 2508
f 2508 2507 2509
f 2508 2509 2510
f 2510 2509 2511
f 2510 2511 2512
f 2512 2511 2513
f 2512 2513 2514
f 2514 2513 2515
f 2514 2515 2516
f 2516 2515 2517
f 435 439 2480
f 2480 439 2479
f 2480 2479 2507
f 2507 2479 2518
f 2507 2518 2509
f 2509 2518 2519
f 2509 2519 2511
f 2511 2519 2520
f 2511 2520 2513
f 2513 2520 2521
f 2513 2521 2515
f 2515 2521 2522
f 2515 2522 2517
f 2517 2522 2523
f 2517 2523 107
f 107 2523 108
f 376 375 2524
f 2524 375 2489
f 2524 2489 2525
f 2525 2489 380
f 2525 380 2526
f 2526 380 2527
f 2526 2527 2528
f 2528 2527 2529
f 2528 2529 2530
f 2530 2529 2531
f 2530 2531 2532
f 2532 2531 2533
f 2532 2533 2534
f 2534 2533 2538
f 378 380 2489
f 2527 380 2535
f 2527 2535 2529
f 2529 2535 2536
f 2529 2536 2531
f 2531 2536 2537
f 2531 2537 2533
f 2533 2537 2538
f 2538 2546 811
f 2540 2539 2541
f 2540 2541 2542
f 2542 2541 2543
f 2542 2543 2544
f 2544 2543 2545
f 2544 2545 2546
f 2548 2547 2549
f 2548 2549 2550
f 2550 2549 2551
f 2550 2551 2552
f 2552 2551 2553
f 2552 2553 2554
f 811 2554 2563
f 811 2563 790
f 2478 2555 2556
f 2556 2555 2557
f 2556 2557 2558
f 2558 2557 2559
f 2558 2559 2560
f 2560 2559 2561
f 2560 2561 2563
f 2563 2561 2562
f 2563 2562 776
f 2478 2477 2555
f 2555 2477 2564
f 2555 2564 2557
f 2557 2564 2565
f 2557 2565 2559
f 2559 2565 2566
f 2559 2566 2561
f 2561 2566 2567
f 2561 2567 2562
f 2562 2567 2568
f 2562 2568 776
f 776 2568 2577
f 381 383 2475
f 2475 383 2474
f 2475 2474 2569
f 2569 2474 2570
f 2569 2570 2571
f 2571 2570 2572
f 2571 2572 2573
f 2573 2572 2574
f 2573 2574 2575
f 2575 2574 2576
f 2575 2576 2577
f 2577 2576 2583
f 387 391 2472
f 2472 391 2471
f 2472 2471 2578
f 2578 2471 2579
f 2578 2579 2580
f 2580 2579 2581
f 2580 2581 2582
f 2582 2581 2583
f 390 394 2471
f 2471 394 2470
f 2471 2470 2579
f 2579 2470 2584
f 2579 2584 2581
f 2581 2584 2585
f 2581 2585 2583
f 2583 2585 2591
f 2739 397 2469
f 2469 397 2468
f 2469 2468 2586
f 2586 2468 2587
f 2586 2587 2588
f 2588 2587 2589
f 2588 2589 2591
f 396 398 2468
f 2468 398 2467
f 2468 2467 2587
f 2587 2467 2590
f 2587 2590 2589
f 2589 2590 2591
f 403 495 2591
f 404 539 405
f 405 2490 404
f 404 2490 2491
f 404 2491 2203
f 2203 2491 2211
f 405 408 2490
f 2491 2493 2494
f 2493 2491 2492
f 2492 2491 2490
f 2492 2490 410
f 410 2490 408
f 410 412 2488
f 410 2488 2492
f 2502 2505 700
f 417 421 2486
f 2486 421 2485
f 2486 2485 2495
f 2495 2485 2497
f 2495 2497 2496
f 2496 2497 2499
f 2496 2499 2501
f 426 430 2483
f 2483 430 2482
f 2483 2482 2503
f 2503 2482 2592
f 2503 2592 2504
f 2504 2592 2593
f 2504 2593 2594
f 2505 2594 2595
f 429 433 2482
f 2482 433 2481
f 2482 2481 2592
f 2592 2481 2506
f 2592 2506 2593
f 2593 2506 2508
f 2593 2508 2594
f 2594 2508 2510
f 2594 2510 2595
f 2595 2510 2512
f 2595 2512 2514
f 2595 2514 2516
f 2595 2516 832
f 107 106 2517
f 2517 106 104
f 2517 104 2516
f 2516 104 832
f 438 376 2479
f 2479 376 2524
f 2479 2524 2518
f 2518 2524 2525
f 2518 2525 2519
f 2519 2525 2526
f 2519 2526 2520
f 2520 2526 2528
f 2520 2528 2521
f 2521 2528 2530
f 2521 2530 2522
f 2522 2530 2532
f 2522 2532 2523
f 2523 2532 2534
f 2523 2534 108
f 2534 2538 108
f 380 2539 2535
f 2535 2539 2540
f 2535 2540 2536
f 2536 2540 2542
f 2536 2542 2537
f 2537 2542 2544
f 2537 2544 2538
f 2538 2544 2546
f 2539 2547 2541
f 2541 2547 2548
f 2541 2548 2543
f 2543 2548 2550
f 2543 2550 2545
f 2545 2550 2552
f 2545 2552 2546
f 2546 2552 2554
f 2546 2554 811
f 2547 2478 2549
f 2549 2478 2556
f 2549 2556 2551
f 2551 2556 2558
f 2551 2558 2553
f 2553 2558 2560
f 2553 2560 2554
f 2554 2560 2563
f 2563 776 790
f 2477 2547 2476
f 2477 2476 2564
f 2564 2476 2596
f 2564 2596 2565
f 2565 2596 2597
f 2565 2597 2566
f 2566 2597 2598
f 2566 2598 2567
f 2567 2598 2599
f 2567 2599 2568
f 2568 2599 2600
f 2568 2600 2577
f 2547 381 2476
f 2476 381 2475
f 2476 2475 2596
f 2596 2475 2569
f 2596 2569 2597
f 2597 2569 2571
f 2597 2571 2598
f 2598 2571 2573
f 2598 2573 2599
f 2599 2573 2575
f 2599 2575 2600
f 2600 2575 2577
f 2601 2583 2576
f 2601 2576 2602
f 2602 2576 2574
f 2602 2574 2603
f 2603 2574 2572
f 2603 2572 2604
f 2604 2572 2570
f 2604 2570 2473
f 2473 2570 2474
f 2473 2474 385
f 385 2474 382
f 384 388 2473
f 2473 388 2472
f 2473 2472 2604
f 2604 2472 2578
f 2604 2578 2603
f 2603 2578 2580
f 2603 2580 2602
f 2602 2580 2582
f 2602 2582 2601
f 2601 2582 2583
f 2583 2591 871
f 2470 393 2469
f 2470 2469 2584
f 2584 2469 2586
f 2584 2586 2585
f 2585 2586 2588
f 2585 2588 2591
f 2591 495 871
f 495 599 871
f 2467 400 2466
f 2467 2466 2590
f 2590 2466 2591
f 2466 403 2591
f 495 602 601
f 332 363 2605
f 348 347 2606
f 345 344 2607
f 342 341 2608
f 339 338 2609
f 336 335 2610
f 332 2605 333
f 2611 2612 2614
f 344 342 2607
f 2607 342 2608
f 2607 2608 2614
f 341 339 2608
f 2608 339 2609
f 2608 2609 2614
f 363 2613 2605
f 2605 2613 2614
f 550 2615 2539
f 2547 2739 506
f 2606 2614 2612
f 2606 2612 348
f 347 345 2606
f 2606 345 2607
f 2606 2607 2614
f 338 336 2609
f 2609 336 2610
f 2609 2610 2614
f 335 333 2610
f 2610 333 2605
f 2610 2605 2614
f 540 2614 2616
f 2616 2614 2613
f 540 317 538
f 550 446 2615
f 2539 380 550
f 2547 506 381
f 2739 2641 505
f 602 2611 2614
f 311 313 2618
f 309 308 2619
f 306 307 2621
f 2623 2624 2625
f 2623 2625 2633
f 2623 2633 372
f 372 2633 2638
f 2622 306 2621
f 2622 2621 2623
f 2623 2621 2626
f 2623 2626 2627
f 2627 2626 2628
f 2627 2628 2629
f 2629 2628 2630
f 2629 2630 2631
f 2631 2630 2632
f 2631 2632 2633
f 2633 2632 2638
f 2621 307 2620
f 2621 2620 2626
f 2626 2620 2634
f 2626 2634 2628
f 2628 2634 2635
f 2628 2635 2630
f 2630 2635 2636
f 2630 2636 2632
f 2632 2636 2638
f 2618 313 2617
f 2618 2617 2637
f 2637 2617 2638
f 2622 2623 365
f 365 2623 372
f 2623 2627 2624
f 2624 2627 2629
f 2624 2629 2625
f 2625 2629 2631
f 2625 2631 2633
f 307 309 2620
f 2620 309 2619
f 2620 2619 2634
f 2634 2619 2639
f 2634 2639 2635
f 2635 2639 2640
f 2635 2640 2636
f 2636 2640 2638
f 308 311 2619
f 2619 311 2618
f 2619 2618 2639
f 2639 2618 2637
f 2639 2637 2640
f 2640 2637 2638
f 318 317 2638
f 318 2638 2617
f 2611 2622 371
f 2670 2644 2643
f 2641 2642 2645
f 2647 2641 2645
f 2647 2645 2646
f 2611 2641 2647
f 2648 2647 2649
f 2649 2647 2650
f 2650 2647 2646
f 2650 2646 2651
f 2651 2646 2652
f 2652 2646 2653
f 2653 2646 2654
f 2646 2645 2643
f 2655 2647 2648
f 2655 2648 2656
f 2656 2648 2649
f 2656 2649 2657
f 2657 2649 2650
f 2657 2650 2658
f 2658 2650 2651
f 2658 2651 2659
f 2659 2651 2652
f 2659 2652 2660
f 2660 2652 2653
f 2660 2653 2661
f 2661 2653 2654
f 2661 2654 2662
f 2662 2654 2646
f 2662 2646 2643
f 2611 2647 2762
f 2762 2647 2655
f 2762 2655 2663
f 2663 2655 2656
f 2663 2656 2664
f 2664 2656 2657
f 2664 2657 2665
f 2665 2657 2658
f 2665 2658 2666
f 2666 2658 2659
f 2666 2659 2667
f 2667 2659 2660
f 2667 2660 2668
f 2668 2660 2661
f 2668 2661 2669
f 2669 2661 2662
f 2669 2662 2643
f 325 2622 2670
f 2671 2680 2670
f 2671 2670 2672
f 2680 2673 2674
f 2674 2673 2675
f 2674 2675 2676
f 2676 2675 2677
f 2676 2677 2678
f 2678 2677 2672
f 2742 2681 2679
f 2679 2681 2680
f 2682 2683 2684
f 2684 2683 2685
f 2686 2696 2685
f 2687 2682 2688
f 2687 2688 2689
f 2689 2688 2690
f 2689 2690 2691
f 2691 2690 2692
f 2691 2692 2693
f 2693 2692 2694
f 2693 2694 2695
f 2695 2694 2686
f 2682 2763 2688
f 2688 2763 2690
f 2690 2763 2692
f 2692 2763 2686
f 2692 2686 2694
f 2682 2681 2763
f 2764 2697 2698
f 2764 2698 2615
f 2615 2698 2705
f 2697 2699 2700
f 2700 2699 2701
f 2700 2701 2702
f 2702 2701 2703
f 2702 2703 2704
f 2704 2703 2705
f 2697 2706 2699
f 2699 2706 2707
f 2699 2707 2701
f 2701 2707 2708
f 2701 2708 2703
f 2703 2708 2709
f 2703 2709 2705
f 2705 2709 2720
f 2705 2720 2539
f 2697 2710 2711
f 2711 2710 2712
f 2711 2712 2713
f 2713 2712 2714
f 2713 2714 2715
f 2715 2714 2716
f 2715 2716 2717
f 2717 2716 2718
f 2717 2718 2719
f 2719 2718 2720
f 2697 2721 2710
f 2710 2721 2722
f 2710 2722 2712
f 2712 2722 2723
f 2712 2723 2714
f 2714 2723 2724
f 2714 2724 2716
f 2716 2724 2725
f 2716 2725 2718
f 2718 2725 2726
f 2718 2726 2720
f 2720 2726 2539
f 2539 2727 2738
f 2729 2728 2730
f 2730 2728 2731
f 2730 2731 2732
f 2732 2731 2733
f 2732 2733 2734
f 2734 2733 2735
f 2734 2735 2736
f 2736 2735 2737
f 2670 2622 2611
f 306 2622 325
f 325 2670 2680
f 2684 325 2680
f 2740 2680 2671
f 2740 2671 2741
f 2741 2671 2672
f 2672 2670 2742
f 2672 2677 2741
f 2741 2677 2675
f 2741 2675 2740
f 2740 2675 2673
f 2740 2673 2680
f 2685 538 2684
f 2680 2674 2743
f 2743 2674 2676
f 2743 2676 2744
f 2744 2676 2678
f 2744 2678 2672
f 2672 2742 2744
f 2744 2742 2679
f 2744 2679 2743
f 2743 2679 2680
f 2680 2681 2684
f 2681 2682 2684
f 2686 2685 2745
f 2745 2685 2746
f 2746 2685 2747
f 2747 2685 2748
f 2748 2685 2683
f 2748 2683 2749
f 2749 2683 2682
f 2682 2687 2749
f 2749 2687 2689
f 2749 2689 2748
f 2748 2689 2691
f 2748 2691 2747
f 2747 2691 2693
f 2747 2693 2746
f 2746 2693 2695
f 2746 2695 2745
f 2745 2695 2686
f 2685 2764 2615
f 2696 2764 2685
f 2750 2705 2698
f 2750 2698 2751
f 2751 2698 2697
f 2686 2763 2696
f 2697 2700 2751
f 2751 2700 2702
f 2751 2702 2750
f 2750 2702 2704
f 2750 2704 2705
f 2705 2539 2615
f 2697 2711 2706
f 2706 2711 2713
f 2706 2713 2707
f 2707 2713 2715
f 2707 2715 2708
f 2708 2715 2717
f 2708 2717 2709
f 2709 2717 2719
f 2709 2719 2720
f 2697 2752 2721
f 2721 2752 2753
f 2721 2753 2722
f 2722 2753 2754
f 2722 2754 2723
f 2723 2754 2755
f 2723 2755 2724
f 2724 2755 2756
f 2724 2756 2725
f 2725 2756 2757
f 2725 2757 2726
f 2726 2757 2737
f 2726 2737 2539
f 2539 2737 2727
f 2697 2728 2752
f 2752 2728 2729
f 2752 2729 2753
f 2753 2729 2730
f 2753 2730 2754
f 2754 2730 2732
f 2754 2732 2755
f 2755 2732 2734
f 2755 2734 2756
f 2756 2734 2736
f 2756 2736 2757
f 2757 2736 2737
f 2737 2735 2733
f 2737 2733 2728
f 2728 2733 2731
f 2764 2728 2697
f 2669 2643 2668
f 2668 2643 2758
f 2668 2758 2667
f 2667 2758 2759
f 2667 2759 2666
f 2666 2759 2760
f 2666 2760 2665
f 2665 2760 2761
f 2665 2761 2664
f 2664 2761 2762
f 2664 2762 2663
f 2762 2644 2611
f 2611 2644 2670
f 2758 2643 2644
f 2758 2644 2759
f 2759 2644 2760
f 2760 2644 2761
f 2761 2644 2762
f 2696 2763 2764
f 2645 2670 2643
f 2681 2977 2763
f 2763 2977 2976
f 2763 2976 2764
f 2764 2767 2728
f 2728 2767 2737
f 2737 2767 2727
f 2739 2765 2641
f 2642 2766 2645
f 2645 2766 2979
f 2645 2979 2670
f 2766 2642 2979
f 2670 2978 2742
f 2742 2978 2681
f 2681 2978 2977
f 2767 2738 2727
f 2641 2765 2642
f 2777 2794 2769
f 2777 2770 2771
f 2777 2771 2772
f 2777 2772 2773
f 2777 2773 2774
f 2777 2774 2775
f 2777 2775 2776
f 2777 2776 2794
f 2777 2778 2779
f 2777 2779 2780
f 2777 2780 2781
f 2777 2781 2782
f 2777 2782 2770
f 2777 2783 2784
f 2777 2784 2785
f 2777 2785 2786
f 2777 2786 2787
f 2777 2787 2788
f 2777 2788 2789
f 2777 2789 2809
f 2790 2792 2818
f 2818 2792 2793
f 2794 2795 2791
f 2791 2795 2796
f 2791 2796 2797
f 2791 2797 2798
f 2791 2798 2799
f 2791 2799 2855
f 2855 2799 2800
f 2855 2800 2801
f 2855 2801 2802
f 2855 2802 2803
f 2855 2803 2840
f 2840 2803 2804
f 2840 2804 2805
f 2840 2805 2806
f 2840 2806 2807
f 2840 2807 2808
f 2809 2810 2790
f 2790 2810 2811
f 2790 2811 2812
f 2790 2812 2813
f 2790 2813 2814
f 2790 2814 2815
f 2790 2815 2792
f 2792 2815 2816
f 2792 2816 2793
f 2793 2816 2817
f 2793 2817 2818
f 2794 2818 2769
f 2794 2819 2795
f 2795 2819 2820
f 2795 2820 2796
f 2796 2820 2821
f 2796 2821 2797
f 2797 2821 2822
f 2797 2822 2798
f 2798 2822 2823
f 2798 2823 2799
f 2799 2823 2824
f 2799 2824 2800
f 2800 2824 2825
f 2800 2825 2801
f 2801 2825 2826
f 2801 2826 2802
f 2802 2826 2827
f 2802 2827 2803
f 2803 2827 2828
f 2803 2828 2804
f 2804 2828 2829
f 2804 2829 2805
f 2805 2829 2778
f 2805 2778 2806
f 2806 2778 2777
f 2806 2777 2807
f 2809 2768 2777
f 2809 2831 2810
f 2810 2831 2832
f 2810 2832 2811
f 2811 2832 2833
f 2811 2833 2812
f 2812 2833 2834
f 2812 2834 2813
f 2813 2834 2835
f 2813 2835 2814
f 2814 2835 2836
f 2814 2836 2815
f 2815 2836 2837
f 2815 2837 2816
f 2816 2837 2838
f 2816 2838 2817
f 2817 2838 2839
f 2817 2839 2818
f 2794 2776 2819
f 2819 2776 2775
f 2819 2775 2820
f 2820 2775 2774
f 2820 2774 2821
f 2821 2774 2773
f 2821 2773 2822
f 2822 2773 2772
f 2822 2772 2823
f 2823 2772 2771
f 2823 2771 2824
f 2824 2771 2770
f 2824 2770 2825
f 2825 2770 2782
f 2825 2782 2826
f 2826 2782 2781
f 2826 2781 2827
f 2827 2781 2780
f 2827 2780 2828
f 2828 2780 2779
f 2828 2779 2829
f 2829 2779 2778
f 2807 2777 2808
f 2808 2777 2830
f 2830 2777 2768
f 2809 2789 2831
f 2831 2789 2788
f 2831 2788 2832
f 2832 2788 2787
f 2832 2787 2833
f 2833 2787 2786
f 2833 2786 2834
f 2834 2786 2785
f 2834 2785 2835
f 2835 2785 2784
f 2835 2784 2836
f 2836 2784 2783
f 2836 2783 2837
f 2837 2783 2777
f 2837 2777 2838
f 2838 2777 2839
f 2839 2777 2769
f 2839 2769 2818
f 2790 2818 2794
f 2841 2927 2808
f 2842 2843 2844
f 2790 2845 2809
f 2846 2847 2848
f 2928 2852 2794
f 2852 2924 2790
f 2794 2852 2790
f 2768 2809 2845
f 2925 2768 2845
f 2871 2768 2925
f 2768 2880 2830
f 2830 2846 2848
f 2830 2848 2808
f 2847 2842 2848
f 2848 2842 2844
f 2848 2844 2808
f 2843 2841 2844
f 2844 2841 2808
f 2808 2927 2840
f 2791 2928 2794
f 2880 2768 2871
f 2918 2928 2791
f 2918 2791 2855
f 2855 2840 2927
f 2927 2841 2849
f 2849 2841 2843
f 2849 2843 2850
f 2843 2842 2850
f 2850 2842 2847
f 2850 2847 2926
f 2926 2847 2846
f 2830 2885 2869
f 2830 2869 2926
f 2830 2926 2846
f 2885 2830 2880
f 2845 2790 2924
f 2850 2926 2849
f 2849 2926 2927
f 2958 2936 2851
f 2853 2854 2855
f 2856 2857 2858
f 2859 2860 2861
f 2862 2863 2864
f 2865 2866 2867
f 2872 2873 2871
f 2875 3253 2876
f 2877 2878 2879
f 2880 2881 2882
f 2882 2883 2884
f 2865 2867 2868
f 2866 2886 2887
f 2887 2886 2888
f 2888 2889 2890
f 2890 2889 2862
f 2863 2891 2892
f 2892 2891 2893
f 2893 2894 2895
f 2895 2894 2896
f 2896 2897 2898
f 2898 2897 2859
f 2860 2899 2900
f 2900 2899 2901
f 2901 2902 2903
f 2903 2902 2904
f 2904 2905 2906
f 2906 2905 2856
f 2857 2907 2908
f 2908 2907 2909
f 2909 2910 2911
f 2911 2910 2853
f 2854 2912 2913
f 2913 2912 2914
f 2914 2915 2916
f 2916 2915 2917
f 2917 2969 2918
f 2919 2920 2921
f 2921 2970 2928
f 2885 2880 2882
f 2885 2882 2884
f 2936 2922 2851
f 2851 2922 2923
f 2922 2877 2923
f 2923 2877 2879
f 2923 2879 2852
f 2852 2879 2924
f 2878 2875 2879
f 2879 2875 2876
f 2879 2876 2924
f 2876 3253 2924
f 2874 2872 2925
f 2925 2872 2871
f 2873 2870 2871
f 2868 2867 2869
f 2866 2887 2867
f 2867 2887 2926
f 2867 2926 2869
f 2888 2890 2887
f 2887 2890 2926
f 2862 2864 2890
f 2890 2864 2926
f 2926 2864 2927
f 2863 2892 2864
f 2893 2895 2892
f 2892 2895 2927
f 2892 2927 2864
f 2896 2898 2895
f 2895 2898 2927
f 2859 2861 2898
f 2898 2861 2927
f 2860 2900 2861
f 2861 2900 2927
f 2901 2903 2900
f 2900 2903 2855
f 2900 2855 2927
f 2904 2906 2903
f 2903 2906 2855
f 2856 2858 2906
f 2906 2858 2855
f 2857 2908 2858
f 2858 2908 2855
f 2909 2911 2908
f 2908 2911 2855
f 2853 2855 2911
f 2854 2913 2855
f 2914 2916 2913
f 2913 2916 2855
f 2917 2918 2916
f 2916 2918 2855
f 2918 2919 2928
f 2921 2928 2919
f 2958 2851 2852
f 2851 2923 2852
f 2964 2880 2871
f 2964 2871 2930
f 2930 2871 2870
f 2930 2870 2931
f 2931 2870 2873
f 2931 2873 2963
f 2963 2873 2872
f 2963 2872 2932
f 2932 2872 2874
f 2932 2874 2959
f 2959 2874 2925
f 2959 2925 2973
f 2973 2925 2845
f 2845 2924 2973
f 2973 2924 3253
f 3253 2875 2933
f 2933 2875 2878
f 2933 2878 2934
f 2934 2878 2935
f 2878 2877 2935
f 2935 2877 2922
f 2935 2922 2936
f 2958 2852 2970
f 2970 2852 2928
f 2970 2921 2937
f 2937 2921 2920
f 2937 2920 2962
f 2962 2920 2919
f 2962 2919 2918
f 2969 2917 2938
f 2938 2917 2915
f 2938 2915 3207
f 3207 2915 2914
f 3207 2914 2939
f 2939 2914 2912
f 2939 2912 2940
f 2912 2854 2940
f 2940 2854 2853
f 2940 2853 2941
f 2941 2853 2910
f 2941 2910 2960
f 2960 2910 2909
f 2960 2909 2942
f 2942 2909 2907
f 2942 2907 2943
f 2907 2857 2943
f 2943 2857 2856
f 2943 2856 2971
f 2971 2856 2905
f 2971 2905 2944
f 2944 2905 2904
f 2944 2904 2945
f 2945 2904 2902
f 2945 2902 2968
f 2968 2902 2901
f 2968 2901 2946
f 2946 2901 2899
f 2946 2899 2947
f 2947 2899 2860
f 2947 2860 2948
f 2948 2860 2859
f 2948 2859 2966
f 2966 2859 2897
f 2966 2897 2949
f 2949 2897 2896
f 2949 2896 2950
f 2950 2896 2894
f 2950 2894 2972
f 2972 2894 2893
f 2972 2893 2951
f 2951 2893 2891
f 2951 2891 2952
f 2891 2863 2952
f 2952 2863 2862
f 2952 2862 2965
f 2965 2862 2889
f 2965 2889 2953
f 2953 2889 2888
f 2953 2888 2954
f 2954 2888 2886
f 2954 2886 2955
f 2955 2886 2866
f 2955 2866 2956
f 2956 2866 2865
f 2956 2865 2961
f 2961 2865 2868
f 2961 2868 2869
f 3229 2869 2885
f 3229 2885 2884
f 3229 2884 2957
f 2957 2884 2883
f 2957 2883 2929
f 2929 2883 2882
f 2929 2882 2881
f 2869 3229 2961
f 2953 2954 2965
f 2949 2950 2966
f 2939 2940 3207
f 3229 2957 2881
f 2881 2880 2964
f 2940 2941 2960
f 2943 2971 2942
f 2944 2945 2968
f 2972 2951 2952
f 2936 3253 2934
f 2934 3253 2933
f 2936 2934 2935
f 2881 2964 3229
f 2957 2929 2881
f 2959 2973 2974
f 2964 2930 2963
f 2930 2931 2963
f 2963 2932 2959
f 2937 2962 2970
f 2918 2969 2962
f 2938 3207 2969
f 2940 2960 3207
f 2960 2971 3207
f 2942 2971 2960
f 2944 2968 2971
f 2946 2947 2968
f 2948 2966 2947
f 2947 2966 2968
f 2950 2972 2966
f 2952 2965 2972
f 2954 2955 2965
f 2956 2961 2955
f 2970 3253 2936
f 2974 2963 2959
f 2974 2964 2963
f 3229 2972 2965
f 3229 2965 2955
f 3229 2955 2961
f 2972 2971 2967
f 2972 2967 2966
f 2966 2967 2968
f 2967 2971 2968
f 3207 2970 2969
f 2970 2962 2969
f 2970 2936 2958
f 3229 2964 2974
f 3207 2971 3249
f 3249 2971 3250
f 3253 2974 2973
f 3250 2971 2972
f 3250 2972 3229
f 2975 2974 3253
f 2975 3230 2974
f 3230 3229 2974
f 3254 3253 2970
f 3249 3209 3207
f 2767 2980 2981
f 2767 2981 2982
f 2767 2982 2983
f 2767 2983 2984
f 2767 2984 2985
f 2767 2985 2738
f 2738 2985 2986
f 2738 2986 2987
f 2738 2987 2988
f 2738 2988 2989
f 2738 2989 2990
f 2738 2990 2991
f 2738 2991 2992
f 2738 2992 2739
f 2739 2992 2993
f 2739 2993 2994
f 2739 2994 2995
f 2739 2995 2765
f 2765 2995 2996
f 2765 2996 2997
f 2765 2997 2998
f 2765 2998 2999
f 2765 2999 3000
f 2765 3000 3001
f 2765 3001 3002
f 2765 3002 2642
f 2642 3002 3003
f 2642 3003 3004
f 2642 3004 3005
f 2642 3005 3006
f 2642 3006 3007
f 2642 3007 3008
f 2642 3008 3009
f 2642 3009 2979
f 2979 3009 3010
f 2979 3010 3011
f 2979 3011 3012
f 2979 3012 3013
f 2979 3013 2670
f 2670 3013 3014
f 2670 3014 3015
f 2670 3015 3016
f 2670 3016 3017
f 2670 3017 3018
f 2670 3018 3019
f 2670 3019 3020
f 2670 3020 2978
f 2978 3020 3021
f 2978 3021 3022
f 2978 3022 3023
f 2978 3023 3024
f 2978 3024 3025
f 2978 3025 2977
f 2977 3025 3026
f 2977 3026 3027
f 2977 3027 3028
f 2977 3028 3029
f 2977 3029 3030
f 2977 3030 3031
f 2977 3031 3032
f 2977 3032 2976
f 2976 3032 3033
f 2976 3033 3034
f 2976 3034 3035
f 2976 3035 3036
f 2976 3036 3037
f 2976 3037 3038
f 2976 3038 3039
f 2976 3039 3040
f 2976 3040 3041
f 2976 3041 2764
f 2764 3041 3042
f 2764 3042 3043
f 2764 3043 3044
f 2764 3044 3045
f 2764 3045 3046
f 2764 3046 3047
f 2764 3047 3048
f 2764 3048 3049
f 2764 3049 2767
f 2767 3049 3050
f 2767 3050 3051
f 2767 3051 3052
f 2767 3052 3053
f 2767 3053 2980
f 2980 3054 2981
f 2981 3054 3055
f 2981 3055 2982
f 2982 3055 3056
f 2982 3056 2983
f 2983 3056 3057
f 2983 3057 2984
f 2984 3057 3058
f 2984 3058 2985
f 2985 3058 3059
f 2985 3059 2986
f 2986 3059 3060
f 2986 3060 2987
f 2987 3060 3061
f 2987 3061 2988
f 2988 3061 3062
f 2988 3062 2989
f 2989 3062 3063
f 2989 3063 2990
f 2990 3063 3064
f 2990 3064 2991
f 2991 3064 3065
f 2991 3065 2992
f 2992 3065 3066
f 2992 3066 2993
f 2993 3066 3067
f 2993 3067 2994
f 2994 3067 3068
f 2994 3068 2995
f 2995 3068 3069
f 2995 3069 2996
f 2996 3069 3070
f 2996 3070 2997
f 2997 3070 3071
f 2997 3071 2998
f 2998 3071 3072
f 2998 3072 2999
f 2999 3072 3073
f 2999 3073 3000
f 3000 3073 3074
f 3000 3074 3001
f 3001 3074 3075
f 3001 3075 3002
f 3002 3075 3076
f 3002 3076 3003
f 3003 3076 3077
f 3003 3077 3004
f 3004 3077 3078
f 3004 3078 3005
f 3005 3078 3079
f 3005 3079 3006
f 3006 3079 3080
f 3006 3080 3007
f 3007 3080 3081
f 3007 3081 3008
f 3008 3081 3082
f 3008 3082 3009
f 3009 3082 3083
f 3009 3083 3010
f 3010 3083 3084
f 3010 3084 3011
f 3011 3084 3085
f 3011 3085 3012
f 3012 3085 3086
f 3012 3086 3013
f 3013 3086 3087
f 3013 3087 3014
f 3014 3087 3088
f 3014 3088 3015
f 3015 3088 3089
f 3015 3089 3016
f 3016 3089 3090
f 3016 3090 3017
f 3017 3090 3091
f 3017 3091 3018
f 3018 3091 3092
f 3018 3092 3019
f 3019 3092 3093
f 3019 3093 3020
f 3020 3093 3094
f 3020 3094 3021
f 3021 3094 3095
f 3021 3095 3022
f 3022 3095 3096
f 3022 3096 3023
f 3023 3096 3097
f 3023 3097 3024
f 3024 3097 3098
f 3024 3098 3025
f 3025 3098 3099
f 3025 3099 3026
f 3026 3099 3100
f 3026 3100 3027
f 3027 3100 3101
f 3027 3101 3028
f 3028 3101 3102
f 3028 3102 3029
f 3029 3102 3103
f 3029 3103 3030
f 3030 3103 3104
f 3030 3104 3031
f 3031 3104 3105
f 3031 3105 3032
f 3032 3105 3106
f 3032 3106 3033
f 3033 3106 3107
f 3033 3107 3034
f 3034 3107 3108
f 3034 3108 3035
f 3035 3108 3109
f 3035 3109 3036
f 3036 3109 3110
f 3036 3110 3037
f 3037 3110 3111
f 3037 3111 3038
f 3038 3111 3112
f 3038 3112 3039
f 3039 3112 3113
f 3039 3113 3040
f 3040 3113 3114
f 3040 3114 3041
f 3041 3114 3115
f 3041 3115 3042
f 3042 3115 3116
f 3042 3116 3043
f 3043 3116 3117
f 3043 3117 3044
f 3044 3117 3118
f 3044 3118 3045
f 3045 3118 3119
f 3045 3119 3046
f 3046 3119 3120
f 3046 3120 3047
f 3047 3120 3121
f 3047 3121 3048
f 3048 3121 3122
f 3048 3122 3049
f 3049 3122 3123
f 3049 3123 3050
f 3050 3123 3124
f 3050 3124 3051
f 3051 3124 3125
f 3051 3125 3052
f 3052 3125 3126
f 3052 3126 3053
f 3053 3126 3127
f 3053 3127 2980
f 2980 3127 3054
f 3054 3128 3055
f 3055 3128 3129
f 3055 3129 3056
f 3056 3129 3130
f 3056 3130 3057
f 3057 3130 3131
f 3057 3131 3058
f 3058 3131 3132
f 3058 3132 3059
f 3059 3132 3133
f 3059 3133 3060
f 3060 3133 3134
f 3060 3134 3061
f 3061 3134 3135
f 3061 3135 3062
f 3062 3135 3136
f 3062 3136 3063
f 3063 3136 3137
f 3063 3137 3064
f 3064 3137 3138
f 3064 3138 3065
f 3065 3138 3139
f 3065 3139 3066
f 3066 3139 3140
f 3066 3140 3067
f 3067 3140 3141
f 3067 3141 3068
f 3068 3141 3142
f 3068 3142 3069
f 3069 3142 3143
f 3069 3143 3070
f 3070 3143 3209
f 3070 3209 3071
f 3071 3209 3144
f 3071 3144 3072
f 3072 3144 3145
f 3072 3145 3073
f 3073 3145 3146
f 3073 3146 3074
f 3074 3146 3147
f 3074 3147 3075
f 3075 3147 3148
f 3075 3148 3076
f 3076 3148 3149
f 3076 3149 3077
f 3077 3149 3150
f 3077 3150 3078
f 3078 3150 3151
f 3078 3151 3079
f 3079 3151 3152
f 3079 3152 3080
f 3080 3152 3153
f 3080 3153 3081
f 3081 3153 3154
f 3081 3154 3082
f 3082 3154 3155
f 3082 3155 3083
f 3083 3155 3156
f 3083 3156 3084
f 3084 3156 3157
f 3084 3157 3085
f 3085 3157 3158
f 3085 3158 3086
f 3086 3158 3159
f 3086 3159 3087
f 3087 3159 3160
f 3087 3160 3088
f 3088 3160 3161
f 3088 3161 3089
f 3089 3161 3162
f 3089 3162 3090
f 3090 3162 3163
f 3090 3163 3091
f 3091 3163 3164
f 3091 3164 3092
f 3092 3164 3165
f 3092 3165 3093
f 3093 3165 3166
f 3093 3166 3094
f 3094 3166 3167
f 3094 3167 3095
f 3095 3167 3168
f 3095 3168 3096
f 3096 3168 3169
f 3096 3169 3097
f 3097 3169 3229
f 3097 3229 3098
f 3098 3229 3099
f 3099 3229 3230
f 3099 3230 3100
f 3100 3230 3170
f 3100 3170 3101
f 3101 3170 3171
f 3101 3171 3102
f 3102 3171 3172
f 3102 3172 3103
f 3103 3172 3173
f 3103 3173 3104
f 3104 3173 3174
f 3104 3174 3105
f 3105 3174 3175
f 3105 3175 3106
f 3106 3175 3176
f 3106 3176 3107
f 3107 3176 3177
f 3107 3177 3108
f 3108 3177 3178
f 3108 3178 3109
f 3109 3178 3179
f 3109 3179 3110
f 3110 3179 3180
f 3110 3180 3111
f 3111 3180 3181
f 3111 3181 3112
f 3112 3181 3182
f 3112 3182 3113
f 3113 3182 3183
f 3113 3183 3114
f 3114 3183 3184
f 3114 3184 3115
f 3115 3184 3185
f 3115 3185 3116
f 3116 3185 3186
f 3116 3186 3117
f 3117 3186 3187
f 3117 3187 3118
f 3118 3187 3188
f 3118 3188 3119
f 3119 3188 3189
f 3119 3189 3120
f 3120 3189 3190
f 3120 3190 3121
f 3121 3190 3191
f 3121 3191 3122
f 3122 3191 3192
f 3122 3192 3123
f 3123 3192 3193
f 3123 3193 3124
f 3124 3193 3194
f 3124 3194 3125
f 3125 3194 3195
f 3125 3195 3126
f 3126 3195 3196
f 3126 3196 3127
f 3127 3196 3197
f 3127 3197 3054
f 3054 3197 3128
f 3128 3198 3129
f 3129 3198 3199
f 3129 3199 3130
f 3130 3199 3200
f 3130 3200 3131
f 3131 3200 3201
f 3131 3201 3132
f 3132 3201 3202
f 3132 3202 3133
f 3133 3202 3203
f 3133 3203 3134
f 3134 3203 3204
f 3134 3204 3135
f 3135 3204 3205
f 3135 3205 3136
f 3136 3205 3206
f 3136 3206 3137
f 3137 3206 3207
f 3137 3207 3138
f 3138 3207 3139
f 3139 3207 3140
f 3140 3207 3141
f 3141 3207 3208
f 3141 3208 3142
f 3142 3208 3143
f 3143 3208 3209
f 3144 3209 3210
f 3144 3210 3145
f 3145 3210 3211
f 3145 3211 3146
f 3146 3211 3212
f 3146 3212 3147
f 3147 3212 3213
f 3147 3213 3148
f 3148 3213 3214
f 3148 3214 3149
f 3149 3214 3215
f 3149 3215 3150
f 3150 3215 3216
f 3150 3216 3151
f 3151 3216 3217
f 3151 3217 3152
f 3152 3217 3218
f 3152 3218 3153
f 3153 3218 3219
f 3153 3219 3154
f 3154 3219 3220
f 3154 3220 3155
f 3155 3220 3221
f 3155 3221 3156
f 3156 3221 3222
f 3156 3222 3157
f 3157 3222 3223
f 3157 3223 3158
f 3158 3223 3224
f 3158 3224 3159
f 3159 3224 3225
f 3159 3225 3160
f 3160 3225 3226
f 3160 3226 3161
f 3161 3226 3227
f 3161 3227 3162
f 3162 3227 3228
f 3162 3228 3163
f 3163 3228 3164
f 3164 3228 3229
f 3164 3229 3165
f 3165 3229 3166
f 3166 3229 3167
f 3167 3229 3168
f 3168 3229 3169
f 3170 3230 3171
f 3171 3230 3172
f 3172 3230 3173
f 3173 3230 3174
f 3174 3230 2975
f 3174 2975 3175
f 3175 2975 3176
f 3176 2975 3177
f 3177 2975 3231
f 3177 3231 3178
f 3178 3231 3232
f 3178 3232 3179
f 3179 3232 3233
f 3179 3233 3180
f 3180 3233 3234
f 3180 3234 3181
f 3181 3234 3235
f 3181 3235 3182
f 3182 3235 3253
f 3182 3253 3183
f 3183 3253 3184
f 3184 3253 3236
f 3184 3236 3185
f 3185 3236 3186
f 3186 3236 3187
f 3187 3236 3188
f 3188 3236 3237
f 3188 3237 3189
f 3189 3237 3238
f 3189 3238 3190
f 3190 3238 3239
f 3190 3239 3191
f 3191 3239 3240
f 3191 3240 3192
f 3192 3240 3241
f 3192 3241 3193
f 3193 3241 3242
f 3193 3242 3194
f 3194 3242 3243
f 3194 3243 3195
f 3195 3243 3244
f 3195 3244 3196
f 3196 3244 3197
f 3197 3244 3254
f 3197 3254 3128
f 3128 3254 3198
f 3198 3245 3199
f 3199 3245 3246
f 3199 3246 3200
f 3200 3246 3247
f 3200 3247 3201
f 3201 3247 3248
f 3201 3248 3202
f 3202 3248 2970
f 3202 2970 3203
f 3203 2970 3204
f 3204 2970 3207
f 3204 3207 3205
f 3205 3207 3206
f 3208 3207 3209
f 3210 3209 3211
f 3211 3209 3212
f 3212 3209 3249
f 3212 3249 3213
f 3213 3249 3214
f 3214 3249 3215
f 3215 3249 3216
f 3216 3249 3217
f 3217 3249 3250
f 3217 3250 3218
f 3218 3250 3219
f 3219 3250 3220
f 3220 3250 3221
f 3221 3250 3222
f 3222 3250 3223
f 3223 3250 3224
f 3224 3250 3225
f 3225 3250 3226
f 3226 3250 3229
f 3226 3229 3227
f 3227 3229 3228
f 3231 2975 3232
f 3232 2975 3233
f 3233 2975 3234
f 3234 2975 3253
f 3234 3253 3235
f 3237 3236 3251
f 3237 3251 3238
f 3238 3251 3252
f 3238 3252 3239
f 3239 3252 3240
f 3240 3252 3236
f 3240 3236 3241
f 3241 3236 3253
f 3241 3253 3242
f 3242 3253 3243
f 3243 3253 3244
f 3244 3253 3254
f 3198 3254 3245
f 3245 3254 3246
f 3246 3254 3247
f 3247 3254 3248
f 3248 3254 2970
f 3251 3236 3252
f 3255 3256 3257
f 3258 3660 3259
f 3305 3317 3299
f 3299 3317 3260
f 3299 3260 3261
f 3261 3260 3255
f 3261 3255 3262
f 3262 3255 3257
f 3262 3257 3263
f 3258 3259 3264
f 3258 3264 3265
f 3265 3264 3266
f 3265 3266 3267
f 3267 3266 3268
f 3267 3268 3269
f 3269 3268 3270
f 3269 3270 3271
f 3271 3270 3272
f 3271 3272 3273
f 3273 3272 3274
f 3273 3274 3275
f 3275 3274 3276
f 3275 3276 3277
f 3277 3276 3278
f 3277 3278 3279
f 3279 3278 3280
f 3279 3280 3658
f 3281 3660 3282
f 3281 3282 3283
f 3283 3282 3284
f 3283 3284 3285
f 3285 3284 3286
f 3285 3286 3287
f 3287 3286 3288
f 3287 3288 3289
f 3289 3288 3290
f 3289 3290 3291
f 3291 3290 3292
f 3291 3292 3293
f 3293 3292 3294
f 3293 3294 3295
f 3295 3294 3296
f 3295 3296 3297
f 3264 3259 3266
f 3298 3300 3299
f 3299 3300 3590
f 3299 3590 3305
f 3305 3306 3259
f 3259 3306 3266
f 3266 3306 3268
f 3300 3301 3590
f 3268 3306 3270
f 3301 3302 3590
f 3270 3306 3272
f 3302 3303 3590
f 3272 3306 3274
f 3303 3304 3590
f 3274 3306 3276
f 3304 3307 3590
f 3276 3306 3278
f 3307 3308 3590
f 3278 3306 3280
f 3309 3310 3317
f 3297 3318 3295
f 3310 3311 3317
f 3295 3318 3293
f 3311 3312 3317
f 3293 3318 3291
f 3312 3313 3317
f 3291 3318 3289
f 3313 3314 3317
f 3289 3318 3287
f 3314 3315 3317
f 3287 3318 3285
f 3315 3316 3317
f 3285 3318 3283
f 3316 3319 3317
f 3283 3318 3281
f 3319 3260 3317
f 3318 3305 3259
f 3318 3259 3281
f 3281 3259 3660
f 3304 3320 3307
f 3307 3320 3321
f 3307 3321 3308
f 3308 3321 3322
f 3308 3322 3323
f 3303 3324 3304
f 3304 3324 3325
f 3304 3325 3320
f 3302 3326 3303
f 3303 3326 3327
f 3303 3327 3324
f 3301 3328 3302
f 3302 3328 3329
f 3302 3329 3326
f 3300 3330 3301
f 3301 3330 3331
f 3301 3331 3328
f 3298 3332 3300
f 3300 3332 3333
f 3300 3333 3330
f 3334 3360 3298
f 3298 3360 3332
f 3298 3299 3334
f 3334 3299 3261
f 3334 3261 3262
f 3260 3319 3255
f 3255 3319 3338
f 3316 3315 3335
f 3335 3336 3316
f 3316 3336 3337
f 3316 3337 3319
f 3319 3337 3338
f 3314 3313 3339
f 3339 3340 3314
f 3314 3340 3341
f 3314 3341 3315
f 3315 3341 3342
f 3315 3342 3335
f 3312 3311 3343
f 3343 3344 3312
f 3312 3344 3345
f 3312 3345 3313
f 3313 3345 3346
f 3313 3346 3339
f 3310 3309 3347
f 3347 3348 3310
f 3310 3348 3349
f 3310 3349 3311
f 3311 3349 3350
f 3311 3350 3343
f 3430 3321 3351
f 3351 3321 3320
f 3351 3320 3325
f 3321 3430 3352
f 3321 3352 3322
f 3322 3352 3429
f 3322 3429 3323
f 3353 3425 3325
f 3325 3425 3351
f 3325 3324 3353
f 3353 3324 3327
f 3353 3327 3354
f 3354 3327 3355
f 3327 3326 3355
f 3355 3326 3329
f 3355 3329 3356
f 3356 3329 3357
f 3329 3328 3357
f 3357 3328 3331
f 3357 3331 3358
f 3358 3331 3359
f 3331 3330 3359
f 3359 3330 3333
f 3333 3332 3360
f 3360 3334 3262
f 3360 3262 3263
f 3256 3255 3338
f 3256 3338 3336
f 3338 3337 3336
f 3336 3335 3361
f 3361 3335 3342
f 3361 3342 3362
f 3362 3342 3341
f 3362 3341 3363
f 3363 3341 3340
f 3363 3340 3364
f 3364 3340 3339
f 3364 3339 3437
f 3437 3339 3346
f 3346 3345 3433
f 3433 3345 3344
f 3433 3344 3365
f 3365 3344 3343
f 3349 3366 3350
f 3350 3366 3367
f 3350 3367 3343
f 3343 3367 3365
f 3347 3493 3348
f 3348 3493 3368
f 3348 3368 3349
f 3349 3368 3494
f 3349 3494 3366
f 3369 3370 3371
f 3372 3373 3426
f 3355 3356 3374
f 3375 3376 3377
f 3357 3358 3378
f 3379 3380 3381
f 3359 3333 3382
f 3383 3384 3385
f 3386 3382 3263
f 3386 3263 3387
f 3388 3387 3263
f 3389 3388 3263
f 3390 3389 3263
f 3391 3390 3263
f 3392 3391 3263
f 3393 3392 3263
f 3394 3393 3263
f 3395 3394 3263
f 3396 3395 3263
f 3397 3396 3263
f 3263 3398 3399
f 3399 3398 3400
f 3397 3263 3399
f 3333 3360 3382
f 3382 3360 3263
f 3358 3359 3378
f 3378 3359 3382
f 3378 3382 3401
f 3401 3382 3386
f 3401 3386 3402
f 3402 3386 3387
f 3402 3387 3403
f 3403 3387 3388
f 3403 3388 3404
f 3404 3388 3389
f 3404 3389 3405
f 3405 3389 3390
f 3405 3390 3406
f 3406 3390 3391
f 3406 3391 3407
f 3407 3391 3392
f 3407 3392 3408
f 3408 3392 3393
f 3408 3393 3409
f 3409 3393 3394
f 3409 3394 3410
f 3410 3394 3395
f 3410 3395 3411
f 3411 3395 3396
f 3411 3396 3412
f 3412 3396 3397
f 3412 3397 3385
f 3385 3397 3399
f 3385 3399 3383
f 3383 3399 3400
f 3384 3379 3385
f 3385 3379 3381
f 3385 3381 3412
f 3412 3381 3413
f 3412 3413 3411
f 3411 3413 3414
f 3411 3414 3410
f 3410 3414 3415
f 3410 3415 3409
f 3409 3415 3416
f 3409 3416 3408
f 3408 3416 3417
f 3408 3417 3407
f 3407 3417 3418
f 3407 3418 3406
f 3406 3418 3419
f 3406 3419 3405
f 3405 3419 3420
f 3405 3420 3404
f 3404 3420 3421
f 3404 3421 3403
f 3403 3421 3422
f 3403 3422 3402
f 3402 3422 3423
f 3402 3423 3401
f 3401 3423 3424
f 3401 3424 3378
f 3378 3424 3374
f 3378 3374 3357
f 3357 3374 3356
f 3380 3375 3381
f 3381 3375 3377
f 3381 3377 3413
f 3413 3377 3414
f 3414 3377 3415
f 3415 3377 3416
f 3416 3377 3417
f 3417 3377 3418
f 3418 3377 3419
f 3419 3377 3420
f 3420 3377 3421
f 3421 3377 3422
f 3422 3377 3423
f 3423 3377 3424
f 3424 3377 3425
f 3424 3425 3374
f 3374 3425 3355
f 3425 3353 3354
f 3425 3354 3355
f 3376 3372 3377
f 3377 3372 3426
f 3377 3430 3425
f 3430 3351 3425
f 3377 3426 3430
f 3429 3352 3430
f 3431 3430 3426
f 3431 3426 3371
f 3371 3426 3428
f 3428 3426 3427
f 3431 3371 3370
f 3643 3430 3431
f 3643 3431 3432
f 3368 3493 3494
f 3434 3435 3436
f 3438 3439 3440
f 3363 3364 3441
f 3361 3362 3442
f 3443 3444 3256
f 3445 3446 3256
f 3445 3256 3447
f 3448 3447 3256
f 3449 3448 3256
f 3450 3449 3256
f 3451 3450 3256
f 3452 3451 3256
f 3453 3452 3256
f 3454 3453 3256
f 3455 3454 3256
f 3256 3336 3456
f 3455 3256 3456
f 3457 3458 3444
f 3444 3458 3459
f 3459 3460 3444
f 3444 3460 3256
f 3446 3443 3256
f 3439 3457 3440
f 3440 3457 3444
f 3440 3444 3461
f 3461 3444 3443
f 3461 3443 3462
f 3462 3443 3446
f 3462 3446 3463
f 3463 3446 3445
f 3463 3445 3464
f 3464 3445 3447
f 3464 3447 3465
f 3465 3447 3448
f 3465 3448 3466
f 3466 3448 3449
f 3466 3449 3467
f 3467 3449 3450
f 3467 3450 3468
f 3468 3450 3451
f 3468 3451 3469
f 3469 3451 3452
f 3469 3452 3470
f 3470 3452 3453
f 3470 3453 3471
f 3471 3453 3454
f 3471 3454 3472
f 3472 3454 3455
f 3472 3455 3442
f 3442 3455 3456
f 3442 3456 3361
f 3361 3456 3336
f 3362 3363 3442
f 3442 3363 3441
f 3442 3441 3472
f 3472 3441 3473
f 3472 3473 3471
f 3471 3473 3474
f 3471 3474 3470
f 3470 3474 3475
f 3470 3475 3469
f 3469 3475 3476
f 3469 3476 3468
f 3468 3476 3477
f 3468 3477 3467
f 3467 3477 3478
f 3467 3478 3466
f 3466 3478 3479
f 3466 3479 3465
f 3465 3479 3480
f 3465 3480 3464
f 3464 3480 3481
f 3464 3481 3463
f 3463 3481 3482
f 3463 3482 3462
f 3462 3482 3483
f 3462 3483 3461
f 3461 3483 3484
f 3461 3484 3440
f 3440 3484 3436
f 3440 3436 3438
f 3438 3436 3435
f 3364 3437 3441
f 3441 3437 3473
f 3473 3437 3474
f 3474 3437 3475
f 3475 3437 3476
f 3476 3437 3477
f 3477 3437 3478
f 3478 3437 3479
f 3479 3437 3485
f 3479 3485 3480
f 3480 3485 3481
f 3481 3485 3482
f 3482 3485 3483
f 3483 3485 3484
f 3484 3485 3436
f 3436 3485 3434
f 3487 3486 3485
f 3367 3433 3365
f 3346 3433 3437
f 3437 3433 3367
f 3437 3367 3494
f 3485 3437 3487
f 3488 3489 3487
f 3437 3494 3487
f 3491 3490 3493
f 3493 3490 3488
f 3493 3488 3487
f 3493 3487 3494
f 3366 3494 3367
f 3495 3432 3496
f 3496 3432 3431
f 3496 3431 3370
f 3496 3370 3497
f 3497 3370 3369
f 3497 3369 3498
f 3369 3371 3498
f 3498 3371 3428
f 3498 3428 3499
f 3499 3428 3427
f 3499 3427 3500
f 3427 3426 3500
f 3500 3426 3373
f 3500 3373 3501
f 3501 3373 3372
f 3501 3372 3502
f 3502 3372 3376
f 3502 3376 3503
f 3503 3376 3375
f 3503 3375 3504
f 3504 3375 3380
f 3504 3380 3505
f 3505 3380 3379
f 3505 3379 3506
f 3506 3379 3384
f 3506 3384 3507
f 3507 3384 3383
f 3507 3383 3508
f 3508 3383 3400
f 3508 3400 3509
f 3509 3400 3398
f 3509 3398 3257
f 3257 3398 3263
f 3487 3489 3500
f 3256 3460 3257
f 3257 3460 3459
f 3257 3459 3509
f 3457 3507 3508
f 3509 3459 3508
f 3508 3459 3458
f 3508 3458 3457
f 3438 3505 3506
f 3507 3457 3506
f 3506 3457 3439
f 3506 3439 3438
f 3434 3503 3504
f 3505 3438 3504
f 3504 3438 3435
f 3504 3435 3434
f 3486 3501 3502
f 3503 3434 3502
f 3502 3434 3485
f 3502 3485 3486
f 3501 3486 3500
f 3500 3486 3487
f 3488 3498 3489
f 3489 3498 3499
f 3489 3499 3500
f 3493 3492 3496
f 3496 3492 3495
f 3498 3488 3490
f 3498 3490 3497
f 3497 3490 3491
f 3497 3491 3496
f 3496 3491 3493
f 3647 3510 3511
f 3305 3512 2
f 2 3512 3515
f 3513 3514 3512
f 3512 3514 3515
f 3516 3517 3518
f 3518 3519 3516
f 3516 3519 3520
f 3516 3520 3513
f 3513 3520 3521
f 3513 3521 3514
f 3511 3510 3522
f 3510 3523 3522
f 3522 3523 3524
f 3522 3524 3517
f 3517 3524 3525
f 3517 3525 3518
f 3526 3543 3527
f 3526 3527 3511
f 3511 3527 3647
f 3297 3296 3528
f 3528 3296 3650
f 3528 3650 3529
f 3528 3529 3526
f 3526 3529 3543
f 3305 3318 3512
f 3512 3318 3513
f 3530 3531 3532
f 3513 3318 3516
f 3531 3533 3532
f 3532 3533 3317
f 3516 3318 3517
f 3533 3534 3317
f 3517 3318 3522
f 3534 3535 3317
f 3532 3317 3305
f 3522 3318 3511
f 3535 3536 3317
f 3511 3318 3526
f 3536 3537 3317
f 3526 3318 3528
f 3537 3309 3317
f 3528 3318 3297
f 1 2 3538
f 1 3538 3539
f 3539 3538 3540
f 3539 3540 3542
f 3542 3540 3541
f 3347 3309 3544
f 3544 3309 3537
f 3544 3537 3545
f 3545 3537 3546
f 3546 3537 3536
f 3546 3536 3547
f 3547 3536 3548
f 3548 3536 3535
f 3548 3535 3550
f 3534 3549 3535
f 3535 3549 3550
f 3533 3531 3551
f 3551 3552 3533
f 3533 3552 3553
f 3533 3553 3534
f 3534 3553 3554
f 3534 3554 3549
f 3555 3556 3530
f 3530 3556 3557
f 3530 3557 3531
f 3531 3557 3558
f 3531 3558 3551
f 3530 3532 3555
f 3555 3532 30
f 3555 30 29
f 3658 3280 3559
f 3559 3280 3560
f 3559 3560 3655
f 3561 3654 3562
f 3561 3562 3560
f 3560 3562 3655
f 3654 3561 3563
f 3563 3561 3564
f 3563 3564 3653
f 3565 3566 3564
f 3564 3566 3653
f 3567 3568 3565
f 3565 3568 3657
f 3565 3657 3566
f 3569 3570 3567
f 3567 3570 3652
f 3567 3652 3568
f 3571 3572 3569
f 3569 3572 3656
f 3569 3656 3570
f 3573 3542 3571
f 3571 3542 3572
f 3571 3574 3573
f 3573 3574 10
f 3573 10 1
f 3555 29 3556
f 3556 29 50
f 3556 50 3557
f 3557 50 3558
f 3558 50 3575
f 3558 3575 3551
f 3551 3575 3552
f 3552 3575 3576
f 3552 3576 3553
f 3553 3576 3554
f 3554 3576 3577
f 3554 3577 3549
f 3549 3577 3550
f 3550 3577 3593
f 3550 3593 3548
f 3548 3593 3578
f 3548 3578 3547
f 3547 3578 3546
f 3546 3578 3579
f 3546 3579 3545
f 3545 3579 3544
f 3544 3579 3493
f 3544 3493 3347
f 3308 3580 3590
f 3305 3590 3581
f 3305 3581 3306
f 3306 3581 3582
f 3306 3582 3280
f 3280 3582 3560
f 3580 3583 3590
f 3560 3582 3561
f 3583 3584 3590
f 3561 3582 3564
f 3584 3585 3590
f 3564 3582 3565
f 3585 3586 3590
f 3565 3582 3567
f 3586 3587 3590
f 3567 3582 3569
f 3587 3588 3590
f 3569 3582 3571
f 3588 3589 3590
f 3571 3582 3574
f 3589 39 3590
f 3590 39 49
f 3581 3574 3582
f 3493 3593 3492
f 3492 3593 3591
f 3579 3578 3493
f 3591 3593 3592
f 3578 3593 3493
f 3592 3593 3594
f 3593 3597 3594
f 3594 3597 3595
f 3577 3576 3593
f 3595 3597 3596
f 3576 3575 3593
f 3596 3597 3598
f 3575 50 3593
f 3598 3597 3599
f 3597 3593 50
f 3597 3600 3599
f 3597 50 22
f 3597 15 3600
f 39 3589 40
f 40 3589 3634
f 3634 3589 3601
f 3601 3589 3588
f 3601 3588 3602
f 3602 3588 3603
f 3603 3588 3587
f 3603 3587 3604
f 3604 3587 3605
f 3605 3587 3586
f 3605 3586 3606
f 3606 3586 3607
f 3607 3586 3585
f 3607 3585 3608
f 3608 3585 3609
f 3609 3585 3584
f 3609 3584 3631
f 3631 3584 3610
f 3610 3584 3583
f 3610 3583 3611
f 3611 3583 3612
f 3612 3583 3580
f 3612 3580 3630
f 3630 3580 3613
f 3613 3580 3308
f 3613 3308 3323
f 3592 3614 3591
f 3591 3614 3615
f 3591 3615 3492
f 3492 3615 3616
f 3492 3616 3495
f 3594 3617 3592
f 3592 3617 3618
f 3592 3618 3614
f 3595 3619 3594
f 3594 3619 3620
f 3594 3620 3617
f 3596 3621 3595
f 3595 3621 3622
f 3595 3622 3619
f 3598 3623 3596
f 3596 3623 3624
f 3596 3624 3621
f 3599 3625 3598
f 3598 3625 3626
f 3598 3626 3623
f 3627 3628 3599
f 3599 3628 3629
f 3599 3629 3625
f 3599 3600 3627
f 3627 3600 8
f 3627 8 47
f 3323 3429 3613
f 3613 3429 3630
f 3612 3630 3611
f 3611 3630 3610
f 3610 3630 3631
f 3632 3608 3631
f 3631 3608 3609
f 3633 3602 3604
f 3604 3605 3633
f 3633 3605 3606
f 3633 3606 3632
f 3632 3606 3607
f 3632 3607 3608
f 3634 3601 3644
f 3644 3601 3602
f 3602 3603 3604
f 3634 3644 40
f 3645 3635 47
f 47 3635 3627
f 3636 3637 3626
f 3626 3625 3636
f 3636 3625 3629
f 3636 3629 3635
f 3635 3629 3628
f 3635 3628 3627
f 3638 3639 3622
f 3622 3621 3638
f 3638 3621 3624
f 3638 3624 3637
f 3637 3624 3623
f 3637 3623 3626
f 3640 3641 3618
f 3618 3617 3640
f 3640 3617 3620
f 3640 3620 3639
f 3639 3620 3619
f 3639 3619 3622
f 3642 3432 3495
f 3495 3616 3642
f 3642 3616 3615
f 3642 3615 3641
f 3641 3615 3614
f 3641 3614 3618
f 3432 3642 3643
f 3430 3643 3429
f 3429 3643 3630
f 3642 3641 3643
f 3641 3640 3643
f 3630 3643 3631
f 3640 3639 3643
f 3631 3643 3632
f 3639 3638 3643
f 3643 3646 3632
f 3632 3646 3633
f 3638 3637 3643
f 3633 3646 3602
f 3637 3636 3643
f 3643 3636 41
f 3643 41 3646
f 3646 3644 3602
f 3636 3635 41
f 41 3635 3645
f 3646 41 3644
f 3644 41 46
f 3543 3529 3650
f 3543 3647 3527
f 3648 3524 3647
f 3647 3524 3523
f 3647 3523 3510
f 3649 3518 3648
f 3648 3518 3525
f 3648 3525 3524
f 3521 3520 3649
f 3649 3520 3519
f 3649 3519 3518
f 3540 3515 3541
f 3515 3514 3521
f 3540 3538 3515
f 3515 3538 2
f 3647 3649 3648
f 3521 3649 3515
f 3647 3543 3649
f 3649 3543 3541
f 3649 3541 3515
f 3282 3651 3284
f 3284 3651 3286
f 3286 3651 3288
f 3288 3651 3290
f 3290 3651 3292
f 3292 3651 3294
f 3294 3651 3296
f 3651 3543 3650
f 3651 3650 3296
f 3282 3660 3651
f 3651 3660 3543
f 3543 3660 3659
f 3655 3658 3559
f 3655 3562 3654
f 3654 3563 3653
f 3653 3566 3657
f 3657 3568 3652
f 3652 3570 3656
f 3659 3541 3543
f 3542 3656 3572
f 3658 3655 3654
f 3658 3654 3653
f 3658 3653 3659
f 3659 3653 3657
f 3657 3652 3656
f 3659 3542 3541
f 3542 3573 1
f 1 3539 3542
f 3659 3657 3656
f 3659 3656 3542
f 3279 3658 3659
f 3279 3659 3277
f 3277 3659 3275
f 3275 3659 3273
f 3273 3659 3271
f 3271 3659 3660
f 3271 3660 3269
f 3269 3660 3267
f 3267 3660 3265
f 3265 3660 3258
f 3661 3662 3663
f 3664 4461 3665
f 4267 3732 3731
f 4267 3731 3712
f 3712 3731 3666
f 3712 3666 3667
f 3667 3666 3663
f 3663 3666 3668
f 3663 3668 3661
f 3661 3668 3669
f 3670 3671 3672
f 3673 3670 3674
f 3674 3670 3672
f 3674 3672 3675
f 3984 3937 3948
f 3984 3948 3996
f 3984 3996 4397
f 4397 3676 4401
f 4401 3676 3983
f 3983 3676 3677
f 3983 3677 3673
f 3673 3677 3670
f 4461 3664 4472
f 4461 4472 3678
f 3679 4472 3664
f 3679 3664 3665
f 3680 4470 3681
f 3680 3681 3682
f 3682 3681 3683
f 3682 3683 3679
f 3679 3683 4472
f 3684 3685 3686
f 3686 3685 3687
f 3686 3687 3688
f 3688 3687 3689
f 3688 3689 3680
f 3680 3689 4470
f 3684 3678 3685
f 3678 3684 3690
f 3690 3684 3691
f 3690 3691 3692
f 3692 3691 3693
f 3692 3693 3694
f 3694 3693 3695
f 3695 3693 3696
f 3695 3696 4466
f 3697 3724 3698
f 4462 3700 3699
f 3699 3700 3733
f 3699 3733 4461
f 3700 4462 3701
f 3700 3701 3702
f 3702 3701 3703
f 4465 3704 3705
f 3705 3704 3702
f 3705 3702 3703
f 3704 4465 3706
f 3704 3706 3707
f 3707 3706 3708
f 3707 3708 3698
f 3698 3708 4464
f 3698 4464 3697
f 3724 3697 3709
f 3709 3697 4463
f 3709 4463 3710
f 3679 3665 3682
f 3711 3713 3712
f 3712 3713 4271
f 3712 4271 4267
f 4267 3718 3665
f 3665 3718 3682
f 3682 3718 3680
f 3713 3714 4271
f 3680 3718 3688
f 3714 3715 4271
f 3688 3718 3686
f 3715 3716 4271
f 3686 3718 3684
f 3716 3717 4271
f 3684 3718 3691
f 3717 3719 4271
f 3691 3718 3693
f 3719 3720 4271
f 3693 3718 3696
f 3721 3722 3731
f 3722 3725 3731
f 3725 3726 3731
f 3724 3723 3698
f 3698 3723 3707
f 3726 3727 3731
f 3707 3723 3704
f 3727 3728 3731
f 3704 3723 3702
f 3728 3729 3731
f 3702 3723 3700
f 3729 3730 3731
f 3723 3733 3700
f 3730 3734 3731
f 3734 3666 3731
f 3732 4267 3723
f 3723 4267 3665
f 3723 3665 3733
f 3733 3665 4461
f 3717 3735 3719
f 3719 3735 3736
f 3719 3736 3720
f 3720 3736 3737
f 3720 3737 3738
f 3716 3739 3717
f 3717 3739 3740
f 3717 3740 3735
f 3715 3741 3716
f 3716 3741 3742
f 3716 3742 3739
f 3714 3743 3715
f 3715 3743 3744
f 3715 3744 3741
f 3713 3745 3714
f 3714 3745 3746
f 3714 3746 3743
f 3711 3747 3713
f 3713 3747 3748
f 3713 3748 3745
f 3749 3775 3711
f 3711 3775 3747
f 3711 3712 3749
f 3749 3712 3667
f 3749 3667 3663
f 3666 3734 3668
f 3668 3734 3753
f 3730 3729 3750
f 3750 3751 3730
f 3730 3751 3752
f 3730 3752 3734
f 3734 3752 3753
f 3728 3727 3754
f 3754 3755 3728
f 3728 3755 3756
f 3728 3756 3729
f 3729 3756 3757
f 3729 3757 3750
f 3726 3725 3758
f 3758 3759 3726
f 3726 3759 3760
f 3726 3760 3727
f 3727 3760 3761
f 3727 3761 3754
f 3722 3721 3762
f 3762 3763 3722
f 3722 3763 3764
f 3722 3764 3725
f 3725 3764 3765
f 3725 3765 3758
f 3844 3736 3766
f 3766 3736 3735
f 3766 3735 3740
f 3736 3844 3767
f 3736 3767 3737
f 3737 3767 3846
f 3737 3846 3738
f 3768 3840 3740
f 3740 3840 3766
f 3740 3739 3768
f 3768 3739 3742
f 3768 3742 3769
f 3769 3742 3770
f 3742 3741 3770
f 3770 3741 3744
f 3770 3744 3771
f 3771 3744 3772
f 3744 3743 3772
f 3772 3743 3746
f 3772 3746 3773
f 3773 3746 3774
f 3746 3745 3774
f 3774 3745 3748
f 3748 3747 3775
f 3775 3749 3663
f 3775 3663 3662
f 3669 3668 3753
f 3669 3753 3751
f 3753 3752 3751
f 3751 3750 3776
f 3776 3750 3757
f 3776 3757 3777
f 3777 3757 3756
f 3777 3756 3778
f 3778 3756 3755
f 3778 3755 3779
f 3779 3755 3754
f 3779 3754 3852
f 3852 3754 3761
f 3761 3760 3848
f 3848 3760 3759
f 3848 3759 3780
f 3780 3759 3758
f 3764 3781 3765
f 3765 3781 3782
f 3765 3782 3758
f 3758 3782 3780
f 3762 3908 3763
f 3763 3908 3783
f 3763 3783 3764
f 3764 3783 3909
f 3764 3909 3781
f 3784 3785 3786
f 3787 3788 3841
f 3770 3771 3789
f 3790 3791 3792
f 3772 3773 3793
f 3794 3795 3796
f 3774 3748 3797
f 3798 3799 3800
f 3801 3797 3662
f 3801 3662 3802
f 3803 3802 3662
f 3804 3803 3662
f 3805 3804 3662
f 3806 3805 3662
f 3807 3806 3662
f 3808 3807 3662
f 3809 3808 3662
f 3810 3809 3662
f 3811 3810 3662
f 3812 3811 3662
f 3662 3813 3814
f 3814 3813 3815
f 3812 3662 3814
f 3748 3775 3797
f 3797 3775 3662
f 3773 3774 3793
f 3793 3774 3797
f 3793 3797 3816
f 3816 3797 3801
f 3816 3801 3817
f 3817 3801 3802
f 3817 3802 3818
f 3818 3802 3803
f 3818 3803 3819
f 3819 3803 3804
f 3819 3804 3820
f 3820 3804 3805
f 3820 3805 3821
f 3821 3805 3806
f 3821 3806 3822
f 3822 3806 3807
f 3822 3807 3823
f 3823 3807 3808
f 3823 3808 3824
f 3824 3808 3809
f 3824 3809 3825
f 3825 3809 3810
f 3825 3810 3826
f 3826 3810 3811
f 3826 3811 3827
f 3827 3811 3812
f 3827 3812 3800
f 3800 3812 3814
f 3800 3814 3798
f 3798 3814 3815
f 3799 3794 3800
f 3800 3794 3796
f 3800 3796 3827
f 3827 3796 3828
f 3827 3828 3826
f 3826 3828 3829
f 3826 3829 3825
f 3825 3829 3830
f 3825 3830 3824
f 3824 3830 3831
f 3824 3831 3823
f 3823 3831 3832
f 3823 3832 3822
f 3822 3832 3833
f 3822 3833 3821
f 3821 3833 3834
f 3821 3834 3820
f 3820 3834 3835
f 3820 3835 3819
f 3819 3835 3836
f 3819 3836 3818
f 3818 3836 3837
f 3818 3837 3817
f 3817 3837 3838
f 3817 3838 3816
f 3816 3838 3839
f 3816 3839 3793
f 3793 3839 3789
f 3793 3789 3772
f 3772 3789 3771
f 3795 3790 3796
f 3796 3790 3792
f 3796 3792 3828
f 3828 3792 3829
f 3829 3792 3830
f 3830 3792 3831
f 3831 3792 3832
f 3832 3792 3833
f 3833 3792 3834
f 3834 3792 3835
f 3835 3792 3836
f 3836 3792 3837
f 3837 3792 3838
f 3838 3792 3839
f 3839 3792 3840
f 3839 3840 3789
f 3789 3840 3770
f 3840 3768 3769
f 3840 3769 3770
f 3791 3787 3792
f 3792 3787 3841
f 3792 3844 3840
f 3844 3766 3840
f 3792 3841 3844
f 3846 3767 3844
f 3845 3844 3841
f 3845 3841 3786
f 3786 3841 3843
f 3843 3841 3842
f 3845 3786 3785
f 4323 3845 3847
f 3783 3908 3909
f 3849 3850 3851
f 3853 3854 3855
f 3778 3779 3856
f 3857 3858 3859
f 3776 3777 3860
f 3861 3859 3669
f 3861 3669 3862
f 3863 3862 3669
f 3864 3863 3669
f 3865 3864 3669
f 3866 3865 3669
f 3867 3866 3669
f 3868 3867 3669
f 3869 3868 3669
f 3870 3869 3669
f 3871 3870 3669
f 3872 3871 3669
f 3669 3751 3873
f 3872 3669 3873
f 3858 3874 3859
f 3859 3874 3875
f 3859 3875 3669
f 3854 3857 3855
f 3855 3857 3859
f 3855 3859 3876
f 3876 3859 3861
f 3876 3861 3877
f 3877 3861 3862
f 3877 3862 3878
f 3878 3862 3863
f 3878 3863 3879
f 3879 3863 3864
f 3879 3864 3880
f 3880 3864 3865
f 3880 3865 3881
f 3881 3865 3866
f 3881 3866 3882
f 3882 3866 3867
f 3882 3867 3883
f 3883 3867 3868
f 3883 3868 3884
f 3884 3868 3869
f 3884 3869 3885
f 3885 3869 3870
f 3885 3870 3886
f 3886 3870 3871
f 3886 3871 3887
f 3887 3871 3872
f 3887 3872 3860
f 3860 3872 3873
f 3860 3873 3776
f 3776 3873 3751
f 3777 3778 3860
f 3860 3778 3856
f 3860 3856 3887
f 3887 3856 3888
f 3887 3888 3886
f 3886 3888 3889
f 3886 3889 3885
f 3885 3889 3890
f 3885 3890 3884
f 3884 3890 3891
f 3884 3891 3883
f 3883 3891 3892
f 3883 3892 3882
f 3882 3892 3893
f 3882 3893 3881
f 3881 3893 3894
f 3881 3894 3880
f 3880 3894 3895
f 3880 3895 3879
f 3879 3895 3896
f 3879 3896 3878
f 3878 3896 3897
f 3878 3897 3877
f 3877 3897 3898
f 3877 3898 3876
f 3876 3898 3899
f 3876 3899 3855
f 3855 3899 3851
f 3855 3851 3853
f 3853 3851 3850
f 3779 3852 3856
f 3856 3852 3888
f 3888 3852 3889
f 3889 3852 3890
f 3890 3852 3891
f 3891 3852 3892
f 3892 3852 3893
f 3893 3852 3894
f 3894 3852 3900
f 3894 3900 3895
f 3895 3900 3896
f 3896 3900 3897
f 3897 3900 3898
f 3898 3900 3899
f 3899 3900 3851
f 3851 3900 3849
f 3902 3901 3900
f 3782 3848 3780
f 3761 3848 3852
f 3852 3848 3782
f 3852 3782 3909
f 3900 3852 3902
f 3903 3904 3902
f 3852 3909 3902
f 3906 3905 3908
f 3908 3905 3903
f 3908 3903 3902
f 3908 3902 3909
f 3781 3909 3782
f 3910 3847 3911
f 3911 3847 3845
f 3911 3845 3785
f 3911 3785 3912
f 3912 3785 3784
f 3912 3784 3913
f 3784 3786 3913
f 3913 3786 3843
f 3913 3843 3914
f 3914 3843 3842
f 3914 3842 3915
f 3842 3841 3915
f 3915 3841 3788
f 3915 3788 3916
f 3916 3788 3787
f 3916 3787 3917
f 3917 3787 3791
f 3917 3791 3918
f 3918 3791 3790
f 3918 3790 3919
f 3919 3790 3795
f 3919 3795 3920
f 3920 3795 3794
f 3920 3794 3921
f 3921 3794 3799
f 3921 3799 3922
f 3922 3799 3798
f 3922 3798 3923
f 3923 3798 3815
f 3923 3815 3924
f 3924 3815 3813
f 3924 3813 3661
f 3661 3813 3662
f 3902 3904 3915
f 3669 3875 3661
f 3661 3875 3874
f 3661 3874 3924
f 3857 3922 3923
f 3924 3874 3923
f 3923 3874 3858
f 3923 3858 3857
f 3853 3920 3921
f 3922 3857 3921
f 3921 3857 3854
f 3921 3854 3853
f 3849 3918 3919
f 3920 3853 3919
f 3919 3853 3850
f 3919 3850 3849
f 3901 3916 3917
f 3918 3849 3917
f 3917 3849 3900
f 3917 3900 3901
f 3916 3901 3915
f 3915 3901 3902
f 3903 3913 3904
f 3904 3913 3914
f 3904 3914 3915
f 3908 3907 3911
f 3911 3907 3910
f 3913 3903 3905
f 3913 3905 3912
f 3912 3905 3906
f 3912 3906 3911
f 3911 3906 3908
f 4490 3927 3928
f 4490 3928 3929
f 3929 3928 3930
f 3929 3930 3931
f 3931 3930 3932
f 3931 3932 4488
f 4488 3932 3925
f 4488 3925 3937
f 3933 4489 3934
f 4487 3935 3936
f 3984 3938 4488
f 3936 3935 3938
f 3938 3935 4488
f 3939 3940 3941
f 3941 3940 3942
f 3941 3942 3936
f 3936 3942 4487
f 3941 3985 3939
f 3939 3985 3943
f 3939 3943 4491
f 4491 3943 3934
f 3934 3943 3986
f 3934 3986 3933
f 4489 3933 3944
f 3944 3933 3945
f 3944 3945 4480
f 4476 3947 3946
f 3946 3947 3948
f 3946 3948 3937
f 3947 4476 3949
f 3947 3949 3950
f 3949 3927 3950
f 3950 3927 3951
f 3950 3951 3952
f 3952 3951 3953
f 3952 3953 3954
f 3952 3954 3955
f 3954 4479 3955
f 3955 4479 3956
f 4477 3957 3956
f 3956 3957 3993
f 3956 3993 3955
f 3957 4477 3958
f 3957 3958 3959
f 3958 3960 3959
f 3959 3960 3961
f 3959 3961 3962
f 3962 3961 4478
f 3962 4478 3963
f 3964 3965 4405
f 3969 3970 3968
f 3971 3972 3973
f 3974 3975 3976
f 3977 3978 3979
f 3980 3981 3982
f 3983 3980 3982
f 3983 3982 4401
f 3981 3977 3982
f 3982 3977 3979
f 3982 3979 4401
f 3938 3984 3936
f 3978 3974 3979
f 3979 3974 3976
f 3979 3976 4401
f 3984 3985 3936
f 3936 3985 3941
f 3975 3971 3976
f 3976 3971 3973
f 3976 3973 4401
f 3972 3969 3973
f 3973 3969 3968
f 3973 3968 4401
f 3984 4397 3985
f 3985 3986 3943
f 3968 3966 3967
f 3968 3967 4401
f 3967 3964 4405
f 3967 4405 4401
f 3933 3986 3945
f 3987 3988 3676
f 3962 3990 3959
f 3988 3991 3676
f 3959 3990 3957
f 3991 3992 3676
f 3990 3993 3957
f 3992 3994 3676
f 3994 3995 3676
f 3990 3996 3993
f 3993 3996 3955
f 3955 3996 3952
f 3995 3997 3676
f 3952 3996 3950
f 3997 3998 3676
f 3989 3676 3996
f 3989 3996 3990
f 3950 3996 3947
f 3998 3999 3676
f 3947 3996 3948
f 3999 3677 3676
f 3996 3676 4397
f 4000 3965 4001
f 4001 3965 3964
f 4001 3964 4002
f 4002 3964 4003
f 4003 3964 3967
f 4003 3967 3966
f 3968 4004 3966
f 3966 4004 4005
f 3966 4005 4003
f 3969 4006 3970
f 3970 4006 4004
f 3970 4004 3968
f 4007 4008 3969
f 3969 4008 4006
f 3969 3972 4007
f 4007 3972 3971
f 4007 3971 4009
f 4009 3971 4010
f 3971 3975 4010
f 4010 3975 3974
f 4010 3974 4011
f 4011 3974 3978
f 4011 3978 4012
f 4012 3978 3977
f 4012 3977 4013
f 4013 3977 3981
f 4013 3981 3980
f 3983 4014 3980
f 3980 4014 4015
f 3980 4015 4013
f 4014 3983 3673
f 4014 3673 3674
f 3677 3999 3670
f 3670 3999 4019
f 3998 3997 4016
f 4016 4017 3998
f 3998 4017 4018
f 3998 4018 3999
f 3999 4018 4019
f 3995 3994 4020
f 4020 4021 3995
f 3995 4021 4022
f 3995 4022 3997
f 3997 4022 4023
f 3997 4023 4016
f 3992 3991 4024
f 4024 4025 3992
f 3992 4025 4026
f 3992 4026 3994
f 3994 4026 4027
f 3994 4027 4020
f 3988 3987 4028
f 4028 4029 3988
f 3988 4029 4030
f 3988 4030 3991
f 3991 4030 4031
f 3991 4031 4024
f 4109 4001 4032
f 4032 4001 4002
f 4032 4002 4003
f 4001 4109 4033
f 4001 4033 4000
f 4000 4033 4112
f 4034 4107 4003
f 4003 4107 4032
f 4003 4005 4034
f 4034 4005 4004
f 4034 4004 4035
f 4035 4004 4036
f 4004 4006 4036
f 4036 4006 4008
f 4036 4008 4037
f 4037 4008 4038
f 4038 4008 4007
f 4038 4007 4039
f 4007 4009 4039
f 4039 4009 4010
f 4039 4010 4040
f 4040 4010 4011
f 4040 4011 4012
f 4015 4041 4013
f 4013 4041 4012
f 4012 4041 4040
f 4015 4014 4041
f 4041 4014 3674
f 4041 3674 3675
f 3671 3670 4019
f 3671 4019 4017
f 4019 4018 4017
f 4017 4016 4042
f 4042 4016 4023
f 4042 4023 4043
f 4043 4023 4022
f 4043 4022 4044
f 4044 4022 4021
f 4044 4021 4045
f 4045 4021 4020
f 4045 4020 4118
f 4118 4020 4027
f 4027 4026 4114
f 4114 4026 4025
f 4114 4025 4046
f 4046 4025 4024
f 4030 4047 4031
f 4031 4047 4048
f 4031 4048 4024
f 4024 4048 4046
f 4028 4174 4029
f 4029 4174 4049
f 4029 4049 4030
f 4030 4049 4175
f 4030 4175 4047
f 4050 4051 4110
f 4052 4053 4105
f 4054 4055 4104
f 4056 4057 4058
f 4040 4041 4059
f 4060 4061 4062
f 4063 4059 3675
f 4063 3675 4064
f 4065 4064 3675
f 4066 4065 3675
f 4067 4066 3675
f 4068 4067 3675
f 4069 4068 3675
f 4070 4069 3675
f 4071 4070 3675
f 4072 4071 3675
f 4073 4072 3675
f 4074 4073 3675
f 3675 4075 4076
f 4076 4075 4077
f 4074 3675 4076
f 4059 4041 3675
f 4078 4038 4039
f 4077 4060 4076
f 4076 4060 4062
f 4076 4062 4074
f 4074 4062 4079
f 4074 4079 4073
f 4073 4079 4080
f 4073 4080 4072
f 4072 4080 4081
f 4072 4081 4071
f 4071 4081 4082
f 4071 4082 4070
f 4070 4082 4083
f 4070 4083 4069
f 4069 4083 4084
f 4069 4084 4068
f 4068 4084 4085
f 4068 4085 4067
f 4067 4085 4086
f 4067 4086 4066
f 4066 4086 4087
f 4066 4087 4065
f 4065 4087 4088
f 4065 4088 4064
f 4064 4088 4089
f 4064 4089 4063
f 4063 4089 4090
f 4063 4090 4059
f 4059 4090 4078
f 4059 4078 4040
f 4040 4078 4039
f 4037 4038 4078
f 4037 4078 4091
f 4091 4078 4090
f 4091 4090 4092
f 4092 4090 4089
f 4092 4089 4093
f 4093 4089 4088
f 4093 4088 4094
f 4094 4088 4087
f 4094 4087 4095
f 4095 4087 4086
f 4095 4086 4096
f 4096 4086 4085
f 4096 4085 4097
f 4097 4085 4084
f 4097 4084 4098
f 4098 4084 4083
f 4098 4083 4099
f 4099 4083 4082
f 4099 4082 4100
f 4100 4082 4081
f 4100 4081 4101
f 4101 4081 4080
f 4101 4080 4102
f 4102 4080 4079
f 4102 4079 4058
f 4058 4079 4062
f 4058 4062 4056
f 4056 4062 4061
f 4035 4036 4037
f 4037 4091 4092
f 4037 4092 4103
f 4103 4092 4093
f 4103 4093 4094
f 4103 4094 4095
f 4103 4095 4096
f 4103 4096 4104
f 4104 4096 4097
f 4104 4097 4098
f 4104 4098 4099
f 4104 4099 4100
f 4104 4100 4101
f 4104 4101 4102
f 4104 4102 4058
f 4104 4058 4054
f 4054 4058 4057
f 4107 4034 4035
f 4107 4035 4037
f 4107 4037 4103
f 4107 4103 4104
f 4105 4104 4052
f 4052 4104 4055
f 4109 4032 4107
f 4109 4107 4111
f 4110 4107 4104
f 4110 4104 4105
f 4112 4033 4109
f 4110 4105 4108
f 4108 4105 4106
f 4111 4107 4110
f 4111 4110 4051
f 4455 4109 4111
f 4049 4174 4175
f 4115 4116 4117
f 4119 4120 4121
f 4044 4045 4122
f 4123 4124 4125
f 4042 4043 4126
f 4127 4125 3671
f 4127 3671 4128
f 4129 4128 3671
f 4130 4129 3671
f 4131 4130 3671
f 4132 4131 3671
f 4133 4132 3671
f 4134 4133 3671
f 4135 4134 3671
f 4136 4135 3671
f 4137 4136 3671
f 4138 4137 3671
f 3671 4017 4139
f 4138 3671 4139
f 4124 4140 4125
f 4125 4140 4141
f 4125 4141 3671
f 4120 4123 4121
f 4121 4123 4125
f 4121 4125 4142
f 4142 4125 4127
f 4142 4127 4143
f 4143 4127 4128
f 4143 4128 4144
f 4144 4128 4129
f 4144 4129 4145
f 4145 4129 4130
f 4145 4130 4146
f 4146 4130 4131
f 4146 4131 4147
f 4147 4131 4132
f 4147 4132 4148
f 4148 4132 4133
f 4148 4133 4149
f 4149 4133 4134
f 4149 4134 4150
f 4150 4134 4135
f 4150 4135 4151
f 4151 4135 4136
f 4151 4136 4152
f 4152 4136 4137
f 4152 4137 4153
f 4153 4137 4138
f 4153 4138 4126
f 4126 4138 4139
f 4126 4139 4042
f 4042 4139 4017
f 4043 4044 4126
f 4126 4044 4122
f 4126 4122 4153
f 4153 4122 4154
f 4153 4154 4152
f 4152 4154 4155
f 4152 4155 4151
f 4151 4155 4156
f 4151 4156 4150
f 4150 4156 4157
f 4150 4157 4149
f 4149 4157 4158
f 4149 4158 4148
f 4148 4158 4159
f 4148 4159 4147
f 4147 4159 4160
f 4147 4160 4146
f 4146 4160 4161
f 4146 4161 4145
f 4145 4161 4162
f 4145 4162 4144
f 4144 4162 4163
f 4144 4163 4143
f 4143 4163 4164
f 4143 4164 4142
f 4142 4164 4165
f 4142 4165 4121
f 4121 4165 4117
f 4121 4117 4119
f 4119 4117 4116
f 4045 4118 4122
f 4122 4118 4154
f 4154 4118 4155
f 4155 4118 4156
f 4156 4118 4157
f 4157 4118 4158
f 4158 4118 4159
f 4159 4118 4160
f 4160 4118 4166
f 4160 4166 4161
f 4161 4166 4162
f 4162 4166 4163
f 4163 4166 4164
f 4164 4166 4165
f 4165 4166 4117
f 4117 4166 4115
f 4168 4167 4166
f 4048 4114 4046
f 4027 4114 4118
f 4118 4114 4048
f 4118 4048 4175
f 4166 4118 4168
f 4169 4170 4168
f 4118 4175 4168
f 4172 4171 4174
f 4174 4171 4169
f 4174 4169 4168
f 4174 4168 4175
f 4047 4175 4048
f 4176 4113 4177
f 4177 4113 4111
f 4177 4111 4051
f 4177 4051 4178
f 4178 4051 4050
f 4178 4050 4179
f 4050 4110 4179
f 4179 4110 4108
f 4179 4108 4180
f 4180 4108 4106
f 4180 4106 4181
f 4106 4105 4181
f 4181 4105 4053
f 4181 4053 4182
f 4182 4053 4052
f 4182 4052 4183
f 4183 4052 4055
f 4183 4055 4184
f 4184 4055 4054
f 4184 4054 4185
f 4185 4054 4057
f 4185 4057 4186
f 4186 4057 4056
f 4186 4056 4187
f 4187 4056 4061
f 4187 4061 4188
f 4188 4061 4060
f 4188 4060 4189
f 4189 4060 4077
f 4189 4077 4190
f 4190 4077 4075
f 4190 4075 3672
f 3672 4075 3675
f 4168 4170 4181
f 3671 4141 3672
f 3672 4141 4140
f 3672 4140 4190
f 4123 4188 4189
f 4190 4140 4189
f 4189 4140 4124
f 4189 4124 4123
f 4119 4186 4187
f 4188 4123 4187
f 4187 4123 4120
f 4187 4120 4119
f 4115 4184 4185
f 4186 4119 4185
f 4185 4119 4116
f 4185 4116 4115
f 4167 4182 4183
f 4184 4115 4183
f 4183 4115 4166
f 4183 4166 4167
f 4182 4167 4181
f 4181 4167 4168
f 4169 4179 4170
f 4170 4179 4180
f 4170 4180 4181
f 4174 4173 4177
f 4177 4173 4176
f 4179 4169 4171
f 4179 4171 4178
f 4178 4171 4172
f 4178 4172 4177
f 4177 4172 4174
f 4458 4191 4192
f 4215 4193 7
f 7 4193 4196
f 4194 4195 4193
f 4193 4195 4196
f 4197 4198 4199
f 4199 4200 4197
f 4197 4200 4201
f 4197 4201 4194
f 4194 4201 4202
f 4194 4202 4195
f 4192 4191 4203
f 4191 4204 4203
f 4203 4204 4205
f 4203 4205 4198
f 4198 4205 4206
f 4198 4206 4199
f 4207 4457 4208
f 4207 4208 4192
f 4192 4208 4458
f 3709 3710 4209
f 4209 3710 4456
f 4209 4456 4210
f 4209 4210 4207
f 4207 4210 4457
f 4193 4215 4194
f 4212 4213 4211
f 4215 3723 4194
f 4194 3723 4197
f 4213 4214 4211
f 4197 3723 4198
f 4214 4216 4211
f 4211 4216 3731
f 4198 3723 4203
f 4216 4217 3731
f 4203 3723 4192
f 4217 4218 3731
f 4192 3723 4207
f 4218 4219 3731
f 4207 3723 4209
f 4219 3721 3731
f 4211 3731 3732
f 3732 3723 4215
f 3723 3724 4209
f 4209 3724 3709
f 43 7 4220
f 4220 3678 4467
f 3762 3721 4222
f 4222 3721 4219
f 4222 4219 4223
f 4223 4219 4224
f 4224 4219 4218
f 4224 4218 4225
f 4225 4218 4226
f 4226 4218 4217
f 4226 4217 4228
f 4216 4227 4217
f 4217 4227 4228
f 4214 4213 4229
f 4229 4230 4214
f 4214 4230 4231
f 4214 4231 4216
f 4216 4231 4232
f 4216 4232 4227
f 4233 4234 4212
f 4212 4234 4235
f 4212 4235 4213
f 4213 4235 4236
f 4213 4236 4229
f 4212 4211 4233
f 4233 4211 20
f 4233 20 19
f 4466 3696 4237
f 4237 3696 4238
f 4237 4238 4471
f 4239 4469 4240
f 4239 4240 4238
f 4238 4240 4471
f 4469 4239 4241
f 4241 4239 4242
f 4241 4242 4468
f 4243 4244 4242
f 4242 4244 4468
f 4245 4246 4243
f 4243 4246 4247
f 4243 4247 4244
f 4248 4249 4245
f 4245 4249 4467
f 4245 4467 4246
f 4250 4251 4248
f 4248 4251 4252
f 4248 4252 4249
f 4253 4221 4250
f 4250 4221 4251
f 4250 4254 4253
f 4253 4254 43
f 4233 19 4234
f 4234 19 18
f 4234 18 4235
f 4235 18 4236
f 4236 18 4255
f 4236 4255 4229
f 4229 4255 4230
f 4230 4255 4256
f 4230 4256 4231
f 4231 4256 4232
f 4232 4256 4257
f 4232 4257 4227
f 4227 4257 4228
f 4228 4257 4274
f 4228 4274 4226
f 4226 4274 4258
f 4226 4258 4225
f 4225 4258 4224
f 4224 4258 4259
f 4224 4259 4223
f 4223 4259 4222
f 4222 4259 3908
f 4222 3908 3762
f 3720 4260 4271
f 4267 4261 3718
f 3718 4261 4262
f 3718 4262 3696
f 3696 4262 4238
f 4260 4263 4271
f 4238 4262 4239
f 4263 4264 4271
f 4239 4262 4242
f 4264 4265 4271
f 4242 4262 4243
f 4265 4266 4271
f 4243 4262 4245
f 4266 4268 4271
f 4245 4262 4248
f 4268 4269 4271
f 4248 4262 4250
f 4269 4270 4271
f 4250 4262 4254
f 4270 36 4271
f 4271 36 27
f 4271 27 4267
f 4262 4261 4254
f 3908 4274 3907
f 3907 4274 4272
f 4259 4258 3908
f 4272 4274 4273
f 4258 4274 3908
f 4273 4274 4275
f 4275 4274 4276
f 4257 4256 4274
f 4276 4274 4277
f 4256 4255 4274
f 4277 4274 4278
f 4255 18 4274
f 4274 4279 4278
f 4278 4279 4280
f 4274 18 4279
f 36 4270 37
f 37 4270 4314
f 4314 4270 4281
f 4281 4270 4269
f 4281 4269 4282
f 4282 4269 4283
f 4283 4269 4268
f 4283 4268 4284
f 4284 4268 4285
f 4285 4268 4266
f 4285 4266 4286
f 4286 4266 4287
f 4287 4266 4265
f 4287 4265 4288
f 4288 4265 4289
f 4289 4265 4264
f 4289 4264 4311
f 4311 4264 4290
f 4290 4264 4263
f 4290 4263 4291
f 4291 4263 4292
f 4292 4263 4260
f 4292 4260 4310
f 4310 4260 4293
f 4293 4260 3720
f 4293 3720 3738
f 4273 4294 4272
f 4272 4294 4295
f 4272 4295 3907
f 3907 4295 4296
f 3907 4296 3910
f 4275 4297 4273
f 4273 4297 4298
f 4273 4298 4294
f 4276 4299 4275
f 4275 4299 4300
f 4275 4300 4297
f 4277 4301 4276
f 4276 4301 4302
f 4276 4302 4299
f 4278 4303 4277
f 4277 4303 4304
f 4277 4304 4301
f 4280 4305 4278
f 4278 4305 4306
f 4278 4306 4303
f 4307 4308 4280
f 4280 4308 4309
f 4280 4309 4305
f 4280 4279 4307
f 4307 4279 9
f 4307 9 6
f 3738 3846 4293
f 4293 3846 4310
f 4292 4310 4311
f 4292 4311 4291
f 4291 4311 4290
f 4312 4288 4311
f 4311 4288 4289
f 4313 4282 4284
f 4284 4285 4313
f 4313 4285 4286
f 4313 4286 4312
f 4312 4286 4287
f 4312 4287 4288
f 4314 4281 4324
f 4324 4281 4282
f 4282 4283 4284
f 4314 38 37
f 5 4315 6
f 6 4315 4307
f 4316 4317 4306
f 4306 4305 4316
f 4316 4305 4309
f 4316 4309 4315
f 4315 4309 4308
f 4315 4308 4307
f 4318 4319 4302
f 4302 4301 4318
f 4318 4301 4304
f 4318 4304 4317
f 4317 4304 4303
f 4317 4303 4306
f 4320 4321 4298
f 4298 4297 4320
f 4320 4297 4300
f 4320 4300 4319
f 4319 4300 4299
f 4319 4299 4302
f 4322 3847 3910
f 3910 4296 4322
f 4322 4296 4295
f 4322 4295 4321
f 4321 4295 4294
f 4321 4294 4298
f 3847 4322 4323
f 3845 4323 3844
f 3844 4323 3846
f 3846 4323 4310
f 4322 4321 4323
f 4310 4323 4311
f 4321 4320 4323
f 4320 4319 4323
f 4311 4323 4312
f 4319 4318 4323
f 4323 4324 4312
f 4312 4324 4313
f 4318 4317 4323
f 4313 4324 4282
f 4317 4316 4323
f 4316 4315 4323
f 4323 4315 5
f 4324 4323 4325
f 4324 4325 4314
f 4325 45 38
f 4325 38 4314
f 4474 4326 4327
f 3989 4328 3
f 3 4328 4331
f 4329 4330 4328
f 4328 4330 4331
f 4332 4333 4334
f 4334 4357 4332
f 4332 4357 4335
f 4332 4335 4329
f 4329 4335 4336
f 4329 4336 4330
f 4327 4326 4337
f 4326 4338 4337
f 4337 4338 4339
f 4337 4339 4333
f 4333 4339 4340
f 4333 4340 4334
f 4341 4359 4342
f 4341 4342 4327
f 4327 4342 4474
f 3962 3963 4343
f 4343 3963 4473
f 4343 4473 4344
f 4343 4344 4341
f 4341 4344 4359
f 3989 3990 4328
f 4328 3990 4329
f 4346 4347 4345
f 4329 3990 4332
f 4347 4348 4345
f 4332 3990 4333
f 4348 4349 4345
f 4333 3990 4337
f 4349 4350 4345
f 4345 4350 3676
f 4337 3990 4327
f 4350 4351 3676
f 4327 3990 4341
f 4351 4352 3676
f 4341 3990 4343
f 4352 3987 3676
f 4345 3676 3989
f 4343 3990 3962
f 3 4353 24
f 24 4353 4354
f 4354 4353 4355
f 4355 4353 4356
f 4355 4356 4358
f 4358 4356 4357
f 4028 3987 4360
f 4360 3987 4352
f 4360 4352 4361
f 4361 4352 4362
f 4362 4352 4351
f 4362 4351 4363
f 4363 4351 4364
f 4364 4351 4350
f 4364 4350 4366
f 4349 4365 4350
f 4350 4365 4366
f 4348 4347 4367
f 4367 4368 4348
f 4348 4368 4369
f 4348 4369 4349
f 4349 4369 4370
f 4349 4370 4365
f 4371 4372 4346
f 4346 4372 4373
f 4346 4373 4347
f 4347 4373 4374
f 4347 4374 4367
f 4346 4345 4371
f 4371 4345 35
f 4371 35 34
f 4480 3945 4375
f 4375 3945 4376
f 4375 4376 4481
f 4377 4484 4378
f 4377 4378 4376
f 4376 4378 4481
f 4484 4377 4379
f 4379 4377 4380
f 4379 4380 4483
f 4381 4382 4380
f 4380 4382 4483
f 4383 4384 4381
f 4381 4384 4486
f 4381 4486 4382
f 4385 4386 4383
f 4383 4386 4482
f 4383 4482 4384
f 4387 4388 4385
f 4385 4388 4485
f 4385 4485 4386
f 4389 4358 4387
f 4387 4358 4388
f 4387 4390 4389
f 4389 4390 16
f 4389 16 24
f 4371 34 4372
f 4372 34 51
f 4372 51 4373
f 4373 51 4374
f 4374 51 4391
f 4374 4391 4367
f 4367 4391 4368
f 4368 4391 4392
f 4368 4392 4369
f 4369 4392 4370
f 4370 4392 4393
f 4370 4393 4365
f 4365 4393 4366
f 4366 4393 26
f 4366 26 4364
f 4364 26 4394
f 4364 4394 4363
f 4363 4394 4362
f 4362 4394 4395
f 4362 4395 4361
f 4361 4395 4360
f 4360 4395 4174
f 4360 4174 4028
f 3965 4396 4405
f 3985 4397 4398
f 3985 4398 3986
f 3986 4398 3945
f 3945 4398 4376
f 4396 4399 4405
f 4376 4398 4377
f 4399 4400 4405
f 4377 4398 4380
f 4400 4402 4405
f 4380 4398 4381
f 4402 4403 4405
f 4401 4405 4397
f 4381 4398 4383
f 4403 4404 4405
f 4383 4398 4385
f 4404 4406 4405
f 4385 4398 4387
f 4406 4407 4405
f 4387 4398 4390
f 4407 31 4405
f 4397 4390 4398
f 4174 26 4173
f 4173 26 4408
f 4395 4394 4174
f 4408 26 4409
f 4394 26 4174
f 4409 26 4410
f 4410 26 4411
f 4393 4392 26
f 4411 26 4412
f 4392 4391 26
f 4412 26 4413
f 4391 51 26
f 26 4414 4413
f 4413 4414 4415
f 51 4495 26
f 31 4407 32
f 32 4407 4446
f 4446 4407 4416
f 4416 4407 4406
f 4416 4406 4417
f 4417 4406 4418
f 4418 4406 4404
f 4418 4404 4419
f 4419 4404 4420
f 4420 4404 4403
f 4420 4403 4421
f 4421 4403 4422
f 4422 4403 4402
f 4422 4402 4423
f 4423 4402 4424
f 4424 4402 4400
f 4424 4400 4443
f 4443 4400 4425
f 4425 4400 4399
f 4425 4399 4426
f 4426 4399 4427
f 4427 4399 4396
f 4427 4396 4442
f 4442 4396 4428
f 4428 4396 3965
f 4428 3965 4000
f 4409 4429 4408
f 4408 4429 4430
f 4408 4430 4173
f 4173 4430 4431
f 4173 4431 4176
f 4410 4432 4409
f 4409 4432 4433
f 4409 4433 4429
f 4411 4434 4410
f 4410 4434 4435
f 4410 4435 4432
f 4412 4436 4411
f 4411 4436 4437
f 4411 4437 4434
f 4413 4438 4412
f 4412 4438 4439
f 4412 4439 4436
f 4413 4415 4440
f 4413 4440 4438
f 4415 44 4441
f 4415 4414 44
f 4000 4112 4428
f 4428 4112 4442
f 4427 4442 4443
f 4427 4443 4426
f 4426 4443 4425
f 4444 4423 4443
f 4443 4423 4424
f 4445 4417 4419
f 4419 4420 4445
f 4445 4420 4421
f 4445 4421 4444
f 4444 4421 4422
f 4444 4422 4423
f 4446 4416 33
f 33 4416 4417
f 4417 4418 4419
f 4446 33 32
f 42 4447 43
f 43 4447 44
f 4448 4449 4440
f 4440 4415 4448
f 4448 4415 4441
f 4448 4441 4447
f 4447 4441 44
f 4450 4451 4437
f 4437 4436 4450
f 4450 4436 4439
f 4450 4439 4449
f 4449 4439 4438
f 4449 4438 4440
f 4452 4453 4433
f 4433 4432 4452
f 4452 4432 4435
f 4452 4435 4451
f 4451 4435 4434
f 4451 4434 4437
f 4454 4113 4176
f 4176 4431 4454
f 4454 4431 4430
f 4454 4430 4453
f 4453 4430 4429
f 4453 4429 4433
f 4113 4454 4111
f 4109 4455 4112
f 4112 4455 4442
f 4454 4453 4111
f 4442 4455 4443
f 4453 4452 4111
f 4111 4452 4455
f 4452 4451 4455
f 4443 4455 4444
f 4451 4450 4455
f 4455 33 4444
f 4444 33 4445
f 4450 4449 4455
f 4445 33 4417
f 4449 4448 4455
f 4448 4447 4455
f 4447 42 4455
f 4455 42 33
f 4456 4457 4210
f 4457 4458 4208
f 4459 4205 4458
f 4458 4205 4204
f 4458 4204 4191
f 4460 4199 4459
f 4459 4199 4206
f 4459 4206 4205
f 4202 4201 4460
f 4460 4201 4200
f 4460 4200 4199
f 4196 4195 4202
f 4196 4220 7
f 4458 4460 4459
f 4202 4460 4196
f 4463 4220 4456
f 4456 4220 4457
f 4457 4220 4458
f 4458 4220 4460
f 4460 4220 4196
f 4461 3678 4220
f 3703 3701 4462
f 4464 3708 3706
f 3699 4461 4462
f 3703 4462 4461
f 3705 3703 4465
f 4465 3703 4461
f 3706 4465 4464
f 4465 4461 4220
f 3697 4464 4463
f 4220 4464 4465
f 3710 4463 4456
f 4463 4464 4220
f 4466 4237 4471
f 4471 4240 4469
f 4469 4241 4468
f 4468 4244 4247
f 4247 4246 4467
f 4467 4249 4252
f 4221 4252 4251
f 3678 4471 4469
f 3678 4469 4468
f 3678 4468 4247
f 3678 4247 4467
f 4467 4221 4220
f 4221 4253 43
f 43 4220 4221
f 4467 4252 4221
f 3678 3687 3685
f 4472 3681 4470
f 3694 4471 3678
f 4471 3694 4466
f 4466 3694 3695
f 3694 3678 3690
f 3694 3690 3692
f 3678 4470 3689
f 3678 3689 3687
f 3678 4472 4470
f 4472 3683 3681
f 4473 3963 4478
f 4359 4344 4473
f 4359 4474 4342
f 4475 4339 4474
f 4474 4339 4338
f 4474 4338 4326
f 4357 4334 4475
f 4475 4334 4340
f 4475 4340 4339
f 4336 4335 4357
f 4356 4331 4357
f 4331 4330 4336
f 4356 4353 4331
f 4331 4353 3
f 4473 4478 4359
f 4475 4474 4357
f 4336 4357 4331
f 4474 4359 4357
f 3928 3932 3930
f 3932 3928 3925
f 3925 3928 4476
f 3925 4476 3937
f 3937 4476 3946
f 3927 3953 3951
f 4479 4477 3956
f 3960 3958 4477
f 4476 3927 3949
f 3928 3927 4476
f 3953 3927 3954
f 3954 3927 4479
f 4479 3927 3926
f 4479 3926 4359
f 3961 3960 4478
f 4478 4479 4359
f 3960 4477 4479
f 3960 4479 4478
f 4484 4359 3926
f 4480 4375 4481
f 4481 4378 4484
f 4484 4379 4483
f 4483 4382 4486
f 4486 4384 4482
f 4482 4386 4485
f 4484 4357 4359
f 4358 4485 4388
f 4484 4483 4486
f 4486 4482 4485
f 4484 4358 4357
f 4358 4389 24
f 24 4354 4358
f 4358 4354 4355
f 4484 4486 4485
f 4484 4485 4358
f 4487 3942 3940
f 4488 3937 3984
f 4490 3926 3927
f 3929 3931 4490
f 4490 3931 4488
f 4488 3935 4487
f 4490 4488 3940
f 3940 4488 4487
f 4491 3940 3939
f 3940 4491 4490
f 4491 3926 4490
f 4489 4491 3934
f 4484 3926 4491
f 4484 4491 4489
f 4480 4489 3944
f 4484 4489 4481
f 4481 4489 4480
f 4493 4494 23
f 23 4494 14
f 4494 4493 13
f 4495 4492 48
f 4495 3989 4492

